naics_code,naics_title_ours,latest_year_employment,latest_year_weight,naics_prefix_2,live_codes_in_2digit_family,matched_codes_in_2digit_family,felten_naics_code,felten_naics_title,aiie_score
4841,General freight trucking,1000083.0,0.008669884626069695,48,25,23,4811,Scheduled Air Transportation,-0.4555449
4841,General freight trucking,1000083.0,0.008669884626069695,48,25,23,4812,Nonscheduled Air Transportation,0.1134526
4841,General freight trucking,1000083.0,0.008669884626069695,48,25,23,4821,Rail Transportation,-0.5922358
4841,General freight trucking,1000083.0,0.008669884626069695,48,25,23,4831,"Deep Sea, Coastal, and Great Lakes Water Transportation",-0.3280049
4841,General freight trucking,1000083.0,0.008669884626069695,48,25,23,4832,Inland Water Transportation,-0.8718479
4841,General freight trucking,1000083.0,0.008669884626069695,48,25,23,4840,Truck Transportation,-1.282191
4841,General freight trucking,1000083.0,0.008669884626069695,48,25,23,4851,Urban Transit Systems,-0.1201694
4841,General freight trucking,1000083.0,0.008669884626069695,48,25,23,4852,Interurban and Rural Bus Transportation,-0.0462207
4841,General freight trucking,1000083.0,0.008669884626069695,48,25,23,4853,Taxi and Limousine Service,1.369857
4841,General freight trucking,1000083.0,0.008669884626069695,48,25,23,4854,School and Employee Bus Transportation,0.076602
4841,General freight trucking,1000083.0,0.008669884626069695,48,25,23,4855,Charter Bus Industry,0.0093568
4841,General freight trucking,1000083.0,0.008669884626069695,48,25,23,4859,Other Transit and Ground Passenger Transportation,0.9623069
4841,General freight trucking,1000083.0,0.008669884626069695,48,25,23,4861,Pipeline Transportation of Crude Oil,-0.1340503
4841,General freight trucking,1000083.0,0.008669884626069695,48,25,23,4862,Pipeline Transportation of Natural Gas,-0.0901119
4841,General freight trucking,1000083.0,0.008669884626069695,48,25,23,4869,Other Pipeline Transportation,-0.0393555
4841,General freight trucking,1000083.0,0.008669884626069695,48,25,23,4871,"Scenic and Sightseeing Transportation, Land",0.4042215
4841,General freight trucking,1000083.0,0.008669884626069695,48,25,23,4872,"Scenic and Sightseeing Transportation, Water",-0.6679308
4841,General freight trucking,1000083.0,0.008669884626069695,48,25,23,4879,"Scenic and Sightseeing Transportation, Other",0.1866125
4841,General freight trucking,1000083.0,0.008669884626069695,48,25,23,4881,Support Activities for Air Transportation,-0.3353398
4841,General freight trucking,1000083.0,0.008669884626069695,48,25,23,4882,Support Activities for Rail Transportation,-1.474989
4841,General freight trucking,1000083.0,0.008669884626069695,48,25,23,4883,Support Activities for Water Transportation,-1.411064
4841,General freight trucking,1000083.0,0.008669884626069695,48,25,23,4884,Support Activities for Road Transportation,-0.9504591
4841,General freight trucking,1000083.0,0.008669884626069695,48,25,23,4885,Freight Transportation Arrangement,1.024609
4841,General freight trucking,1000083.0,0.008669884626069695,48,25,23,4889,Other Support Activities for Transportation,-1.105623
4244,Grocery and related product wholesalers,784814.0,0.006803682127307695,42,19,6,4230,"Merchant Wholesalers, Durable Goods (4232, 4233, 4235, 4236, 4237, and 4239 only)",0.2424777
4244,Grocery and related product wholesalers,784814.0,0.006803682127307695,42,19,6,4231,Motor Vehicle and Motor Vehicle Parts and Supplies Merchant Wholesalers,-0.1601646
4244,Grocery and related product wholesalers,784814.0,0.006803682127307695,42,19,6,4234,Professional and Commercial Equipment and Supplies Merchant Wholesalers,1.041147
4244,Grocery and related product wholesalers,784814.0,0.006803682127307695,42,19,6,4238,"Machinery, Equipment, and Supplies Merchant Wholesalers",0.2607571
4244,Grocery and related product wholesalers,784814.0,0.006803682127307695,42,19,6,4240,"Merchant Wholesalers, Nondurable Goods (4244 and 4248 only)",-0.358483
4244,Grocery and related product wholesalers,784814.0,0.006803682127307695,42,19,6,4240,"Merchant Wholesalers, Nondurable Goods (4241, 4247, and 4249 only)",0.6838242
4244,Grocery and related product wholesalers,784814.0,0.006803682127307695,42,19,6,4240,"Merchant Wholesalers, Nondurable Goods (4242 and 4246 only)",-0.0027297
4244,Grocery and related product wholesalers,784814.0,0.006803682127307695,42,19,6,4243,"Apparel, Piece Goods, and Notions Merchant Wholesalers",0.6573116
4244,Grocery and related product wholesalers,784814.0,0.006803682127307695,42,19,6,4245,Farm Product Raw Material Merchant Wholesalers,-0.7109669
4244,Grocery and related product wholesalers,784814.0,0.006803682127307695,42,19,6,4251,Wholesale Electronic Markets and Agents and Brokers,0.9876717
4842,Specialized freight trucking,417587.0,0.003620130640503404,48,25,23,4811,Scheduled Air Transportation,-0.4555449
4842,Specialized freight trucking,417587.0,0.003620130640503404,48,25,23,4812,Nonscheduled Air Transportation,0.1134526
4842,Specialized freight trucking,417587.0,0.003620130640503404,48,25,23,4821,Rail Transportation,-0.5922358
4842,Specialized freight trucking,417587.0,0.003620130640503404,48,25,23,4831,"Deep Sea, Coastal, and Great Lakes Water Transportation",-0.3280049
4842,Specialized freight trucking,417587.0,0.003620130640503404,48,25,23,4832,Inland Water Transportation,-0.8718479
4842,Specialized freight trucking,417587.0,0.003620130640503404,48,25,23,4840,Truck Transportation,-1.282191
4842,Specialized freight trucking,417587.0,0.003620130640503404,48,25,23,4851,Urban Transit Systems,-0.1201694
4842,Specialized freight trucking,417587.0,0.003620130640503404,48,25,23,4852,Interurban and Rural Bus Transportation,-0.0462207
4842,Specialized freight trucking,417587.0,0.003620130640503404,48,25,23,4853,Taxi and Limousine Service,1.369857
4842,Specialized freight trucking,417587.0,0.003620130640503404,48,25,23,4854,School and Employee Bus Transportation,0.076602
4842,Specialized freight trucking,417587.0,0.003620130640503404,48,25,23,4855,Charter Bus Industry,0.0093568
4842,Specialized freight trucking,417587.0,0.003620130640503404,48,25,23,4859,Other Transit and Ground Passenger Transportation,0.9623069
4842,Specialized freight trucking,417587.0,0.003620130640503404,48,25,23,4861,Pipeline Transportation of Crude Oil,-0.1340503
4842,Specialized freight trucking,417587.0,0.003620130640503404,48,25,23,4862,Pipeline Transportation of Natural Gas,-0.0901119
4842,Specialized freight trucking,417587.0,0.003620130640503404,48,25,23,4869,Other Pipeline Transportation,-0.0393555
4842,Specialized freight trucking,417587.0,0.003620130640503404,48,25,23,4871,"Scenic and Sightseeing Transportation, Land",0.4042215
4842,Specialized freight trucking,417587.0,0.003620130640503404,48,25,23,4872,"Scenic and Sightseeing Transportation, Water",-0.6679308
4842,Specialized freight trucking,417587.0,0.003620130640503404,48,25,23,4879,"Scenic and Sightseeing Transportation, Other",0.1866125
4842,Specialized freight trucking,417587.0,0.003620130640503404,48,25,23,4881,Support Activities for Air Transportation,-0.3353398
4842,Specialized freight trucking,417587.0,0.003620130640503404,48,25,23,4882,Support Activities for Rail Transportation,-1.474989
4842,Specialized freight trucking,417587.0,0.003620130640503404,48,25,23,4883,Support Activities for Water Transportation,-1.411064
4842,Specialized freight trucking,417587.0,0.003620130640503404,48,25,23,4884,Support Activities for Road Transportation,-0.9504591
4842,Specialized freight trucking,417587.0,0.003620130640503404,48,25,23,4885,Freight Transportation Arrangement,1.024609
4842,Specialized freight trucking,417587.0,0.003620130640503404,48,25,23,4889,Other Support Activities for Transportation,-1.105623
4491,NAICS 4491 Furniture and home furnishings retailers,388899.0,0.0033714296325343777,44,18,17,4411,Automobile Dealers,-0.1668894
4491,NAICS 4491 Furniture and home furnishings retailers,388899.0,0.0033714296325343777,44,18,17,4412,Other Motor Vehicle Dealers,-0.1300993
4491,NAICS 4491 Furniture and home furnishings retailers,388899.0,0.0033714296325343777,44,18,17,4413,"Automotive Parts, Accessories, and Tire Stores",-0.6871853
4491,NAICS 4491 Furniture and home furnishings retailers,388899.0,0.0033714296325343777,44,18,17,4421,Furniture Stores,-0.0112289
4491,NAICS 4491 Furniture and home furnishings retailers,388899.0,0.0033714296325343777,44,18,17,4422,Home Furnishings Stores,0.049807
4491,NAICS 4491 Furniture and home furnishings retailers,388899.0,0.0033714296325343777,44,18,17,4431,Electronics and Appliance Stores,0.3619018
4491,NAICS 4491 Furniture and home furnishings retailers,388899.0,0.0033714296325343777,44,18,17,4441,Building Material and Supplies Dealers,0.1045359
4491,NAICS 4491 Furniture and home furnishings retailers,388899.0,0.0033714296325343777,44,18,17,4442,Lawn and Garden Equipment and Supplies Stores,-0.4641636
4491,NAICS 4491 Furniture and home furnishings retailers,388899.0,0.0033714296325343777,44,18,17,4450,Food and Beverage Stores (4451 and 4452 only),-0.4066956
4491,NAICS 4491 Furniture and home furnishings retailers,388899.0,0.0033714296325343777,44,18,17,4453,"Beer, Wine, and Liquor Stores",-0.0185797
4491,NAICS 4491 Furniture and home furnishings retailers,388899.0,0.0033714296325343777,44,18,17,4461,Health and Personal Care Stores,0.3257251
4491,NAICS 4491 Furniture and home furnishings retailers,388899.0,0.0033714296325343777,44,18,17,4471,Gasoline Stations,-0.3108229
4491,NAICS 4491 Furniture and home furnishings retailers,388899.0,0.0033714296325343777,44,18,17,4481,Clothing Stores,0.2268381
4491,NAICS 4491 Furniture and home furnishings retailers,388899.0,0.0033714296325343777,44,18,17,4482,Shoe Stores,0.2810808
4491,NAICS 4491 Furniture and home furnishings retailers,388899.0,0.0033714296325343777,44,18,17,4483,"Jewelry, Luggage, and Leather Goods Stores",0.3828857
4236,Electric goods merchant wholesalers,355269.0,0.003079885610713465,42,19,6,4230,"Merchant Wholesalers, Durable Goods (4232, 4233, 4235, 4236, 4237, and 4239 only)",0.2424777
4236,Electric goods merchant wholesalers,355269.0,0.003079885610713465,42,19,6,4231,Motor Vehicle and Motor Vehicle Parts and Supplies Merchant Wholesalers,-0.1601646
4236,Electric goods merchant wholesalers,355269.0,0.003079885610713465,42,19,6,4234,Professional and Commercial Equipment and Supplies Merchant Wholesalers,1.041147
4236,Electric goods merchant wholesalers,355269.0,0.003079885610713465,42,19,6,4238,"Machinery, Equipment, and Supplies Merchant Wholesalers",0.2607571
4236,Electric goods merchant wholesalers,355269.0,0.003079885610713465,42,19,6,4240,"Merchant Wholesalers, Nondurable Goods (4244 and 4248 only)",-0.358483
4236,Electric goods merchant wholesalers,355269.0,0.003079885610713465,42,19,6,4240,"Merchant Wholesalers, Nondurable Goods (4241, 4247, and 4249 only)",0.6838242
4236,Electric goods merchant wholesalers,355269.0,0.003079885610713465,42,19,6,4240,"Merchant Wholesalers, Nondurable Goods (4242 and 4246 only)",-0.0027297
4236,Electric goods merchant wholesalers,355269.0,0.003079885610713465,42,19,6,4243,"Apparel, Piece Goods, and Notions Merchant Wholesalers",0.6573116
4236,Electric goods merchant wholesalers,355269.0,0.003079885610713465,42,19,6,4245,Farm Product Raw Material Merchant Wholesalers,-0.7109669
4236,Electric goods merchant wholesalers,355269.0,0.003079885610713465,42,19,6,4251,Wholesale Electronic Markets and Agents and Brokers,0.9876717
5231,Securities and commodity contracts brokerage,349932.0,0.0030336182766528583,52,11,9,5211,Monetary Authorities-Central Bank,1.770347
5231,Securities and commodity contracts brokerage,349932.0,0.0030336182766528583,52,11,9,5220,Credit Intermediation and Related Activities (5221 And 5223 only),1.888684
5231,Securities and commodity contracts brokerage,349932.0,0.0030336182766528583,52,11,9,5222,Nondepository Credit Intermediation,2.113345
5231,Securities and commodity contracts brokerage,349932.0,0.0030336182766528583,52,11,9,5230,"Securities, Commodity Contracts, and Other Financial Investments and Related Activities",2.218665
5231,Securities and commodity contracts brokerage,349932.0,0.0030336182766528583,52,11,9,5241,Insurance Carriers,2.058794
5231,Securities and commodity contracts brokerage,349932.0,0.0030336182766528583,52,11,9,5242,"Agencies, Brokerages, and Other Insurance Related Activities",2.120996
5231,Securities and commodity contracts brokerage,349932.0,0.0030336182766528583,52,11,9,5251,Insurance and Employee Benefit Funds,2.180309
5231,Securities and commodity contracts brokerage,349932.0,0.0030336182766528583,52,11,9,5259,Other Investment Pools and Funds,2.07022
5312,Offices of real estate agents and brokers,339603.0,0.0029440744704860963,53,8,5,5310,Real Estate,0.5238351
5312,Offices of real estate agents and brokers,339603.0,0.0029440744704860963,53,8,5,5320,"Rental and Leasing Services (5322, 5323, and 5324 only)",-0.2705971
5312,Offices of real estate agents and brokers,339603.0,0.0029440744704860963,53,8,5,5321,Automotive Equipment Rental and Leasing,-0.1278947
5312,Offices of real estate agents and brokers,339603.0,0.0029440744704860963,53,8,5,5331,Lessors of Nonfinancial Intangible Assets (except Copyrighted Works),1.911472
3323,Architectural and structural metals mfg.,338376.0,0.00293343740492635,33,43,32,3311,Iron and Steel Mills and Ferroalloy Manufacturing,-0.9913391
3323,Architectural and structural metals mfg.,338376.0,0.00293343740492635,33,43,32,3312,Steel Product Manufacturing from Purchased Steel,-0.9156145
3323,Architectural and structural metals mfg.,338376.0,0.00293343740492635,33,43,32,3313,Alumina and Aluminum Production and Processing,-1.022397
3323,Architectural and structural metals mfg.,338376.0,0.00293343740492635,33,43,32,3314,Nonferrous Metal (except Aluminum) Production and Processing,-0.7421725
3323,Architectural and structural metals mfg.,338376.0,0.00293343740492635,33,43,32,3315,Foundries,-1.078051
3323,Architectural and structural metals mfg.,338376.0,0.00293343740492635,33,43,32,3320,Fabricated Metal Product Manufacturing (3323 and 3324 only),-0.5005816
3323,Architectural and structural metals mfg.,338376.0,0.00293343740492635,33,43,32,3320,"Fabricated Metal Product Manufacturing (3321, 3322, 3325, 3326, and 3329 only)",-0.740151
3323,Architectural and structural metals mfg.,338376.0,0.00293343740492635,33,43,32,3327,"Machine Shops; Turned Product; and Screw, Nut, and Bolt Manufacturing",-0.6099281
3323,Architectural and structural metals mfg.,338376.0,0.00293343740492635,33,43,32,3328,"Coating, Engraving, Heat Treating, and Allied Activities",-0.7753809
3323,Architectural and structural metals mfg.,338376.0,0.00293343740492635,33,43,32,3330,"Machinery Manufacturing (3331, 3332, 3334, and 3339 only)",-0.0746392
3323,Architectural and structural metals mfg.,338376.0,0.00293343740492635,33,43,32,3333,Commercial and Service Industry Machinery Manufacturing,0.3308995
3323,Architectural and structural metals mfg.,338376.0,0.00293343740492635,33,43,32,3335,Metalworking Machinery Manufacturing,-0.346932
3323,Architectural and structural metals mfg.,338376.0,0.00293343740492635,33,43,32,3336,"Engine, Turbine, and Power Transmission Equipment Manufacturing",0.1307197
3323,Architectural and structural metals mfg.,338376.0,0.00293343740492635,33,43,32,3341,Computer and Peripheral Equipment Manufacturing,1.596084
3323,Architectural and structural metals mfg.,338376.0,0.00293343740492635,33,43,32,3342,Communications Equipment Manufacturing,1.181725
3323,Architectural and structural metals mfg.,338376.0,0.00293343740492635,33,43,32,3343,Audio and Video Equipment Manufacturing,1.161132
3323,Architectural and structural metals mfg.,338376.0,0.00293343740492635,33,43,32,3344,Semiconductor and Other Electronic Component Manufacturing,0.6828295
3323,Architectural and structural metals mfg.,338376.0,0.00293343740492635,33,43,32,3345,"Navigational, Measuring, Electromedical, and Control Instruments Manufacturing",1.113945
3323,Architectural and structural metals mfg.,338376.0,0.00293343740492635,33,43,32,3346,Manufacturing and Reproducing Magnetic and Optical Media,0.1490236
3323,Architectural and structural metals mfg.,338376.0,0.00293343740492635,33,43,32,3351,Electric Lighting Equipment Manufacturing,0.5806971
3323,Architectural and structural metals mfg.,338376.0,0.00293343740492635,33,43,32,3352,Household Appliance Manufacturing,0.0281708
3323,Architectural and structural metals mfg.,338376.0,0.00293343740492635,33,43,32,3353,Electrical Equipment Manufacturing,0.332973
3323,Architectural and structural metals mfg.,338376.0,0.00293343740492635,33,43,32,3359,Other Electrical Equipment and Component Manufacturing,-0.0384073
3323,Architectural and structural metals mfg.,338376.0,0.00293343740492635,33,43,32,3361,Motor Vehicle Manufacturing,-0.3023474
3323,Architectural and structural metals mfg.,338376.0,0.00293343740492635,33,43,32,3362,Motor Vehicle Body and Trailer Manufacturing,-0.8058288
3323,Architectural and structural metals mfg.,338376.0,0.00293343740492635,33,43,32,3363,Motor Vehicle Parts Manufacturing,-0.5860924
3323,Architectural and structural metals mfg.,338376.0,0.00293343740492635,33,43,32,3364,Aerospace Product and Parts Manufacturing,0.5189539
3323,Architectural and structural metals mfg.,338376.0,0.00293343740492635,33,43,32,3365,Railroad Rolling Stock Manufacturing,-0.6623871
3323,Architectural and structural metals mfg.,338376.0,0.00293343740492635,33,43,32,3366,Ship and Boat Building,-0.6675431
3323,Architectural and structural metals mfg.,338376.0,0.00293343740492635,33,43,32,3369,Other Transportation Equipment Manufacturing,-0.1676746
3323,Architectural and structural metals mfg.,338376.0,0.00293343740492635,33,43,32,3370,Furniture and Related Product Manufacturing (3371 and 3372 only),-1.000794
3323,Architectural and structural metals mfg.,338376.0,0.00293343740492635,33,43,32,3379,Other Furniture Related Product Manufacturing,-0.5724769
3323,Architectural and structural metals mfg.,338376.0,0.00293343740492635,33,43,32,3391,Medical Equipment and Supplies Manufacturing,0.2301883
3323,Architectural and structural metals mfg.,338376.0,0.00293343740492635,33,43,32,3399,Other Miscellaneous Manufacturing,-0.068744
4237,Hardware and plumbing merchant wholesalers,299905.0,0.002599925954927173,42,19,6,4230,"Merchant Wholesalers, Durable Goods (4232, 4233, 4235, 4236, 4237, and 4239 only)",0.2424777
4237,Hardware and plumbing merchant wholesalers,299905.0,0.002599925954927173,42,19,6,4231,Motor Vehicle and Motor Vehicle Parts and Supplies Merchant Wholesalers,-0.1601646
4237,Hardware and plumbing merchant wholesalers,299905.0,0.002599925954927173,42,19,6,4234,Professional and Commercial Equipment and Supplies Merchant Wholesalers,1.041147
4237,Hardware and plumbing merchant wholesalers,299905.0,0.002599925954927173,42,19,6,4238,"Machinery, Equipment, and Supplies Merchant Wholesalers",0.2607571
4237,Hardware and plumbing merchant wholesalers,299905.0,0.002599925954927173,42,19,6,4240,"Merchant Wholesalers, Nondurable Goods (4244 and 4248 only)",-0.358483
4237,Hardware and plumbing merchant wholesalers,299905.0,0.002599925954927173,42,19,6,4240,"Merchant Wholesalers, Nondurable Goods (4241, 4247, and 4249 only)",0.6838242
4237,Hardware and plumbing merchant wholesalers,299905.0,0.002599925954927173,42,19,6,4240,"Merchant Wholesalers, Nondurable Goods (4242 and 4246 only)",-0.0027297
4237,Hardware and plumbing merchant wholesalers,299905.0,0.002599925954927173,42,19,6,4243,"Apparel, Piece Goods, and Notions Merchant Wholesalers",0.6573116
4237,Hardware and plumbing merchant wholesalers,299905.0,0.002599925954927173,42,19,6,4245,Farm Product Raw Material Merchant Wholesalers,-0.7109669
4237,Hardware and plumbing merchant wholesalers,299905.0,0.002599925954927173,42,19,6,4251,Wholesale Electronic Markets and Agents and Brokers,0.9876717
4239,Misc. durable goods merchant wholesalers,297854.0,0.002582145497337084,42,19,6,4230,"Merchant Wholesalers, Durable Goods (4232, 4233, 4235, 4236, 4237, and 4239 only)",0.2424777
4239,Misc. durable goods merchant wholesalers,297854.0,0.002582145497337084,42,19,6,4231,Motor Vehicle and Motor Vehicle Parts and Supplies Merchant Wholesalers,-0.1601646
4239,Misc. durable goods merchant wholesalers,297854.0,0.002582145497337084,42,19,6,4234,Professional and Commercial Equipment and Supplies Merchant Wholesalers,1.041147
4239,Misc. durable goods merchant wholesalers,297854.0,0.002582145497337084,42,19,6,4238,"Machinery, Equipment, and Supplies Merchant Wholesalers",0.2607571
4239,Misc. durable goods merchant wholesalers,297854.0,0.002582145497337084,42,19,6,4240,"Merchant Wholesalers, Nondurable Goods (4244 and 4248 only)",-0.358483
4239,Misc. durable goods merchant wholesalers,297854.0,0.002582145497337084,42,19,6,4240,"Merchant Wholesalers, Nondurable Goods (4241, 4247, and 4249 only)",0.6838242
4239,Misc. durable goods merchant wholesalers,297854.0,0.002582145497337084,42,19,6,4240,"Merchant Wholesalers, Nondurable Goods (4242 and 4246 only)",-0.0027297
4239,Misc. durable goods merchant wholesalers,297854.0,0.002582145497337084,42,19,6,4243,"Apparel, Piece Goods, and Notions Merchant Wholesalers",0.6573116
4239,Misc. durable goods merchant wholesalers,297854.0,0.002582145497337084,42,19,6,4245,Farm Product Raw Material Merchant Wholesalers,-0.7109669
4239,Misc. durable goods merchant wholesalers,297854.0,0.002582145497337084,42,19,6,4251,Wholesale Electronic Markets and Agents and Brokers,0.9876717
4249,Misc. nondurable goods merchant wholesalers,293563.0,0.0025449461099557717,42,19,6,4230,"Merchant Wholesalers, Durable Goods (4232, 4233, 4235, 4236, 4237, and 4239 only)",0.2424777
4249,Misc. nondurable goods merchant wholesalers,293563.0,0.0025449461099557717,42,19,6,4231,Motor Vehicle and Motor Vehicle Parts and Supplies Merchant Wholesalers,-0.1601646
4249,Misc. nondurable goods merchant wholesalers,293563.0,0.0025449461099557717,42,19,6,4234,Professional and Commercial Equipment and Supplies Merchant Wholesalers,1.041147
4249,Misc. nondurable goods merchant wholesalers,293563.0,0.0025449461099557717,42,19,6,4238,"Machinery, Equipment, and Supplies Merchant Wholesalers",0.2607571
4249,Misc. nondurable goods merchant wholesalers,293563.0,0.0025449461099557717,42,19,6,4240,"Merchant Wholesalers, Nondurable Goods (4244 and 4248 only)",-0.358483
4249,Misc. nondurable goods merchant wholesalers,293563.0,0.0025449461099557717,42,19,6,4240,"Merchant Wholesalers, Nondurable Goods (4241, 4247, and 4249 only)",0.6838242
4249,Misc. nondurable goods merchant wholesalers,293563.0,0.0025449461099557717,42,19,6,4240,"Merchant Wholesalers, Nondurable Goods (4242 and 4246 only)",-0.0027297
4249,Misc. nondurable goods merchant wholesalers,293563.0,0.0025449461099557717,42,19,6,4243,"Apparel, Piece Goods, and Notions Merchant Wholesalers",0.6573116
4249,Misc. nondurable goods merchant wholesalers,293563.0,0.0025449461099557717,42,19,6,4245,Farm Product Raw Material Merchant Wholesalers,-0.7109669
4249,Misc. nondurable goods merchant wholesalers,293563.0,0.0025449461099557717,42,19,6,4251,Wholesale Electronic Markets and Agents and Brokers,0.9876717
4233,Lumber and const. supply merchant wholesalers,243995.0,0.0021152329350042696,42,19,6,4230,"Merchant Wholesalers, Durable Goods (4232, 4233, 4235, 4236, 4237, and 4239 only)",0.2424777
4233,Lumber and const. supply merchant wholesalers,243995.0,0.0021152329350042696,42,19,6,4231,Motor Vehicle and Motor Vehicle Parts and Supplies Merchant Wholesalers,-0.1601646
4233,Lumber and const. supply merchant wholesalers,243995.0,0.0021152329350042696,42,19,6,4234,Professional and Commercial Equipment and Supplies Merchant Wholesalers,1.041147
4233,Lumber and const. supply merchant wholesalers,243995.0,0.0021152329350042696,42,19,6,4238,"Machinery, Equipment, and Supplies Merchant Wholesalers",0.2607571
4233,Lumber and const. supply merchant wholesalers,243995.0,0.0021152329350042696,42,19,6,4240,"Merchant Wholesalers, Nondurable Goods (4244 and 4248 only)",-0.358483
4233,Lumber and const. supply merchant wholesalers,243995.0,0.0021152329350042696,42,19,6,4240,"Merchant Wholesalers, Nondurable Goods (4241, 4247, and 4249 only)",0.6838242
4233,Lumber and const. supply merchant wholesalers,243995.0,0.0021152329350042696,42,19,6,4240,"Merchant Wholesalers, Nondurable Goods (4242 and 4246 only)",-0.0027297
4233,Lumber and const. supply merchant wholesalers,243995.0,0.0021152329350042696,42,19,6,4243,"Apparel, Piece Goods, and Notions Merchant Wholesalers",0.6573116
4233,Lumber and const. supply merchant wholesalers,243995.0,0.0021152329350042696,42,19,6,4245,Farm Product Raw Material Merchant Wholesalers,-0.7109669
4233,Lumber and const. supply merchant wholesalers,243995.0,0.0021152329350042696,42,19,6,4251,Wholesale Electronic Markets and Agents and Brokers,0.9876717
4242,Druggists' goods merchant wholesalers,242240.0,0.0021000185502794495,42,19,6,4230,"Merchant Wholesalers, Durable Goods (4232, 4233, 4235, 4236, 4237, and 4239 only)",0.2424777
4242,Druggists' goods merchant wholesalers,242240.0,0.0021000185502794495,42,19,6,4231,Motor Vehicle and Motor Vehicle Parts and Supplies Merchant Wholesalers,-0.1601646
4242,Druggists' goods merchant wholesalers,242240.0,0.0021000185502794495,42,19,6,4234,Professional and Commercial Equipment and Supplies Merchant Wholesalers,1.041147
4242,Druggists' goods merchant wholesalers,242240.0,0.0021000185502794495,42,19,6,4238,"Machinery, Equipment, and Supplies Merchant Wholesalers",0.2607571
4242,Druggists' goods merchant wholesalers,242240.0,0.0021000185502794495,42,19,6,4240,"Merchant Wholesalers, Nondurable Goods (4244 and 4248 only)",-0.358483
4242,Druggists' goods merchant wholesalers,242240.0,0.0021000185502794495,42,19,6,4240,"Merchant Wholesalers, Nondurable Goods (4241, 4247, and 4249 only)",0.6838242
4242,Druggists' goods merchant wholesalers,242240.0,0.0021000185502794495,42,19,6,4240,"Merchant Wholesalers, Nondurable Goods (4242 and 4246 only)",-0.0027297
4242,Druggists' goods merchant wholesalers,242240.0,0.0021000185502794495,42,19,6,4243,"Apparel, Piece Goods, and Notions Merchant Wholesalers",0.6573116
4242,Druggists' goods merchant wholesalers,242240.0,0.0021000185502794495,42,19,6,4245,Farm Product Raw Material Merchant Wholesalers,-0.7109669
4242,Druggists' goods merchant wholesalers,242240.0,0.0021000185502794495,42,19,6,4251,Wholesale Electronic Markets and Agents and Brokers,0.9876717
5131,"NAICS 5131 Newspaper, periodical, book, and directory publishers",230261.0,0.001996170621721831,51,19,12,5111,"Newspaper, Periodical, Book, and Directory Publishers",1.337831
5131,"NAICS 5131 Newspaper, periodical, book, and directory publishers",230261.0,0.001996170621721831,51,19,12,5112,Software Publishers,1.966309
5131,"NAICS 5131 Newspaper, periodical, book, and directory publishers",230261.0,0.001996170621721831,51,19,12,5121,Motion Picture and Video Industries,0.4026041
5131,"NAICS 5131 Newspaper, periodical, book, and directory publishers",230261.0,0.001996170621721831,51,19,12,5122,Sound Recording Industries,1.43428
5131,"NAICS 5131 Newspaper, periodical, book, and directory publishers",230261.0,0.001996170621721831,51,19,12,5151,Radio and Television Broadcasting,1.429625
5131,"NAICS 5131 Newspaper, periodical, book, and directory publishers",230261.0,0.001996170621721831,51,19,12,5152,Cable and Other Subscription Programming,1.098212
5131,"NAICS 5131 Newspaper, periodical, book, and directory publishers",230261.0,0.001996170621721831,51,19,12,5170,Telecommunications,0.2466103
5131,"NAICS 5131 Newspaper, periodical, book, and directory publishers",230261.0,0.001996170621721831,51,19,12,5182,"Data Processing, Hosting, and Related Services",1.74286
5131,"NAICS 5131 Newspaper, periodical, book, and directory publishers",230261.0,0.001996170621721831,51,19,12,5191,Other Information Services,1.749664
8141,Private households,199610.0,0.0017304520426902285,81,14,13,8111,Automotive Repair and Maintenance,-1.094294
8141,Private households,199610.0,0.0017304520426902285,81,14,13,8112,Electronic and Precision Equipment Repair and Maintenance,0.1066877
8141,Private households,199610.0,0.0017304520426902285,81,14,13,8113,Commercial and Industrial Machinery and Equipment (except Automotive and Electronic) Repair and Maintenance,-0.7797639
8141,Private households,199610.0,0.0017304520426902285,81,14,13,8114,Personal and Household Goods Repair and Maintenance,-0.7464604
8141,Private households,199610.0,0.0017304520426902285,81,14,13,8121,Personal Care Services,-0.4751154
8141,Private households,199610.0,0.0017304520426902285,81,14,13,8122,Death Care Services,-0.3155441
8141,Private households,199610.0,0.0017304520426902285,81,14,13,8123,Drycleaning and Laundry Services,-1.148211
8141,Private households,199610.0,0.0017304520426902285,81,14,13,8129,Other Personal Services,-0.7702041
8141,Private households,199610.0,0.0017304520426902285,81,14,13,8131,Religious Organizations,0.9662193
8141,Private households,199610.0,0.0017304520426902285,81,14,13,8132,Grantmaking and Giving Services,1.721215
8141,Private households,199610.0,0.0017304520426902285,81,14,13,8133,Social Advocacy Organizations,1.194087
8141,Private households,199610.0,0.0017304520426902285,81,14,13,8134,Civic and Social Organizations,-0.3505448
8141,Private households,199610.0,0.0017304520426902285,81,14,13,8139,"Business, Professional, Labor, Political, and Similar Organizations",1.360341
3339,Other general purpose machinery manufacturing,192107.0,0.0016654072970547153,33,43,32,3311,Iron and Steel Mills and Ferroalloy Manufacturing,-0.9913391
3339,Other general purpose machinery manufacturing,192107.0,0.0016654072970547153,33,43,32,3312,Steel Product Manufacturing from Purchased Steel,-0.9156145
3339,Other general purpose machinery manufacturing,192107.0,0.0016654072970547153,33,43,32,3313,Alumina and Aluminum Production and Processing,-1.022397
3339,Other general purpose machinery manufacturing,192107.0,0.0016654072970547153,33,43,32,3314,Nonferrous Metal (except Aluminum) Production and Processing,-0.7421725
3339,Other general purpose machinery manufacturing,192107.0,0.0016654072970547153,33,43,32,3315,Foundries,-1.078051
3339,Other general purpose machinery manufacturing,192107.0,0.0016654072970547153,33,43,32,3320,Fabricated Metal Product Manufacturing (3323 and 3324 only),-0.5005816
3339,Other general purpose machinery manufacturing,192107.0,0.0016654072970547153,33,43,32,3320,"Fabricated Metal Product Manufacturing (3321, 3322, 3325, 3326, and 3329 only)",-0.740151
3339,Other general purpose machinery manufacturing,192107.0,0.0016654072970547153,33,43,32,3327,"Machine Shops; Turned Product; and Screw, Nut, and Bolt Manufacturing",-0.6099281
3339,Other general purpose machinery manufacturing,192107.0,0.0016654072970547153,33,43,32,3328,"Coating, Engraving, Heat Treating, and Allied Activities",-0.7753809
3339,Other general purpose machinery manufacturing,192107.0,0.0016654072970547153,33,43,32,3330,"Machinery Manufacturing (3331, 3332, 3334, and 3339 only)",-0.0746392
3339,Other general purpose machinery manufacturing,192107.0,0.0016654072970547153,33,43,32,3333,Commercial and Service Industry Machinery Manufacturing,0.3308995
3339,Other general purpose machinery manufacturing,192107.0,0.0016654072970547153,33,43,32,3335,Metalworking Machinery Manufacturing,-0.346932
3339,Other general purpose machinery manufacturing,192107.0,0.0016654072970547153,33,43,32,3336,"Engine, Turbine, and Power Transmission Equipment Manufacturing",0.1307197
3339,Other general purpose machinery manufacturing,192107.0,0.0016654072970547153,33,43,32,3341,Computer and Peripheral Equipment Manufacturing,1.596084
3339,Other general purpose machinery manufacturing,192107.0,0.0016654072970547153,33,43,32,3342,Communications Equipment Manufacturing,1.181725
3339,Other general purpose machinery manufacturing,192107.0,0.0016654072970547153,33,43,32,3343,Audio and Video Equipment Manufacturing,1.161132
3339,Other general purpose machinery manufacturing,192107.0,0.0016654072970547153,33,43,32,3344,Semiconductor and Other Electronic Component Manufacturing,0.6828295
3339,Other general purpose machinery manufacturing,192107.0,0.0016654072970547153,33,43,32,3345,"Navigational, Measuring, Electromedical, and Control Instruments Manufacturing",1.113945
3339,Other general purpose machinery manufacturing,192107.0,0.0016654072970547153,33,43,32,3346,Manufacturing and Reproducing Magnetic and Optical Media,0.1490236
3339,Other general purpose machinery manufacturing,192107.0,0.0016654072970547153,33,43,32,3351,Electric Lighting Equipment Manufacturing,0.5806971
3339,Other general purpose machinery manufacturing,192107.0,0.0016654072970547153,33,43,32,3352,Household Appliance Manufacturing,0.0281708
3339,Other general purpose machinery manufacturing,192107.0,0.0016654072970547153,33,43,32,3353,Electrical Equipment Manufacturing,0.332973
3339,Other general purpose machinery manufacturing,192107.0,0.0016654072970547153,33,43,32,3359,Other Electrical Equipment and Component Manufacturing,-0.0384073
3339,Other general purpose machinery manufacturing,192107.0,0.0016654072970547153,33,43,32,3361,Motor Vehicle Manufacturing,-0.3023474
3339,Other general purpose machinery manufacturing,192107.0,0.0016654072970547153,33,43,32,3362,Motor Vehicle Body and Trailer Manufacturing,-0.8058288
3339,Other general purpose machinery manufacturing,192107.0,0.0016654072970547153,33,43,32,3363,Motor Vehicle Parts Manufacturing,-0.5860924
3339,Other general purpose machinery manufacturing,192107.0,0.0016654072970547153,33,43,32,3364,Aerospace Product and Parts Manufacturing,0.5189539
3339,Other general purpose machinery manufacturing,192107.0,0.0016654072970547153,33,43,32,3365,Railroad Rolling Stock Manufacturing,-0.6623871
3339,Other general purpose machinery manufacturing,192107.0,0.0016654072970547153,33,43,32,3366,Ship and Boat Building,-0.6675431
3339,Other general purpose machinery manufacturing,192107.0,0.0016654072970547153,33,43,32,3369,Other Transportation Equipment Manufacturing,-0.1676746
3339,Other general purpose machinery manufacturing,192107.0,0.0016654072970547153,33,43,32,3370,Furniture and Related Product Manufacturing (3371 and 3372 only),-1.000794
3339,Other general purpose machinery manufacturing,192107.0,0.0016654072970547153,33,43,32,3379,Other Furniture Related Product Manufacturing,-0.5724769
3339,Other general purpose machinery manufacturing,192107.0,0.0016654072970547153,33,43,32,3391,Medical Equipment and Supplies Manufacturing,0.2301883
3339,Other general purpose machinery manufacturing,192107.0,0.0016654072970547153,33,43,32,3399,Other Miscellaneous Manufacturing,-0.068744
4595,NAICS 4595 Used merchandise retailers,189123.0,0.0016395385084399783,45,27,18,4511,"Sporting Goods, Hobby, and Musical Instrument Stores",0.2090943
4595,NAICS 4595 Used merchandise retailers,189123.0,0.0016395385084399783,45,27,18,4512,Book Stores and News Dealers,0.2499871
4595,NAICS 4595 Used merchandise retailers,189123.0,0.0016395385084399783,45,27,18,4520,General Merchandise Stores,-0.007219
4595,NAICS 4595 Used merchandise retailers,189123.0,0.0016395385084399783,45,27,18,4530,Miscellaneous Store Retailers (4532 and 4533 only),0.1663383
4595,NAICS 4595 Used merchandise retailers,189123.0,0.0016395385084399783,45,27,18,4531,Florists,-0.3690017
4595,NAICS 4595 Used merchandise retailers,189123.0,0.0016395385084399783,45,27,18,4539,Other Miscellaneous Store Retailers,0.00781
4595,NAICS 4595 Used merchandise retailers,189123.0,0.0016395385084399783,45,27,18,4541,Electronic Shopping and Mail-Order Houses,0.6046838
4595,NAICS 4595 Used merchandise retailers,189123.0,0.0016395385084399783,45,27,18,4542,Vending Machine Operators,-0.6646855
4595,NAICS 4595 Used merchandise retailers,189123.0,0.0016395385084399783,45,27,18,4543,Direct Selling Establishments,-0.0433316
4594,"NAICS 4594 Office supplies, stationery, and gift retailers",186183.0,0.0016140511630889976,45,27,18,4511,"Sporting Goods, Hobby, and Musical Instrument Stores",0.2090943
4594,"NAICS 4594 Office supplies, stationery, and gift retailers",186183.0,0.0016140511630889976,45,27,18,4512,Book Stores and News Dealers,0.2499871
4594,"NAICS 4594 Office supplies, stationery, and gift retailers",186183.0,0.0016140511630889976,45,27,18,4520,General Merchandise Stores,-0.007219
4594,"NAICS 4594 Office supplies, stationery, and gift retailers",186183.0,0.0016140511630889976,45,27,18,4530,Miscellaneous Store Retailers (4532 and 4533 only),0.1663383
4594,"NAICS 4594 Office supplies, stationery, and gift retailers",186183.0,0.0016140511630889976,45,27,18,4531,Florists,-0.3690017
4594,"NAICS 4594 Office supplies, stationery, and gift retailers",186183.0,0.0016140511630889976,45,27,18,4539,Other Miscellaneous Store Retailers,0.00781
4594,"NAICS 4594 Office supplies, stationery, and gift retailers",186183.0,0.0016140511630889976,45,27,18,4541,Electronic Shopping and Mail-Order Houses,0.6046838
4594,"NAICS 4594 Office supplies, stationery, and gift retailers",186183.0,0.0016140511630889976,45,27,18,4542,Vending Machine Operators,-0.6646855
4594,"NAICS 4594 Office supplies, stationery, and gift retailers",186183.0,0.0016140511630889976,45,27,18,4543,Direct Selling Establishments,-0.0433316
9999,Unclassified,179738.0,0.0015581783941138033,99,1,0,9991,Federal Executive Branch (OES Designation),1.076782
9999,Unclassified,179738.0,0.0015581783941138033,99,1,0,9992,"State Government, excluding schools and hospitals (OES Designation)",0.7475519
9999,Unclassified,179738.0,0.0015581783941138033,99,1,0,9993,"Local Government, excluding schools and hospitals (OES Designation)",-0.0143179
3329,Other fabricated metal product manufacturing,176786.0,0.0015325870187817981,33,43,32,3311,Iron and Steel Mills and Ferroalloy Manufacturing,-0.9913391
3329,Other fabricated metal product manufacturing,176786.0,0.0015325870187817981,33,43,32,3312,Steel Product Manufacturing from Purchased Steel,-0.9156145
3329,Other fabricated metal product manufacturing,176786.0,0.0015325870187817981,33,43,32,3313,Alumina and Aluminum Production and Processing,-1.022397
3329,Other fabricated metal product manufacturing,176786.0,0.0015325870187817981,33,43,32,3314,Nonferrous Metal (except Aluminum) Production and Processing,-0.7421725
3329,Other fabricated metal product manufacturing,176786.0,0.0015325870187817981,33,43,32,3315,Foundries,-1.078051
3329,Other fabricated metal product manufacturing,176786.0,0.0015325870187817981,33,43,32,3320,Fabricated Metal Product Manufacturing (3323 and 3324 only),-0.5005816
3329,Other fabricated metal product manufacturing,176786.0,0.0015325870187817981,33,43,32,3320,"Fabricated Metal Product Manufacturing (3321, 3322, 3325, 3326, and 3329 only)",-0.740151
3329,Other fabricated metal product manufacturing,176786.0,0.0015325870187817981,33,43,32,3327,"Machine Shops; Turned Product; and Screw, Nut, and Bolt Manufacturing",-0.6099281
3329,Other fabricated metal product manufacturing,176786.0,0.0015325870187817981,33,43,32,3328,"Coating, Engraving, Heat Treating, and Allied Activities",-0.7753809
3329,Other fabricated metal product manufacturing,176786.0,0.0015325870187817981,33,43,32,3330,"Machinery Manufacturing (3331, 3332, 3334, and 3339 only)",-0.0746392
3329,Other fabricated metal product manufacturing,176786.0,0.0015325870187817981,33,43,32,3333,Commercial and Service Industry Machinery Manufacturing,0.3308995
3329,Other fabricated metal product manufacturing,176786.0,0.0015325870187817981,33,43,32,3335,Metalworking Machinery Manufacturing,-0.346932
3329,Other fabricated metal product manufacturing,176786.0,0.0015325870187817981,33,43,32,3336,"Engine, Turbine, and Power Transmission Equipment Manufacturing",0.1307197
3329,Other fabricated metal product manufacturing,176786.0,0.0015325870187817981,33,43,32,3341,Computer and Peripheral Equipment Manufacturing,1.596084
3329,Other fabricated metal product manufacturing,176786.0,0.0015325870187817981,33,43,32,3342,Communications Equipment Manufacturing,1.181725
3329,Other fabricated metal product manufacturing,176786.0,0.0015325870187817981,33,43,32,3343,Audio and Video Equipment Manufacturing,1.161132
3329,Other fabricated metal product manufacturing,176786.0,0.0015325870187817981,33,43,32,3344,Semiconductor and Other Electronic Component Manufacturing,0.6828295
3329,Other fabricated metal product manufacturing,176786.0,0.0015325870187817981,33,43,32,3345,"Navigational, Measuring, Electromedical, and Control Instruments Manufacturing",1.113945
3329,Other fabricated metal product manufacturing,176786.0,0.0015325870187817981,33,43,32,3346,Manufacturing and Reproducing Magnetic and Optical Media,0.1490236
3329,Other fabricated metal product manufacturing,176786.0,0.0015325870187817981,33,43,32,3351,Electric Lighting Equipment Manufacturing,0.5806971
3329,Other fabricated metal product manufacturing,176786.0,0.0015325870187817981,33,43,32,3352,Household Appliance Manufacturing,0.0281708
3329,Other fabricated metal product manufacturing,176786.0,0.0015325870187817981,33,43,32,3353,Electrical Equipment Manufacturing,0.332973
3329,Other fabricated metal product manufacturing,176786.0,0.0015325870187817981,33,43,32,3359,Other Electrical Equipment and Component Manufacturing,-0.0384073
3329,Other fabricated metal product manufacturing,176786.0,0.0015325870187817981,33,43,32,3361,Motor Vehicle Manufacturing,-0.3023474
3329,Other fabricated metal product manufacturing,176786.0,0.0015325870187817981,33,43,32,3362,Motor Vehicle Body and Trailer Manufacturing,-0.8058288
3329,Other fabricated metal product manufacturing,176786.0,0.0015325870187817981,33,43,32,3363,Motor Vehicle Parts Manufacturing,-0.5860924
3329,Other fabricated metal product manufacturing,176786.0,0.0015325870187817981,33,43,32,3364,Aerospace Product and Parts Manufacturing,0.5189539
3329,Other fabricated metal product manufacturing,176786.0,0.0015325870187817981,33,43,32,3365,Railroad Rolling Stock Manufacturing,-0.6623871
3329,Other fabricated metal product manufacturing,176786.0,0.0015325870187817981,33,43,32,3366,Ship and Boat Building,-0.6675431
3329,Other fabricated metal product manufacturing,176786.0,0.0015325870187817981,33,43,32,3369,Other Transportation Equipment Manufacturing,-0.1676746
3329,Other fabricated metal product manufacturing,176786.0,0.0015325870187817981,33,43,32,3370,Furniture and Related Product Manufacturing (3371 and 3372 only),-1.000794
3329,Other fabricated metal product manufacturing,176786.0,0.0015325870187817981,33,43,32,3379,Other Furniture Related Product Manufacturing,-0.5724769
3329,Other fabricated metal product manufacturing,176786.0,0.0015325870187817981,33,43,32,3391,Medical Equipment and Supplies Manufacturing,0.2301883
3329,Other fabricated metal product manufacturing,176786.0,0.0015325870187817981,33,43,32,3399,Other Miscellaneous Manufacturing,-0.068744
4248,Alcoholic beverage merchant wholesalers,173234.0,0.0015017941443985724,42,19,6,4230,"Merchant Wholesalers, Durable Goods (4232, 4233, 4235, 4236, 4237, and 4239 only)",0.2424777
4248,Alcoholic beverage merchant wholesalers,173234.0,0.0015017941443985724,42,19,6,4231,Motor Vehicle and Motor Vehicle Parts and Supplies Merchant Wholesalers,-0.1601646
4248,Alcoholic beverage merchant wholesalers,173234.0,0.0015017941443985724,42,19,6,4234,Professional and Commercial Equipment and Supplies Merchant Wholesalers,1.041147
4248,Alcoholic beverage merchant wholesalers,173234.0,0.0015017941443985724,42,19,6,4238,"Machinery, Equipment, and Supplies Merchant Wholesalers",0.2607571
4248,Alcoholic beverage merchant wholesalers,173234.0,0.0015017941443985724,42,19,6,4240,"Merchant Wholesalers, Nondurable Goods (4244 and 4248 only)",-0.358483
4248,Alcoholic beverage merchant wholesalers,173234.0,0.0015017941443985724,42,19,6,4240,"Merchant Wholesalers, Nondurable Goods (4241, 4247, and 4249 only)",0.6838242
4248,Alcoholic beverage merchant wholesalers,173234.0,0.0015017941443985724,42,19,6,4240,"Merchant Wholesalers, Nondurable Goods (4242 and 4246 only)",-0.0027297
4248,Alcoholic beverage merchant wholesalers,173234.0,0.0015017941443985724,42,19,6,4243,"Apparel, Piece Goods, and Notions Merchant Wholesalers",0.6573116
4248,Alcoholic beverage merchant wholesalers,173234.0,0.0015017941443985724,42,19,6,4245,Farm Product Raw Material Merchant Wholesalers,-0.7109669
4248,Alcoholic beverage merchant wholesalers,173234.0,0.0015017941443985724,42,19,6,4251,Wholesale Electronic Markets and Agents and Brokers,0.9876717
1113,Fruit and tree nut farming,149932.0,0.0012997852595793365,11,19,4,1133,Logging,-1.360161
1113,Fruit and tree nut farming,149932.0,0.0012997852595793365,11,19,4,1151,Support Activities for Crop Production,-2.165304
1113,Fruit and tree nut farming,149932.0,0.0012997852595793365,11,19,4,1152,Support Activities for Animal Production,-1.149307
4246,Chemical merchant wholesalers,134810.0,0.0011686901451584074,42,19,6,4230,"Merchant Wholesalers, Durable Goods (4232, 4233, 4235, 4236, 4237, and 4239 only)",0.2424777
4246,Chemical merchant wholesalers,134810.0,0.0011686901451584074,42,19,6,4231,Motor Vehicle and Motor Vehicle Parts and Supplies Merchant Wholesalers,-0.1601646
4246,Chemical merchant wholesalers,134810.0,0.0011686901451584074,42,19,6,4234,Professional and Commercial Equipment and Supplies Merchant Wholesalers,1.041147
4246,Chemical merchant wholesalers,134810.0,0.0011686901451584074,42,19,6,4238,"Machinery, Equipment, and Supplies Merchant Wholesalers",0.2607571
4246,Chemical merchant wholesalers,134810.0,0.0011686901451584074,42,19,6,4240,"Merchant Wholesalers, Nondurable Goods (4244 and 4248 only)",-0.358483
4246,Chemical merchant wholesalers,134810.0,0.0011686901451584074,42,19,6,4240,"Merchant Wholesalers, Nondurable Goods (4241, 4247, and 4249 only)",0.6838242
4246,Chemical merchant wholesalers,134810.0,0.0011686901451584074,42,19,6,4240,"Merchant Wholesalers, Nondurable Goods (4242 and 4246 only)",-0.0027297
4246,Chemical merchant wholesalers,134810.0,0.0011686901451584074,42,19,6,4243,"Apparel, Piece Goods, and Notions Merchant Wholesalers",0.6573116
4246,Chemical merchant wholesalers,134810.0,0.0011686901451584074,42,19,6,4245,Farm Product Raw Material Merchant Wholesalers,-0.7109669
4246,Chemical merchant wholesalers,134810.0,0.0011686901451584074,42,19,6,4251,Wholesale Electronic Markets and Agents and Brokers,0.9876717
1114,Greenhouse and nursery production,133574.0,0.001157975057112893,11,19,4,1133,Logging,-1.360161
1114,Greenhouse and nursery production,133574.0,0.001157975057112893,11,19,4,1151,Support Activities for Crop Production,-2.165304
1114,Greenhouse and nursery production,133574.0,0.001157975057112893,11,19,4,1152,Support Activities for Animal Production,-1.149307
4235,Metal and mineral merchant wholesalers,111994.0,0.00097089447457066,42,19,6,4230,"Merchant Wholesalers, Durable Goods (4232, 4233, 4235, 4236, 4237, and 4239 only)",0.2424777
4235,Metal and mineral merchant wholesalers,111994.0,0.00097089447457066,42,19,6,4231,Motor Vehicle and Motor Vehicle Parts and Supplies Merchant Wholesalers,-0.1601646
4235,Metal and mineral merchant wholesalers,111994.0,0.00097089447457066,42,19,6,4234,Professional and Commercial Equipment and Supplies Merchant Wholesalers,1.041147
4235,Metal and mineral merchant wholesalers,111994.0,0.00097089447457066,42,19,6,4238,"Machinery, Equipment, and Supplies Merchant Wholesalers",0.2607571
4235,Metal and mineral merchant wholesalers,111994.0,0.00097089447457066,42,19,6,4240,"Merchant Wholesalers, Nondurable Goods (4244 and 4248 only)",-0.358483
4235,Metal and mineral merchant wholesalers,111994.0,0.00097089447457066,42,19,6,4240,"Merchant Wholesalers, Nondurable Goods (4241, 4247, and 4249 only)",0.6838242
4235,Metal and mineral merchant wholesalers,111994.0,0.00097089447457066,42,19,6,4240,"Merchant Wholesalers, Nondurable Goods (4242 and 4246 only)",-0.0027297
4235,Metal and mineral merchant wholesalers,111994.0,0.00097089447457066,42,19,6,4243,"Apparel, Piece Goods, and Notions Merchant Wholesalers",0.6573116
4235,Metal and mineral merchant wholesalers,111994.0,0.00097089447457066,42,19,6,4245,Farm Product Raw Material Merchant Wholesalers,-0.7109669
4235,Metal and mineral merchant wholesalers,111994.0,0.00097089447457066,42,19,6,4251,Wholesale Electronic Markets and Agents and Brokers,0.9876717
1121,Cattle ranching and farming,108450.0,0.0009401709535081172,11,19,4,1133,Logging,-1.360161
1121,Cattle ranching and farming,108450.0,0.0009401709535081172,11,19,4,1151,Support Activities for Crop Production,-2.165304
1121,Cattle ranching and farming,108450.0,0.0009401709535081172,11,19,4,1152,Support Activities for Animal Production,-1.149307
5322,Consumer goods rental,100986.0,0.0008754643053109334,53,8,5,5310,Real Estate,0.5238351
5322,Consumer goods rental,100986.0,0.0008754643053109334,53,8,5,5320,"Rental and Leasing Services (5322, 5323, and 5324 only)",-0.2705971
5322,Consumer goods rental,100986.0,0.0008754643053109334,53,8,5,5321,Automotive Equipment Rental and Leasing,-0.1278947
5322,Consumer goods rental,100986.0,0.0008754643053109334,53,8,5,5331,Lessors of Nonfinancial Intangible Assets (except Copyrighted Works),1.911472
4232,Furniture and furnishing merchant wholesalers,98094.0,0.0008503930798840503,42,19,6,4230,"Merchant Wholesalers, Durable Goods (4232, 4233, 4235, 4236, 4237, and 4239 only)",0.2424777
4232,Furniture and furnishing merchant wholesalers,98094.0,0.0008503930798840503,42,19,6,4231,Motor Vehicle and Motor Vehicle Parts and Supplies Merchant Wholesalers,-0.1601646
4232,Furniture and furnishing merchant wholesalers,98094.0,0.0008503930798840503,42,19,6,4234,Professional and Commercial Equipment and Supplies Merchant Wholesalers,1.041147
4232,Furniture and furnishing merchant wholesalers,98094.0,0.0008503930798840503,42,19,6,4238,"Machinery, Equipment, and Supplies Merchant Wholesalers",0.2607571
4232,Furniture and furnishing merchant wholesalers,98094.0,0.0008503930798840503,42,19,6,4240,"Merchant Wholesalers, Nondurable Goods (4244 and 4248 only)",-0.358483
4232,Furniture and furnishing merchant wholesalers,98094.0,0.0008503930798840503,42,19,6,4240,"Merchant Wholesalers, Nondurable Goods (4241, 4247, and 4249 only)",0.6838242
4232,Furniture and furnishing merchant wholesalers,98094.0,0.0008503930798840503,42,19,6,4240,"Merchant Wholesalers, Nondurable Goods (4242 and 4246 only)",-0.0027297
4232,Furniture and furnishing merchant wholesalers,98094.0,0.0008503930798840503,42,19,6,4243,"Apparel, Piece Goods, and Notions Merchant Wholesalers",0.6573116
4232,Furniture and furnishing merchant wholesalers,98094.0,0.0008503930798840503,42,19,6,4245,Farm Product Raw Material Merchant Wholesalers,-0.7109669
4232,Furniture and furnishing merchant wholesalers,98094.0,0.0008503930798840503,42,19,6,4251,Wholesale Electronic Markets and Agents and Brokers,0.9876717
4241,Paper and paper product merchant wholesalers,94670.0,0.0008207098586317516,42,19,6,4230,"Merchant Wholesalers, Durable Goods (4232, 4233, 4235, 4236, 4237, and 4239 only)",0.2424777
4241,Paper and paper product merchant wholesalers,94670.0,0.0008207098586317516,42,19,6,4231,Motor Vehicle and Motor Vehicle Parts and Supplies Merchant Wholesalers,-0.1601646
4241,Paper and paper product merchant wholesalers,94670.0,0.0008207098586317516,42,19,6,4234,Professional and Commercial Equipment and Supplies Merchant Wholesalers,1.041147
4241,Paper and paper product merchant wholesalers,94670.0,0.0008207098586317516,42,19,6,4238,"Machinery, Equipment, and Supplies Merchant Wholesalers",0.2607571
4241,Paper and paper product merchant wholesalers,94670.0,0.0008207098586317516,42,19,6,4240,"Merchant Wholesalers, Nondurable Goods (4244 and 4248 only)",-0.358483
4241,Paper and paper product merchant wholesalers,94670.0,0.0008207098586317516,42,19,6,4240,"Merchant Wholesalers, Nondurable Goods (4241, 4247, and 4249 only)",0.6838242
4241,Paper and paper product merchant wholesalers,94670.0,0.0008207098586317516,42,19,6,4240,"Merchant Wholesalers, Nondurable Goods (4242 and 4246 only)",-0.0027297
4241,Paper and paper product merchant wholesalers,94670.0,0.0008207098586317516,42,19,6,4243,"Apparel, Piece Goods, and Notions Merchant Wholesalers",0.6573116
4241,Paper and paper product merchant wholesalers,94670.0,0.0008207098586317516,42,19,6,4245,Farm Product Raw Material Merchant Wholesalers,-0.7109669
4241,Paper and paper product merchant wholesalers,94670.0,0.0008207098586317516,42,19,6,4251,Wholesale Electronic Markets and Agents and Brokers,0.9876717
3332,Industrial machinery manufacturing,89845.0,0.0007788811370948529,33,43,32,3311,Iron and Steel Mills and Ferroalloy Manufacturing,-0.9913391
3332,Industrial machinery manufacturing,89845.0,0.0007788811370948529,33,43,32,3312,Steel Product Manufacturing from Purchased Steel,-0.9156145
3332,Industrial machinery manufacturing,89845.0,0.0007788811370948529,33,43,32,3313,Alumina and Aluminum Production and Processing,-1.022397
3332,Industrial machinery manufacturing,89845.0,0.0007788811370948529,33,43,32,3314,Nonferrous Metal (except Aluminum) Production and Processing,-0.7421725
3332,Industrial machinery manufacturing,89845.0,0.0007788811370948529,33,43,32,3315,Foundries,-1.078051
3332,Industrial machinery manufacturing,89845.0,0.0007788811370948529,33,43,32,3320,Fabricated Metal Product Manufacturing (3323 and 3324 only),-0.5005816
3332,Industrial machinery manufacturing,89845.0,0.0007788811370948529,33,43,32,3320,"Fabricated Metal Product Manufacturing (3321, 3322, 3325, 3326, and 3329 only)",-0.740151
3332,Industrial machinery manufacturing,89845.0,0.0007788811370948529,33,43,32,3327,"Machine Shops; Turned Product; and Screw, Nut, and Bolt Manufacturing",-0.6099281
3332,Industrial machinery manufacturing,89845.0,0.0007788811370948529,33,43,32,3328,"Coating, Engraving, Heat Treating, and Allied Activities",-0.7753809
3332,Industrial machinery manufacturing,89845.0,0.0007788811370948529,33,43,32,3330,"Machinery Manufacturing (3331, 3332, 3334, and 3339 only)",-0.0746392
3332,Industrial machinery manufacturing,89845.0,0.0007788811370948529,33,43,32,3333,Commercial and Service Industry Machinery Manufacturing,0.3308995
3332,Industrial machinery manufacturing,89845.0,0.0007788811370948529,33,43,32,3335,Metalworking Machinery Manufacturing,-0.346932
3332,Industrial machinery manufacturing,89845.0,0.0007788811370948529,33,43,32,3336,"Engine, Turbine, and Power Transmission Equipment Manufacturing",0.1307197
3332,Industrial machinery manufacturing,89845.0,0.0007788811370948529,33,43,32,3341,Computer and Peripheral Equipment Manufacturing,1.596084
3332,Industrial machinery manufacturing,89845.0,0.0007788811370948529,33,43,32,3342,Communications Equipment Manufacturing,1.181725
3332,Industrial machinery manufacturing,89845.0,0.0007788811370948529,33,43,32,3343,Audio and Video Equipment Manufacturing,1.161132
3332,Industrial machinery manufacturing,89845.0,0.0007788811370948529,33,43,32,3344,Semiconductor and Other Electronic Component Manufacturing,0.6828295
3332,Industrial machinery manufacturing,89845.0,0.0007788811370948529,33,43,32,3345,"Navigational, Measuring, Electromedical, and Control Instruments Manufacturing",1.113945
3332,Industrial machinery manufacturing,89845.0,0.0007788811370948529,33,43,32,3346,Manufacturing and Reproducing Magnetic and Optical Media,0.1490236
3332,Industrial machinery manufacturing,89845.0,0.0007788811370948529,33,43,32,3351,Electric Lighting Equipment Manufacturing,0.5806971
3332,Industrial machinery manufacturing,89845.0,0.0007788811370948529,33,43,32,3352,Household Appliance Manufacturing,0.0281708
3332,Industrial machinery manufacturing,89845.0,0.0007788811370948529,33,43,32,3353,Electrical Equipment Manufacturing,0.332973
3332,Industrial machinery manufacturing,89845.0,0.0007788811370948529,33,43,32,3359,Other Electrical Equipment and Component Manufacturing,-0.0384073
3332,Industrial machinery manufacturing,89845.0,0.0007788811370948529,33,43,32,3361,Motor Vehicle Manufacturing,-0.3023474
3332,Industrial machinery manufacturing,89845.0,0.0007788811370948529,33,43,32,3362,Motor Vehicle Body and Trailer Manufacturing,-0.8058288
3332,Industrial machinery manufacturing,89845.0,0.0007788811370948529,33,43,32,3363,Motor Vehicle Parts Manufacturing,-0.5860924
3332,Industrial machinery manufacturing,89845.0,0.0007788811370948529,33,43,32,3364,Aerospace Product and Parts Manufacturing,0.5189539
3332,Industrial machinery manufacturing,89845.0,0.0007788811370948529,33,43,32,3365,Railroad Rolling Stock Manufacturing,-0.6623871
3332,Industrial machinery manufacturing,89845.0,0.0007788811370948529,33,43,32,3366,Ship and Boat Building,-0.6675431
3332,Industrial machinery manufacturing,89845.0,0.0007788811370948529,33,43,32,3369,Other Transportation Equipment Manufacturing,-0.1676746
3332,Industrial machinery manufacturing,89845.0,0.0007788811370948529,33,43,32,3370,Furniture and Related Product Manufacturing (3371 and 3372 only),-1.000794
3332,Industrial machinery manufacturing,89845.0,0.0007788811370948529,33,43,32,3379,Other Furniture Related Product Manufacturing,-0.5724769
3332,Industrial machinery manufacturing,89845.0,0.0007788811370948529,33,43,32,3391,Medical Equipment and Supplies Manufacturing,0.2301883
3332,Industrial machinery manufacturing,89845.0,0.0007788811370948529,33,43,32,3399,Other Miscellaneous Manufacturing,-0.068744
5161,NAICS 5161 Radio and television broadcasting stations,87881.0,0.0007618548968671908,51,19,12,5111,"Newspaper, Periodical, Book, and Directory Publishers",1.337831
5161,NAICS 5161 Radio and television broadcasting stations,87881.0,0.0007618548968671908,51,19,12,5112,Software Publishers,1.966309
5161,NAICS 5161 Radio and television broadcasting stations,87881.0,0.0007618548968671908,51,19,12,5121,Motion Picture and Video Industries,0.4026041
5161,NAICS 5161 Radio and television broadcasting stations,87881.0,0.0007618548968671908,51,19,12,5122,Sound Recording Industries,1.43428
5161,NAICS 5161 Radio and television broadcasting stations,87881.0,0.0007618548968671908,51,19,12,5151,Radio and Television Broadcasting,1.429625
5161,NAICS 5161 Radio and television broadcasting stations,87881.0,0.0007618548968671908,51,19,12,5152,Cable and Other Subscription Programming,1.098212
5161,NAICS 5161 Radio and television broadcasting stations,87881.0,0.0007618548968671908,51,19,12,5170,Telecommunications,0.2466103
5161,NAICS 5161 Radio and television broadcasting stations,87881.0,0.0007618548968671908,51,19,12,5182,"Data Processing, Hosting, and Related Services",1.74286
5161,NAICS 5161 Radio and television broadcasting stations,87881.0,0.0007618548968671908,51,19,12,5191,Other Information Services,1.749664
3331,"Ag., construction, and mining machinery mfg.",87478.0,0.0007583612233377878,33,43,32,3311,Iron and Steel Mills and Ferroalloy Manufacturing,-0.9913391
3331,"Ag., construction, and mining machinery mfg.",87478.0,0.0007583612233377878,33,43,32,3312,Steel Product Manufacturing from Purchased Steel,-0.9156145
3331,"Ag., construction, and mining machinery mfg.",87478.0,0.0007583612233377878,33,43,32,3313,Alumina and Aluminum Production and Processing,-1.022397
3331,"Ag., construction, and mining machinery mfg.",87478.0,0.0007583612233377878,33,43,32,3314,Nonferrous Metal (except Aluminum) Production and Processing,-0.7421725
3331,"Ag., construction, and mining machinery mfg.",87478.0,0.0007583612233377878,33,43,32,3315,Foundries,-1.078051
3331,"Ag., construction, and mining machinery mfg.",87478.0,0.0007583612233377878,33,43,32,3320,Fabricated Metal Product Manufacturing (3323 and 3324 only),-0.5005816
3331,"Ag., construction, and mining machinery mfg.",87478.0,0.0007583612233377878,33,43,32,3320,"Fabricated Metal Product Manufacturing (3321, 3322, 3325, 3326, and 3329 only)",-0.740151
3331,"Ag., construction, and mining machinery mfg.",87478.0,0.0007583612233377878,33,43,32,3327,"Machine Shops; Turned Product; and Screw, Nut, and Bolt Manufacturing",-0.6099281
3331,"Ag., construction, and mining machinery mfg.",87478.0,0.0007583612233377878,33,43,32,3328,"Coating, Engraving, Heat Treating, and Allied Activities",-0.7753809
3331,"Ag., construction, and mining machinery mfg.",87478.0,0.0007583612233377878,33,43,32,3330,"Machinery Manufacturing (3331, 3332, 3334, and 3339 only)",-0.0746392
3331,"Ag., construction, and mining machinery mfg.",87478.0,0.0007583612233377878,33,43,32,3333,Commercial and Service Industry Machinery Manufacturing,0.3308995
3331,"Ag., construction, and mining machinery mfg.",87478.0,0.0007583612233377878,33,43,32,3335,Metalworking Machinery Manufacturing,-0.346932
3331,"Ag., construction, and mining machinery mfg.",87478.0,0.0007583612233377878,33,43,32,3336,"Engine, Turbine, and Power Transmission Equipment Manufacturing",0.1307197
3331,"Ag., construction, and mining machinery mfg.",87478.0,0.0007583612233377878,33,43,32,3341,Computer and Peripheral Equipment Manufacturing,1.596084
3331,"Ag., construction, and mining machinery mfg.",87478.0,0.0007583612233377878,33,43,32,3342,Communications Equipment Manufacturing,1.181725
3331,"Ag., construction, and mining machinery mfg.",87478.0,0.0007583612233377878,33,43,32,3343,Audio and Video Equipment Manufacturing,1.161132
3331,"Ag., construction, and mining machinery mfg.",87478.0,0.0007583612233377878,33,43,32,3344,Semiconductor and Other Electronic Component Manufacturing,0.6828295
3331,"Ag., construction, and mining machinery mfg.",87478.0,0.0007583612233377878,33,43,32,3345,"Navigational, Measuring, Electromedical, and Control Instruments Manufacturing",1.113945
3331,"Ag., construction, and mining machinery mfg.",87478.0,0.0007583612233377878,33,43,32,3346,Manufacturing and Reproducing Magnetic and Optical Media,0.1490236
3331,"Ag., construction, and mining machinery mfg.",87478.0,0.0007583612233377878,33,43,32,3351,Electric Lighting Equipment Manufacturing,0.5806971
3331,"Ag., construction, and mining machinery mfg.",87478.0,0.0007583612233377878,33,43,32,3352,Household Appliance Manufacturing,0.0281708
3331,"Ag., construction, and mining machinery mfg.",87478.0,0.0007583612233377878,33,43,32,3353,Electrical Equipment Manufacturing,0.332973
3331,"Ag., construction, and mining machinery mfg.",87478.0,0.0007583612233377878,33,43,32,3359,Other Electrical Equipment and Component Manufacturing,-0.0384073
3331,"Ag., construction, and mining machinery mfg.",87478.0,0.0007583612233377878,33,43,32,3361,Motor Vehicle Manufacturing,-0.3023474
3331,"Ag., construction, and mining machinery mfg.",87478.0,0.0007583612233377878,33,43,32,3362,Motor Vehicle Body and Trailer Manufacturing,-0.8058288
3331,"Ag., construction, and mining machinery mfg.",87478.0,0.0007583612233377878,33,43,32,3363,Motor Vehicle Parts Manufacturing,-0.5860924
3331,"Ag., construction, and mining machinery mfg.",87478.0,0.0007583612233377878,33,43,32,3364,Aerospace Product and Parts Manufacturing,0.5189539
3331,"Ag., construction, and mining machinery mfg.",87478.0,0.0007583612233377878,33,43,32,3365,Railroad Rolling Stock Manufacturing,-0.6623871
3331,"Ag., construction, and mining machinery mfg.",87478.0,0.0007583612233377878,33,43,32,3366,Ship and Boat Building,-0.6675431
3331,"Ag., construction, and mining machinery mfg.",87478.0,0.0007583612233377878,33,43,32,3369,Other Transportation Equipment Manufacturing,-0.1676746
3331,"Ag., construction, and mining machinery mfg.",87478.0,0.0007583612233377878,33,43,32,3370,Furniture and Related Product Manufacturing (3371 and 3372 only),-1.000794
3331,"Ag., construction, and mining machinery mfg.",87478.0,0.0007583612233377878,33,43,32,3379,Other Furniture Related Product Manufacturing,-0.5724769
3331,"Ag., construction, and mining machinery mfg.",87478.0,0.0007583612233377878,33,43,32,3391,Medical Equipment and Supplies Manufacturing,0.2301883
3331,"Ag., construction, and mining machinery mfg.",87478.0,0.0007583612233377878,33,43,32,3399,Other Miscellaneous Manufacturing,-0.068744
4247,Petroleum merchant wholesalers,69299.0,0.0006007644712508899,42,19,6,4230,"Merchant Wholesalers, Durable Goods (4232, 4233, 4235, 4236, 4237, and 4239 only)",0.2424777
4247,Petroleum merchant wholesalers,69299.0,0.0006007644712508899,42,19,6,4231,Motor Vehicle and Motor Vehicle Parts and Supplies Merchant Wholesalers,-0.1601646
4247,Petroleum merchant wholesalers,69299.0,0.0006007644712508899,42,19,6,4234,Professional and Commercial Equipment and Supplies Merchant Wholesalers,1.041147
4247,Petroleum merchant wholesalers,69299.0,0.0006007644712508899,42,19,6,4238,"Machinery, Equipment, and Supplies Merchant Wholesalers",0.2607571
4247,Petroleum merchant wholesalers,69299.0,0.0006007644712508899,42,19,6,4240,"Merchant Wholesalers, Nondurable Goods (4244 and 4248 only)",-0.358483
4247,Petroleum merchant wholesalers,69299.0,0.0006007644712508899,42,19,6,4240,"Merchant Wholesalers, Nondurable Goods (4241, 4247, and 4249 only)",0.6838242
4247,Petroleum merchant wholesalers,69299.0,0.0006007644712508899,42,19,6,4240,"Merchant Wholesalers, Nondurable Goods (4242 and 4246 only)",-0.0027297
4247,Petroleum merchant wholesalers,69299.0,0.0006007644712508899,42,19,6,4243,"Apparel, Piece Goods, and Notions Merchant Wholesalers",0.6573116
4247,Petroleum merchant wholesalers,69299.0,0.0006007644712508899,42,19,6,4245,Farm Product Raw Material Merchant Wholesalers,-0.7109669
4247,Petroleum merchant wholesalers,69299.0,0.0006007644712508899,42,19,6,4251,Wholesale Electronic Markets and Agents and Brokers,0.9876717
1112,Vegetable and melon farming,62110.0,0.0005384418434521822,11,19,4,1133,Logging,-1.360161
1112,Vegetable and melon farming,62110.0,0.0005384418434521822,11,19,4,1151,Support Activities for Crop Production,-2.165304
1112,Vegetable and melon farming,62110.0,0.0005384418434521822,11,19,4,1152,Support Activities for Animal Production,-1.149307
3334,Hvac and commercial refrigeration equipment,53919.0,0.0004674327122379361,33,43,32,3311,Iron and Steel Mills and Ferroalloy Manufacturing,-0.9913391
3334,Hvac and commercial refrigeration equipment,53919.0,0.0004674327122379361,33,43,32,3312,Steel Product Manufacturing from Purchased Steel,-0.9156145
3334,Hvac and commercial refrigeration equipment,53919.0,0.0004674327122379361,33,43,32,3313,Alumina and Aluminum Production and Processing,-1.022397
3334,Hvac and commercial refrigeration equipment,53919.0,0.0004674327122379361,33,43,32,3314,Nonferrous Metal (except Aluminum) Production and Processing,-0.7421725
3334,Hvac and commercial refrigeration equipment,53919.0,0.0004674327122379361,33,43,32,3315,Foundries,-1.078051
3334,Hvac and commercial refrigeration equipment,53919.0,0.0004674327122379361,33,43,32,3320,Fabricated Metal Product Manufacturing (3323 and 3324 only),-0.5005816
3334,Hvac and commercial refrigeration equipment,53919.0,0.0004674327122379361,33,43,32,3320,"Fabricated Metal Product Manufacturing (3321, 3322, 3325, 3326, and 3329 only)",-0.740151
3334,Hvac and commercial refrigeration equipment,53919.0,0.0004674327122379361,33,43,32,3327,"Machine Shops; Turned Product; and Screw, Nut, and Bolt Manufacturing",-0.6099281
3334,Hvac and commercial refrigeration equipment,53919.0,0.0004674327122379361,33,43,32,3328,"Coating, Engraving, Heat Treating, and Allied Activities",-0.7753809
3334,Hvac and commercial refrigeration equipment,53919.0,0.0004674327122379361,33,43,32,3330,"Machinery Manufacturing (3331, 3332, 3334, and 3339 only)",-0.0746392
3334,Hvac and commercial refrigeration equipment,53919.0,0.0004674327122379361,33,43,32,3333,Commercial and Service Industry Machinery Manufacturing,0.3308995
3334,Hvac and commercial refrigeration equipment,53919.0,0.0004674327122379361,33,43,32,3335,Metalworking Machinery Manufacturing,-0.346932
3334,Hvac and commercial refrigeration equipment,53919.0,0.0004674327122379361,33,43,32,3336,"Engine, Turbine, and Power Transmission Equipment Manufacturing",0.1307197
3334,Hvac and commercial refrigeration equipment,53919.0,0.0004674327122379361,33,43,32,3341,Computer and Peripheral Equipment Manufacturing,1.596084
3334,Hvac and commercial refrigeration equipment,53919.0,0.0004674327122379361,33,43,32,3342,Communications Equipment Manufacturing,1.181725
3334,Hvac and commercial refrigeration equipment,53919.0,0.0004674327122379361,33,43,32,3343,Audio and Video Equipment Manufacturing,1.161132
3334,Hvac and commercial refrigeration equipment,53919.0,0.0004674327122379361,33,43,32,3344,Semiconductor and Other Electronic Component Manufacturing,0.6828295
3334,Hvac and commercial refrigeration equipment,53919.0,0.0004674327122379361,33,43,32,3345,"Navigational, Measuring, Electromedical, and Control Instruments Manufacturing",1.113945
3334,Hvac and commercial refrigeration equipment,53919.0,0.0004674327122379361,33,43,32,3346,Manufacturing and Reproducing Magnetic and Optical Media,0.1490236
3334,Hvac and commercial refrigeration equipment,53919.0,0.0004674327122379361,33,43,32,3351,Electric Lighting Equipment Manufacturing,0.5806971
3334,Hvac and commercial refrigeration equipment,53919.0,0.0004674327122379361,33,43,32,3352,Household Appliance Manufacturing,0.0281708
3334,Hvac and commercial refrigeration equipment,53919.0,0.0004674327122379361,33,43,32,3353,Electrical Equipment Manufacturing,0.332973
3334,Hvac and commercial refrigeration equipment,53919.0,0.0004674327122379361,33,43,32,3359,Other Electrical Equipment and Component Manufacturing,-0.0384073
3334,Hvac and commercial refrigeration equipment,53919.0,0.0004674327122379361,33,43,32,3361,Motor Vehicle Manufacturing,-0.3023474
3334,Hvac and commercial refrigeration equipment,53919.0,0.0004674327122379361,33,43,32,3362,Motor Vehicle Body and Trailer Manufacturing,-0.8058288
3334,Hvac and commercial refrigeration equipment,53919.0,0.0004674327122379361,33,43,32,3363,Motor Vehicle Parts Manufacturing,-0.5860924
3334,Hvac and commercial refrigeration equipment,53919.0,0.0004674327122379361,33,43,32,3364,Aerospace Product and Parts Manufacturing,0.5189539
3334,Hvac and commercial refrigeration equipment,53919.0,0.0004674327122379361,33,43,32,3365,Railroad Rolling Stock Manufacturing,-0.6623871
3334,Hvac and commercial refrigeration equipment,53919.0,0.0004674327122379361,33,43,32,3366,Ship and Boat Building,-0.6675431
3334,Hvac and commercial refrigeration equipment,53919.0,0.0004674327122379361,33,43,32,3369,Other Transportation Equipment Manufacturing,-0.1676746
3334,Hvac and commercial refrigeration equipment,53919.0,0.0004674327122379361,33,43,32,3370,Furniture and Related Product Manufacturing (3371 and 3372 only),-1.000794
3334,Hvac and commercial refrigeration equipment,53919.0,0.0004674327122379361,33,43,32,3379,Other Furniture Related Product Manufacturing,-0.5724769
3334,Hvac and commercial refrigeration equipment,53919.0,0.0004674327122379361,33,43,32,3391,Medical Equipment and Supplies Manufacturing,0.2301883
3334,Hvac and commercial refrigeration equipment,53919.0,0.0004674327122379361,33,43,32,3399,Other Miscellaneous Manufacturing,-0.068744
3321,Forging and stamping,53569.0,0.00046439850445805745,33,43,32,3311,Iron and Steel Mills and Ferroalloy Manufacturing,-0.9913391
3321,Forging and stamping,53569.0,0.00046439850445805745,33,43,32,3312,Steel Product Manufacturing from Purchased Steel,-0.9156145
3321,Forging and stamping,53569.0,0.00046439850445805745,33,43,32,3313,Alumina and Aluminum Production and Processing,-1.022397
3321,Forging and stamping,53569.0,0.00046439850445805745,33,43,32,3314,Nonferrous Metal (except Aluminum) Production and Processing,-0.7421725
3321,Forging and stamping,53569.0,0.00046439850445805745,33,43,32,3315,Foundries,-1.078051
3321,Forging and stamping,53569.0,0.00046439850445805745,33,43,32,3320,Fabricated Metal Product Manufacturing (3323 and 3324 only),-0.5005816
3321,Forging and stamping,53569.0,0.00046439850445805745,33,43,32,3320,"Fabricated Metal Product Manufacturing (3321, 3322, 3325, 3326, and 3329 only)",-0.740151
3321,Forging and stamping,53569.0,0.00046439850445805745,33,43,32,3327,"Machine Shops; Turned Product; and Screw, Nut, and Bolt Manufacturing",-0.6099281
3321,Forging and stamping,53569.0,0.00046439850445805745,33,43,32,3328,"Coating, Engraving, Heat Treating, and Allied Activities",-0.7753809
3321,Forging and stamping,53569.0,0.00046439850445805745,33,43,32,3330,"Machinery Manufacturing (3331, 3332, 3334, and 3339 only)",-0.0746392
3321,Forging and stamping,53569.0,0.00046439850445805745,33,43,32,3333,Commercial and Service Industry Machinery Manufacturing,0.3308995
3321,Forging and stamping,53569.0,0.00046439850445805745,33,43,32,3335,Metalworking Machinery Manufacturing,-0.346932
3321,Forging and stamping,53569.0,0.00046439850445805745,33,43,32,3336,"Engine, Turbine, and Power Transmission Equipment Manufacturing",0.1307197
3321,Forging and stamping,53569.0,0.00046439850445805745,33,43,32,3341,Computer and Peripheral Equipment Manufacturing,1.596084
3321,Forging and stamping,53569.0,0.00046439850445805745,33,43,32,3342,Communications Equipment Manufacturing,1.181725
3321,Forging and stamping,53569.0,0.00046439850445805745,33,43,32,3343,Audio and Video Equipment Manufacturing,1.161132
3321,Forging and stamping,53569.0,0.00046439850445805745,33,43,32,3344,Semiconductor and Other Electronic Component Manufacturing,0.6828295
3321,Forging and stamping,53569.0,0.00046439850445805745,33,43,32,3345,"Navigational, Measuring, Electromedical, and Control Instruments Manufacturing",1.113945
3321,Forging and stamping,53569.0,0.00046439850445805745,33,43,32,3346,Manufacturing and Reproducing Magnetic and Optical Media,0.1490236
3321,Forging and stamping,53569.0,0.00046439850445805745,33,43,32,3351,Electric Lighting Equipment Manufacturing,0.5806971
3321,Forging and stamping,53569.0,0.00046439850445805745,33,43,32,3352,Household Appliance Manufacturing,0.0281708
3321,Forging and stamping,53569.0,0.00046439850445805745,33,43,32,3353,Electrical Equipment Manufacturing,0.332973
3321,Forging and stamping,53569.0,0.00046439850445805745,33,43,32,3359,Other Electrical Equipment and Component Manufacturing,-0.0384073
3321,Forging and stamping,53569.0,0.00046439850445805745,33,43,32,3361,Motor Vehicle Manufacturing,-0.3023474
3321,Forging and stamping,53569.0,0.00046439850445805745,33,43,32,3362,Motor Vehicle Body and Trailer Manufacturing,-0.8058288
3321,Forging and stamping,53569.0,0.00046439850445805745,33,43,32,3363,Motor Vehicle Parts Manufacturing,-0.5860924
3321,Forging and stamping,53569.0,0.00046439850445805745,33,43,32,3364,Aerospace Product and Parts Manufacturing,0.5189539
3321,Forging and stamping,53569.0,0.00046439850445805745,33,43,32,3365,Railroad Rolling Stock Manufacturing,-0.6623871
3321,Forging and stamping,53569.0,0.00046439850445805745,33,43,32,3366,Ship and Boat Building,-0.6675431
3321,Forging and stamping,53569.0,0.00046439850445805745,33,43,32,3369,Other Transportation Equipment Manufacturing,-0.1676746
3321,Forging and stamping,53569.0,0.00046439850445805745,33,43,32,3370,Furniture and Related Product Manufacturing (3371 and 3372 only),-1.000794
3321,Forging and stamping,53569.0,0.00046439850445805745,33,43,32,3379,Other Furniture Related Product Manufacturing,-0.5724769
3321,Forging and stamping,53569.0,0.00046439850445805745,33,43,32,3391,Medical Equipment and Supplies Manufacturing,0.2301883
3321,Forging and stamping,53569.0,0.00046439850445805745,33,43,32,3399,Other Miscellaneous Manufacturing,-0.068744
4572,NAICS 4572 Fuel dealers,51644.0,0.0004477103616687248,45,27,18,4511,"Sporting Goods, Hobby, and Musical Instrument Stores",0.2090943
4572,NAICS 4572 Fuel dealers,51644.0,0.0004477103616687248,45,27,18,4512,Book Stores and News Dealers,0.2499871
4572,NAICS 4572 Fuel dealers,51644.0,0.0004477103616687248,45,27,18,4520,General Merchandise Stores,-0.007219
4572,NAICS 4572 Fuel dealers,51644.0,0.0004477103616687248,45,27,18,4530,Miscellaneous Store Retailers (4532 and 4533 only),0.1663383
4572,NAICS 4572 Fuel dealers,51644.0,0.0004477103616687248,45,27,18,4531,Florists,-0.3690017
4572,NAICS 4572 Fuel dealers,51644.0,0.0004477103616687248,45,27,18,4539,Other Miscellaneous Store Retailers,0.00781
4572,NAICS 4572 Fuel dealers,51644.0,0.0004477103616687248,45,27,18,4541,Electronic Shopping and Mail-Order Houses,0.6046838
4572,NAICS 4572 Fuel dealers,51644.0,0.0004477103616687248,45,27,18,4542,Vending Machine Operators,-0.6646855
4572,NAICS 4572 Fuel dealers,51644.0,0.0004477103616687248,45,27,18,4543,Direct Selling Establishments,-0.0433316
1119,Other crop farming,44355.0,0.0003845208173614803,11,19,4,1133,Logging,-1.360161
1119,Other crop farming,44355.0,0.0003845208173614803,11,19,4,1151,Support Activities for Crop Production,-2.165304
1119,Other crop farming,44355.0,0.0003845208173614803,11,19,4,1152,Support Activities for Animal Production,-1.149307
3324,"Boiler, tank, and shipping container mfg.",43916.0,0.00038071505388900394,33,43,32,3311,Iron and Steel Mills and Ferroalloy Manufacturing,-0.9913391
3324,"Boiler, tank, and shipping container mfg.",43916.0,0.00038071505388900394,33,43,32,3312,Steel Product Manufacturing from Purchased Steel,-0.9156145
3324,"Boiler, tank, and shipping container mfg.",43916.0,0.00038071505388900394,33,43,32,3313,Alumina and Aluminum Production and Processing,-1.022397
3324,"Boiler, tank, and shipping container mfg.",43916.0,0.00038071505388900394,33,43,32,3314,Nonferrous Metal (except Aluminum) Production and Processing,-0.7421725
3324,"Boiler, tank, and shipping container mfg.",43916.0,0.00038071505388900394,33,43,32,3315,Foundries,-1.078051
3324,"Boiler, tank, and shipping container mfg.",43916.0,0.00038071505388900394,33,43,32,3320,Fabricated Metal Product Manufacturing (3323 and 3324 only),-0.5005816
3324,"Boiler, tank, and shipping container mfg.",43916.0,0.00038071505388900394,33,43,32,3320,"Fabricated Metal Product Manufacturing (3321, 3322, 3325, 3326, and 3329 only)",-0.740151
3324,"Boiler, tank, and shipping container mfg.",43916.0,0.00038071505388900394,33,43,32,3327,"Machine Shops; Turned Product; and Screw, Nut, and Bolt Manufacturing",-0.6099281
3324,"Boiler, tank, and shipping container mfg.",43916.0,0.00038071505388900394,33,43,32,3328,"Coating, Engraving, Heat Treating, and Allied Activities",-0.7753809
3324,"Boiler, tank, and shipping container mfg.",43916.0,0.00038071505388900394,33,43,32,3330,"Machinery Manufacturing (3331, 3332, 3334, and 3339 only)",-0.0746392
3324,"Boiler, tank, and shipping container mfg.",43916.0,0.00038071505388900394,33,43,32,3333,Commercial and Service Industry Machinery Manufacturing,0.3308995
3324,"Boiler, tank, and shipping container mfg.",43916.0,0.00038071505388900394,33,43,32,3335,Metalworking Machinery Manufacturing,-0.346932
3324,"Boiler, tank, and shipping container mfg.",43916.0,0.00038071505388900394,33,43,32,3336,"Engine, Turbine, and Power Transmission Equipment Manufacturing",0.1307197
3324,"Boiler, tank, and shipping container mfg.",43916.0,0.00038071505388900394,33,43,32,3341,Computer and Peripheral Equipment Manufacturing,1.596084
3324,"Boiler, tank, and shipping container mfg.",43916.0,0.00038071505388900394,33,43,32,3342,Communications Equipment Manufacturing,1.181725
3324,"Boiler, tank, and shipping container mfg.",43916.0,0.00038071505388900394,33,43,32,3343,Audio and Video Equipment Manufacturing,1.161132
3324,"Boiler, tank, and shipping container mfg.",43916.0,0.00038071505388900394,33,43,32,3344,Semiconductor and Other Electronic Component Manufacturing,0.6828295
3324,"Boiler, tank, and shipping container mfg.",43916.0,0.00038071505388900394,33,43,32,3345,"Navigational, Measuring, Electromedical, and Control Instruments Manufacturing",1.113945
3324,"Boiler, tank, and shipping container mfg.",43916.0,0.00038071505388900394,33,43,32,3346,Manufacturing and Reproducing Magnetic and Optical Media,0.1490236
3324,"Boiler, tank, and shipping container mfg.",43916.0,0.00038071505388900394,33,43,32,3351,Electric Lighting Equipment Manufacturing,0.5806971
3324,"Boiler, tank, and shipping container mfg.",43916.0,0.00038071505388900394,33,43,32,3352,Household Appliance Manufacturing,0.0281708
3324,"Boiler, tank, and shipping container mfg.",43916.0,0.00038071505388900394,33,43,32,3353,Electrical Equipment Manufacturing,0.332973
3324,"Boiler, tank, and shipping container mfg.",43916.0,0.00038071505388900394,33,43,32,3359,Other Electrical Equipment and Component Manufacturing,-0.0384073
3324,"Boiler, tank, and shipping container mfg.",43916.0,0.00038071505388900394,33,43,32,3361,Motor Vehicle Manufacturing,-0.3023474
3324,"Boiler, tank, and shipping container mfg.",43916.0,0.00038071505388900394,33,43,32,3362,Motor Vehicle Body and Trailer Manufacturing,-0.8058288
3324,"Boiler, tank, and shipping container mfg.",43916.0,0.00038071505388900394,33,43,32,3363,Motor Vehicle Parts Manufacturing,-0.5860924
3324,"Boiler, tank, and shipping container mfg.",43916.0,0.00038071505388900394,33,43,32,3364,Aerospace Product and Parts Manufacturing,0.5189539
3324,"Boiler, tank, and shipping container mfg.",43916.0,0.00038071505388900394,33,43,32,3365,Railroad Rolling Stock Manufacturing,-0.6623871
3324,"Boiler, tank, and shipping container mfg.",43916.0,0.00038071505388900394,33,43,32,3366,Ship and Boat Building,-0.6675431
3324,"Boiler, tank, and shipping container mfg.",43916.0,0.00038071505388900394,33,43,32,3369,Other Transportation Equipment Manufacturing,-0.1676746
3324,"Boiler, tank, and shipping container mfg.",43916.0,0.00038071505388900394,33,43,32,3370,Furniture and Related Product Manufacturing (3371 and 3372 only),-1.000794
3324,"Boiler, tank, and shipping container mfg.",43916.0,0.00038071505388900394,33,43,32,3379,Other Furniture Related Product Manufacturing,-0.5724769
3324,"Boiler, tank, and shipping container mfg.",43916.0,0.00038071505388900394,33,43,32,3391,Medical Equipment and Supplies Manufacturing,0.2301883
3324,"Boiler, tank, and shipping container mfg.",43916.0,0.00038071505388900394,33,43,32,3399,Other Miscellaneous Manufacturing,-0.068744
1111,Oilseed and grain farming,34958.0,0.0003030566730542809,11,19,4,1133,Logging,-1.360161
1111,Oilseed and grain farming,34958.0,0.0003030566730542809,11,19,4,1151,Support Activities for Crop Production,-2.165304
1111,Oilseed and grain farming,34958.0,0.0003030566730542809,11,19,4,1152,Support Activities for Animal Production,-1.149307
5178,NAICS 5178 All other telecommunications,19231.0,0.0001667167137567045,51,19,12,5111,"Newspaper, Periodical, Book, and Directory Publishers",1.337831
5178,NAICS 5178 All other telecommunications,19231.0,0.0001667167137567045,51,19,12,5112,Software Publishers,1.966309
5178,NAICS 5178 All other telecommunications,19231.0,0.0001667167137567045,51,19,12,5121,Motion Picture and Video Industries,0.4026041
5178,NAICS 5178 All other telecommunications,19231.0,0.0001667167137567045,51,19,12,5122,Sound Recording Industries,1.43428
5178,NAICS 5178 All other telecommunications,19231.0,0.0001667167137567045,51,19,12,5151,Radio and Television Broadcasting,1.429625
5178,NAICS 5178 All other telecommunications,19231.0,0.0001667167137567045,51,19,12,5152,Cable and Other Subscription Programming,1.098212
5178,NAICS 5178 All other telecommunications,19231.0,0.0001667167137567045,51,19,12,5170,Telecommunications,0.2466103
5178,NAICS 5178 All other telecommunications,19231.0,0.0001667167137567045,51,19,12,5182,"Data Processing, Hosting, and Related Services",1.74286
5178,NAICS 5178 All other telecommunications,19231.0,0.0001667167137567045,51,19,12,5191,Other Information Services,1.749664
1123,Poultry and egg production,16052.0,0.00013915743795032086,11,19,4,1133,Logging,-1.360161
1123,Poultry and egg production,16052.0,0.00013915743795032086,11,19,4,1151,Support Activities for Crop Production,-2.165304
1123,Poultry and egg production,16052.0,0.00013915743795032086,11,19,4,1152,Support Activities for Animal Production,-1.149307
5323,General rental centers,15772.0,0.00013673007172641794,53,8,5,5310,Real Estate,0.5238351
5323,General rental centers,15772.0,0.00013673007172641794,53,8,5,5320,"Rental and Leasing Services (5322, 5323, and 5324 only)",-0.2705971
5323,General rental centers,15772.0,0.00013673007172641794,53,8,5,5321,Automotive Equipment Rental and Leasing,-0.1278947
5323,General rental centers,15772.0,0.00013673007172641794,53,8,5,5331,Lessors of Nonfinancial Intangible Assets (except Copyrighted Works),1.911472
3326,Spring and wire product manufacturing,14486.0,0.0001255815254266352,33,43,32,3311,Iron and Steel Mills and Ferroalloy Manufacturing,-0.9913391
3326,Spring and wire product manufacturing,14486.0,0.0001255815254266352,33,43,32,3312,Steel Product Manufacturing from Purchased Steel,-0.9156145
3326,Spring and wire product manufacturing,14486.0,0.0001255815254266352,33,43,32,3313,Alumina and Aluminum Production and Processing,-1.022397
3326,Spring and wire product manufacturing,14486.0,0.0001255815254266352,33,43,32,3314,Nonferrous Metal (except Aluminum) Production and Processing,-0.7421725
3326,Spring and wire product manufacturing,14486.0,0.0001255815254266352,33,43,32,3315,Foundries,-1.078051
3326,Spring and wire product manufacturing,14486.0,0.0001255815254266352,33,43,32,3320,Fabricated Metal Product Manufacturing (3323 and 3324 only),-0.5005816
3326,Spring and wire product manufacturing,14486.0,0.0001255815254266352,33,43,32,3320,"Fabricated Metal Product Manufacturing (3321, 3322, 3325, 3326, and 3329 only)",-0.740151
3326,Spring and wire product manufacturing,14486.0,0.0001255815254266352,33,43,32,3327,"Machine Shops; Turned Product; and Screw, Nut, and Bolt Manufacturing",-0.6099281
3326,Spring and wire product manufacturing,14486.0,0.0001255815254266352,33,43,32,3328,"Coating, Engraving, Heat Treating, and Allied Activities",-0.7753809
3326,Spring and wire product manufacturing,14486.0,0.0001255815254266352,33,43,32,3330,"Machinery Manufacturing (3331, 3332, 3334, and 3339 only)",-0.0746392
3326,Spring and wire product manufacturing,14486.0,0.0001255815254266352,33,43,32,3333,Commercial and Service Industry Machinery Manufacturing,0.3308995
3326,Spring and wire product manufacturing,14486.0,0.0001255815254266352,33,43,32,3335,Metalworking Machinery Manufacturing,-0.346932
3326,Spring and wire product manufacturing,14486.0,0.0001255815254266352,33,43,32,3336,"Engine, Turbine, and Power Transmission Equipment Manufacturing",0.1307197
3326,Spring and wire product manufacturing,14486.0,0.0001255815254266352,33,43,32,3341,Computer and Peripheral Equipment Manufacturing,1.596084
3326,Spring and wire product manufacturing,14486.0,0.0001255815254266352,33,43,32,3342,Communications Equipment Manufacturing,1.181725
3326,Spring and wire product manufacturing,14486.0,0.0001255815254266352,33,43,32,3343,Audio and Video Equipment Manufacturing,1.161132
3326,Spring and wire product manufacturing,14486.0,0.0001255815254266352,33,43,32,3344,Semiconductor and Other Electronic Component Manufacturing,0.6828295
3326,Spring and wire product manufacturing,14486.0,0.0001255815254266352,33,43,32,3345,"Navigational, Measuring, Electromedical, and Control Instruments Manufacturing",1.113945
3326,Spring and wire product manufacturing,14486.0,0.0001255815254266352,33,43,32,3346,Manufacturing and Reproducing Magnetic and Optical Media,0.1490236
3326,Spring and wire product manufacturing,14486.0,0.0001255815254266352,33,43,32,3351,Electric Lighting Equipment Manufacturing,0.5806971
3326,Spring and wire product manufacturing,14486.0,0.0001255815254266352,33,43,32,3352,Household Appliance Manufacturing,0.0281708
3326,Spring and wire product manufacturing,14486.0,0.0001255815254266352,33,43,32,3353,Electrical Equipment Manufacturing,0.332973
3326,Spring and wire product manufacturing,14486.0,0.0001255815254266352,33,43,32,3359,Other Electrical Equipment and Component Manufacturing,-0.0384073
3326,Spring and wire product manufacturing,14486.0,0.0001255815254266352,33,43,32,3361,Motor Vehicle Manufacturing,-0.3023474
3326,Spring and wire product manufacturing,14486.0,0.0001255815254266352,33,43,32,3362,Motor Vehicle Body and Trailer Manufacturing,-0.8058288
3326,Spring and wire product manufacturing,14486.0,0.0001255815254266352,33,43,32,3363,Motor Vehicle Parts Manufacturing,-0.5860924
3326,Spring and wire product manufacturing,14486.0,0.0001255815254266352,33,43,32,3364,Aerospace Product and Parts Manufacturing,0.5189539
3326,Spring and wire product manufacturing,14486.0,0.0001255815254266352,33,43,32,3365,Railroad Rolling Stock Manufacturing,-0.6623871
3326,Spring and wire product manufacturing,14486.0,0.0001255815254266352,33,43,32,3366,Ship and Boat Building,-0.6675431
3326,Spring and wire product manufacturing,14486.0,0.0001255815254266352,33,43,32,3369,Other Transportation Equipment Manufacturing,-0.1676746
3326,Spring and wire product manufacturing,14486.0,0.0001255815254266352,33,43,32,3370,Furniture and Related Product Manufacturing (3371 and 3372 only),-1.000794
3326,Spring and wire product manufacturing,14486.0,0.0001255815254266352,33,43,32,3379,Other Furniture Related Product Manufacturing,-0.5724769
3326,Spring and wire product manufacturing,14486.0,0.0001255815254266352,33,43,32,3391,Medical Equipment and Supplies Manufacturing,0.2301883
3326,Spring and wire product manufacturing,14486.0,0.0001255815254266352,33,43,32,3399,Other Miscellaneous Manufacturing,-0.068744
1122,Hog and pig farming,9521.0,8.253912077778501e-05,11,19,4,1133,Logging,-1.360161
1122,Hog and pig farming,9521.0,8.253912077778501e-05,11,19,4,1151,Support Activities for Crop Production,-2.165304
1122,Hog and pig farming,9521.0,8.253912077778501e-05,11,19,4,1152,Support Activities for Animal Production,-1.149307
3322,Cutlery and handtool manufacturing,9337.0,8.094399440207736e-05,33,43,32,3311,Iron and Steel Mills and Ferroalloy Manufacturing,-0.9913391
3322,Cutlery and handtool manufacturing,9337.0,8.094399440207736e-05,33,43,32,3312,Steel Product Manufacturing from Purchased Steel,-0.9156145
3322,Cutlery and handtool manufacturing,9337.0,8.094399440207736e-05,33,43,32,3313,Alumina and Aluminum Production and Processing,-1.022397
3322,Cutlery and handtool manufacturing,9337.0,8.094399440207736e-05,33,43,32,3314,Nonferrous Metal (except Aluminum) Production and Processing,-0.7421725
3322,Cutlery and handtool manufacturing,9337.0,8.094399440207736e-05,33,43,32,3315,Foundries,-1.078051
3322,Cutlery and handtool manufacturing,9337.0,8.094399440207736e-05,33,43,32,3320,Fabricated Metal Product Manufacturing (3323 and 3324 only),-0.5005816
3322,Cutlery and handtool manufacturing,9337.0,8.094399440207736e-05,33,43,32,3320,"Fabricated Metal Product Manufacturing (3321, 3322, 3325, 3326, and 3329 only)",-0.740151
3322,Cutlery and handtool manufacturing,9337.0,8.094399440207736e-05,33,43,32,3327,"Machine Shops; Turned Product; and Screw, Nut, and Bolt Manufacturing",-0.6099281
3322,Cutlery and handtool manufacturing,9337.0,8.094399440207736e-05,33,43,32,3328,"Coating, Engraving, Heat Treating, and Allied Activities",-0.7753809
3322,Cutlery and handtool manufacturing,9337.0,8.094399440207736e-05,33,43,32,3330,"Machinery Manufacturing (3331, 3332, 3334, and 3339 only)",-0.0746392
3322,Cutlery and handtool manufacturing,9337.0,8.094399440207736e-05,33,43,32,3333,Commercial and Service Industry Machinery Manufacturing,0.3308995
3322,Cutlery and handtool manufacturing,9337.0,8.094399440207736e-05,33,43,32,3335,Metalworking Machinery Manufacturing,-0.346932
3322,Cutlery and handtool manufacturing,9337.0,8.094399440207736e-05,33,43,32,3336,"Engine, Turbine, and Power Transmission Equipment Manufacturing",0.1307197
3322,Cutlery and handtool manufacturing,9337.0,8.094399440207736e-05,33,43,32,3341,Computer and Peripheral Equipment Manufacturing,1.596084
3322,Cutlery and handtool manufacturing,9337.0,8.094399440207736e-05,33,43,32,3342,Communications Equipment Manufacturing,1.181725
3322,Cutlery and handtool manufacturing,9337.0,8.094399440207736e-05,33,43,32,3343,Audio and Video Equipment Manufacturing,1.161132
3322,Cutlery and handtool manufacturing,9337.0,8.094399440207736e-05,33,43,32,3344,Semiconductor and Other Electronic Component Manufacturing,0.6828295
3322,Cutlery and handtool manufacturing,9337.0,8.094399440207736e-05,33,43,32,3345,"Navigational, Measuring, Electromedical, and Control Instruments Manufacturing",1.113945
3322,Cutlery and handtool manufacturing,9337.0,8.094399440207736e-05,33,43,32,3346,Manufacturing and Reproducing Magnetic and Optical Media,0.1490236
3322,Cutlery and handtool manufacturing,9337.0,8.094399440207736e-05,33,43,32,3351,Electric Lighting Equipment Manufacturing,0.5806971
3322,Cutlery and handtool manufacturing,9337.0,8.094399440207736e-05,33,43,32,3352,Household Appliance Manufacturing,0.0281708
3322,Cutlery and handtool manufacturing,9337.0,8.094399440207736e-05,33,43,32,3353,Electrical Equipment Manufacturing,0.332973
3322,Cutlery and handtool manufacturing,9337.0,8.094399440207736e-05,33,43,32,3359,Other Electrical Equipment and Component Manufacturing,-0.0384073
3322,Cutlery and handtool manufacturing,9337.0,8.094399440207736e-05,33,43,32,3361,Motor Vehicle Manufacturing,-0.3023474
3322,Cutlery and handtool manufacturing,9337.0,8.094399440207736e-05,33,43,32,3362,Motor Vehicle Body and Trailer Manufacturing,-0.8058288
3322,Cutlery and handtool manufacturing,9337.0,8.094399440207736e-05,33,43,32,3363,Motor Vehicle Parts Manufacturing,-0.5860924
3322,Cutlery and handtool manufacturing,9337.0,8.094399440207736e-05,33,43,32,3364,Aerospace Product and Parts Manufacturing,0.5189539
3322,Cutlery and handtool manufacturing,9337.0,8.094399440207736e-05,33,43,32,3365,Railroad Rolling Stock Manufacturing,-0.6623871
3322,Cutlery and handtool manufacturing,9337.0,8.094399440207736e-05,33,43,32,3366,Ship and Boat Building,-0.6675431
3322,Cutlery and handtool manufacturing,9337.0,8.094399440207736e-05,33,43,32,3369,Other Transportation Equipment Manufacturing,-0.1676746
3322,Cutlery and handtool manufacturing,9337.0,8.094399440207736e-05,33,43,32,3370,Furniture and Related Product Manufacturing (3371 and 3372 only),-1.000794
3322,Cutlery and handtool manufacturing,9337.0,8.094399440207736e-05,33,43,32,3379,Other Furniture Related Product Manufacturing,-0.5724769
3322,Cutlery and handtool manufacturing,9337.0,8.094399440207736e-05,33,43,32,3391,Medical Equipment and Supplies Manufacturing,0.2301883
3322,Cutlery and handtool manufacturing,9337.0,8.094399440207736e-05,33,43,32,3399,Other Miscellaneous Manufacturing,-0.068744
1129,Other animal production,8683.0,7.527436043624695e-05,11,19,4,1133,Logging,-1.360161
1129,Other animal production,8683.0,7.527436043624695e-05,11,19,4,1151,Support Activities for Crop Production,-2.165304
1129,Other animal production,8683.0,7.527436043624695e-05,11,19,4,1152,Support Activities for Animal Production,-1.149307
5232,Securities and commodity exchanges,5186.0,4.495829013271642e-05,52,11,9,5211,Monetary Authorities-Central Bank,1.770347
5232,Securities and commodity exchanges,5186.0,4.495829013271642e-05,52,11,9,5220,Credit Intermediation and Related Activities (5221 And 5223 only),1.888684
5232,Securities and commodity exchanges,5186.0,4.495829013271642e-05,52,11,9,5222,Nondepository Credit Intermediation,2.113345
5232,Securities and commodity exchanges,5186.0,4.495829013271642e-05,52,11,9,5230,"Securities, Commodity Contracts, and Other Financial Investments and Related Activities",2.218665
5232,Securities and commodity exchanges,5186.0,4.495829013271642e-05,52,11,9,5241,Insurance Carriers,2.058794
5232,Securities and commodity exchanges,5186.0,4.495829013271642e-05,52,11,9,5242,"Agencies, Brokerages, and Other Insurance Related Activities",2.120996
5232,Securities and commodity exchanges,5186.0,4.495829013271642e-05,52,11,9,5251,Insurance and Employee Benefit Funds,2.180309
5232,Securities and commodity exchanges,5186.0,4.495829013271642e-05,52,11,9,5259,Other Investment Pools and Funds,2.07022
3325,Hardware manufacturing,5036.0,4.365791536991128e-05,33,43,32,3311,Iron and Steel Mills and Ferroalloy Manufacturing,-0.9913391
3325,Hardware manufacturing,5036.0,4.365791536991128e-05,33,43,32,3312,Steel Product Manufacturing from Purchased Steel,-0.9156145
3325,Hardware manufacturing,5036.0,4.365791536991128e-05,33,43,32,3313,Alumina and Aluminum Production and Processing,-1.022397
3325,Hardware manufacturing,5036.0,4.365791536991128e-05,33,43,32,3314,Nonferrous Metal (except Aluminum) Production and Processing,-0.7421725
3325,Hardware manufacturing,5036.0,4.365791536991128e-05,33,43,32,3315,Foundries,-1.078051
3325,Hardware manufacturing,5036.0,4.365791536991128e-05,33,43,32,3320,Fabricated Metal Product Manufacturing (3323 and 3324 only),-0.5005816
3325,Hardware manufacturing,5036.0,4.365791536991128e-05,33,43,32,3320,"Fabricated Metal Product Manufacturing (3321, 3322, 3325, 3326, and 3329 only)",-0.740151
3325,Hardware manufacturing,5036.0,4.365791536991128e-05,33,43,32,3327,"Machine Shops; Turned Product; and Screw, Nut, and Bolt Manufacturing",-0.6099281
3325,Hardware manufacturing,5036.0,4.365791536991128e-05,33,43,32,3328,"Coating, Engraving, Heat Treating, and Allied Activities",-0.7753809
3325,Hardware manufacturing,5036.0,4.365791536991128e-05,33,43,32,3330,"Machinery Manufacturing (3331, 3332, 3334, and 3339 only)",-0.0746392
3325,Hardware manufacturing,5036.0,4.365791536991128e-05,33,43,32,3333,Commercial and Service Industry Machinery Manufacturing,0.3308995
3325,Hardware manufacturing,5036.0,4.365791536991128e-05,33,43,32,3335,Metalworking Machinery Manufacturing,-0.346932
3325,Hardware manufacturing,5036.0,4.365791536991128e-05,33,43,32,3336,"Engine, Turbine, and Power Transmission Equipment Manufacturing",0.1307197
3325,Hardware manufacturing,5036.0,4.365791536991128e-05,33,43,32,3341,Computer and Peripheral Equipment Manufacturing,1.596084
3325,Hardware manufacturing,5036.0,4.365791536991128e-05,33,43,32,3342,Communications Equipment Manufacturing,1.181725
3325,Hardware manufacturing,5036.0,4.365791536991128e-05,33,43,32,3343,Audio and Video Equipment Manufacturing,1.161132
3325,Hardware manufacturing,5036.0,4.365791536991128e-05,33,43,32,3344,Semiconductor and Other Electronic Component Manufacturing,0.6828295
3325,Hardware manufacturing,5036.0,4.365791536991128e-05,33,43,32,3345,"Navigational, Measuring, Electromedical, and Control Instruments Manufacturing",1.113945
3325,Hardware manufacturing,5036.0,4.365791536991128e-05,33,43,32,3346,Manufacturing and Reproducing Magnetic and Optical Media,0.1490236
3325,Hardware manufacturing,5036.0,4.365791536991128e-05,33,43,32,3351,Electric Lighting Equipment Manufacturing,0.5806971
3325,Hardware manufacturing,5036.0,4.365791536991128e-05,33,43,32,3352,Household Appliance Manufacturing,0.0281708
3325,Hardware manufacturing,5036.0,4.365791536991128e-05,33,43,32,3353,Electrical Equipment Manufacturing,0.332973
3325,Hardware manufacturing,5036.0,4.365791536991128e-05,33,43,32,3359,Other Electrical Equipment and Component Manufacturing,-0.0384073
3325,Hardware manufacturing,5036.0,4.365791536991128e-05,33,43,32,3361,Motor Vehicle Manufacturing,-0.3023474
3325,Hardware manufacturing,5036.0,4.365791536991128e-05,33,43,32,3362,Motor Vehicle Body and Trailer Manufacturing,-0.8058288
3325,Hardware manufacturing,5036.0,4.365791536991128e-05,33,43,32,3363,Motor Vehicle Parts Manufacturing,-0.5860924
3325,Hardware manufacturing,5036.0,4.365791536991128e-05,33,43,32,3364,Aerospace Product and Parts Manufacturing,0.5189539
3325,Hardware manufacturing,5036.0,4.365791536991128e-05,33,43,32,3365,Railroad Rolling Stock Manufacturing,-0.6623871
3325,Hardware manufacturing,5036.0,4.365791536991128e-05,33,43,32,3366,Ship and Boat Building,-0.6675431
3325,Hardware manufacturing,5036.0,4.365791536991128e-05,33,43,32,3369,Other Transportation Equipment Manufacturing,-0.1676746
3325,Hardware manufacturing,5036.0,4.365791536991128e-05,33,43,32,3370,Furniture and Related Product Manufacturing (3371 and 3372 only),-1.000794
3325,Hardware manufacturing,5036.0,4.365791536991128e-05,33,43,32,3379,Other Furniture Related Product Manufacturing,-0.5724769
3325,Hardware manufacturing,5036.0,4.365791536991128e-05,33,43,32,3391,Medical Equipment and Supplies Manufacturing,0.2301883
3325,Hardware manufacturing,5036.0,4.365791536991128e-05,33,43,32,3399,Other Miscellaneous Manufacturing,-0.068744
5174,Satellite telecommunications,4801.0,4.1620661574849893e-05,51,19,12,5111,"Newspaper, Periodical, Book, and Directory Publishers",1.337831
5174,Satellite telecommunications,4801.0,4.1620661574849893e-05,51,19,12,5112,Software Publishers,1.966309
5174,Satellite telecommunications,4801.0,4.1620661574849893e-05,51,19,12,5121,Motion Picture and Video Industries,0.4026041
5174,Satellite telecommunications,4801.0,4.1620661574849893e-05,51,19,12,5122,Sound Recording Industries,1.43428
5174,Satellite telecommunications,4801.0,4.1620661574849893e-05,51,19,12,5151,Radio and Television Broadcasting,1.429625
5174,Satellite telecommunications,4801.0,4.1620661574849893e-05,51,19,12,5152,Cable and Other Subscription Programming,1.098212
5174,Satellite telecommunications,4801.0,4.1620661574849893e-05,51,19,12,5170,Telecommunications,0.2466103
5174,Satellite telecommunications,4801.0,4.1620661574849893e-05,51,19,12,5182,"Data Processing, Hosting, and Related Services",1.74286
5174,Satellite telecommunications,4801.0,4.1620661574849893e-05,51,19,12,5191,Other Information Services,1.749664
1125,Aquaculture,2641.0,2.2895264990455855e-05,11,19,4,1133,Logging,-1.360161
1125,Aquaculture,2641.0,2.2895264990455855e-05,11,19,4,1151,Support Activities for Crop Production,-2.165304
1125,Aquaculture,2641.0,2.2895264990455855e-05,11,19,4,1152,Support Activities for Animal Production,-1.149307
1141,Fishing,1601.0,1.3879333301673542e-05,11,19,4,1133,Logging,-1.360161
1141,Fishing,1601.0,1.3879333301673542e-05,11,19,4,1151,Support Activities for Crop Production,-2.165304
1141,Fishing,1601.0,1.3879333301673542e-05,11,19,4,1152,Support Activities for Animal Production,-1.149307
1124,Sheep and goat farming,387.0,3.3549668880372646e-06,11,19,4,1133,Logging,-1.360161
1124,Sheep and goat farming,387.0,3.3549668880372646e-06,11,19,4,1151,Support Activities for Crop Production,-2.165304
1124,Sheep and goat farming,387.0,3.3549668880372646e-06,11,19,4,1152,Support Activities for Animal Production,-1.149307
1131,Timber tract operations,300.0,2.600749525610283e-06,11,19,4,1133,Logging,-1.360161
1131,Timber tract operations,300.0,2.600749525610283e-06,11,19,4,1151,Support Activities for Crop Production,-2.165304
1131,Timber tract operations,300.0,2.600749525610283e-06,11,19,4,1152,Support Activities for Animal Production,-1.149307
1142,Hunting and trapping,202.0,1.751171347244257e-06,11,19,4,1133,Logging,-1.360161
1142,Hunting and trapping,202.0,1.751171347244257e-06,11,19,4,1151,Support Activities for Crop Production,-2.165304
1142,Hunting and trapping,202.0,1.751171347244257e-06,11,19,4,1152,Support Activities for Animal Production,-1.149307
1132,Forest nursery and gathering forest products,163.0,1.4130739089149204e-06,11,19,4,1133,Logging,-1.360161
1132,Forest nursery and gathering forest products,163.0,1.4130739089149204e-06,11,19,4,1151,Support Activities for Crop Production,-2.165304
1132,Forest nursery and gathering forest products,163.0,1.4130739089149204e-06,11,19,4,1152,Support Activities for Animal Production,-1.149307
4521,Department stores,,,45,27,18,4511,"Sporting Goods, Hobby, and Musical Instrument Stores",0.2090943
4521,Department stores,,,45,27,18,4512,Book Stores and News Dealers,0.2499871
4521,Department stores,,,45,27,18,4520,General Merchandise Stores,-0.007219
4521,Department stores,,,45,27,18,4530,Miscellaneous Store Retailers (4532 and 4533 only),0.1663383
4521,Department stores,,,45,27,18,4531,Florists,-0.3690017
4521,Department stores,,,45,27,18,4539,Other Miscellaneous Store Retailers,0.00781
4521,Department stores,,,45,27,18,4541,Electronic Shopping and Mail-Order Houses,0.6046838
4521,Department stores,,,45,27,18,4542,Vending Machine Operators,-0.6646855
4521,Department stores,,,45,27,18,4543,Direct Selling Establishments,-0.0433316
4522,NAICS 4522 Department stores,,,45,27,18,4511,"Sporting Goods, Hobby, and Musical Instrument Stores",0.2090943
4522,NAICS 4522 Department stores,,,45,27,18,4512,Book Stores and News Dealers,0.2499871
4522,NAICS 4522 Department stores,,,45,27,18,4520,General Merchandise Stores,-0.007219
4522,NAICS 4522 Department stores,,,45,27,18,4530,Miscellaneous Store Retailers (4532 and 4533 only),0.1663383
4522,NAICS 4522 Department stores,,,45,27,18,4531,Florists,-0.3690017
4522,NAICS 4522 Department stores,,,45,27,18,4539,Other Miscellaneous Store Retailers,0.00781
4522,NAICS 4522 Department stores,,,45,27,18,4541,Electronic Shopping and Mail-Order Houses,0.6046838
4522,NAICS 4522 Department stores,,,45,27,18,4542,Vending Machine Operators,-0.6646855
4522,NAICS 4522 Department stores,,,45,27,18,4543,Direct Selling Establishments,-0.0433316
4523,"NAICS 4523 General merchandise stores, including warehouse clubs and supercenters",,,45,27,18,4511,"Sporting Goods, Hobby, and Musical Instrument Stores",0.2090943
4523,"NAICS 4523 General merchandise stores, including warehouse clubs and supercenters",,,45,27,18,4512,Book Stores and News Dealers,0.2499871
4523,"NAICS 4523 General merchandise stores, including warehouse clubs and supercenters",,,45,27,18,4520,General Merchandise Stores,-0.007219
4523,"NAICS 4523 General merchandise stores, including warehouse clubs and supercenters",,,45,27,18,4530,Miscellaneous Store Retailers (4532 and 4533 only),0.1663383
4523,"NAICS 4523 General merchandise stores, including warehouse clubs and supercenters",,,45,27,18,4531,Florists,-0.3690017
4523,"NAICS 4523 General merchandise stores, including warehouse clubs and supercenters",,,45,27,18,4539,Other Miscellaneous Store Retailers,0.00781
4523,"NAICS 4523 General merchandise stores, including warehouse clubs and supercenters",,,45,27,18,4541,Electronic Shopping and Mail-Order Houses,0.6046838
4523,"NAICS 4523 General merchandise stores, including warehouse clubs and supercenters",,,45,27,18,4542,Vending Machine Operators,-0.6646855
4523,"NAICS 4523 General merchandise stores, including warehouse clubs and supercenters",,,45,27,18,4543,Direct Selling Establishments,-0.0433316
4529,Other general merchandise stores,,,45,27,18,4511,"Sporting Goods, Hobby, and Musical Instrument Stores",0.2090943
4529,Other general merchandise stores,,,45,27,18,4512,Book Stores and News Dealers,0.2499871
4529,Other general merchandise stores,,,45,27,18,4520,General Merchandise Stores,-0.007219
4529,Other general merchandise stores,,,45,27,18,4530,Miscellaneous Store Retailers (4532 and 4533 only),0.1663383
4529,Other general merchandise stores,,,45,27,18,4531,Florists,-0.3690017
4529,Other general merchandise stores,,,45,27,18,4539,Other Miscellaneous Store Retailers,0.00781
4529,Other general merchandise stores,,,45,27,18,4541,Electronic Shopping and Mail-Order Houses,0.6046838
4529,Other general merchandise stores,,,45,27,18,4542,Vending Machine Operators,-0.6646855
4529,Other general merchandise stores,,,45,27,18,4543,Direct Selling Establishments,-0.0433316
4532,"Office supplies, stationery, and gift stores",,,45,27,18,4511,"Sporting Goods, Hobby, and Musical Instrument Stores",0.2090943
4532,"Office supplies, stationery, and gift stores",,,45,27,18,4512,Book Stores and News Dealers,0.2499871
4532,"Office supplies, stationery, and gift stores",,,45,27,18,4520,General Merchandise Stores,-0.007219
4532,"Office supplies, stationery, and gift stores",,,45,27,18,4530,Miscellaneous Store Retailers (4532 and 4533 only),0.1663383
4532,"Office supplies, stationery, and gift stores",,,45,27,18,4531,Florists,-0.3690017
4532,"Office supplies, stationery, and gift stores",,,45,27,18,4539,Other Miscellaneous Store Retailers,0.00781
4532,"Office supplies, stationery, and gift stores",,,45,27,18,4541,Electronic Shopping and Mail-Order Houses,0.6046838
4532,"Office supplies, stationery, and gift stores",,,45,27,18,4542,Vending Machine Operators,-0.6646855
4532,"Office supplies, stationery, and gift stores",,,45,27,18,4543,Direct Selling Establishments,-0.0433316
4533,Used merchandise stores,,,45,27,18,4511,"Sporting Goods, Hobby, and Musical Instrument Stores",0.2090943
4533,Used merchandise stores,,,45,27,18,4512,Book Stores and News Dealers,0.2499871
4533,Used merchandise stores,,,45,27,18,4520,General Merchandise Stores,-0.007219
4533,Used merchandise stores,,,45,27,18,4530,Miscellaneous Store Retailers (4532 and 4533 only),0.1663383
4533,Used merchandise stores,,,45,27,18,4531,Florists,-0.3690017
4533,Used merchandise stores,,,45,27,18,4539,Other Miscellaneous Store Retailers,0.00781
4533,Used merchandise stores,,,45,27,18,4541,Electronic Shopping and Mail-Order Houses,0.6046838
4533,Used merchandise stores,,,45,27,18,4542,Vending Machine Operators,-0.6646855
4533,Used merchandise stores,,,45,27,18,4543,Direct Selling Establishments,-0.0433316
5172,Wireless telecommunications carriers,,,51,19,12,5111,"Newspaper, Periodical, Book, and Directory Publishers",1.337831
5172,Wireless telecommunications carriers,,,51,19,12,5112,Software Publishers,1.966309
5172,Wireless telecommunications carriers,,,51,19,12,5121,Motion Picture and Video Industries,0.4026041
5172,Wireless telecommunications carriers,,,51,19,12,5122,Sound Recording Industries,1.43428
5172,Wireless telecommunications carriers,,,51,19,12,5151,Radio and Television Broadcasting,1.429625
5172,Wireless telecommunications carriers,,,51,19,12,5152,Cable and Other Subscription Programming,1.098212
5172,Wireless telecommunications carriers,,,51,19,12,5170,Telecommunications,0.2466103
5172,Wireless telecommunications carriers,,,51,19,12,5182,"Data Processing, Hosting, and Related Services",1.74286
5172,Wireless telecommunications carriers,,,51,19,12,5191,Other Information Services,1.749664
5173,NAICS 5173 Wired and wireless telecommunications carriers,,,51,19,12,5111,"Newspaper, Periodical, Book, and Directory Publishers",1.337831
5173,NAICS 5173 Wired and wireless telecommunications carriers,,,51,19,12,5112,Software Publishers,1.966309
5173,NAICS 5173 Wired and wireless telecommunications carriers,,,51,19,12,5121,Motion Picture and Video Industries,0.4026041
5173,NAICS 5173 Wired and wireless telecommunications carriers,,,51,19,12,5122,Sound Recording Industries,1.43428
5173,NAICS 5173 Wired and wireless telecommunications carriers,,,51,19,12,5151,Radio and Television Broadcasting,1.429625
5173,NAICS 5173 Wired and wireless telecommunications carriers,,,51,19,12,5152,Cable and Other Subscription Programming,1.098212
5173,NAICS 5173 Wired and wireless telecommunications carriers,,,51,19,12,5170,Telecommunications,0.2466103
5173,NAICS 5173 Wired and wireless telecommunications carriers,,,51,19,12,5182,"Data Processing, Hosting, and Related Services",1.74286
5173,NAICS 5173 Wired and wireless telecommunications carriers,,,51,19,12,5191,Other Information Services,1.749664
5179,Other telecommunications,,,51,19,12,5111,"Newspaper, Periodical, Book, and Directory Publishers",1.337831
5179,Other telecommunications,,,51,19,12,5112,Software Publishers,1.966309
5179,Other telecommunications,,,51,19,12,5121,Motion Picture and Video Industries,0.4026041
5179,Other telecommunications,,,51,19,12,5122,Sound Recording Industries,1.43428
5179,Other telecommunications,,,51,19,12,5151,Radio and Television Broadcasting,1.429625
5179,Other telecommunications,,,51,19,12,5152,Cable and Other Subscription Programming,1.098212
5179,Other telecommunications,,,51,19,12,5170,Telecommunications,0.2466103
5179,Other telecommunications,,,51,19,12,5182,"Data Processing, Hosting, and Related Services",1.74286
5179,Other telecommunications,,,51,19,12,5191,Other Information Services,1.749664
7221,Full-service restaurants,,,72,8,6,7211,Traveler Accommodation,-0.902616
7221,Full-service restaurants,,,72,8,6,7212,RV (Recreational Vehicle) Parks and Recreational Camps,-0.404939
7221,Full-service restaurants,,,72,8,6,7213,Rooming and Boarding Houses,-1.051392
7221,Full-service restaurants,,,72,8,6,7223,Special Food Services,-1.060899
7221,Full-service restaurants,,,72,8,6,7224,Drinking Places (Alcoholic Beverages),-0.99913
7221,Full-service restaurants,,,72,8,6,7225,Restaurants and Other Eating Places,-1.171986
7222,Limited-service eating places,,,72,8,6,7211,Traveler Accommodation,-0.902616
7222,Limited-service eating places,,,72,8,6,7212,RV (Recreational Vehicle) Parks and Recreational Camps,-0.404939
7222,Limited-service eating places,,,72,8,6,7213,Rooming and Boarding Houses,-1.051392
7222,Limited-service eating places,,,72,8,6,7223,Special Food Services,-1.060899
7222,Limited-service eating places,,,72,8,6,7224,Drinking Places (Alcoholic Beverages),-0.99913
7222,Limited-service eating places,,,72,8,6,7225,Restaurants and Other Eating Places,-1.171986
