{"type": "FeatureCollection", "features": [{"type": "Feature", "geometry": {"type": "Polygon", "coordinates": [[[236000.0, 4137000.0], [236000.0, 4137250.0], [235750.0, 4137250.0], [235750.0, 4137000.0], [236000.0, 4137000.0]]]}, "properties": {"method_version": "q4_amenity_hub_grid_v1", "candidate_version": "grid_250m_min_20", "candidate_status": "selected_for_workbench", "recommended_for_review": true, "cbsa_code": "40060", "market_slug": "richmond_va", "amenity_hub_id": "40060_grid_250m_min_20_001", "cell_size_meters": 250, "min_pois_per_cell": 20, "cell_count": 1, "cluster_area_sq_km": 0.0625, "poi_count": 29, "category_count": 8, "sub_category_count": 19, "centroid_longitude": -77.98138496952595, "centroid_latitude": 37.34276358306839, "poi_density_per_sq_km": 464.0}}, {"type": "Feature", "geometry": {"type": "Polygon", "coordinates": [[[242250.0, 4158750.0], [242250.0, 4159000.0], [242000.0, 4159000.0], [242000.0, 4158750.0], [242250.0, 4158750.0]]]}, "properties": {"method_version": "q4_amenity_hub_grid_v1", "candidate_version": "grid_250m_min_20", "candidate_status": "selected_for_workbench", "recommended_for_review": true, "cbsa_code": "40060", "market_slug": "richmond_va", "amenity_hub_id": "40060_grid_250m_min_20_002", "cell_size_meters": 250, "min_pois_per_cell": 20, "cell_count": 1, "cluster_area_sq_km": 0.0625, "poi_count": 29, "category_count": 10, "sub_category_count": 21, "centroid_longitude": -77.9187694322716, "centroid_latitude": 37.541077265707, "poi_density_per_sq_km": 464.0}}, {"type": "Feature", "geometry": {"type": "Polygon", "coordinates": [[[245000.0, 4158500.0], [245000.0, 4158750.0], [244750.0, 4158750.0], [244750.0, 4158500.0], [245000.0, 4158500.0]]]}, "properties": {"method_version": "q4_amenity_hub_grid_v1", "candidate_version": "grid_250m_min_20", "candidate_status": "selected_for_workbench", "recommended_for_review": true, "cbsa_code": "40060", "market_slug": "richmond_va", "amenity_hub_id": "40060_grid_250m_min_20_003", "cell_size_meters": 250, "min_pois_per_cell": 20, "cell_count": 1, "cluster_area_sq_km": 0.0625, "poi_count": 20, "category_count": 6, "sub_category_count": 14, "centroid_longitude": -77.88761557980165, "centroid_latitude": 37.53936312828059, "poi_density_per_sq_km": 320.0}}, {"type": "Feature", "geometry": {"type": "Polygon", "coordinates": [[[245500.0, 4176250.0], [245500.0, 4176500.0], [245250.0, 4176500.0], [245250.0, 4176250.0], [245500.0, 4176250.0]]]}, "properties": {"method_version": "q4_amenity_hub_grid_v1", "candidate_version": "grid_250m_min_20", "candidate_status": "selected_for_workbench", "recommended_for_review": true, "cbsa_code": "40060", "market_slug": "richmond_va", "amenity_hub_id": "40060_grid_250m_min_20_004", "cell_size_meters": 250, "min_pois_per_cell": 20, "cell_count": 1, "cluster_area_sq_km": 0.0625, "poi_count": 31, "category_count": 9, "sub_category_count": 18, "centroid_longitude": -77.88840661209782, "centroid_latitude": 37.69965390510508, "poi_density_per_sq_km": 496.0}}, {"type": "Feature", "geometry": {"type": "Polygon", "coordinates": [[[245750.0, 4174250.0], [245750.0, 4174500.0], [245500.0, 4174500.0], [245500.0, 4174250.0], [245750.0, 4174250.0]]]}, "properties": {"method_version": "q4_amenity_hub_grid_v1", "candidate_version": "grid_250m_min_20", "candidate_status": "selected_for_workbench", "recommended_for_review": true, "cbsa_code": "40060", "market_slug": "richmond_va", "amenity_hub_id": "40060_grid_250m_min_20_005", "cell_size_meters": 250, "min_pois_per_cell": 20, "cell_count": 1, "cluster_area_sq_km": 0.0625, "poi_count": 22, "category_count": 8, "sub_category_count": 14, "centroid_longitude": -77.88510325849079, "centroid_latitude": 37.68149109556102, "poi_density_per_sq_km": 352.0}}, {"type": "Feature", "geometry": {"type": "Polygon", "coordinates": [[[246250.0, 4158000.0], [246250.0, 4158250.0], [246000.0, 4158250.0], [246000.0, 4158000.0], [246250.0, 4158000.0]]]}, "properties": {"method_version": "q4_amenity_hub_grid_v1", "candidate_version": "grid_250m_min_20", "candidate_status": "selected_for_workbench", "recommended_for_review": true, "cbsa_code": "40060", "market_slug": "richmond_va", "amenity_hub_id": "40060_grid_250m_min_20_006", "cell_size_meters": 250, "min_pois_per_cell": 20, "cell_count": 1, "cluster_area_sq_km": 0.0625, "poi_count": 29, "category_count": 6, "sub_category_count": 14, "centroid_longitude": -77.873362853882, "centroid_latitude": 37.53574069981984, "poi_density_per_sq_km": 464.0}}, {"type": "Feature", "geometry": {"type": "Polygon", "coordinates": [[[257750.0, 4154250.0], [257750.0, 4154500.0], [257500.0, 4154500.0], [257500.0, 4154250.0], [257750.0, 4154250.0]]]}, "properties": {"method_version": "q4_amenity_hub_grid_v1", "candidate_version": "grid_250m_min_20", "candidate_status": "selected_for_workbench", "recommended_for_review": true, "cbsa_code": "40060", "market_slug": "richmond_va", "amenity_hub_id": "40060_grid_250m_min_20_007", "cell_size_meters": 250, "min_pois_per_cell": 20, "cell_count": 1, "cluster_area_sq_km": 0.0625, "poi_count": 23, "category_count": 7, "sub_category_count": 14, "centroid_longitude": -77.74198609867486, "centroid_latitude": 37.50467027846406, "poi_density_per_sq_km": 368.0}}, {"type": "Feature", "geometry": {"type": "Polygon", "coordinates": [[[261500.0, 4155250.0], [261500.0, 4155500.0], [261250.0, 4155500.0], [261250.0, 4155250.0], [261500.0, 4155250.0]]]}, "properties": {"method_version": "q4_amenity_hub_grid_v1", "candidate_version": "grid_250m_min_20", "candidate_status": "selected_for_workbench", "recommended_for_review": true, "cbsa_code": "40060", "market_slug": "richmond_va", "amenity_hub_id": "40060_grid_250m_min_20_008", "cell_size_meters": 250, "min_pois_per_cell": 20, "cell_count": 1, "cluster_area_sq_km": 0.0625, "poi_count": 67, "category_count": 9, "sub_category_count": 15, "centroid_longitude": -77.6996968616387, "centroid_latitude": 37.51390564122571, "poi_density_per_sq_km": 1072.0}}, {"type": "Feature", "geometry": {"type": "Polygon", "coordinates": [[[261750.0, 4154750.0], [261500.0, 4154750.0], [261500.0, 4155000.0], [261500.0, 4155250.0], [261750.0, 4155250.0], [261750.0, 4155000.0], [261750.0, 4154750.0]]]}, "properties": {"method_version": "q4_amenity_hub_grid_v1", "candidate_version": "grid_250m_min_20", "candidate_status": "selected_for_workbench", "recommended_for_review": true, "cbsa_code": "40060", "market_slug": "richmond_va", "amenity_hub_id": "40060_grid_250m_min_20_009", "cell_size_meters": 250, "min_pois_per_cell": 20, "cell_count": 2, "cluster_area_sq_km": 0.125, "poi_count": 54, "category_count": 9, "sub_category_count": 21, "centroid_longitude": -77.69705089613379, "centroid_latitude": 37.511124032091224, "poi_density_per_sq_km": 432.0}}, {"type": "Feature", "geometry": {"type": "Polygon", "coordinates": [[[262250.0, 4155250.0], [262250.0, 4155500.0], [262000.0, 4155500.0], [262000.0, 4155250.0], [262250.0, 4155250.0]]]}, "properties": {"method_version": "q4_amenity_hub_grid_v1", "candidate_version": "grid_250m_min_20", "candidate_status": "selected_for_workbench", "recommended_for_review": true, "cbsa_code": "40060", "market_slug": "richmond_va", "amenity_hub_id": "40060_grid_250m_min_20_010", "cell_size_meters": 250, "min_pois_per_cell": 20, "cell_count": 1, "cluster_area_sq_km": 0.0625, "poi_count": 46, "category_count": 5, "sub_category_count": 15, "centroid_longitude": -77.69184581673919, "centroid_latitude": 37.51498641088441, "poi_density_per_sq_km": 736.0}}, {"type": "Feature", "geometry": {"type": "Polygon", "coordinates": [[[263000.0, 4142750.0], [263000.0, 4143000.0], [263250.0, 4143000.0], [263250.0, 4143250.0], [263500.0, 4143250.0], [263500.0, 4143000.0], [263500.0, 4142750.0], [263250.0, 4142750.0], [263000.0, 4142750.0]]]}, "properties": {"method_version": "q4_amenity_hub_grid_v1", "candidate_version": "grid_250m_min_20", "candidate_status": "selected_for_workbench", "recommended_for_review": true, "cbsa_code": "40060", "market_slug": "richmond_va", "amenity_hub_id": "40060_grid_250m_min_20_011", "cell_size_meters": 250, "min_pois_per_cell": 20, "cell_count": 3, "cluster_area_sq_km": 0.1875, "poi_count": 101, "category_count": 12, "sub_category_count": 37, "centroid_longitude": -77.67421385970083, "centroid_latitude": 37.40339640595908, "poi_density_per_sq_km": 538.6666666666666}}, {"type": "Feature", "geometry": {"type": "Polygon", "coordinates": [[[263500.0, 4172500.0], [263500.0, 4172750.0], [263250.0, 4172750.0], [263250.0, 4172500.0], [263500.0, 4172500.0]]]}, "properties": {"method_version": "q4_amenity_hub_grid_v1", "candidate_version": "grid_250m_min_20", "candidate_status": "selected_for_workbench", "recommended_for_review": true, "cbsa_code": "40060", "market_slug": "richmond_va", "amenity_hub_id": "40060_grid_250m_min_20_012", "cell_size_meters": 250, "min_pois_per_cell": 20, "cell_count": 1, "cluster_area_sq_km": 0.0625, "poi_count": 26, "category_count": 10, "sub_category_count": 22, "centroid_longitude": -77.68229307403705, "centroid_latitude": 37.670826177908566, "poi_density_per_sq_km": 416.0}}, {"type": "Feature", "geometry": {"type": "Polygon", "coordinates": [[[263750.0, 4154500.0], [263500.0, 4154500.0], [263500.0, 4154750.0], [263500.0, 4155000.0], [263750.0, 4155000.0], [263750.0, 4154750.0], [263750.0, 4154500.0]]]}, "properties": {"method_version": "q4_amenity_hub_grid_v1", "candidate_version": "grid_250m_min_20", "candidate_status": "selected_for_workbench", "recommended_for_review": true, "cbsa_code": "40060", "market_slug": "richmond_va", "amenity_hub_id": "40060_grid_250m_min_20_013", "cell_size_meters": 250, "min_pois_per_cell": 20, "cell_count": 2, "cluster_area_sq_km": 0.125, "poi_count": 88, "category_count": 9, "sub_category_count": 25, "centroid_longitude": -77.6741225034136, "centroid_latitude": 37.50895620003221, "poi_density_per_sq_km": 704.0}}, {"type": "Feature", "geometry": {"type": "Polygon", "coordinates": [[[264000.0, 4142750.0], [264000.0, 4143000.0], [264000.0, 4143250.0], [264250.0, 4143250.0], [264500.0, 4143250.0], [264750.0, 4143250.0], [264750.0, 4143000.0], [264500.0, 4143000.0], [264250.0, 4143000.0], [264250.0, 4142750.0], [264000.0, 4142750.0]]]}, "properties": {"method_version": "q4_amenity_hub_grid_v1", "candidate_version": "grid_250m_min_20", "candidate_status": "selected_for_workbench", "recommended_for_review": true, "cbsa_code": "40060", "market_slug": "richmond_va", "amenity_hub_id": "40060_grid_250m_min_20_014", "cell_size_meters": 250, "min_pois_per_cell": 20, "cell_count": 4, "cluster_area_sq_km": 0.25, "poi_count": 121, "category_count": 10, "sub_category_count": 41, "centroid_longitude": -77.6628502079153, "centroid_latitude": 37.40476928899945, "poi_density_per_sq_km": 484.0}}, {"type": "Feature", "geometry": {"type": "Polygon", "coordinates": [[[264500.0, 4154000.0], [264250.0, 4154000.0], [264250.0, 4154250.0], [264250.0, 4154500.0], [264250.0, 4154750.0], [264500.0, 4154750.0], [264500.0, 4154500.0], [264500.0, 4154250.0], [264500.0, 4154000.0]]]}, "properties": {"method_version": "q4_amenity_hub_grid_v1", "candidate_version": "grid_250m_min_20", "candidate_status": "selected_for_workbench", "recommended_for_review": true, "cbsa_code": "40060", "market_slug": "richmond_va", "amenity_hub_id": "40060_grid_250m_min_20_015", "cell_size_meters": 250, "min_pois_per_cell": 20, "cell_count": 3, "cluster_area_sq_km": 0.1875, "poi_count": 126, "category_count": 13, "sub_category_count": 40, "centroid_longitude": -77.66601164663201, "centroid_latitude": 37.50672202343572, "poi_density_per_sq_km": 672.0}}, {"type": "Feature", "geometry": {"type": "Polygon", "coordinates": [[[264500.0, 4159500.0], [264500.0, 4159750.0], [264250.0, 4159750.0], [264250.0, 4159500.0], [264500.0, 4159500.0]]]}, "properties": {"method_version": "q4_amenity_hub_grid_v1", "candidate_version": "grid_250m_min_20", "candidate_status": "selected_for_workbench", "recommended_for_review": true, "cbsa_code": "40060", "market_slug": "richmond_va", "amenity_hub_id": "40060_grid_250m_min_20_016", "cell_size_meters": 250, "min_pois_per_cell": 20, "cell_count": 1, "cluster_area_sq_km": 0.0625, "poi_count": 23, "category_count": 7, "sub_category_count": 17, "centroid_longitude": -77.66809115099872, "centroid_latitude": 37.55356628722643, "poi_density_per_sq_km": 368.0}}, {"type": "Feature", "geometry": {"type": "Polygon", "coordinates": [[[264500.0, 4149750.0], [264500.0, 4150000.0], [264750.0, 4150000.0], [265000.0, 4150000.0], [265000.0, 4149750.0], [264750.0, 4149750.0], [264500.0, 4149750.0]]]}, "properties": {"method_version": "q4_amenity_hub_grid_v1", "candidate_version": "grid_250m_min_20", "candidate_status": "selected_for_workbench", "recommended_for_review": true, "cbsa_code": "40060", "market_slug": "richmond_va", "amenity_hub_id": "40060_grid_250m_min_20_017", "cell_size_meters": 250, "min_pois_per_cell": 20, "cell_count": 2, "cluster_area_sq_km": 0.125, "poi_count": 70, "category_count": 1, "sub_category_count": 7, "centroid_longitude": -77.66020219382335, "centroid_latitude": 37.466239631937455, "poi_density_per_sq_km": 560.0}}, {"type": "Feature", "geometry": {"type": "Polygon", "coordinates": [[[264750.0, 4143500.0], [264750.0, 4143750.0], [265000.0, 4143750.0], [265250.0, 4143750.0], [265250.0, 4143500.0], [265000.0, 4143500.0], [264750.0, 4143500.0]]]}, "properties": {"method_version": "q4_amenity_hub_grid_v1", "candidate_version": "grid_250m_min_20", "candidate_status": "selected_for_workbench", "recommended_for_review": true, "cbsa_code": "40060", "market_slug": "richmond_va", "amenity_hub_id": "40060_grid_250m_min_20_018", "cell_size_meters": 250, "min_pois_per_cell": 20, "cell_count": 2, "cluster_area_sq_km": 0.125, "poi_count": 77, "category_count": 11, "sub_category_count": 32, "centroid_longitude": -77.65575226715623, "centroid_latitude": 37.40984418228888, "poi_density_per_sq_km": 616.0}}, {"type": "Feature", "geometry": {"type": "Polygon", "coordinates": [[[265750.0, 4153750.0], [265500.0, 4153750.0], [265250.0, 4153750.0], [265000.0, 4153750.0], [265000.0, 4154000.0], [264750.0, 4154000.0], [264750.0, 4154250.0], [265000.0, 4154250.0], [265250.0, 4154250.0], [265500.0, 4154250.0], [265750.0, 4154250.0], [265750.0, 4154000.0], [265750.0, 4153750.0]]]}, "properties": {"method_version": "q4_amenity_hub_grid_v1", "candidate_version": "grid_250m_min_20", "candidate_status": "selected_for_workbench", "recommended_for_review": true, "cbsa_code": "40060", "market_slug": "richmond_va", "amenity_hub_id": "40060_grid_250m_min_20_019", "cell_size_meters": 250, "min_pois_per_cell": 20, "cell_count": 7, "cluster_area_sq_km": 0.4375, "poi_count": 229, "category_count": 16, "sub_category_count": 48, "centroid_longitude": -77.65456744029804, "centroid_latitude": 37.5038313599497, "poi_density_per_sq_km": 523.4285714285714}}, {"type": "Feature", "geometry": {"type": "Polygon", "coordinates": [[[265250.0, 4149000.0], [265250.0, 4149250.0], [265000.0, 4149250.0], [265000.0, 4149000.0], [265250.0, 4149000.0]]]}, "properties": {"method_version": "q4_amenity_hub_grid_v1", "candidate_version": "grid_250m_min_20", "candidate_status": "selected_for_workbench", "recommended_for_review": true, "cbsa_code": "40060", "market_slug": "richmond_va", "amenity_hub_id": "40060_grid_250m_min_20_020", "cell_size_meters": 250, "min_pois_per_cell": 20, "cell_count": 1, "cluster_area_sq_km": 0.0625, "poi_count": 30, "category_count": 5, "sub_category_count": 15, "centroid_longitude": -77.6557233891468, "centroid_latitude": 37.45886585268181, "poi_density_per_sq_km": 480.0}}, {"type": "Feature", "geometry": {"type": "Polygon", "coordinates": [[[265250.0, 4150000.0], [265250.0, 4150250.0], [265000.0, 4150250.0], [265000.0, 4150000.0], [265250.0, 4150000.0]]]}, "properties": {"method_version": "q4_amenity_hub_grid_v1", "candidate_version": "grid_250m_min_20", "candidate_status": "selected_for_workbench", "recommended_for_review": true, "cbsa_code": "40060", "market_slug": "richmond_va", "amenity_hub_id": "40060_grid_250m_min_20_021", "cell_size_meters": 250, "min_pois_per_cell": 20, "cell_count": 1, "cluster_area_sq_km": 0.0625, "poi_count": 36, "category_count": 5, "sub_category_count": 14, "centroid_longitude": -77.65502088343982, "centroid_latitude": 37.46869197544486, "poi_density_per_sq_km": 576.0}}, {"type": "Feature", "geometry": {"type": "Polygon", "coordinates": [[[265250.0, 4148250.0], [265500.0, 4148250.0], [265500.0, 4148500.0], [265500.0, 4148750.0], [265750.0, 4148750.0], [265750.0, 4148500.0], [265750.0, 4148250.0], [265750.0, 4148000.0], [265500.0, 4148000.0], [265250.0, 4148000.0], [265250.0, 4148250.0]]]}, "properties": {"method_version": "q4_amenity_hub_grid_v1", "candidate_version": "grid_250m_min_20", "candidate_status": "selected_for_workbench", "recommended_for_review": true, "cbsa_code": "40060", "market_slug": "richmond_va", "amenity_hub_id": "40060_grid_250m_min_20_022", "cell_size_meters": 250, "min_pois_per_cell": 20, "cell_count": 4, "cluster_area_sq_km": 0.25, "poi_count": 113, "category_count": 14, "sub_category_count": 32, "centroid_longitude": -77.65013694021481, "centroid_latitude": 37.45136264323003, "poi_density_per_sq_km": 452.0}}, {"type": "Feature", "geometry": {"type": "Polygon", "coordinates": [[[265750.0, 4143750.0], [265500.0, 4143750.0], [265500.0, 4144000.0], [265500.0, 4144250.0], [265750.0, 4144250.0], [266000.0, 4144250.0], [266000.0, 4144000.0], [265750.0, 4144000.0], [265750.0, 4143750.0]]]}, "properties": {"method_version": "q4_amenity_hub_grid_v1", "candidate_version": "grid_250m_min_20", "candidate_status": "selected_for_workbench", "recommended_for_review": true, "cbsa_code": "40060", "market_slug": "richmond_va", "amenity_hub_id": "40060_grid_250m_min_20_023", "cell_size_meters": 250, "min_pois_per_cell": 20, "cell_count": 3, "cluster_area_sq_km": 0.1875, "poi_count": 77, "category_count": 9, "sub_category_count": 21, "centroid_longitude": -77.64763935895361, "centroid_latitude": 37.413536621538626, "poi_density_per_sq_km": 410.6666666666667}}, {"type": "Feature", "geometry": {"type": "Polygon", "coordinates": [[[265750.0, 4147750.0], [265750.0, 4148000.0], [266000.0, 4148000.0], [266250.0, 4148000.0], [266250.0, 4147750.0], [266000.0, 4147750.0], [265750.0, 4147750.0]]]}, "properties": {"method_version": "q4_amenity_hub_grid_v1", "candidate_version": "grid_250m_min_20", "candidate_status": "selected_for_workbench", "recommended_for_review": true, "cbsa_code": "40060", "market_slug": "richmond_va", "amenity_hub_id": "40060_grid_250m_min_20_024", "cell_size_meters": 250, "min_pois_per_cell": 20, "cell_count": 2, "cluster_area_sq_km": 0.125, "poi_count": 62, "category_count": 10, "sub_category_count": 19, "centroid_longitude": -77.64568120120705, "centroid_latitude": 37.44842286827045, "poi_density_per_sq_km": 496.0}}, {"type": "Feature", "geometry": {"type": "Polygon", "coordinates": [[[266000.0, 4171250.0], [266000.0, 4171500.0], [265750.0, 4171500.0], [265750.0, 4171250.0], [266000.0, 4171250.0]]]}, "properties": {"method_version": "q4_amenity_hub_grid_v1", "candidate_version": "grid_250m_min_20", "candidate_status": "selected_for_workbench", "recommended_for_review": true, "cbsa_code": "40060", "market_slug": "richmond_va", "amenity_hub_id": "40060_grid_250m_min_20_025", "cell_size_meters": 250, "min_pois_per_cell": 20, "cell_count": 1, "cluster_area_sq_km": 0.0625, "poi_count": 23, "category_count": 2, "sub_category_count": 5, "centroid_longitude": -77.65371978086957, "centroid_latitude": 37.660264803913044, "poi_density_per_sq_km": 368.0}}, {"type": "Feature", "geometry": {"type": "Polygon", "coordinates": [[[266750.0, 4153500.0], [266500.0, 4153500.0], [266500.0, 4153750.0], [266250.0, 4153750.0], [266000.0, 4153750.0], [266000.0, 4154000.0], [266250.0, 4154000.0], [266250.0, 4154250.0], [266500.0, 4154250.0], [266500.0, 4154000.0], [266750.0, 4154000.0], [267000.0, 4154000.0], [267000.0, 4153750.0], [266750.0, 4153750.0], [266750.0, 4153500.0]]]}, "properties": {"method_version": "q4_amenity_hub_grid_v1", "candidate_version": "grid_250m_min_20", "candidate_status": "selected_for_workbench", "recommended_for_review": true, "cbsa_code": "40060", "market_slug": "richmond_va", "amenity_hub_id": "40060_grid_250m_min_20_026", "cell_size_meters": 250, "min_pois_per_cell": 20, "cell_count": 6, "cluster_area_sq_km": 0.375, "poi_count": 159, "category_count": 13, "sub_category_count": 42, "centroid_longitude": -77.64207789086532, "centroid_latitude": 37.50227747785024, "poi_density_per_sq_km": 424.0}}, {"type": "Feature", "geometry": {"type": "Polygon", "coordinates": [[[266500.0, 4144000.0], [266500.0, 4144250.0], [266250.0, 4144250.0], [266250.0, 4144000.0], [266500.0, 4144000.0]]]}, "properties": {"method_version": "q4_amenity_hub_grid_v1", "candidate_version": "grid_250m_min_20", "candidate_status": "selected_for_workbench", "recommended_for_review": true, "cbsa_code": "40060", "market_slug": "richmond_va", "amenity_hub_id": "40060_grid_250m_min_20_027", "cell_size_meters": 250, "min_pois_per_cell": 20, "cell_count": 1, "cluster_area_sq_km": 0.0625, "poi_count": 26, "category_count": 7, "sub_category_count": 17, "centroid_longitude": -77.63968990114027, "centroid_latitude": 37.41463535449481, "poi_density_per_sq_km": 416.0}}, {"type": "Feature", "geometry": {"type": "Polygon", "coordinates": [[[266500.0, 4144500.0], [266500.0, 4144750.0], [266250.0, 4144750.0], [266250.0, 4144500.0], [266500.0, 4144500.0]]]}, "properties": {"method_version": "q4_amenity_hub_grid_v1", "candidate_version": "grid_250m_min_20", "candidate_status": "selected_for_workbench", "recommended_for_review": true, "cbsa_code": "40060", "market_slug": "richmond_va", "amenity_hub_id": "40060_grid_250m_min_20_028", "cell_size_meters": 250, "min_pois_per_cell": 20, "cell_count": 1, "cluster_area_sq_km": 0.0625, "poi_count": 28, "category_count": 6, "sub_category_count": 12, "centroid_longitude": -77.63962894831748, "centroid_latitude": 37.4194946913316, "poi_density_per_sq_km": 448.0}}, {"type": "Feature", "geometry": {"type": "Polygon", "coordinates": [[[266750.0, 4144750.0], [266500.0, 4144750.0], [266500.0, 4145000.0], [266500.0, 4145250.0], [266750.0, 4145250.0], [266750.0, 4145000.0], [266750.0, 4144750.0]]]}, "properties": {"method_version": "q4_amenity_hub_grid_v1", "candidate_version": "grid_250m_min_20", "candidate_status": "selected_for_workbench", "recommended_for_review": true, "cbsa_code": "40060", "market_slug": "richmond_va", "amenity_hub_id": "40060_grid_250m_min_20_029", "cell_size_meters": 250, "min_pois_per_cell": 20, "cell_count": 2, "cluster_area_sq_km": 0.125, "poi_count": 59, "category_count": 13, "sub_category_count": 29, "centroid_longitude": -77.6372641776515, "centroid_latitude": 37.422467168289096, "poi_density_per_sq_km": 472.0}}, {"type": "Feature", "geometry": {"type": "Polygon", "coordinates": [[[267000.0, 4144500.0], [267000.0, 4144750.0], [266750.0, 4144750.0], [266750.0, 4144500.0], [267000.0, 4144500.0]]]}, "properties": {"method_version": "q4_amenity_hub_grid_v1", "candidate_version": "grid_250m_min_20", "candidate_status": "selected_for_workbench", "recommended_for_review": true, "cbsa_code": "40060", "market_slug": "richmond_va", "amenity_hub_id": "40060_grid_250m_min_20_030", "cell_size_meters": 250, "min_pois_per_cell": 20, "cell_count": 1, "cluster_area_sq_km": 0.0625, "poi_count": 22, "category_count": 5, "sub_category_count": 12, "centroid_longitude": -77.63398678584768, "centroid_latitude": 37.418712345212285, "poi_density_per_sq_km": 352.0}}, {"type": "Feature", "geometry": {"type": "Polygon", "coordinates": [[[267500.0, 4166250.0], [267500.0, 4166500.0], [267250.0, 4166500.0], [267250.0, 4166250.0], [267500.0, 4166250.0]]]}, "properties": {"method_version": "q4_amenity_hub_grid_v1", "candidate_version": "grid_250m_min_20", "candidate_status": "selected_for_workbench", "recommended_for_review": true, "cbsa_code": "40060", "market_slug": "richmond_va", "amenity_hub_id": "40060_grid_250m_min_20_031", "cell_size_meters": 250, "min_pois_per_cell": 20, "cell_count": 1, "cluster_area_sq_km": 0.0625, "poi_count": 23, "category_count": 6, "sub_category_count": 13, "centroid_longitude": -77.63630153469563, "centroid_latitude": 37.6145641179247, "poi_density_per_sq_km": 368.0}}, {"type": "Feature", "geometry": {"type": "Polygon", "coordinates": [[[267500.0, 4171000.0], [267500.0, 4171250.0], [267250.0, 4171250.0], [267250.0, 4171000.0], [267500.0, 4171000.0]]]}, "properties": {"method_version": "q4_amenity_hub_grid_v1", "candidate_version": "grid_250m_min_20", "candidate_status": "selected_for_workbench", "recommended_for_review": true, "cbsa_code": "40060", "market_slug": "richmond_va", "amenity_hub_id": "40060_grid_250m_min_20_032", "cell_size_meters": 250, "min_pois_per_cell": 20, "cell_count": 1, "cluster_area_sq_km": 0.0625, "poi_count": 24, "category_count": 4, "sub_category_count": 11, "centroid_longitude": -77.63671802615823, "centroid_latitude": 37.65839836787769, "poi_density_per_sq_km": 384.0}}, {"type": "Feature", "geometry": {"type": "Polygon", "coordinates": [[[267750.0, 4154250.0], [267750.0, 4154500.0], [267500.0, 4154500.0], [267500.0, 4154250.0], [267750.0, 4154250.0]]]}, "properties": {"method_version": "q4_amenity_hub_grid_v1", "candidate_version": "grid_250m_min_20", "candidate_status": "selected_for_workbench", "recommended_for_review": true, "cbsa_code": "40060", "market_slug": "richmond_va", "amenity_hub_id": "40060_grid_250m_min_20_033", "cell_size_meters": 250, "min_pois_per_cell": 20, "cell_count": 1, "cluster_area_sq_km": 0.0625, "poi_count": 30, "category_count": 5, "sub_category_count": 9, "centroid_longitude": -77.6280647903126, "centroid_latitude": 37.50646674627148, "poi_density_per_sq_km": 480.0}}, {"type": "Feature", "geometry": {"type": "Polygon", "coordinates": [[[267750.0, 4168750.0], [267750.0, 4169000.0], [267500.0, 4169000.0], [267500.0, 4168750.0], [267750.0, 4168750.0]]]}, "properties": {"method_version": "q4_amenity_hub_grid_v1", "candidate_version": "grid_250m_min_20", "candidate_status": "selected_for_workbench", "recommended_for_review": true, "cbsa_code": "40060", "market_slug": "richmond_va", "amenity_hub_id": "40060_grid_250m_min_20_034", "cell_size_meters": 250, "min_pois_per_cell": 20, "cell_count": 1, "cluster_area_sq_km": 0.0625, "poi_count": 28, "category_count": 8, "sub_category_count": 18, "centroid_longitude": -77.63267113203192, "centroid_latitude": 37.63734112427344, "poi_density_per_sq_km": 448.0}}, {"type": "Feature", "geometry": {"type": "Polygon", "coordinates": [[[268000.0, 4145750.0], [268000.0, 4146000.0], [267750.0, 4146000.0], [267750.0, 4145750.0], [268000.0, 4145750.0]]]}, "properties": {"method_version": "q4_amenity_hub_grid_v1", "candidate_version": "grid_250m_min_20", "candidate_status": "selected_for_workbench", "recommended_for_review": true, "cbsa_code": "40060", "market_slug": "richmond_va", "amenity_hub_id": "40060_grid_250m_min_20_035", "cell_size_meters": 250, "min_pois_per_cell": 20, "cell_count": 1, "cluster_area_sq_km": 0.0625, "poi_count": 40, "category_count": 8, "sub_category_count": 20, "centroid_longitude": -77.62275682996754, "centroid_latitude": 37.43090746951535, "poi_density_per_sq_km": 640.0}}, {"type": "Feature", "geometry": {"type": "Polygon", "coordinates": [[[268250.0, 4169500.0], [268250.0, 4169750.0], [268000.0, 4169750.0], [268000.0, 4169500.0], [268250.0, 4169500.0]]]}, "properties": {"method_version": "q4_amenity_hub_grid_v1", "candidate_version": "grid_250m_min_20", "candidate_status": "selected_for_workbench", "recommended_for_review": true, "cbsa_code": "40060", "market_slug": "richmond_va", "amenity_hub_id": "40060_grid_250m_min_20_036", "cell_size_meters": 250, "min_pois_per_cell": 20, "cell_count": 1, "cluster_area_sq_km": 0.0625, "poi_count": 37, "category_count": 8, "sub_category_count": 21, "centroid_longitude": -77.62883478409589, "centroid_latitude": 37.64425326912727, "poi_density_per_sq_km": 592.0}}, {"type": "Feature", "geometry": {"type": "Polygon", "coordinates": [[[268000.0, 4171000.0], [268000.0, 4171250.0], [268250.0, 4171250.0], [268500.0, 4171250.0], [268500.0, 4171000.0], [268250.0, 4171000.0], [268000.0, 4171000.0]]]}, "properties": {"method_version": "q4_amenity_hub_grid_v1", "candidate_version": "grid_250m_min_20", "candidate_status": "selected_for_workbench", "recommended_for_review": true, "cbsa_code": "40060", "market_slug": "richmond_va", "amenity_hub_id": "40060_grid_250m_min_20_037", "cell_size_meters": 250, "min_pois_per_cell": 20, "cell_count": 2, "cluster_area_sq_km": 0.125, "poi_count": 65, "category_count": 9, "sub_category_count": 19, "centroid_longitude": -77.62714157596784, "centroid_latitude": 37.657760768135994, "poi_density_per_sq_km": 520.0}}, {"type": "Feature", "geometry": {"type": "Polygon", "coordinates": [[[268250.0, 4164500.0], [268250.0, 4164750.0], [268500.0, 4164750.0], [268750.0, 4164750.0], [268750.0, 4164500.0], [268500.0, 4164500.0], [268250.0, 4164500.0]]]}, "properties": {"method_version": "q4_amenity_hub_grid_v1", "candidate_version": "grid_250m_min_20", "candidate_status": "selected_for_workbench", "recommended_for_review": true, "cbsa_code": "40060", "market_slug": "richmond_va", "amenity_hub_id": "40060_grid_250m_min_20_038", "cell_size_meters": 250, "min_pois_per_cell": 20, "cell_count": 2, "cluster_area_sq_km": 0.125, "poi_count": 48, "category_count": 12, "sub_category_count": 26, "centroid_longitude": -77.62193743124043, "centroid_latitude": 37.59896351908082, "poi_density_per_sq_km": 384.0}}, {"type": "Feature", "geometry": {"type": "Polygon", "coordinates": [[[268500.0, 4166750.0], [268250.0, 4166750.0], [268250.0, 4167000.0], [268250.0, 4167250.0], [268500.0, 4167250.0], [268500.0, 4167000.0], [268500.0, 4166750.0]]]}, "properties": {"method_version": "q4_amenity_hub_grid_v1", "candidate_version": "grid_250m_min_20", "candidate_status": "selected_for_workbench", "recommended_for_review": true, "cbsa_code": "40060", "market_slug": "richmond_va", "amenity_hub_id": "40060_grid_250m_min_20_039", "cell_size_meters": 250, "min_pois_per_cell": 20, "cell_count": 2, "cluster_area_sq_km": 0.125, "poi_count": 62, "category_count": 10, "sub_category_count": 25, "centroid_longitude": -77.62470421309398, "centroid_latitude": 37.62106232914528, "poi_density_per_sq_km": 496.0}}, {"type": "Feature", "geometry": {"type": "Polygon", "coordinates": [[[268750.0, 4154250.0], [268500.0, 4154250.0], [268500.0, 4154500.0], [268500.0, 4154750.0], [268750.0, 4154750.0], [269000.0, 4154750.0], [269000.0, 4154500.0], [268750.0, 4154500.0], [268750.0, 4154250.0]]]}, "properties": {"method_version": "q4_amenity_hub_grid_v1", "candidate_version": "grid_250m_min_20", "candidate_status": "selected_for_workbench", "recommended_for_review": true, "cbsa_code": "40060", "market_slug": "richmond_va", "amenity_hub_id": "40060_grid_250m_min_20_040", "cell_size_meters": 250, "min_pois_per_cell": 20, "cell_count": 3, "cluster_area_sq_km": 0.1875, "poi_count": 85, "category_count": 11, "sub_category_count": 28, "centroid_longitude": -77.6163028400062, "centroid_latitude": 37.5088856707957, "poi_density_per_sq_km": 453.3333333333333}}, {"type": "Feature", "geometry": {"type": "Polygon", "coordinates": [[[268750.0, 4170500.0], [268750.0, 4170750.0], [268500.0, 4170750.0], [268500.0, 4170500.0], [268750.0, 4170500.0]]]}, "properties": {"method_version": "q4_amenity_hub_grid_v1", "candidate_version": "grid_250m_min_20", "candidate_status": "selected_for_workbench", "recommended_for_review": true, "cbsa_code": "40060", "market_slug": "richmond_va", "amenity_hub_id": "40060_grid_250m_min_20_041", "cell_size_meters": 250, "min_pois_per_cell": 20, "cell_count": 1, "cluster_area_sq_km": 0.0625, "poi_count": 21, "category_count": 5, "sub_category_count": 13, "centroid_longitude": -77.62285296923736, "centroid_latitude": 37.653451544517, "poi_density_per_sq_km": 336.0}}, {"type": "Feature", "geometry": {"type": "Polygon", "coordinates": [[[269250.0, 4153500.0], [269250.0, 4153750.0], [269000.0, 4153750.0], [268750.0, 4153750.0], [268750.0, 4154000.0], [269000.0, 4154000.0], [269000.0, 4154250.0], [269250.0, 4154250.0], [269250.0, 4154000.0], [269500.0, 4154000.0], [269500.0, 4154250.0], [269750.0, 4154250.0], [269750.0, 4154500.0], [270000.0, 4154500.0], [270000.0, 4154250.0], [270250.0, 4154250.0], [270250.0, 4154500.0], [270500.0, 4154500.0], [270500.0, 4154750.0], [270750.0, 4154750.0], [270750.0, 4154500.0], [270750.0, 4154250.0], [270500.0, 4154250.0], [270500.0, 4154000.0], [270250.0, 4154000.0], [270250.0, 4153750.0], [270250.0, 4153500.0], [270000.0, 4153500.0], [269750.0, 4153500.0], [269750.0, 4153250.0], [269500.0, 4153250.0], [269500.0, 4153500.0], [269250.0, 4153500.0]], [[269500.0, 4153750.0], [269750.0, 4153750.0], [270000.0, 4153750.0], [270000.0, 4154000.0], [269750.0, 4154000.0], [269500.0, 4154000.0], [269500.0, 4153750.0]]]}, "properties": {"method_version": "q4_amenity_hub_grid_v1", "candidate_version": "grid_250m_min_20", "candidate_status": "selected_for_workbench", "recommended_for_review": true, "cbsa_code": "40060", "market_slug": "richmond_va", "amenity_hub_id": "40060_grid_250m_min_20_042", "cell_size_meters": 250, "min_pois_per_cell": 20, "cell_count": 18, "cluster_area_sq_km": 1.125, "poi_count": 619, "category_count": 17, "sub_category_count": 63, "centroid_longitude": -77.60405214105269, "centroid_latitude": 37.50426349075512, "poi_density_per_sq_km": 550.2222222222222}}, {"type": "Feature", "geometry": {"type": "Polygon", "coordinates": [[[268750.0, 4155000.0], [268750.0, 4155250.0], [268750.0, 4155500.0], [268750.0, 4155750.0], [269000.0, 4155750.0], [269000.0, 4156000.0], [269250.0, 4156000.0], [269500.0, 4156000.0], [269500.0, 4155750.0], [269250.0, 4155750.0], [269250.0, 4155500.0], [269250.0, 4155250.0], [269000.0, 4155250.0], [269000.0, 4155000.0], [268750.0, 4155000.0]]]}, "properties": {"method_version": "q4_amenity_hub_grid_v1", "candidate_version": "grid_250m_min_20", "candidate_status": "selected_for_workbench", "recommended_for_review": true, "cbsa_code": "40060", "market_slug": "richmond_va", "amenity_hub_id": "40060_grid_250m_min_20_043", "cell_size_meters": 250, "min_pois_per_cell": 20, "cell_count": 7, "cluster_area_sq_km": 0.4375, "poi_count": 301, "category_count": 16, "sub_category_count": 55, "centroid_longitude": -77.61395986356312, "centroid_latitude": 37.517833231900426, "poi_density_per_sq_km": 688.0}}, {"type": "Feature", "geometry": {"type": "Polygon", "coordinates": [[[269000.0, 4170500.0], [269250.0, 4170500.0], [269250.0, 4170750.0], [269000.0, 4170750.0], [268750.0, 4170750.0], [268750.0, 4171000.0], [269000.0, 4171000.0], [269250.0, 4171000.0], [269500.0, 4171000.0], [269750.0, 4171000.0], [269750.0, 4170750.0], [270000.0, 4170750.0], [270000.0, 4170500.0], [270000.0, 4170250.0], [269750.0, 4170250.0], [269750.0, 4170500.0], [269500.0, 4170500.0], [269500.0, 4170250.0], [269250.0, 4170250.0], [269000.0, 4170250.0], [268750.0, 4170250.0], [268750.0, 4170500.0], [269000.0, 4170500.0]]]}, "properties": {"method_version": "q4_amenity_hub_grid_v1", "candidate_version": "grid_250m_min_20", "candidate_status": "selected_for_workbench", "recommended_for_review": true, "cbsa_code": "40060", "market_slug": "richmond_va", "amenity_hub_id": "40060_grid_250m_min_20_044", "cell_size_meters": 250, "min_pois_per_cell": 20, "cell_count": 11, "cluster_area_sq_km": 0.6875, "poi_count": 430, "category_count": 15, "sub_category_count": 57, "centroid_longitude": -77.61604485034663, "centroid_latitude": 37.65422197872252, "poi_density_per_sq_km": 625.4545454545455}}, {"type": "Feature", "geometry": {"type": "Polygon", "coordinates": [[[269250.0, 4169750.0], [269250.0, 4170000.0], [269000.0, 4170000.0], [269000.0, 4169750.0], [269250.0, 4169750.0]]]}, "properties": {"method_version": "q4_amenity_hub_grid_v1", "candidate_version": "grid_250m_min_20", "candidate_status": "selected_for_workbench", "recommended_for_review": true, "cbsa_code": "40060", "market_slug": "richmond_va", "amenity_hub_id": "40060_grid_250m_min_20_045", "cell_size_meters": 250, "min_pois_per_cell": 20, "cell_count": 1, "cluster_area_sq_km": 0.0625, "poi_count": 54, "category_count": 11, "sub_category_count": 28, "centroid_longitude": -77.61643146943334, "centroid_latitude": 37.64745467396674, "poi_density_per_sq_km": 864.0}}, {"type": "Feature", "geometry": {"type": "Polygon", "coordinates": [[[269500.0, 4154250.0], [269250.0, 4154250.0], [269250.0, 4154500.0], [269250.0, 4154750.0], [269500.0, 4154750.0], [269750.0, 4154750.0], [269750.0, 4154500.0], [269500.0, 4154500.0], [269500.0, 4154250.0]]]}, "properties": {"method_version": "q4_amenity_hub_grid_v1", "candidate_version": "grid_250m_min_20", "candidate_status": "selected_for_workbench", "recommended_for_review": true, "cbsa_code": "40060", "market_slug": "richmond_va", "amenity_hub_id": "40060_grid_250m_min_20_046", "cell_size_meters": 250, "min_pois_per_cell": 20, "cell_count": 3, "cluster_area_sq_km": 0.1875, "poi_count": 186, "category_count": 11, "sub_category_count": 32, "centroid_longitude": -77.60843285505305, "centroid_latitude": 37.50805745859703, "poi_density_per_sq_km": 992.0}}, {"type": "Feature", "geometry": {"type": "Polygon", "coordinates": [[[269500.0, 4156250.0], [269500.0, 4156500.0], [269250.0, 4156500.0], [269250.0, 4156250.0], [269500.0, 4156250.0]]]}, "properties": {"method_version": "q4_amenity_hub_grid_v1", "candidate_version": "grid_250m_min_20", "candidate_status": "selected_for_workbench", "recommended_for_review": true, "cbsa_code": "40060", "market_slug": "richmond_va", "amenity_hub_id": "40060_grid_250m_min_20_047", "cell_size_meters": 250, "min_pois_per_cell": 20, "cell_count": 1, "cluster_area_sq_km": 0.0625, "poi_count": 50, "category_count": 9, "sub_category_count": 27, "centroid_longitude": -77.60967154829679, "centroid_latitude": 37.52569892643369, "poi_density_per_sq_km": 800.0}}, {"type": "Feature", "geometry": {"type": "Polygon", "coordinates": [[[269500.0, 4166750.0], [269500.0, 4167000.0], [269250.0, 4167000.0], [269250.0, 4166750.0], [269500.0, 4166750.0]]]}, "properties": {"method_version": "q4_amenity_hub_grid_v1", "candidate_version": "grid_250m_min_20", "candidate_status": "selected_for_workbench", "recommended_for_review": true, "cbsa_code": "40060", "market_slug": "richmond_va", "amenity_hub_id": "40060_grid_250m_min_20_048", "cell_size_meters": 250, "min_pois_per_cell": 20, "cell_count": 1, "cluster_area_sq_km": 0.0625, "poi_count": 27, "category_count": 6, "sub_category_count": 14, "centroid_longitude": -77.61301311642711, "centroid_latitude": 37.6206863581188, "poi_density_per_sq_km": 432.0}}, {"type": "Feature", "geometry": {"type": "Polygon", "coordinates": [[[269750.0, 4164250.0], [269750.0, 4164500.0], [269500.0, 4164500.0], [269500.0, 4164250.0], [269750.0, 4164250.0]]]}, "properties": {"method_version": "q4_amenity_hub_grid_v1", "candidate_version": "grid_250m_min_20", "candidate_status": "selected_for_workbench", "recommended_for_review": true, "cbsa_code": "40060", "market_slug": "richmond_va", "amenity_hub_id": "40060_grid_250m_min_20_049", "cell_size_meters": 250, "min_pois_per_cell": 20, "cell_count": 1, "cluster_area_sq_km": 0.0625, "poi_count": 20, "category_count": 8, "sub_category_count": 12, "centroid_longitude": -77.60867165152004, "centroid_latitude": 37.596907083602375, "poi_density_per_sq_km": 320.0}}, {"type": "Feature", "geometry": {"type": "Polygon", "coordinates": [[[269750.0, 4146500.0], [269750.0, 4146750.0], [270000.0, 4146750.0], [270250.0, 4146750.0], [270500.0, 4146750.0], [270500.0, 4146500.0], [270250.0, 4146500.0], [270000.0, 4146500.0], [269750.0, 4146500.0]]]}, "properties": {"method_version": "q4_amenity_hub_grid_v1", "candidate_version": "grid_250m_min_20", "candidate_status": "selected_for_workbench", "recommended_for_review": true, "cbsa_code": "40060", "market_slug": "richmond_va", "amenity_hub_id": "40060_grid_250m_min_20_050", "cell_size_meters": 250, "min_pois_per_cell": 20, "cell_count": 3, "cluster_area_sq_km": 0.1875, "poi_count": 119, "category_count": 12, "sub_category_count": 36, "centroid_longitude": -77.59855909302922, "centroid_latitude": 37.4379337665115, "poi_density_per_sq_km": 634.6666666666666}}, {"type": "Feature", "geometry": {"type": "Polygon", "coordinates": [[[270000.0, 4167000.0], [270000.0, 4167250.0], [269750.0, 4167250.0], [269750.0, 4167000.0], [270000.0, 4167000.0]]]}, "properties": {"method_version": "q4_amenity_hub_grid_v1", "candidate_version": "grid_250m_min_20", "candidate_status": "selected_for_workbench", "recommended_for_review": true, "cbsa_code": "40060", "market_slug": "richmond_va", "amenity_hub_id": "40060_grid_250m_min_20_051", "cell_size_meters": 250, "min_pois_per_cell": 20, "cell_count": 1, "cluster_area_sq_km": 0.0625, "poi_count": 24, "category_count": 3, "sub_category_count": 10, "centroid_longitude": -77.60699550111279, "centroid_latitude": 37.622631983298895, "poi_density_per_sq_km": 384.0}}, {"type": "Feature", "geometry": {"type": "Polygon", "coordinates": [[[270250.0, 4164000.0], [270250.0, 4164250.0], [270000.0, 4164250.0], [270000.0, 4164000.0], [270250.0, 4164000.0]]]}, "properties": {"method_version": "q4_amenity_hub_grid_v1", "candidate_version": "grid_250m_min_20", "candidate_status": "selected_for_workbench", "recommended_for_review": true, "cbsa_code": "40060", "market_slug": "richmond_va", "amenity_hub_id": "40060_grid_250m_min_20_052", "cell_size_meters": 250, "min_pois_per_cell": 20, "cell_count": 1, "cluster_area_sq_km": 0.0625, "poi_count": 29, "category_count": 9, "sub_category_count": 19, "centroid_longitude": -77.60321874473033, "centroid_latitude": 37.59628545347771, "poi_density_per_sq_km": 464.0}}, {"type": "Feature", "geometry": {"type": "Polygon", "coordinates": [[[270250.0, 4170000.0], [270000.0, 4170000.0], [270000.0, 4170250.0], [270250.0, 4170250.0], [270500.0, 4170250.0], [270500.0, 4170000.0], [270750.0, 4170000.0], [270750.0, 4169750.0], [270500.0, 4169750.0], [270250.0, 4169750.0], [270250.0, 4170000.0]]]}, "properties": {"method_version": "q4_amenity_hub_grid_v1", "candidate_version": "grid_250m_min_20", "candidate_status": "selected_for_workbench", "recommended_for_review": true, "cbsa_code": "40060", "market_slug": "richmond_va", "amenity_hub_id": "40060_grid_250m_min_20_053", "cell_size_meters": 250, "min_pois_per_cell": 20, "cell_count": 4, "cluster_area_sq_km": 0.25, "poi_count": 187, "category_count": 14, "sub_category_count": 42, "centroid_longitude": -77.6032446739818, "centroid_latitude": 37.648344534292946, "poi_density_per_sq_km": 748.0}}, {"type": "Feature", "geometry": {"type": "Polygon", "coordinates": [[[270500.0, 4153250.0], [270500.0, 4153500.0], [270250.0, 4153500.0], [270250.0, 4153250.0], [270500.0, 4153250.0]]]}, "properties": {"method_version": "q4_amenity_hub_grid_v1", "candidate_version": "grid_250m_min_20", "candidate_status": "selected_for_workbench", "recommended_for_review": true, "cbsa_code": "40060", "market_slug": "richmond_va", "amenity_hub_id": "40060_grid_250m_min_20_054", "cell_size_meters": 250, "min_pois_per_cell": 20, "cell_count": 1, "cluster_area_sq_km": 0.0625, "poi_count": 51, "category_count": 9, "sub_category_count": 23, "centroid_longitude": -77.59747977492755, "centroid_latitude": 37.49912243833638, "poi_density_per_sq_km": 816.0}}, {"type": "Feature", "geometry": {"type": "Polygon", "coordinates": [[[270750.0, 4146750.0], [270750.0, 4147000.0], [270500.0, 4147000.0], [270500.0, 4146750.0], [270750.0, 4146750.0]]]}, "properties": {"method_version": "q4_amenity_hub_grid_v1", "candidate_version": "grid_250m_min_20", "candidate_status": "selected_for_workbench", "recommended_for_review": true, "cbsa_code": "40060", "market_slug": "richmond_va", "amenity_hub_id": "40060_grid_250m_min_20_055", "cell_size_meters": 250, "min_pois_per_cell": 20, "cell_count": 1, "cluster_area_sq_km": 0.0625, "poi_count": 24, "category_count": 7, "sub_category_count": 15, "centroid_longitude": -77.59272708170522, "centroid_latitude": 37.43984675947008, "poi_density_per_sq_km": 384.0}}, {"type": "Feature", "geometry": {"type": "Polygon", "coordinates": [[[271000.0, 4166000.0], [271000.0, 4166250.0], [270750.0, 4166250.0], [270750.0, 4166000.0], [271000.0, 4166000.0]]]}, "properties": {"method_version": "q4_amenity_hub_grid_v1", "candidate_version": "grid_250m_min_20", "candidate_status": "selected_for_workbench", "recommended_for_review": true, "cbsa_code": "40060", "market_slug": "richmond_va", "amenity_hub_id": "40060_grid_250m_min_20_056", "cell_size_meters": 250, "min_pois_per_cell": 20, "cell_count": 1, "cluster_area_sq_km": 0.0625, "poi_count": 25, "category_count": 6, "sub_category_count": 14, "centroid_longitude": -77.59639433225631, "centroid_latitude": 37.61409493418074, "poi_density_per_sq_km": 400.0}}, {"type": "Feature", "geometry": {"type": "Polygon", "coordinates": [[[271750.0, 4154000.0], [271500.0, 4154000.0], [271500.0, 4154250.0], [271250.0, 4154250.0], [271000.0, 4154250.0], [271000.0, 4154500.0], [271250.0, 4154500.0], [271500.0, 4154500.0], [271750.0, 4154500.0], [272000.0, 4154500.0], [272000.0, 4154250.0], [272250.0, 4154250.0], [272250.0, 4154000.0], [272000.0, 4154000.0], [272000.0, 4153750.0], [271750.0, 4153750.0], [271750.0, 4154000.0]]]}, "properties": {"method_version": "q4_amenity_hub_grid_v1", "candidate_version": "grid_250m_min_20", "candidate_status": "selected_for_workbench", "recommended_for_review": true, "cbsa_code": "40060", "market_slug": "richmond_va", "amenity_hub_id": "40060_grid_250m_min_20_057", "cell_size_meters": 250, "min_pois_per_cell": 20, "cell_count": 8, "cluster_area_sq_km": 0.5, "poi_count": 181, "category_count": 16, "sub_category_count": 48, "centroid_longitude": -77.58287058071213, "centroid_latitude": 37.50658731176669, "poi_density_per_sq_km": 362.0}}, {"type": "Feature", "geometry": {"type": "Polygon", "coordinates": [[[271250.0, 4164000.0], [271000.0, 4164000.0], [271000.0, 4164250.0], [271000.0, 4164500.0], [271250.0, 4164500.0], [271250.0, 4164250.0], [271250.0, 4164000.0]]]}, "properties": {"method_version": "q4_amenity_hub_grid_v1", "candidate_version": "grid_250m_min_20", "candidate_status": "selected_for_workbench", "recommended_for_review": true, "cbsa_code": "40060", "market_slug": "richmond_va", "amenity_hub_id": "40060_grid_250m_min_20_058", "cell_size_meters": 250, "min_pois_per_cell": 20, "cell_count": 2, "cluster_area_sq_km": 0.125, "poi_count": 74, "category_count": 9, "sub_category_count": 32, "centroid_longitude": -77.59241848027786, "centroid_latitude": 37.59733483678741, "poi_density_per_sq_km": 592.0}}, {"type": "Feature", "geometry": {"type": "Polygon", "coordinates": [[[271250.0, 4164750.0], [271000.0, 4164750.0], [271000.0, 4165000.0], [271000.0, 4165250.0], [271000.0, 4165500.0], [271250.0, 4165500.0], [271250.0, 4165250.0], [271250.0, 4165000.0], [271250.0, 4164750.0]]]}, "properties": {"method_version": "q4_amenity_hub_grid_v1", "candidate_version": "grid_250m_min_20", "candidate_status": "selected_for_workbench", "recommended_for_review": true, "cbsa_code": "40060", "market_slug": "richmond_va", "amenity_hub_id": "40060_grid_250m_min_20_059", "cell_size_meters": 250, "min_pois_per_cell": 20, "cell_count": 3, "cluster_area_sq_km": 0.1875, "poi_count": 134, "category_count": 13, "sub_category_count": 41, "centroid_longitude": -77.59239862674818, "centroid_latitude": 37.60489171397196, "poi_density_per_sq_km": 714.6666666666666}}, {"type": "Feature", "geometry": {"type": "Polygon", "coordinates": [[[271250.0, 4174250.0], [271250.0, 4174500.0], [271000.0, 4174500.0], [271000.0, 4174250.0], [271250.0, 4174250.0]]]}, "properties": {"method_version": "q4_amenity_hub_grid_v1", "candidate_version": "grid_250m_min_20", "candidate_status": "selected_for_workbench", "recommended_for_review": true, "cbsa_code": "40060", "market_slug": "richmond_va", "amenity_hub_id": "40060_grid_250m_min_20_060", "cell_size_meters": 250, "min_pois_per_cell": 20, "cell_count": 1, "cluster_area_sq_km": 0.0625, "poi_count": 58, "category_count": 7, "sub_category_count": 19, "centroid_longitude": -77.59561204353176, "centroid_latitude": 37.68809460819578, "poi_density_per_sq_km": 928.0}}, {"type": "Feature", "geometry": {"type": "Polygon", "coordinates": [[[271500.0, 4147000.0], [271250.0, 4147000.0], [271250.0, 4147250.0], [271250.0, 4147500.0], [271500.0, 4147500.0], [271750.0, 4147500.0], [271750.0, 4147250.0], [271500.0, 4147250.0], [271500.0, 4147000.0]]]}, "properties": {"method_version": "q4_amenity_hub_grid_v1", "candidate_version": "grid_250m_min_20", "candidate_status": "selected_for_workbench", "recommended_for_review": true, "cbsa_code": "40060", "market_slug": "richmond_va", "amenity_hub_id": "40060_grid_250m_min_20_061", "cell_size_meters": 250, "min_pois_per_cell": 20, "cell_count": 3, "cluster_area_sq_km": 0.1875, "poi_count": 70, "category_count": 12, "sub_category_count": 31, "centroid_longitude": -77.58289379318029, "centroid_latitude": 37.44421330191356, "poi_density_per_sq_km": 373.3333333333333}}, {"type": "Feature", "geometry": {"type": "Polygon", "coordinates": [[[271500.0, 4168750.0], [271500.0, 4169000.0], [271750.0, 4169000.0], [272000.0, 4169000.0], [272000.0, 4168750.0], [271750.0, 4168750.0], [271500.0, 4168750.0]]]}, "properties": {"method_version": "q4_amenity_hub_grid_v1", "candidate_version": "grid_250m_min_20", "candidate_status": "selected_for_workbench", "recommended_for_review": true, "cbsa_code": "40060", "market_slug": "richmond_va", "amenity_hub_id": "40060_grid_250m_min_20_062", "cell_size_meters": 250, "min_pois_per_cell": 20, "cell_count": 2, "cluster_area_sq_km": 0.125, "poi_count": 52, "category_count": 10, "sub_category_count": 23, "centroid_longitude": -77.58724435300763, "centroid_latitude": 37.63894031523183, "poi_density_per_sq_km": 416.0}}, {"type": "Feature", "geometry": {"type": "Polygon", "coordinates": [[[271500.0, 4173250.0], [271750.0, 4173250.0], [271750.0, 4173500.0], [271500.0, 4173500.0], [271500.0, 4173750.0], [271500.0, 4174000.0], [271750.0, 4174000.0], [272000.0, 4174000.0], [272000.0, 4173750.0], [272000.0, 4173500.0], [272000.0, 4173250.0], [272000.0, 4173000.0], [271750.0, 4173000.0], [271500.0, 4173000.0], [271500.0, 4173250.0]]]}, "properties": {"method_version": "q4_amenity_hub_grid_v1", "candidate_version": "grid_250m_min_20", "candidate_status": "selected_for_workbench", "recommended_for_review": true, "cbsa_code": "40060", "market_slug": "richmond_va", "amenity_hub_id": "40060_grid_250m_min_20_063", "cell_size_meters": 250, "min_pois_per_cell": 20, "cell_count": 7, "cluster_area_sq_km": 0.4375, "poi_count": 284, "category_count": 13, "sub_category_count": 46, "centroid_longitude": -77.58828824435899, "centroid_latitude": 37.680343113972334, "poi_density_per_sq_km": 649.1428571428571}}, {"type": "Feature", "geometry": {"type": "Polygon", "coordinates": [[[271750.0, 4174250.0], [271750.0, 4174500.0], [271500.0, 4174500.0], [271500.0, 4174250.0], [271750.0, 4174250.0]]]}, "properties": {"method_version": "q4_amenity_hub_grid_v1", "candidate_version": "grid_250m_min_20", "candidate_status": "selected_for_workbench", "recommended_for_review": true, "cbsa_code": "40060", "market_slug": "richmond_va", "amenity_hub_id": "40060_grid_250m_min_20_064", "cell_size_meters": 250, "min_pois_per_cell": 20, "cell_count": 1, "cluster_area_sq_km": 0.0625, "poi_count": 36, "category_count": 8, "sub_category_count": 14, "centroid_longitude": -77.58978877129228, "centroid_latitude": 37.68778017597959, "poi_density_per_sq_km": 576.0}}, {"type": "Feature", "geometry": {"type": "Polygon", "coordinates": [[[272000.0, 4147000.0], [272000.0, 4147250.0], [271750.0, 4147250.0], [271750.0, 4147000.0], [272000.0, 4147000.0]]]}, "properties": {"method_version": "q4_amenity_hub_grid_v1", "candidate_version": "grid_250m_min_20", "candidate_status": "selected_for_workbench", "recommended_for_review": true, "cbsa_code": "40060", "market_slug": "richmond_va", "amenity_hub_id": "40060_grid_250m_min_20_065", "cell_size_meters": 250, "min_pois_per_cell": 20, "cell_count": 1, "cluster_area_sq_km": 0.0625, "poi_count": 40, "category_count": 8, "sub_category_count": 22, "centroid_longitude": -77.57885082793202, "centroid_latitude": 37.4430343857787, "poi_density_per_sq_km": 640.0}}, {"type": "Feature", "geometry": {"type": "Polygon", "coordinates": [[[272000.0, 4153250.0], [272000.0, 4153500.0], [271750.0, 4153500.0], [271750.0, 4153250.0], [272000.0, 4153250.0]]]}, "properties": {"method_version": "q4_amenity_hub_grid_v1", "candidate_version": "grid_250m_min_20", "candidate_status": "selected_for_workbench", "recommended_for_review": true, "cbsa_code": "40060", "market_slug": "richmond_va", "amenity_hub_id": "40060_grid_250m_min_20_066", "cell_size_meters": 250, "min_pois_per_cell": 20, "cell_count": 1, "cluster_area_sq_km": 0.0625, "poi_count": 39, "category_count": 10, "sub_category_count": 16, "centroid_longitude": -77.58097590509851, "centroid_latitude": 37.49959680837883, "poi_density_per_sq_km": 624.0}}, {"type": "Feature", "geometry": {"type": "Polygon", "coordinates": [[[272000.0, 4169250.0], [272000.0, 4169500.0], [271750.0, 4169500.0], [271750.0, 4169750.0], [271750.0, 4170000.0], [272000.0, 4170000.0], [272000.0, 4170250.0], [272000.0, 4170500.0], [272250.0, 4170500.0], [272250.0, 4170250.0], [272500.0, 4170250.0], [272500.0, 4170000.0], [272500.0, 4169750.0], [272250.0, 4169750.0], [272250.0, 4169500.0], [272250.0, 4169250.0], [272250.0, 4169000.0], [272000.0, 4169000.0], [272000.0, 4169250.0]]]}, "properties": {"method_version": "q4_amenity_hub_grid_v1", "candidate_version": "grid_250m_min_20", "candidate_status": "selected_for_workbench", "recommended_for_review": true, "cbsa_code": "40060", "market_slug": "richmond_va", "amenity_hub_id": "40060_grid_250m_min_20_067", "cell_size_meters": 250, "min_pois_per_cell": 20, "cell_count": 10, "cluster_area_sq_km": 0.625, "poi_count": 364, "category_count": 18, "sub_category_count": 53, "centroid_longitude": -77.58293245268557, "centroid_latitude": 37.64662168760787, "poi_density_per_sq_km": 582.4}}, {"type": "Feature", "geometry": {"type": "Polygon", "coordinates": [[[272500.0, 4153750.0], [272500.0, 4154000.0], [272250.0, 4154000.0], [272250.0, 4153750.0], [272500.0, 4153750.0]]]}, "properties": {"method_version": "q4_amenity_hub_grid_v1", "candidate_version": "grid_250m_min_20", "candidate_status": "selected_for_workbench", "recommended_for_review": true, "cbsa_code": "40060", "market_slug": "richmond_va", "amenity_hub_id": "40060_grid_250m_min_20_068", "cell_size_meters": 250, "min_pois_per_cell": 20, "cell_count": 1, "cluster_area_sq_km": 0.0625, "poi_count": 37, "category_count": 6, "sub_category_count": 17, "centroid_longitude": -77.57472825606806, "centroid_latitude": 37.5039272138322, "poi_density_per_sq_km": 592.0}}, {"type": "Feature", "geometry": {"type": "Polygon", "coordinates": [[[272500.0, 4165250.0], [272500.0, 4165500.0], [272250.0, 4165500.0], [272250.0, 4165250.0], [272500.0, 4165250.0]]]}, "properties": {"method_version": "q4_amenity_hub_grid_v1", "candidate_version": "grid_250m_min_20", "candidate_status": "selected_for_workbench", "recommended_for_review": true, "cbsa_code": "40060", "market_slug": "richmond_va", "amenity_hub_id": "40060_grid_250m_min_20_069", "cell_size_meters": 250, "min_pois_per_cell": 20, "cell_count": 1, "cluster_area_sq_km": 0.0625, "poi_count": 23, "category_count": 9, "sub_category_count": 16, "centroid_longitude": -77.5785412862424, "centroid_latitude": 37.607603197486235, "poi_density_per_sq_km": 368.0}}, {"type": "Feature", "geometry": {"type": "Polygon", "coordinates": [[[272750.0, 4147250.0], [272500.0, 4147250.0], [272500.0, 4147500.0], [272500.0, 4147750.0], [272750.0, 4147750.0], [272750.0, 4147500.0], [272750.0, 4147250.0]]]}, "properties": {"method_version": "q4_amenity_hub_grid_v1", "candidate_version": "grid_250m_min_20", "candidate_status": "selected_for_workbench", "recommended_for_review": true, "cbsa_code": "40060", "market_slug": "richmond_va", "amenity_hub_id": "40060_grid_250m_min_20_070", "cell_size_meters": 250, "min_pois_per_cell": 20, "cell_count": 2, "cluster_area_sq_km": 0.125, "poi_count": 69, "category_count": 11, "sub_category_count": 26, "centroid_longitude": -77.57046665744971, "centroid_latitude": 37.44686044285913, "poi_density_per_sq_km": 552.0}}, {"type": "Feature", "geometry": {"type": "Polygon", "coordinates": [[[272750.0, 4153500.0], [272750.0, 4153750.0], [272500.0, 4153750.0], [272500.0, 4153500.0], [272750.0, 4153500.0]]]}, "properties": {"method_version": "q4_amenity_hub_grid_v1", "candidate_version": "grid_250m_min_20", "candidate_status": "selected_for_workbench", "recommended_for_review": true, "cbsa_code": "40060", "market_slug": "richmond_va", "amenity_hub_id": "40060_grid_250m_min_20_071", "cell_size_meters": 250, "min_pois_per_cell": 20, "cell_count": 1, "cluster_area_sq_km": 0.0625, "poi_count": 26, "category_count": 9, "sub_category_count": 14, "centroid_longitude": -77.5725358632805, "centroid_latitude": 37.50208970466295, "poi_density_per_sq_km": 416.0}}, {"type": "Feature", "geometry": {"type": "Polygon", "coordinates": [[[273000.0, 4169000.0], [273000.0, 4169250.0], [273000.0, 4169500.0], [272750.0, 4169500.0], [272750.0, 4169250.0], [272500.0, 4169250.0], [272500.0, 4169500.0], [272500.0, 4169750.0], [272750.0, 4169750.0], [273000.0, 4169750.0], [273250.0, 4169750.0], [273250.0, 4169500.0], [273250.0, 4169250.0], [273250.0, 4169000.0], [273000.0, 4169000.0]]]}, "properties": {"method_version": "q4_amenity_hub_grid_v1", "candidate_version": "grid_250m_min_20", "candidate_status": "selected_for_workbench", "recommended_for_review": true, "cbsa_code": "40060", "market_slug": "richmond_va", "amenity_hub_id": "40060_grid_250m_min_20_072", "cell_size_meters": 250, "min_pois_per_cell": 20, "cell_count": 6, "cluster_area_sq_km": 0.375, "poi_count": 262, "category_count": 15, "sub_category_count": 44, "centroid_longitude": -77.57513188115232, "centroid_latitude": 37.64454572239561, "poi_density_per_sq_km": 698.6666666666666}}, {"type": "Feature", "geometry": {"type": "Polygon", "coordinates": [[[273000.0, 4170750.0], [272750.0, 4170750.0], [272750.0, 4171000.0], [272500.0, 4171000.0], [272500.0, 4171250.0], [272750.0, 4171250.0], [272750.0, 4171500.0], [273000.0, 4171500.0], [273000.0, 4171250.0], [273000.0, 4171000.0], [273000.0, 4170750.0]]]}, "properties": {"method_version": "q4_amenity_hub_grid_v1", "candidate_version": "grid_250m_min_20", "candidate_status": "selected_for_workbench", "recommended_for_review": true, "cbsa_code": "40060", "market_slug": "richmond_va", "amenity_hub_id": "40060_grid_250m_min_20_073", "cell_size_meters": 250, "min_pois_per_cell": 20, "cell_count": 4, "cluster_area_sq_km": 0.25, "poi_count": 125, "category_count": 12, "sub_category_count": 26, "centroid_longitude": -77.57594332612088, "centroid_latitude": 37.659175344130645, "poi_density_per_sq_km": 500.0}}, {"type": "Feature", "geometry": {"type": "Polygon", "coordinates": [[[272750.0, 4172000.0], [272750.0, 4172250.0], [272500.0, 4172250.0], [272500.0, 4172000.0], [272750.0, 4172000.0]]]}, "properties": {"method_version": "q4_amenity_hub_grid_v1", "candidate_version": "grid_250m_min_20", "candidate_status": "selected_for_workbench", "recommended_for_review": true, "cbsa_code": "40060", "market_slug": "richmond_va", "amenity_hub_id": "40060_grid_250m_min_20_074", "cell_size_meters": 250, "min_pois_per_cell": 20, "cell_count": 1, "cluster_area_sq_km": 0.0625, "poi_count": 59, "category_count": 6, "sub_category_count": 15, "centroid_longitude": -77.57853938742392, "centroid_latitude": 37.66744035662678, "poi_density_per_sq_km": 944.0}}, {"type": "Feature", "geometry": {"type": "Polygon", "coordinates": [[[273000.0, 4153000.0], [273000.0, 4153250.0], [272750.0, 4153250.0], [272750.0, 4153000.0], [273000.0, 4153000.0]]]}, "properties": {"method_version": "q4_amenity_hub_grid_v1", "candidate_version": "grid_250m_min_20", "candidate_status": "selected_for_workbench", "recommended_for_review": true, "cbsa_code": "40060", "market_slug": "richmond_va", "amenity_hub_id": "40060_grid_250m_min_20_075", "cell_size_meters": 250, "min_pois_per_cell": 20, "cell_count": 1, "cluster_area_sq_km": 0.0625, "poi_count": 48, "category_count": 9, "sub_category_count": 29, "centroid_longitude": -77.56960641791002, "centroid_latitude": 37.49724668875917, "poi_density_per_sq_km": 768.0}}, {"type": "Feature", "geometry": {"type": "Polygon", "coordinates": [[[272750.0, 4159250.0], [273000.0, 4159250.0], [273000.0, 4159500.0], [273250.0, 4159500.0], [273500.0, 4159500.0], [273500.0, 4159250.0], [273750.0, 4159250.0], [273750.0, 4159000.0], [273500.0, 4159000.0], [273500.0, 4158750.0], [273250.0, 4158750.0], [273000.0, 4158750.0], [272750.0, 4158750.0], [272750.0, 4159000.0], [272750.0, 4159250.0]], [[273000.0, 4159000.0], [273250.0, 4159000.0], [273250.0, 4159250.0], [273000.0, 4159250.0], [273000.0, 4159000.0]]]}, "properties": {"method_version": "q4_amenity_hub_grid_v1", "candidate_version": "grid_250m_min_20", "candidate_status": "selected_for_workbench", "recommended_for_review": true, "cbsa_code": "40060", "market_slug": "richmond_va", "amenity_hub_id": "40060_grid_250m_min_20_076", "cell_size_meters": 250, "min_pois_per_cell": 20, "cell_count": 8, "cluster_area_sq_km": 0.5, "poi_count": 361, "category_count": 12, "sub_category_count": 39, "centroid_longitude": -77.56783192339, "centroid_latitude": 37.5509830893755, "poi_density_per_sq_km": 722.0}}, {"type": "Feature", "geometry": {"type": "Polygon", "coordinates": [[[273250.0, 4164750.0], [273000.0, 4164750.0], [273000.0, 4165000.0], [272750.0, 4165000.0], [272750.0, 4165250.0], [273000.0, 4165250.0], [273250.0, 4165250.0], [273250.0, 4165000.0], [273250.0, 4164750.0]]]}, "properties": {"method_version": "q4_amenity_hub_grid_v1", "candidate_version": "grid_250m_min_20", "candidate_status": "selected_for_workbench", "recommended_for_review": true, "cbsa_code": "40060", "market_slug": "richmond_va", "amenity_hub_id": "40060_grid_250m_min_20_077", "cell_size_meters": 250, "min_pois_per_cell": 20, "cell_count": 3, "cluster_area_sq_km": 0.1875, "poi_count": 74, "category_count": 12, "sub_category_count": 30, "centroid_longitude": -77.57098282832655, "centroid_latitude": 37.604760120658206, "poi_density_per_sq_km": 394.6666666666667}}, {"type": "Feature", "geometry": {"type": "Polygon", "coordinates": [[[273250.0, 4152500.0], [273250.0, 4152750.0], [273000.0, 4152750.0], [273000.0, 4152500.0], [273250.0, 4152500.0]]]}, "properties": {"method_version": "q4_amenity_hub_grid_v1", "candidate_version": "grid_250m_min_20", "candidate_status": "selected_for_workbench", "recommended_for_review": true, "cbsa_code": "40060", "market_slug": "richmond_va", "amenity_hub_id": "40060_grid_250m_min_20_078", "cell_size_meters": 250, "min_pois_per_cell": 20, "cell_count": 1, "cluster_area_sq_km": 0.0625, "poi_count": 104, "category_count": 8, "sub_category_count": 17, "centroid_longitude": -77.56673808828121, "centroid_latitude": 37.49245414953374, "poi_density_per_sq_km": 1664.0}}, {"type": "Feature", "geometry": {"type": "Polygon", "coordinates": [[[273250.0, 4157750.0], [273250.0, 4158000.0], [273000.0, 4158000.0], [273000.0, 4157750.0], [273250.0, 4157750.0]]]}, "properties": {"method_version": "q4_amenity_hub_grid_v1", "candidate_version": "grid_250m_min_20", "candidate_status": "selected_for_workbench", "recommended_for_review": true, "cbsa_code": "40060", "market_slug": "richmond_va", "amenity_hub_id": "40060_grid_250m_min_20_079", "cell_size_meters": 250, "min_pois_per_cell": 20, "cell_count": 1, "cluster_area_sq_km": 0.0625, "poi_count": 26, "category_count": 5, "sub_category_count": 13, "centroid_longitude": -77.56685324736037, "centroid_latitude": 37.53971375485565, "poi_density_per_sq_km": 416.0}}, {"type": "Feature", "geometry": {"type": "Polygon", "coordinates": [[[273250.0, 4171750.0], [273250.0, 4172000.0], [273000.0, 4172000.0], [273000.0, 4171750.0], [273250.0, 4171750.0]]]}, "properties": {"method_version": "q4_amenity_hub_grid_v1", "candidate_version": "grid_250m_min_20", "candidate_status": "selected_for_workbench", "recommended_for_review": true, "cbsa_code": "40060", "market_slug": "richmond_va", "amenity_hub_id": "40060_grid_250m_min_20_080", "cell_size_meters": 250, "min_pois_per_cell": 20, "cell_count": 1, "cluster_area_sq_km": 0.0625, "poi_count": 39, "category_count": 9, "sub_category_count": 16, "centroid_longitude": -77.57228513660348, "centroid_latitude": 37.66610865392957, "poi_density_per_sq_km": 624.0}}, {"type": "Feature", "geometry": {"type": "Polygon", "coordinates": [[[273500.0, 4157250.0], [273250.0, 4157250.0], [273250.0, 4157500.0], [273250.0, 4157750.0], [273500.0, 4157750.0], [273500.0, 4157500.0], [273750.0, 4157500.0], [273750.0, 4157250.0], [274000.0, 4157250.0], [274000.0, 4157000.0], [273750.0, 4157000.0], [273500.0, 4157000.0], [273500.0, 4157250.0]]]}, "properties": {"method_version": "q4_amenity_hub_grid_v1", "candidate_version": "grid_250m_min_20", "candidate_status": "selected_for_workbench", "recommended_for_review": true, "cbsa_code": "40060", "market_slug": "richmond_va", "amenity_hub_id": "40060_grid_250m_min_20_081", "cell_size_meters": 250, "min_pois_per_cell": 20, "cell_count": 5, "cluster_area_sq_km": 0.3125, "poi_count": 234, "category_count": 13, "sub_category_count": 46, "centroid_longitude": -77.5625240348453, "centroid_latitude": 37.53554605338349, "poi_density_per_sq_km": 748.8}}, {"type": "Feature", "geometry": {"type": "Polygon", "coordinates": [[[273250.0, 4163750.0], [273250.0, 4164000.0], [273500.0, 4164000.0], [273750.0, 4164000.0], [273750.0, 4163750.0], [273500.0, 4163750.0], [273250.0, 4163750.0]]]}, "properties": {"method_version": "q4_amenity_hub_grid_v1", "candidate_version": "grid_250m_min_20", "candidate_status": "selected_for_workbench", "recommended_for_review": true, "cbsa_code": "40060", "market_slug": "richmond_va", "amenity_hub_id": "40060_grid_250m_min_20_082", "cell_size_meters": 250, "min_pois_per_cell": 20, "cell_count": 2, "cluster_area_sq_km": 0.125, "poi_count": 63, "category_count": 11, "sub_category_count": 30, "centroid_longitude": -77.56571292245194, "centroid_latitude": 37.59444030310246, "poi_density_per_sq_km": 504.0}}, {"type": "Feature", "geometry": {"type": "Polygon", "coordinates": [[[273250.0, 4164750.0], [273500.0, 4164750.0], [273500.0, 4165000.0], [273750.0, 4165000.0], [273750.0, 4165250.0], [274000.0, 4165250.0], [274000.0, 4165000.0], [274250.0, 4165000.0], [274250.0, 4164750.0], [274000.0, 4164750.0], [273750.0, 4164750.0], [273750.0, 4164500.0], [273500.0, 4164500.0], [273250.0, 4164500.0], [273250.0, 4164750.0]]]}, "properties": {"method_version": "q4_amenity_hub_grid_v1", "candidate_version": "grid_250m_min_20", "candidate_status": "selected_for_workbench", "recommended_for_review": true, "cbsa_code": "40060", "market_slug": "richmond_va", "amenity_hub_id": "40060_grid_250m_min_20_083", "cell_size_meters": 250, "min_pois_per_cell": 20, "cell_count": 6, "cluster_area_sq_km": 0.375, "poi_count": 265, "category_count": 15, "sub_category_count": 50, "centroid_longitude": -77.56397445602626, "centroid_latitude": 37.602672192519115, "poi_density_per_sq_km": 706.6666666666666}}, {"type": "Feature", "geometry": {"type": "Polygon", "coordinates": [[[273500.0, 4168500.0], [273250.0, 4168500.0], [273250.0, 4168750.0], [273250.0, 4169000.0], [273500.0, 4169000.0], [273500.0, 4168750.0], [273500.0, 4168500.0]]]}, "properties": {"method_version": "q4_amenity_hub_grid_v1", "candidate_version": "grid_250m_min_20", "candidate_status": "selected_for_workbench", "recommended_for_review": true, "cbsa_code": "40060", "market_slug": "richmond_va", "amenity_hub_id": "40060_grid_250m_min_20_084", "cell_size_meters": 250, "min_pois_per_cell": 20, "cell_count": 2, "cluster_area_sq_km": 0.125, "poi_count": 62, "category_count": 13, "sub_category_count": 24, "centroid_longitude": -77.56845195510007, "centroid_latitude": 37.638293002542206, "poi_density_per_sq_km": 496.0}}, {"type": "Feature", "geometry": {"type": "Polygon", "coordinates": [[[273500.0, 4172000.0], [273250.0, 4172000.0], [273250.0, 4172250.0], [273250.0, 4172500.0], [273500.0, 4172500.0], [273500.0, 4172250.0], [273500.0, 4172000.0]]]}, "properties": {"method_version": "q4_amenity_hub_grid_v1", "candidate_version": "grid_250m_min_20", "candidate_status": "selected_for_workbench", "recommended_for_review": true, "cbsa_code": "40060", "market_slug": "richmond_va", "amenity_hub_id": "40060_grid_250m_min_20_085", "cell_size_meters": 250, "min_pois_per_cell": 20, "cell_count": 2, "cluster_area_sq_km": 0.125, "poi_count": 81, "category_count": 12, "sub_category_count": 23, "centroid_longitude": -77.5699688353015, "centroid_latitude": 37.66996955890065, "poi_density_per_sq_km": 648.0}}, {"type": "Feature", "geometry": {"type": "Polygon", "coordinates": [[[273750.0, 4169000.0], [273750.0, 4169250.0], [273500.0, 4169250.0], [273500.0, 4169000.0], [273750.0, 4169000.0]]]}, "properties": {"method_version": "q4_amenity_hub_grid_v1", "candidate_version": "grid_250m_min_20", "candidate_status": "selected_for_workbench", "recommended_for_review": true, "cbsa_code": "40060", "market_slug": "richmond_va", "amenity_hub_id": "40060_grid_250m_min_20_086", "cell_size_meters": 250, "min_pois_per_cell": 20, "cell_count": 1, "cluster_area_sq_km": 0.0625, "poi_count": 26, "category_count": 7, "sub_category_count": 16, "centroid_longitude": -77.56569889749915, "centroid_latitude": 37.64099436304407, "poi_density_per_sq_km": 416.0}}, {"type": "Feature", "geometry": {"type": "Polygon", "coordinates": [[[273750.0, 4152500.0], [273750.0, 4152750.0], [274000.0, 4152750.0], [274250.0, 4152750.0], [274250.0, 4152500.0], [274000.0, 4152500.0], [273750.0, 4152500.0]]]}, "properties": {"method_version": "q4_amenity_hub_grid_v1", "candidate_version": "grid_250m_min_20", "candidate_status": "selected_for_workbench", "recommended_for_review": true, "cbsa_code": "40060", "market_slug": "richmond_va", "amenity_hub_id": "40060_grid_250m_min_20_087", "cell_size_meters": 250, "min_pois_per_cell": 20, "cell_count": 2, "cluster_area_sq_km": 0.125, "poi_count": 51, "category_count": 6, "sub_category_count": 20, "centroid_longitude": -77.55645129593579, "centroid_latitude": 37.49299641400064, "poi_density_per_sq_km": 408.0}}, {"type": "Feature", "geometry": {"type": "Polygon", "coordinates": [[[274250.0, 4169250.0], [274250.0, 4169500.0], [274000.0, 4169500.0], [274000.0, 4169250.0], [274250.0, 4169250.0]]]}, "properties": {"method_version": "q4_amenity_hub_grid_v1", "candidate_version": "grid_250m_min_20", "candidate_status": "selected_for_workbench", "recommended_for_review": true, "cbsa_code": "40060", "market_slug": "richmond_va", "amenity_hub_id": "40060_grid_250m_min_20_088", "cell_size_meters": 250, "min_pois_per_cell": 20, "cell_count": 1, "cluster_area_sq_km": 0.0625, "poi_count": 37, "category_count": 5, "sub_category_count": 14, "centroid_longitude": -77.56031911081506, "centroid_latitude": 37.643763303327795, "poi_density_per_sq_km": 592.0}}, {"type": "Feature", "geometry": {"type": "Polygon", "coordinates": [[[274500.0, 4162250.0], [274250.0, 4162250.0], [274250.0, 4162500.0], [274250.0, 4162750.0], [274500.0, 4162750.0], [274500.0, 4162500.0], [274500.0, 4162250.0]]]}, "properties": {"method_version": "q4_amenity_hub_grid_v1", "candidate_version": "grid_250m_min_20", "candidate_status": "selected_for_workbench", "recommended_for_review": true, "cbsa_code": "40060", "market_slug": "richmond_va", "amenity_hub_id": "40060_grid_250m_min_20_089", "cell_size_meters": 250, "min_pois_per_cell": 20, "cell_count": 2, "cluster_area_sq_km": 0.125, "poi_count": 73, "category_count": 11, "sub_category_count": 25, "centroid_longitude": -77.55494335333636, "centroid_latitude": 37.58187759668513, "poi_density_per_sq_km": 584.0}}, {"type": "Feature", "geometry": {"type": "Polygon", "coordinates": [[[274500.0, 4166750.0], [274500.0, 4167000.0], [274250.0, 4167000.0], [274250.0, 4166750.0], [274500.0, 4166750.0]]]}, "properties": {"method_version": "q4_amenity_hub_grid_v1", "candidate_version": "grid_250m_min_20", "candidate_status": "selected_for_workbench", "recommended_for_review": true, "cbsa_code": "40060", "market_slug": "richmond_va", "amenity_hub_id": "40060_grid_250m_min_20_090", "cell_size_meters": 250, "min_pois_per_cell": 20, "cell_count": 1, "cluster_area_sq_km": 0.0625, "poi_count": 32, "category_count": 5, "sub_category_count": 14, "centroid_longitude": -77.55646121282605, "centroid_latitude": 37.62114070521376, "poi_density_per_sq_km": 512.0}}, {"type": "Feature", "geometry": {"type": "Polygon", "coordinates": [[[274500.0, 4153250.0], [274500.0, 4153500.0], [274750.0, 4153500.0], [275000.0, 4153500.0], [275250.0, 4153500.0], [275250.0, 4153250.0], [275500.0, 4153250.0], [275750.0, 4153250.0], [275750.0, 4153500.0], [276000.0, 4153500.0], [276250.0, 4153500.0], [276250.0, 4153250.0], [276250.0, 4153000.0], [276000.0, 4153000.0], [275750.0, 4153000.0], [275750.0, 4152750.0], [275500.0, 4152750.0], [275500.0, 4153000.0], [275250.0, 4153000.0], [275000.0, 4153000.0], [274750.0, 4153000.0], [274750.0, 4153250.0], [274500.0, 4153250.0]]]}, "properties": {"method_version": "q4_amenity_hub_grid_v1", "candidate_version": "grid_250m_min_20", "candidate_status": "selected_for_workbench", "recommended_for_review": true, "cbsa_code": "40060", "market_slug": "richmond_va", "amenity_hub_id": "40060_grid_250m_min_20_091", "cell_size_meters": 250, "min_pois_per_cell": 20, "cell_count": 12, "cluster_area_sq_km": 0.75, "poi_count": 347, "category_count": 18, "sub_category_count": 59, "centroid_longitude": -77.54085169642583, "centroid_latitude": 37.4984878685844, "poi_density_per_sq_km": 462.6666666666667}}, {"type": "Feature", "geometry": {"type": "Polygon", "coordinates": [[[274750.0, 4168750.0], [274750.0, 4169000.0], [274500.0, 4169000.0], [274500.0, 4168750.0], [274750.0, 4168750.0]]]}, "properties": {"method_version": "q4_amenity_hub_grid_v1", "candidate_version": "grid_250m_min_20", "candidate_status": "selected_for_workbench", "recommended_for_review": true, "cbsa_code": "40060", "market_slug": "richmond_va", "amenity_hub_id": "40060_grid_250m_min_20_092", "cell_size_meters": 250, "min_pois_per_cell": 20, "cell_count": 1, "cluster_area_sq_km": 0.0625, "poi_count": 20, "category_count": 7, "sub_category_count": 15, "centroid_longitude": -77.55374769580473, "centroid_latitude": 37.638992792234674, "poi_density_per_sq_km": 320.0}}, {"type": "Feature", "geometry": {"type": "Polygon", "coordinates": [[[275250.0, 4165000.0], [275500.0, 4165000.0], [275750.0, 4165000.0], [276000.0, 4165000.0], [276000.0, 4164750.0], [275750.0, 4164750.0], [275750.0, 4164500.0], [275500.0, 4164500.0], [275500.0, 4164750.0], [275250.0, 4164750.0], [275250.0, 4164500.0], [275000.0, 4164500.0], [274750.0, 4164500.0], [274750.0, 4164750.0], [274750.0, 4165000.0], [275000.0, 4165000.0], [275250.0, 4165000.0]]]}, "properties": {"method_version": "q4_amenity_hub_grid_v1", "candidate_version": "grid_250m_min_20", "candidate_status": "selected_for_workbench", "recommended_for_review": true, "cbsa_code": "40060", "market_slug": "richmond_va", "amenity_hub_id": "40060_grid_250m_min_20_093", "cell_size_meters": 250, "min_pois_per_cell": 20, "cell_count": 8, "cluster_area_sq_km": 0.5, "poi_count": 299, "category_count": 13, "sub_category_count": 27, "centroid_longitude": -77.54452644668581, "centroid_latitude": 37.60308110993886, "poi_density_per_sq_km": 598.0}}, {"type": "Feature", "geometry": {"type": "Polygon", "coordinates": [[[274750.0, 4167250.0], [274750.0, 4167500.0], [274750.0, 4167750.0], [275000.0, 4167750.0], [275000.0, 4167500.0], [275250.0, 4167500.0], [275250.0, 4167250.0], [275000.0, 4167250.0], [274750.0, 4167250.0]]]}, "properties": {"method_version": "q4_amenity_hub_grid_v1", "candidate_version": "grid_250m_min_20", "candidate_status": "selected_for_workbench", "recommended_for_review": true, "cbsa_code": "40060", "market_slug": "richmond_va", "amenity_hub_id": "40060_grid_250m_min_20_094", "cell_size_meters": 250, "min_pois_per_cell": 20, "cell_count": 3, "cluster_area_sq_km": 0.1875, "poi_count": 175, "category_count": 17, "sub_category_count": 40, "centroid_longitude": -77.54986401959026, "centroid_latitude": 37.626137853935056, "poi_density_per_sq_km": 933.3333333333334}}, {"type": "Feature", "geometry": {"type": "Polygon", "coordinates": [[[274750.0, 4168500.0], [275000.0, 4168500.0], [275000.0, 4168750.0], [275250.0, 4168750.0], [275250.0, 4168500.0], [275500.0, 4168500.0], [275500.0, 4168250.0], [275250.0, 4168250.0], [275000.0, 4168250.0], [274750.0, 4168250.0], [274750.0, 4168500.0]]]}, "properties": {"method_version": "q4_amenity_hub_grid_v1", "candidate_version": "grid_250m_min_20", "candidate_status": "selected_for_workbench", "recommended_for_review": true, "cbsa_code": "40060", "market_slug": "richmond_va", "amenity_hub_id": "40060_grid_250m_min_20_095", "cell_size_meters": 250, "min_pois_per_cell": 20, "cell_count": 4, "cluster_area_sq_km": 0.25, "poi_count": 157, "category_count": 13, "sub_category_count": 45, "centroid_longitude": -77.54859753619554, "centroid_latitude": 37.6357687253648, "poi_density_per_sq_km": 628.0}}, {"type": "Feature", "geometry": {"type": "Polygon", "coordinates": [[[276000.0, 4149500.0], [276000.0, 4149750.0], [275750.0, 4149750.0], [275750.0, 4149500.0], [276000.0, 4149500.0]]]}, "properties": {"method_version": "q4_amenity_hub_grid_v1", "candidate_version": "grid_250m_min_20", "candidate_status": "selected_for_workbench", "recommended_for_review": true, "cbsa_code": "40060", "market_slug": "richmond_va", "amenity_hub_id": "40060_grid_250m_min_20_096", "cell_size_meters": 250, "min_pois_per_cell": 20, "cell_count": 1, "cluster_area_sq_km": 0.0625, "poi_count": 31, "category_count": 6, "sub_category_count": 13, "centroid_longitude": -77.53434653340555, "centroid_latitude": 37.466662398428056, "poi_density_per_sq_km": 496.0}}, {"type": "Feature", "geometry": {"type": "Polygon", "coordinates": [[[276000.0, 4160750.0], [276000.0, 4161000.0], [275750.0, 4161000.0], [275750.0, 4160750.0], [276000.0, 4160750.0]]]}, "properties": {"method_version": "q4_amenity_hub_grid_v1", "candidate_version": "grid_250m_min_20", "candidate_status": "selected_for_workbench", "recommended_for_review": true, "cbsa_code": "40060", "market_slug": "richmond_va", "amenity_hub_id": "40060_grid_250m_min_20_097", "cell_size_meters": 250, "min_pois_per_cell": 20, "cell_count": 1, "cluster_area_sq_km": 0.0625, "poi_count": 46, "category_count": 8, "sub_category_count": 15, "centroid_longitude": -77.53772856038698, "centroid_latitude": 37.56798112388322, "poi_density_per_sq_km": 736.0}}, {"type": "Feature", "geometry": {"type": "Polygon", "coordinates": [[[276000.0, 4167750.0], [275750.0, 4167750.0], [275750.0, 4168000.0], [275750.0, 4168250.0], [276000.0, 4168250.0], [276000.0, 4168000.0], [276000.0, 4167750.0]]]}, "properties": {"method_version": "q4_amenity_hub_grid_v1", "candidate_version": "grid_250m_min_20", "candidate_status": "selected_for_workbench", "recommended_for_review": true, "cbsa_code": "40060", "market_slug": "richmond_va", "amenity_hub_id": "40060_grid_250m_min_20_098", "cell_size_meters": 250, "min_pois_per_cell": 20, "cell_count": 2, "cluster_area_sq_km": 0.125, "poi_count": 83, "category_count": 11, "sub_category_count": 32, "centroid_longitude": -77.54004143991506, "centroid_latitude": 37.63155648221517, "poi_density_per_sq_km": 664.0}}, {"type": "Feature", "geometry": {"type": "Polygon", "coordinates": [[[276250.0, 4157250.0], [276250.0, 4157500.0], [276000.0, 4157500.0], [276000.0, 4157250.0], [276250.0, 4157250.0]]]}, "properties": {"method_version": "q4_amenity_hub_grid_v1", "candidate_version": "grid_250m_min_20", "candidate_status": "selected_for_workbench", "recommended_for_review": true, "cbsa_code": "40060", "market_slug": "richmond_va", "amenity_hub_id": "40060_grid_250m_min_20_099", "cell_size_meters": 250, "min_pois_per_cell": 20, "cell_count": 1, "cluster_area_sq_km": 0.0625, "poi_count": 27, "category_count": 8, "sub_category_count": 16, "centroid_longitude": -77.53360868060126, "centroid_latitude": 37.53619767062897, "poi_density_per_sq_km": 432.0}}, {"type": "Feature", "geometry": {"type": "Polygon", "coordinates": [[[276250.0, 4167500.0], [276250.0, 4167750.0], [276000.0, 4167750.0], [276000.0, 4167500.0], [276250.0, 4167500.0]]]}, "properties": {"method_version": "q4_amenity_hub_grid_v1", "candidate_version": "grid_250m_min_20", "candidate_status": "selected_for_workbench", "recommended_for_review": true, "cbsa_code": "40060", "market_slug": "richmond_va", "amenity_hub_id": "40060_grid_250m_min_20_100", "cell_size_meters": 250, "min_pois_per_cell": 20, "cell_count": 1, "cluster_area_sq_km": 0.0625, "poi_count": 20, "category_count": 6, "sub_category_count": 13, "centroid_longitude": -77.53675212605683, "centroid_latitude": 37.62916324269331, "poi_density_per_sq_km": 320.0}}, {"type": "Feature", "geometry": {"type": "Polygon", "coordinates": [[[276750.0, 4150000.0], [276500.0, 4150000.0], [276500.0, 4150250.0], [276250.0, 4150250.0], [276250.0, 4150500.0], [276500.0, 4150500.0], [276750.0, 4150500.0], [277000.0, 4150500.0], [277000.0, 4150250.0], [276750.0, 4150250.0], [276750.0, 4150000.0]]]}, "properties": {"method_version": "q4_amenity_hub_grid_v1", "candidate_version": "grid_250m_min_20", "candidate_status": "selected_for_workbench", "recommended_for_review": true, "cbsa_code": "40060", "market_slug": "richmond_va", "amenity_hub_id": "40060_grid_250m_min_20_101", "cell_size_meters": 250, "min_pois_per_cell": 20, "cell_count": 4, "cluster_area_sq_km": 0.25, "poi_count": 122, "category_count": 11, "sub_category_count": 38, "centroid_longitude": -77.52610876005372, "centroid_latitude": 37.472798656636506, "poi_density_per_sq_km": 488.0}}, {"type": "Feature", "geometry": {"type": "Polygon", "coordinates": [[[276250.0, 4154750.0], [276250.0, 4155000.0], [276500.0, 4155000.0], [276750.0, 4155000.0], [277000.0, 4155000.0], [277000.0, 4154750.0], [276750.0, 4154750.0], [276500.0, 4154750.0], [276250.0, 4154750.0]]]}, "properties": {"method_version": "q4_amenity_hub_grid_v1", "candidate_version": "grid_250m_min_20", "candidate_status": "selected_for_workbench", "recommended_for_review": true, "cbsa_code": "40060", "market_slug": "richmond_va", "amenity_hub_id": "40060_grid_250m_min_20_102", "cell_size_meters": 250, "min_pois_per_cell": 20, "cell_count": 3, "cluster_area_sq_km": 0.1875, "poi_count": 119, "category_count": 8, "sub_category_count": 21, "centroid_longitude": -77.5274260481577, "centroid_latitude": 37.5140066789455, "poi_density_per_sq_km": 634.6666666666666}}, {"type": "Feature", "geometry": {"type": "Polygon", "coordinates": [[[276250.0, 4163250.0], [276250.0, 4163500.0], [276250.0, 4163750.0], [276500.0, 4163750.0], [276500.0, 4163500.0], [276750.0, 4163500.0], [276750.0, 4163250.0], [276500.0, 4163250.0], [276250.0, 4163250.0]]]}, "properties": {"method_version": "q4_amenity_hub_grid_v1", "candidate_version": "grid_250m_min_20", "candidate_status": "selected_for_workbench", "recommended_for_review": true, "cbsa_code": "40060", "market_slug": "richmond_va", "amenity_hub_id": "40060_grid_250m_min_20_103", "cell_size_meters": 250, "min_pois_per_cell": 20, "cell_count": 3, "cluster_area_sq_km": 0.1875, "poi_count": 112, "category_count": 14, "sub_category_count": 39, "centroid_longitude": -77.53193390175274, "centroid_latitude": 37.59087958491334, "poi_density_per_sq_km": 597.3333333333334}}, {"type": "Feature", "geometry": {"type": "Polygon", "coordinates": [[[276500.0, 4165250.0], [276500.0, 4165500.0], [276250.0, 4165500.0], [276250.0, 4165250.0], [276500.0, 4165250.0]]]}, "properties": {"method_version": "q4_amenity_hub_grid_v1", "candidate_version": "grid_250m_min_20", "candidate_status": "selected_for_workbench", "recommended_for_review": true, "cbsa_code": "40060", "market_slug": "richmond_va", "amenity_hub_id": "40060_grid_250m_min_20_104", "cell_size_meters": 250, "min_pois_per_cell": 20, "cell_count": 1, "cluster_area_sq_km": 0.0625, "poi_count": 22, "category_count": 4, "sub_category_count": 10, "centroid_longitude": -77.53300786574081, "centroid_latitude": 37.60809520278925, "poi_density_per_sq_km": 352.0}}, {"type": "Feature", "geometry": {"type": "Polygon", "coordinates": [[[276750.0, 4154000.0], [276750.0, 4154250.0], [276500.0, 4154250.0], [276500.0, 4154000.0], [276750.0, 4154000.0]]]}, "properties": {"method_version": "q4_amenity_hub_grid_v1", "candidate_version": "grid_250m_min_20", "candidate_status": "selected_for_workbench", "recommended_for_review": true, "cbsa_code": "40060", "market_slug": "richmond_va", "amenity_hub_id": "40060_grid_250m_min_20_105", "cell_size_meters": 250, "min_pois_per_cell": 20, "cell_count": 1, "cluster_area_sq_km": 0.0625, "poi_count": 97, "category_count": 9, "sub_category_count": 23, "centroid_longitude": -77.52820319533689, "centroid_latitude": 37.507828216547445, "poi_density_per_sq_km": 1552.0}}, {"type": "Feature", "geometry": {"type": "Polygon", "coordinates": [[[276750.0, 4164500.0], [276750.0, 4164750.0], [276500.0, 4164750.0], [276500.0, 4165000.0], [276500.0, 4165250.0], [276750.0, 4165250.0], [277000.0, 4165250.0], [277000.0, 4165000.0], [277250.0, 4165000.0], [277500.0, 4165000.0], [277500.0, 4164750.0], [277250.0, 4164750.0], [277000.0, 4164750.0], [277000.0, 4164500.0], [276750.0, 4164500.0]]]}, "properties": {"method_version": "q4_amenity_hub_grid_v1", "candidate_version": "grid_250m_min_20", "candidate_status": "selected_for_workbench", "recommended_for_review": true, "cbsa_code": "40060", "market_slug": "richmond_va", "amenity_hub_id": "40060_grid_250m_min_20_106", "cell_size_meters": 250, "min_pois_per_cell": 20, "cell_count": 7, "cluster_area_sq_km": 0.4375, "poi_count": 268, "category_count": 12, "sub_category_count": 35, "centroid_longitude": -77.52751253226687, "centroid_latitude": 37.60480477713525, "poi_density_per_sq_km": 612.5714285714286}}, {"type": "Feature", "geometry": {"type": "Polygon", "coordinates": [[[276750.0, 4166750.0], [276500.0, 4166750.0], [276500.0, 4167000.0], [276500.0, 4167250.0], [276500.0, 4167500.0], [276750.0, 4167500.0], [277000.0, 4167500.0], [277000.0, 4167250.0], [277250.0, 4167250.0], [277250.0, 4167000.0], [277000.0, 4167000.0], [277000.0, 4166750.0], [277250.0, 4166750.0], [277500.0, 4166750.0], [277750.0, 4166750.0], [277750.0, 4166500.0], [277500.0, 4166500.0], [277500.0, 4166250.0], [277250.0, 4166250.0], [277250.0, 4166500.0], [277000.0, 4166500.0], [276750.0, 4166500.0], [276750.0, 4166750.0]]]}, "properties": {"method_version": "q4_amenity_hub_grid_v1", "candidate_version": "grid_250m_min_20", "candidate_status": "selected_for_workbench", "recommended_for_review": true, "cbsa_code": "40060", "market_slug": "richmond_va", "amenity_hub_id": "40060_grid_250m_min_20_107", "cell_size_meters": 250, "min_pois_per_cell": 20, "cell_count": 12, "cluster_area_sq_km": 0.75, "poi_count": 339, "category_count": 16, "sub_category_count": 56, "centroid_longitude": -77.52708471129466, "centroid_latitude": 37.62276082146735, "poi_density_per_sq_km": 452.0}}, {"type": "Feature", "geometry": {"type": "Polygon", "coordinates": [[[277000.0, 4157000.0], [277000.0, 4157250.0], [276750.0, 4157250.0], [276750.0, 4157000.0], [277000.0, 4157000.0]]]}, "properties": {"method_version": "q4_amenity_hub_grid_v1", "candidate_version": "grid_250m_min_20", "candidate_status": "selected_for_workbench", "recommended_for_review": true, "cbsa_code": "40060", "market_slug": "richmond_va", "amenity_hub_id": "40060_grid_250m_min_20_108", "cell_size_meters": 250, "min_pois_per_cell": 20, "cell_count": 1, "cluster_area_sq_km": 0.0625, "poi_count": 20, "category_count": 7, "sub_category_count": 16, "centroid_longitude": -77.52545651354336, "centroid_latitude": 37.53453379808709, "poi_density_per_sq_km": 320.0}}, {"type": "Feature", "geometry": {"type": "Polygon", "coordinates": [[[277000.0, 4163000.0], [277000.0, 4163250.0], [276750.0, 4163250.0], [276750.0, 4163000.0], [277000.0, 4163000.0]]]}, "properties": {"method_version": "q4_amenity_hub_grid_v1", "candidate_version": "grid_250m_min_20", "candidate_status": "selected_for_workbench", "recommended_for_review": true, "cbsa_code": "40060", "market_slug": "richmond_va", "amenity_hub_id": "40060_grid_250m_min_20_109", "cell_size_meters": 250, "min_pois_per_cell": 20, "cell_count": 1, "cluster_area_sq_km": 0.0625, "poi_count": 23, "category_count": 5, "sub_category_count": 9, "centroid_longitude": -77.52782328823567, "centroid_latitude": 37.58891751537458, "poi_density_per_sq_km": 368.0}}, {"type": "Feature", "geometry": {"type": "Polygon", "coordinates": [[[277250.0, 4140750.0], [277250.0, 4141000.0], [277000.0, 4141000.0], [277000.0, 4140750.0], [277250.0, 4140750.0]]]}, "properties": {"method_version": "q4_amenity_hub_grid_v1", "candidate_version": "grid_250m_min_20", "candidate_status": "selected_for_workbench", "recommended_for_review": true, "cbsa_code": "40060", "market_slug": "richmond_va", "amenity_hub_id": "40060_grid_250m_min_20_110", "cell_size_meters": 250, "min_pois_per_cell": 20, "cell_count": 1, "cluster_area_sq_km": 0.0625, "poi_count": 20, "category_count": 5, "sub_category_count": 9, "centroid_longitude": -77.51746512519483, "centroid_latitude": 37.387380572165775, "poi_density_per_sq_km": 320.0}}, {"type": "Feature", "geometry": {"type": "Polygon", "coordinates": [[[277250.0, 4153500.0], [277000.0, 4153500.0], [277000.0, 4153750.0], [277000.0, 4154000.0], [277250.0, 4154000.0], [277250.0, 4153750.0], [277250.0, 4153500.0]]]}, "properties": {"method_version": "q4_amenity_hub_grid_v1", "candidate_version": "grid_250m_min_20", "candidate_status": "selected_for_workbench", "recommended_for_review": true, "cbsa_code": "40060", "market_slug": "richmond_va", "amenity_hub_id": "40060_grid_250m_min_20_111", "cell_size_meters": 250, "min_pois_per_cell": 20, "cell_count": 2, "cluster_area_sq_km": 0.125, "poi_count": 54, "category_count": 8, "sub_category_count": 21, "centroid_longitude": -77.52164709895393, "centroid_latitude": 37.503462749080576, "poi_density_per_sq_km": 432.0}}, {"type": "Feature", "geometry": {"type": "Polygon", "coordinates": [[[277500.0, 4157250.0], [277250.0, 4157250.0], [277250.0, 4157500.0], [277000.0, 4157500.0], [277000.0, 4157750.0], [277250.0, 4157750.0], [277500.0, 4157750.0], [277500.0, 4157500.0], [277500.0, 4157250.0]]]}, "properties": {"method_version": "q4_amenity_hub_grid_v1", "candidate_version": "grid_250m_min_20", "candidate_status": "selected_for_workbench", "recommended_for_review": true, "cbsa_code": "40060", "market_slug": "richmond_va", "amenity_hub_id": "40060_grid_250m_min_20_112", "cell_size_meters": 250, "min_pois_per_cell": 20, "cell_count": 3, "cluster_area_sq_km": 0.1875, "poi_count": 114, "category_count": 14, "sub_category_count": 46, "centroid_longitude": -77.52071350828061, "centroid_latitude": 37.53809797065127, "poi_density_per_sq_km": 608.0}}, {"type": "Feature", "geometry": {"type": "Polygon", "coordinates": [[[277250.0, 4165250.0], [277250.0, 4165500.0], [277000.0, 4165500.0], [277000.0, 4165250.0], [277250.0, 4165250.0]]]}, "properties": {"method_version": "q4_amenity_hub_grid_v1", "candidate_version": "grid_250m_min_20", "candidate_status": "selected_for_workbench", "recommended_for_review": true, "cbsa_code": "40060", "market_slug": "richmond_va", "amenity_hub_id": "40060_grid_250m_min_20_113", "cell_size_meters": 250, "min_pois_per_cell": 20, "cell_count": 1, "cluster_area_sq_km": 0.0625, "poi_count": 23, "category_count": 8, "sub_category_count": 9, "centroid_longitude": -77.52519745058544, "centroid_latitude": 37.60860527243822, "poi_density_per_sq_km": 368.0}}, {"type": "Feature", "geometry": {"type": "Polygon", "coordinates": [[[277000.0, 4165750.0], [277000.0, 4166000.0], [277250.0, 4166000.0], [277500.0, 4166000.0], [277500.0, 4165750.0], [277250.0, 4165750.0], [277000.0, 4165750.0]]]}, "properties": {"method_version": "q4_amenity_hub_grid_v1", "candidate_version": "grid_250m_min_20", "candidate_status": "selected_for_workbench", "recommended_for_review": true, "cbsa_code": "40060", "market_slug": "richmond_va", "amenity_hub_id": "40060_grid_250m_min_20_114", "cell_size_meters": 250, "min_pois_per_cell": 20, "cell_count": 2, "cluster_area_sq_km": 0.125, "poi_count": 50, "category_count": 12, "sub_category_count": 24, "centroid_longitude": -77.5236752085813, "centroid_latitude": 37.613156258626475, "poi_density_per_sq_km": 400.0}}, {"type": "Feature", "geometry": {"type": "Polygon", "coordinates": [[[277000.0, 4167750.0], [277000.0, 4168000.0], [277250.0, 4168000.0], [277500.0, 4168000.0], [277500.0, 4167750.0], [277250.0, 4167750.0], [277000.0, 4167750.0]]]}, "properties": {"method_version": "q4_amenity_hub_grid_v1", "candidate_version": "grid_250m_min_20", "candidate_status": "selected_for_workbench", "recommended_for_review": true, "cbsa_code": "40060", "market_slug": "richmond_va", "amenity_hub_id": "40060_grid_250m_min_20_115", "cell_size_meters": 250, "min_pois_per_cell": 20, "cell_count": 2, "cluster_area_sq_km": 0.125, "poi_count": 70, "category_count": 3, "sub_category_count": 9, "centroid_longitude": -77.52521963119057, "centroid_latitude": 37.63123454305517, "poi_density_per_sq_km": 560.0}}, {"type": "Feature", "geometry": {"type": "Polygon", "coordinates": [[[277250.0, 4170750.0], [277250.0, 4171000.0], [277000.0, 4171000.0], [277000.0, 4170750.0], [277250.0, 4170750.0]]]}, "properties": {"method_version": "q4_amenity_hub_grid_v1", "candidate_version": "grid_250m_min_20", "candidate_status": "selected_for_workbench", "recommended_for_review": true, "cbsa_code": "40060", "market_slug": "richmond_va", "amenity_hub_id": "40060_grid_250m_min_20_116", "cell_size_meters": 250, "min_pois_per_cell": 20, "cell_count": 1, "cluster_area_sq_km": 0.0625, "poi_count": 26, "category_count": 10, "sub_category_count": 19, "centroid_longitude": -77.52603217834857, "centroid_latitude": 37.657509463193996, "poi_density_per_sq_km": 416.0}}, {"type": "Feature", "geometry": {"type": "Polygon", "coordinates": [[[277500.0, 4140000.0], [277500.0, 4140250.0], [277250.0, 4140250.0], [277250.0, 4140000.0], [277500.0, 4140000.0]]]}, "properties": {"method_version": "q4_amenity_hub_grid_v1", "candidate_version": "grid_250m_min_20", "candidate_status": "selected_for_workbench", "recommended_for_review": true, "cbsa_code": "40060", "market_slug": "richmond_va", "amenity_hub_id": "40060_grid_250m_min_20_117", "cell_size_meters": 250, "min_pois_per_cell": 20, "cell_count": 1, "cluster_area_sq_km": 0.0625, "poi_count": 25, "category_count": 5, "sub_category_count": 14, "centroid_longitude": -77.51537852794613, "centroid_latitude": 37.381414514090956, "poi_density_per_sq_km": 400.0}}, {"type": "Feature", "geometry": {"type": "Polygon", "coordinates": [[[277500.0, 4170500.0], [277500.0, 4170750.0], [277250.0, 4170750.0], [277250.0, 4170500.0], [277500.0, 4170500.0]]]}, "properties": {"method_version": "q4_amenity_hub_grid_v1", "candidate_version": "grid_250m_min_20", "candidate_status": "selected_for_workbench", "recommended_for_review": true, "cbsa_code": "40060", "market_slug": "richmond_va", "amenity_hub_id": "40060_grid_250m_min_20_118", "cell_size_meters": 250, "min_pois_per_cell": 20, "cell_count": 1, "cluster_area_sq_km": 0.0625, "poi_count": 31, "category_count": 6, "sub_category_count": 16, "centroid_longitude": -77.52409268577159, "centroid_latitude": 37.65582565579792, "poi_density_per_sq_km": 496.0}}, {"type": "Feature", "geometry": {"type": "Polygon", "coordinates": [[[277500.0, 4139500.0], [277500.0, 4139750.0], [277750.0, 4139750.0], [278000.0, 4139750.0], [278000.0, 4139500.0], [278250.0, 4139500.0], [278250.0, 4139250.0], [278000.0, 4139250.0], [277750.0, 4139250.0], [277500.0, 4139250.0], [277500.0, 4139500.0]]]}, "properties": {"method_version": "q4_amenity_hub_grid_v1", "candidate_version": "grid_250m_min_20", "candidate_status": "selected_for_workbench", "recommended_for_review": true, "cbsa_code": "40060", "market_slug": "richmond_va", "amenity_hub_id": "40060_grid_250m_min_20_119", "cell_size_meters": 250, "min_pois_per_cell": 20, "cell_count": 5, "cluster_area_sq_km": 0.3125, "poi_count": 183, "category_count": 14, "sub_category_count": 51, "centroid_longitude": -77.50883964339725, "centroid_latitude": 37.3755589402983, "poi_density_per_sq_km": 585.6}}, {"type": "Feature", "geometry": {"type": "Polygon", "coordinates": [[[277750.0, 4153500.0], [277750.0, 4153750.0], [277500.0, 4153750.0], [277500.0, 4153500.0], [277750.0, 4153500.0]]]}, "properties": {"method_version": "q4_amenity_hub_grid_v1", "candidate_version": "grid_250m_min_20", "candidate_status": "selected_for_workbench", "recommended_for_review": true, "cbsa_code": "40060", "market_slug": "richmond_va", "amenity_hub_id": "40060_grid_250m_min_20_120", "cell_size_meters": 250, "min_pois_per_cell": 20, "cell_count": 1, "cluster_area_sq_km": 0.0625, "poi_count": 26, "category_count": 9, "sub_category_count": 16, "centroid_longitude": -77.51600917495999, "centroid_latitude": 37.50311785613299, "poi_density_per_sq_km": 416.0}}, {"type": "Feature", "geometry": {"type": "Polygon", "coordinates": [[[277750.0, 4161250.0], [277500.0, 4161250.0], [277500.0, 4161500.0], [277500.0, 4161750.0], [277500.0, 4162000.0], [277750.0, 4162000.0], [277750.0, 4161750.0], [277750.0, 4161500.0], [277750.0, 4161250.0]]]}, "properties": {"method_version": "q4_amenity_hub_grid_v1", "candidate_version": "grid_250m_min_20", "candidate_status": "selected_for_workbench", "recommended_for_review": true, "cbsa_code": "40060", "market_slug": "richmond_va", "amenity_hub_id": "40060_grid_250m_min_20_121", "cell_size_meters": 250, "min_pois_per_cell": 20, "cell_count": 3, "cluster_area_sq_km": 0.1875, "poi_count": 241, "category_count": 14, "sub_category_count": 39, "centroid_longitude": -77.51798887013312, "centroid_latitude": 37.573962091021556, "poi_density_per_sq_km": 1285.3333333333333}}, {"type": "Feature", "geometry": {"type": "Polygon", "coordinates": [[[278000.0, 4148000.0], [278000.0, 4148250.0], [277750.0, 4148250.0], [277750.0, 4148000.0], [278000.0, 4148000.0]]]}, "properties": {"method_version": "q4_amenity_hub_grid_v1", "candidate_version": "grid_250m_min_20", "candidate_status": "selected_for_workbench", "recommended_for_review": true, "cbsa_code": "40060", "market_slug": "richmond_va", "amenity_hub_id": "40060_grid_250m_min_20_122", "cell_size_meters": 250, "min_pois_per_cell": 20, "cell_count": 1, "cluster_area_sq_km": 0.0625, "poi_count": 22, "category_count": 8, "sub_category_count": 11, "centroid_longitude": -77.51177090667953, "centroid_latitude": 37.45373534264426, "poi_density_per_sq_km": 352.0}}, {"type": "Feature", "geometry": {"type": "Polygon", "coordinates": [[[278000.0, 4151000.0], [278000.0, 4151250.0], [277750.0, 4151250.0], [277750.0, 4151000.0], [278000.0, 4151000.0]]]}, "properties": {"method_version": "q4_amenity_hub_grid_v1", "candidate_version": "grid_250m_min_20", "candidate_status": "selected_for_workbench", "recommended_for_review": true, "cbsa_code": "40060", "market_slug": "richmond_va", "amenity_hub_id": "40060_grid_250m_min_20_123", "cell_size_meters": 250, "min_pois_per_cell": 20, "cell_count": 1, "cluster_area_sq_km": 0.0625, "poi_count": 20, "category_count": 8, "sub_category_count": 13, "centroid_longitude": -77.5119289431949, "centroid_latitude": 37.48017773594828, "poi_density_per_sq_km": 320.0}}, {"type": "Feature", "geometry": {"type": "Polygon", "coordinates": [[[278000.0, 4162000.0], [277750.0, 4162000.0], [277750.0, 4162250.0], [278000.0, 4162250.0], [278250.0, 4162250.0], [278250.0, 4162000.0], [278500.0, 4162000.0], [278500.0, 4161750.0], [278250.0, 4161750.0], [278000.0, 4161750.0], [278000.0, 4162000.0]]]}, "properties": {"method_version": "q4_amenity_hub_grid_v1", "candidate_version": "grid_250m_min_20", "candidate_status": "selected_for_workbench", "recommended_for_review": true, "cbsa_code": "40060", "market_slug": "richmond_va", "amenity_hub_id": "40060_grid_250m_min_20_124", "cell_size_meters": 250, "min_pois_per_cell": 20, "cell_count": 4, "cluster_area_sq_km": 0.25, "poi_count": 153, "category_count": 13, "sub_category_count": 41, "centroid_longitude": -77.51257678519681, "centroid_latitude": 37.578279553711106, "poi_density_per_sq_km": 612.0}}, {"type": "Feature", "geometry": {"type": "Polygon", "coordinates": [[[278000.0, 4163750.0], [277750.0, 4163750.0], [277750.0, 4164000.0], [277750.0, 4164250.0], [278000.0, 4164250.0], [278000.0, 4164000.0], [278000.0, 4163750.0]]]}, "properties": {"method_version": "q4_amenity_hub_grid_v1", "candidate_version": "grid_250m_min_20", "candidate_status": "selected_for_workbench", "recommended_for_review": true, "cbsa_code": "40060", "market_slug": "richmond_va", "amenity_hub_id": "40060_grid_250m_min_20_125", "cell_size_meters": 250, "min_pois_per_cell": 20, "cell_count": 2, "cluster_area_sq_km": 0.125, "poi_count": 60, "category_count": 9, "sub_category_count": 20, "centroid_longitude": -77.51609322990977, "centroid_latitude": 37.596186014094684, "poi_density_per_sq_km": 480.0}}, {"type": "Feature", "geometry": {"type": "Polygon", "coordinates": [[[278250.0, 4155500.0], [278250.0, 4155750.0], [278000.0, 4155750.0], [278000.0, 4155500.0], [278250.0, 4155500.0]]]}, "properties": {"method_version": "q4_amenity_hub_grid_v1", "candidate_version": "grid_250m_min_20", "candidate_status": "selected_for_workbench", "recommended_for_review": true, "cbsa_code": "40060", "market_slug": "richmond_va", "amenity_hub_id": "40060_grid_250m_min_20_126", "cell_size_meters": 250, "min_pois_per_cell": 20, "cell_count": 1, "cluster_area_sq_km": 0.0625, "poi_count": 26, "category_count": 7, "sub_category_count": 13, "centroid_longitude": -77.51039220697865, "centroid_latitude": 37.520545893851065, "poi_density_per_sq_km": 416.0}}, {"type": "Feature", "geometry": {"type": "Polygon", "coordinates": [[[278250.0, 4162500.0], [278000.0, 4162500.0], [278000.0, 4162750.0], [278000.0, 4163000.0], [278250.0, 4163000.0], [278250.0, 4162750.0], [278250.0, 4162500.0]]]}, "properties": {"method_version": "q4_amenity_hub_grid_v1", "candidate_version": "grid_250m_min_20", "candidate_status": "selected_for_workbench", "recommended_for_review": true, "cbsa_code": "40060", "market_slug": "richmond_va", "amenity_hub_id": "40060_grid_250m_min_20_127", "cell_size_meters": 250, "min_pois_per_cell": 20, "cell_count": 2, "cluster_area_sq_km": 0.125, "poi_count": 199, "category_count": 7, "sub_category_count": 13, "centroid_longitude": -77.51308687264954, "centroid_latitude": 37.584058824997555, "poi_density_per_sq_km": 1592.0}}, {"type": "Feature", "geometry": {"type": "Polygon", "coordinates": [[[278250.0, 4163750.0], [278250.0, 4164000.0], [278250.0, 4164250.0], [278000.0, 4164250.0], [278000.0, 4164500.0], [278000.0, 4164750.0], [278250.0, 4164750.0], [278250.0, 4164500.0], [278500.0, 4164500.0], [278500.0, 4164250.0], [278500.0, 4164000.0], [278500.0, 4163750.0], [278250.0, 4163750.0]]]}, "properties": {"method_version": "q4_amenity_hub_grid_v1", "candidate_version": "grid_250m_min_20", "candidate_status": "selected_for_workbench", "recommended_for_review": true, "cbsa_code": "40060", "market_slug": "richmond_va", "amenity_hub_id": "40060_grid_250m_min_20_128", "cell_size_meters": 250, "min_pois_per_cell": 20, "cell_count": 5, "cluster_area_sq_km": 0.3125, "poi_count": 137, "category_count": 12, "sub_category_count": 37, "centroid_longitude": -77.5112113549378, "centroid_latitude": 37.59895553344374, "poi_density_per_sq_km": 438.4}}, {"type": "Feature", "geometry": {"type": "Polygon", "coordinates": [[[278000.0, 4165000.0], [278000.0, 4165250.0], [278000.0, 4165500.0], [278000.0, 4165750.0], [278250.0, 4165750.0], [278250.0, 4165500.0], [278500.0, 4165500.0], [278500.0, 4165250.0], [278250.0, 4165250.0], [278250.0, 4165000.0], [278000.0, 4165000.0]]]}, "properties": {"method_version": "q4_amenity_hub_grid_v1", "candidate_version": "grid_250m_min_20", "candidate_status": "selected_for_workbench", "recommended_for_review": true, "cbsa_code": "40060", "market_slug": "richmond_va", "amenity_hub_id": "40060_grid_250m_min_20_129", "cell_size_meters": 250, "min_pois_per_cell": 20, "cell_count": 4, "cluster_area_sq_km": 0.25, "poi_count": 183, "category_count": 14, "sub_category_count": 31, "centroid_longitude": -77.51313249413364, "centroid_latitude": 37.60833076532301, "poi_density_per_sq_km": 732.0}}, {"type": "Feature", "geometry": {"type": "Polygon", "coordinates": [[[278250.0, 4168500.0], [278250.0, 4168750.0], [278000.0, 4168750.0], [278000.0, 4168500.0], [278250.0, 4168500.0]]]}, "properties": {"method_version": "q4_amenity_hub_grid_v1", "candidate_version": "grid_250m_min_20", "candidate_status": "selected_for_workbench", "recommended_for_review": true, "cbsa_code": "40060", "market_slug": "richmond_va", "amenity_hub_id": "40060_grid_250m_min_20_130", "cell_size_meters": 250, "min_pois_per_cell": 20, "cell_count": 1, "cluster_area_sq_km": 0.0625, "poi_count": 22, "category_count": 7, "sub_category_count": 12, "centroid_longitude": -77.51469603236507, "centroid_latitude": 37.637693857735705, "poi_density_per_sq_km": 352.0}}, {"type": "Feature", "geometry": {"type": "Polygon", "coordinates": [[[278750.0, 4138750.0], [278500.0, 4138750.0], [278500.0, 4139000.0], [278250.0, 4139000.0], [278250.0, 4139250.0], [278500.0, 4139250.0], [278750.0, 4139250.0], [279000.0, 4139250.0], [279000.0, 4139000.0], [278750.0, 4139000.0], [278750.0, 4138750.0]]]}, "properties": {"method_version": "q4_amenity_hub_grid_v1", "candidate_version": "grid_250m_min_20", "candidate_status": "selected_for_workbench", "recommended_for_review": true, "cbsa_code": "40060", "market_slug": "richmond_va", "amenity_hub_id": "40060_grid_250m_min_20_131", "cell_size_meters": 250, "min_pois_per_cell": 20, "cell_count": 4, "cluster_area_sq_km": 0.25, "poi_count": 109, "category_count": 12, "sub_category_count": 38, "centroid_longitude": -77.50013174033059, "centroid_latitude": 37.3718632338739, "poi_density_per_sq_km": 436.0}}, {"type": "Feature", "geometry": {"type": "Polygon", "coordinates": [[[278500.0, 4167750.0], [278500.0, 4168000.0], [278250.0, 4168000.0], [278250.0, 4167750.0], [278500.0, 4167750.0]]]}, "properties": {"method_version": "q4_amenity_hub_grid_v1", "candidate_version": "grid_250m_min_20", "candidate_status": "selected_for_workbench", "recommended_for_review": true, "cbsa_code": "40060", "market_slug": "richmond_va", "amenity_hub_id": "40060_grid_250m_min_20_132", "cell_size_meters": 250, "min_pois_per_cell": 20, "cell_count": 1, "cluster_area_sq_km": 0.0625, "poi_count": 32, "category_count": 7, "sub_category_count": 18, "centroid_longitude": -77.51148953076526, "centroid_latitude": 37.63170504841222, "poi_density_per_sq_km": 512.0}}, {"type": "Feature", "geometry": {"type": "Polygon", "coordinates": [[[278750.0, 4137500.0], [278750.0, 4137750.0], [278500.0, 4137750.0], [278500.0, 4137500.0], [278750.0, 4137500.0]]]}, "properties": {"method_version": "q4_amenity_hub_grid_v1", "candidate_version": "grid_250m_min_20", "candidate_status": "selected_for_workbench", "recommended_for_review": true, "cbsa_code": "40060", "market_slug": "richmond_va", "amenity_hub_id": "40060_grid_250m_min_20_133", "cell_size_meters": 250, "min_pois_per_cell": 20, "cell_count": 1, "cluster_area_sq_km": 0.0625, "poi_count": 20, "category_count": 7, "sub_category_count": 15, "centroid_longitude": -77.49909155249998, "centroid_latitude": 37.35911216800001, "poi_density_per_sq_km": 320.0}}, {"type": "Feature", "geometry": {"type": "Polygon", "coordinates": [[[278750.0, 4162250.0], [278500.0, 4162250.0], [278500.0, 4162500.0], [278500.0, 4162750.0], [278750.0, 4162750.0], [278750.0, 4162500.0], [278750.0, 4162250.0]]]}, "properties": {"method_version": "q4_amenity_hub_grid_v1", "candidate_version": "grid_250m_min_20", "candidate_status": "selected_for_workbench", "recommended_for_review": true, "cbsa_code": "40060", "market_slug": "richmond_va", "amenity_hub_id": "40060_grid_250m_min_20_134", "cell_size_meters": 250, "min_pois_per_cell": 20, "cell_count": 2, "cluster_area_sq_km": 0.125, "poi_count": 51, "category_count": 8, "sub_category_count": 15, "centroid_longitude": -77.50710824223704, "centroid_latitude": 37.58277748310177, "poi_density_per_sq_km": 408.0}}, {"type": "Feature", "geometry": {"type": "Polygon", "coordinates": [[[279250.0, 4163000.0], [279000.0, 4163000.0], [278750.0, 4163000.0], [278750.0, 4163250.0], [278500.0, 4163250.0], [278500.0, 4163500.0], [278500.0, 4163750.0], [278750.0, 4163750.0], [279000.0, 4163750.0], [279000.0, 4163500.0], [279250.0, 4163500.0], [279250.0, 4163250.0], [279250.0, 4163000.0]]]}, "properties": {"method_version": "q4_amenity_hub_grid_v1", "candidate_version": "grid_250m_min_20", "candidate_status": "selected_for_workbench", "recommended_for_review": true, "cbsa_code": "40060", "market_slug": "richmond_va", "amenity_hub_id": "40060_grid_250m_min_20_135", "cell_size_meters": 250, "min_pois_per_cell": 20, "cell_count": 7, "cluster_area_sq_km": 0.4375, "poi_count": 257, "category_count": 15, "sub_category_count": 55, "centroid_longitude": -77.50514509823661, "centroid_latitude": 37.59059019774586, "poi_density_per_sq_km": 587.4285714285714}}, {"type": "Feature", "geometry": {"type": "Polygon", "coordinates": [[[278750.0, 4164500.0], [278750.0, 4164750.0], [278500.0, 4164750.0], [278500.0, 4164500.0], [278750.0, 4164500.0]]]}, "properties": {"method_version": "q4_amenity_hub_grid_v1", "candidate_version": "grid_250m_min_20", "candidate_status": "selected_for_workbench", "recommended_for_review": true, "cbsa_code": "40060", "market_slug": "richmond_va", "amenity_hub_id": "40060_grid_250m_min_20_136", "cell_size_meters": 250, "min_pois_per_cell": 20, "cell_count": 1, "cluster_area_sq_km": 0.0625, "poi_count": 39, "category_count": 5, "sub_category_count": 12, "centroid_longitude": -77.50785963803469, "centroid_latitude": 37.60186262653888, "poi_density_per_sq_km": 624.0}}, {"type": "Feature", "geometry": {"type": "Polygon", "coordinates": [[[279250.0, 4167000.0], [279000.0, 4167000.0], [279000.0, 4167250.0], [278750.0, 4167250.0], [278750.0, 4167500.0], [279000.0, 4167500.0], [279000.0, 4167750.0], [279250.0, 4167750.0], [279250.0, 4167500.0], [279250.0, 4167250.0], [279250.0, 4167000.0]]]}, "properties": {"method_version": "q4_amenity_hub_grid_v1", "candidate_version": "grid_250m_min_20", "candidate_status": "selected_for_workbench", "recommended_for_review": true, "cbsa_code": "40060", "market_slug": "richmond_va", "amenity_hub_id": "40060_grid_250m_min_20_137", "cell_size_meters": 250, "min_pois_per_cell": 20, "cell_count": 4, "cluster_area_sq_km": 0.25, "poi_count": 117, "category_count": 13, "sub_category_count": 33, "centroid_longitude": -77.5037449627159, "centroid_latitude": 37.62707767304644, "poi_density_per_sq_km": 468.0}}, {"type": "Feature", "geometry": {"type": "Polygon", "coordinates": [[[279000.0, 4167750.0], [279000.0, 4168000.0], [278750.0, 4168000.0], [278750.0, 4167750.0], [279000.0, 4167750.0]]]}, "properties": {"method_version": "q4_amenity_hub_grid_v1", "candidate_version": "grid_250m_min_20", "candidate_status": "selected_for_workbench", "recommended_for_review": true, "cbsa_code": "40060", "market_slug": "richmond_va", "amenity_hub_id": "40060_grid_250m_min_20_138", "cell_size_meters": 250, "min_pois_per_cell": 20, "cell_count": 1, "cluster_area_sq_km": 0.0625, "poi_count": 42, "category_count": 10, "sub_category_count": 24, "centroid_longitude": -77.5064270426861, "centroid_latitude": 37.631551067088814, "poi_density_per_sq_km": 672.0}}, {"type": "Feature", "geometry": {"type": "Polygon", "coordinates": [[[279250.0, 4151500.0], [279250.0, 4151750.0], [279000.0, 4151750.0], [279000.0, 4151500.0], [279250.0, 4151500.0]]]}, "properties": {"method_version": "q4_amenity_hub_grid_v1", "candidate_version": "grid_250m_min_20", "candidate_status": "selected_for_workbench", "recommended_for_review": true, "cbsa_code": "40060", "market_slug": "richmond_va", "amenity_hub_id": "40060_grid_250m_min_20_139", "cell_size_meters": 250, "min_pois_per_cell": 20, "cell_count": 1, "cluster_area_sq_km": 0.0625, "poi_count": 31, "category_count": 8, "sub_category_count": 19, "centroid_longitude": -77.49816172331258, "centroid_latitude": 37.48558036128117, "poi_density_per_sq_km": 496.0}}, {"type": "Feature", "geometry": {"type": "Polygon", "coordinates": [[[279250.0, 4162000.0], [279250.0, 4162250.0], [279000.0, 4162250.0], [279000.0, 4162500.0], [279000.0, 4162750.0], [279250.0, 4162750.0], [279250.0, 4163000.0], [279500.0, 4163000.0], [279500.0, 4162750.0], [279750.0, 4162750.0], [280000.0, 4162750.0], [280000.0, 4162500.0], [280000.0, 4162250.0], [279750.0, 4162250.0], [279750.0, 4162000.0], [279500.0, 4162000.0], [279500.0, 4161750.0], [279250.0, 4161750.0], [279250.0, 4162000.0]]]}, "properties": {"method_version": "q4_amenity_hub_grid_v1", "candidate_version": "grid_250m_min_20", "candidate_status": "selected_for_workbench", "recommended_for_review": true, "cbsa_code": "40060", "market_slug": "richmond_va", "amenity_hub_id": "40060_grid_250m_min_20_140", "cell_size_meters": 250, "min_pois_per_cell": 20, "cell_count": 12, "cluster_area_sq_km": 0.75, "poi_count": 548, "category_count": 18, "sub_category_count": 66, "centroid_longitude": -77.49729889063441, "centroid_latitude": 37.58221998066393, "poi_density_per_sq_km": 730.6666666666666}}, {"type": "Feature", "geometry": {"type": "Polygon", "coordinates": [[[279250.0, 4145000.0], [279250.0, 4145250.0], [279500.0, 4145250.0], [279750.0, 4145250.0], [279750.0, 4145000.0], [279500.0, 4145000.0], [279250.0, 4145000.0]]]}, "properties": {"method_version": "q4_amenity_hub_grid_v1", "candidate_version": "grid_250m_min_20", "candidate_status": "selected_for_workbench", "recommended_for_review": true, "cbsa_code": "40060", "market_slug": "richmond_va", "amenity_hub_id": "40060_grid_250m_min_20_141", "cell_size_meters": 250, "min_pois_per_cell": 20, "cell_count": 2, "cluster_area_sq_km": 0.125, "poi_count": 54, "category_count": 11, "sub_category_count": 24, "centroid_longitude": -77.49204398247299, "centroid_latitude": 37.427200439638824, "poi_density_per_sq_km": 432.0}}, {"type": "Feature", "geometry": {"type": "Polygon", "coordinates": [[[279500.0, 4154000.0], [279500.0, 4154250.0], [279250.0, 4154250.0], [279250.0, 4154000.0], [279500.0, 4154000.0]]]}, "properties": {"method_version": "q4_amenity_hub_grid_v1", "candidate_version": "grid_250m_min_20", "candidate_status": "selected_for_workbench", "recommended_for_review": true, "cbsa_code": "40060", "market_slug": "richmond_va", "amenity_hub_id": "40060_grid_250m_min_20_142", "cell_size_meters": 250, "min_pois_per_cell": 20, "cell_count": 1, "cluster_area_sq_km": 0.0625, "poi_count": 24, "category_count": 6, "sub_category_count": 11, "centroid_longitude": -77.49613144333135, "centroid_latitude": 37.507690959323874, "poi_density_per_sq_km": 384.0}}, {"type": "Feature", "geometry": {"type": "Polygon", "coordinates": [[[279750.0, 4165750.0], [279500.0, 4165750.0], [279500.0, 4166000.0], [279250.0, 4166000.0], [279250.0, 4166250.0], [279500.0, 4166250.0], [279750.0, 4166250.0], [279750.0, 4166000.0], [279750.0, 4165750.0]]]}, "properties": {"method_version": "q4_amenity_hub_grid_v1", "candidate_version": "grid_250m_min_20", "candidate_status": "selected_for_workbench", "recommended_for_review": true, "cbsa_code": "40060", "market_slug": "richmond_va", "amenity_hub_id": "40060_grid_250m_min_20_143", "cell_size_meters": 250, "min_pois_per_cell": 20, "cell_count": 3, "cluster_area_sq_km": 0.1875, "poi_count": 122, "category_count": 15, "sub_category_count": 39, "centroid_longitude": -77.49749313225996, "centroid_latitude": 37.61474115310247, "poi_density_per_sq_km": 650.6666666666666}}, {"type": "Feature", "geometry": {"type": "Polygon", "coordinates": [[[279500.0, 4163250.0], [279500.0, 4163500.0], [279750.0, 4163500.0], [280000.0, 4163500.0], [280000.0, 4163250.0], [279750.0, 4163250.0], [279500.0, 4163250.0]]]}, "properties": {"method_version": "q4_amenity_hub_grid_v1", "candidate_version": "grid_250m_min_20", "candidate_status": "selected_for_workbench", "recommended_for_review": true, "cbsa_code": "40060", "market_slug": "richmond_va", "amenity_hub_id": "40060_grid_250m_min_20_144", "cell_size_meters": 250, "min_pois_per_cell": 20, "cell_count": 2, "cluster_area_sq_km": 0.125, "poi_count": 68, "category_count": 11, "sub_category_count": 26, "centroid_longitude": -77.49423749491837, "centroid_latitude": 37.59066034836362, "poi_density_per_sq_km": 544.0}}, {"type": "Feature", "geometry": {"type": "Polygon", "coordinates": [[[280000.0, 4136750.0], [280000.0, 4137000.0], [279750.0, 4137000.0], [279750.0, 4136750.0], [280000.0, 4136750.0]]]}, "properties": {"method_version": "q4_amenity_hub_grid_v1", "candidate_version": "grid_250m_min_20", "candidate_status": "selected_for_workbench", "recommended_for_review": true, "cbsa_code": "40060", "market_slug": "richmond_va", "amenity_hub_id": "40060_grid_250m_min_20_145", "cell_size_meters": 250, "min_pois_per_cell": 20, "cell_count": 1, "cluster_area_sq_km": 0.0625, "poi_count": 23, "category_count": 7, "sub_category_count": 14, "centroid_longitude": -77.48496986893473, "centroid_latitude": 37.35202858811721, "poi_density_per_sq_km": 368.0}}, {"type": "Feature", "geometry": {"type": "Polygon", "coordinates": [[[280000.0, 4152250.0], [280000.0, 4152500.0], [279750.0, 4152500.0], [279750.0, 4152250.0], [280000.0, 4152250.0]]]}, "properties": {"method_version": "q4_amenity_hub_grid_v1", "candidate_version": "grid_250m_min_20", "candidate_status": "selected_for_workbench", "recommended_for_review": true, "cbsa_code": "40060", "market_slug": "richmond_va", "amenity_hub_id": "40060_grid_250m_min_20_146", "cell_size_meters": 250, "min_pois_per_cell": 20, "cell_count": 1, "cluster_area_sq_km": 0.0625, "poi_count": 27, "category_count": 8, "sub_category_count": 19, "centroid_longitude": -77.49000127977581, "centroid_latitude": 37.491984550102515, "poi_density_per_sq_km": 432.0}}, {"type": "Feature", "geometry": {"type": "Polygon", "coordinates": [[[280000.0, 4165000.0], [279750.0, 4165000.0], [279750.0, 4165250.0], [279750.0, 4165500.0], [280000.0, 4165500.0], [280000.0, 4165250.0], [280000.0, 4165000.0]]]}, "properties": {"method_version": "q4_amenity_hub_grid_v1", "candidate_version": "grid_250m_min_20", "candidate_status": "selected_for_workbench", "recommended_for_review": true, "cbsa_code": "40060", "market_slug": "richmond_va", "amenity_hub_id": "40060_grid_250m_min_20_147", "cell_size_meters": 250, "min_pois_per_cell": 20, "cell_count": 2, "cluster_area_sq_km": 0.125, "poi_count": 55, "category_count": 10, "sub_category_count": 26, "centroid_longitude": -77.49410953872892, "centroid_latitude": 37.607828742169346, "poi_density_per_sq_km": 440.0}}, {"type": "Feature", "geometry": {"type": "Polygon", "coordinates": [[[280250.0, 4136500.0], [280250.0, 4136750.0], [280000.0, 4136750.0], [280000.0, 4136500.0], [280250.0, 4136500.0]]]}, "properties": {"method_version": "q4_amenity_hub_grid_v1", "candidate_version": "grid_250m_min_20", "candidate_status": "selected_for_workbench", "recommended_for_review": true, "cbsa_code": "40060", "market_slug": "richmond_va", "amenity_hub_id": "40060_grid_250m_min_20_148", "cell_size_meters": 250, "min_pois_per_cell": 20, "cell_count": 1, "cluster_area_sq_km": 0.0625, "poi_count": 25, "category_count": 8, "sub_category_count": 20, "centroid_longitude": -77.48301262942255, "centroid_latitude": 37.35042898341697, "poi_density_per_sq_km": 400.0}}, {"type": "Feature", "geometry": {"type": "Polygon", "coordinates": [[[280250.0, 4155250.0], [280000.0, 4155250.0], [280000.0, 4155500.0], [280000.0, 4155750.0], [280250.0, 4155750.0], [280250.0, 4155500.0], [280250.0, 4155250.0]]]}, "properties": {"method_version": "q4_amenity_hub_grid_v1", "candidate_version": "grid_250m_min_20", "candidate_status": "selected_for_workbench", "recommended_for_review": true, "cbsa_code": "40060", "market_slug": "richmond_va", "amenity_hub_id": "40060_grid_250m_min_20_149", "cell_size_meters": 250, "min_pois_per_cell": 20, "cell_count": 2, "cluster_area_sq_km": 0.125, "poi_count": 71, "category_count": 14, "sub_category_count": 34, "centroid_longitude": -77.48828325410567, "centroid_latitude": 37.5204576595089, "poi_density_per_sq_km": 568.0}}, {"type": "Feature", "geometry": {"type": "Polygon", "coordinates": [[[281000.0, 4159000.0], [280750.0, 4159000.0], [280500.0, 4159000.0], [280500.0, 4159250.0], [280250.0, 4159250.0], [280000.0, 4159250.0], [280000.0, 4159500.0], [280000.0, 4159750.0], [280000.0, 4160000.0], [280250.0, 4160000.0], [280500.0, 4160000.0], [280500.0, 4159750.0], [280500.0, 4159500.0], [280750.0, 4159500.0], [280750.0, 4159250.0], [281000.0, 4159250.0], [281250.0, 4159250.0], [281250.0, 4159000.0], [281000.0, 4159000.0]]]}, "properties": {"method_version": "q4_amenity_hub_grid_v1", "candidate_version": "grid_250m_min_20", "candidate_status": "selected_for_workbench", "recommended_for_review": true, "cbsa_code": "40060", "market_slug": "richmond_va", "amenity_hub_id": "40060_grid_250m_min_20_150", "cell_size_meters": 250, "min_pois_per_cell": 20, "cell_count": 10, "cluster_area_sq_km": 0.625, "poi_count": 593, "category_count": 19, "sub_category_count": 67, "centroid_longitude": -77.48352172104644, "centroid_latitude": 37.55463406956976, "poi_density_per_sq_km": 948.8}}, {"type": "Feature", "geometry": {"type": "Polygon", "coordinates": [[[280250.0, 4161750.0], [280250.0, 4162000.0], [280000.0, 4162000.0], [280000.0, 4161750.0], [280250.0, 4161750.0]]]}, "properties": {"method_version": "q4_amenity_hub_grid_v1", "candidate_version": "grid_250m_min_20", "candidate_status": "selected_for_workbench", "recommended_for_review": true, "cbsa_code": "40060", "market_slug": "richmond_va", "amenity_hub_id": "40060_grid_250m_min_20_151", "cell_size_meters": 250, "min_pois_per_cell": 20, "cell_count": 1, "cluster_area_sq_km": 0.0625, "poi_count": 22, "category_count": 8, "sub_category_count": 14, "centroid_longitude": -77.48975419770419, "centroid_latitude": 37.57829470818847, "poi_density_per_sq_km": 352.0}}, {"type": "Feature", "geometry": {"type": "Polygon", "coordinates": [[[280250.0, 4164750.0], [280250.0, 4165000.0], [280000.0, 4165000.0], [280000.0, 4164750.0], [280250.0, 4164750.0]]]}, "properties": {"method_version": "q4_amenity_hub_grid_v1", "candidate_version": "grid_250m_min_20", "candidate_status": "selected_for_workbench", "recommended_for_review": true, "cbsa_code": "40060", "market_slug": "richmond_va", "amenity_hub_id": "40060_grid_250m_min_20_152", "cell_size_meters": 250, "min_pois_per_cell": 20, "cell_count": 1, "cluster_area_sq_km": 0.0625, "poi_count": 31, "category_count": 8, "sub_category_count": 14, "centroid_longitude": -77.49123222362216, "centroid_latitude": 37.60454189948917, "poi_density_per_sq_km": 496.0}}, {"type": "Feature", "geometry": {"type": "Polygon", "coordinates": [[[280500.0, 4150000.0], [280500.0, 4150250.0], [280250.0, 4150250.0], [280250.0, 4150000.0], [280500.0, 4150000.0]]]}, "properties": {"method_version": "q4_amenity_hub_grid_v1", "candidate_version": "grid_250m_min_20", "candidate_status": "selected_for_workbench", "recommended_for_review": true, "cbsa_code": "40060", "market_slug": "richmond_va", "amenity_hub_id": "40060_grid_250m_min_20_153", "cell_size_meters": 250, "min_pois_per_cell": 20, "cell_count": 1, "cluster_area_sq_km": 0.0625, "poi_count": 22, "category_count": 9, "sub_category_count": 14, "centroid_longitude": -77.48295038726332, "centroid_latitude": 37.471904669525884, "poi_density_per_sq_km": 352.0}}, {"type": "Feature", "geometry": {"type": "Polygon", "coordinates": [[[280500.0, 4154000.0], [280500.0, 4154250.0], [280250.0, 4154250.0], [280250.0, 4154000.0], [280500.0, 4154000.0]]]}, "properties": {"method_version": "q4_amenity_hub_grid_v1", "candidate_version": "grid_250m_min_20", "candidate_status": "selected_for_workbench", "recommended_for_review": true, "cbsa_code": "40060", "market_slug": "richmond_va", "amenity_hub_id": "40060_grid_250m_min_20_154", "cell_size_meters": 250, "min_pois_per_cell": 20, "cell_count": 1, "cluster_area_sq_km": 0.0625, "poi_count": 20, "category_count": 6, "sub_category_count": 10, "centroid_longitude": -77.48476423161632, "centroid_latitude": 37.50774361507386, "poi_density_per_sq_km": 320.0}}, {"type": "Feature", "geometry": {"type": "Polygon", "coordinates": [[[280750.0, 4161250.0], [280500.0, 4161250.0], [280500.0, 4161500.0], [280250.0, 4161500.0], [280250.0, 4161750.0], [280500.0, 4161750.0], [280750.0, 4161750.0], [280750.0, 4162000.0], [280750.0, 4162250.0], [281000.0, 4162250.0], [281000.0, 4162000.0], [281000.0, 4161750.0], [281250.0, 4161750.0], [281250.0, 4161500.0], [281000.0, 4161500.0], [281000.0, 4161250.0], [280750.0, 4161250.0]]]}, "properties": {"method_version": "q4_amenity_hub_grid_v1", "candidate_version": "grid_250m_min_20", "candidate_status": "selected_for_workbench", "recommended_for_review": true, "cbsa_code": "40060", "market_slug": "richmond_va", "amenity_hub_id": "40060_grid_250m_min_20_155", "cell_size_meters": 250, "min_pois_per_cell": 20, "cell_count": 8, "cluster_area_sq_km": 0.5, "poi_count": 218, "category_count": 18, "sub_category_count": 52, "centroid_longitude": -77.48260204343906, "centroid_latitude": 37.57575363766903, "poi_density_per_sq_km": 436.0}}, {"type": "Feature", "geometry": {"type": "Polygon", "coordinates": [[[280500.0, 4162500.0], [280500.0, 4162750.0], [280250.0, 4162750.0], [280250.0, 4162500.0], [280500.0, 4162500.0]]]}, "properties": {"method_version": "q4_amenity_hub_grid_v1", "candidate_version": "grid_250m_min_20", "candidate_status": "selected_for_workbench", "recommended_for_review": true, "cbsa_code": "40060", "market_slug": "richmond_va", "amenity_hub_id": "40060_grid_250m_min_20_156", "cell_size_meters": 250, "min_pois_per_cell": 20, "cell_count": 1, "cluster_area_sq_km": 0.0625, "poi_count": 26, "category_count": 7, "sub_category_count": 15, "centroid_longitude": -77.48717996033638, "centroid_latitude": 37.58466977245889, "poi_density_per_sq_km": 416.0}}, {"type": "Feature", "geometry": {"type": "Polygon", "coordinates": [[[280500.0, 4168750.0], [280500.0, 4169000.0], [280250.0, 4169000.0], [280250.0, 4168750.0], [280500.0, 4168750.0]]]}, "properties": {"method_version": "q4_amenity_hub_grid_v1", "candidate_version": "grid_250m_min_20", "candidate_status": "selected_for_workbench", "recommended_for_review": true, "cbsa_code": "40060", "market_slug": "richmond_va", "amenity_hub_id": "40060_grid_250m_min_20_157", "cell_size_meters": 250, "min_pois_per_cell": 20, "cell_count": 1, "cluster_area_sq_km": 0.0625, "poi_count": 43, "category_count": 8, "sub_category_count": 19, "centroid_longitude": -77.48857684481992, "centroid_latitude": 37.64030883171313, "poi_density_per_sq_km": 688.0}}, {"type": "Feature", "geometry": {"type": "Polygon", "coordinates": [[[280750.0, 4153750.0], [280750.0, 4154000.0], [280500.0, 4154000.0], [280500.0, 4153750.0], [280750.0, 4153750.0]]]}, "properties": {"method_version": "q4_amenity_hub_grid_v1", "candidate_version": "grid_250m_min_20", "candidate_status": "selected_for_workbench", "recommended_for_review": true, "cbsa_code": "40060", "market_slug": "richmond_va", "amenity_hub_id": "40060_grid_250m_min_20_158", "cell_size_meters": 250, "min_pois_per_cell": 20, "cell_count": 1, "cluster_area_sq_km": 0.0625, "poi_count": 27, "category_count": 11, "sub_category_count": 18, "centroid_longitude": -77.48177686813715, "centroid_latitude": 37.50601012703636, "poi_density_per_sq_km": 432.0}}, {"type": "Feature", "geometry": {"type": "Polygon", "coordinates": [[[281000.0, 4153250.0], [281000.0, 4153500.0], [280750.0, 4153500.0], [280750.0, 4153250.0], [281000.0, 4153250.0]]]}, "properties": {"method_version": "q4_amenity_hub_grid_v1", "candidate_version": "grid_250m_min_20", "candidate_status": "selected_for_workbench", "recommended_for_review": true, "cbsa_code": "40060", "market_slug": "richmond_va", "amenity_hub_id": "40060_grid_250m_min_20_159", "cell_size_meters": 250, "min_pois_per_cell": 20, "cell_count": 1, "cluster_area_sq_km": 0.0625, "poi_count": 20, "category_count": 6, "sub_category_count": 12, "centroid_longitude": -77.47826886961086, "centroid_latitude": 37.50168572940553, "poi_density_per_sq_km": 320.0}}, {"type": "Feature", "geometry": {"type": "Polygon", "coordinates": [[[281250.0, 4146750.0], [281250.0, 4147000.0], [281000.0, 4147000.0], [281000.0, 4146750.0], [281250.0, 4146750.0]]]}, "properties": {"method_version": "q4_amenity_hub_grid_v1", "candidate_version": "grid_250m_min_20", "candidate_status": "selected_for_workbench", "recommended_for_review": true, "cbsa_code": "40060", "market_slug": "richmond_va", "amenity_hub_id": "40060_grid_250m_min_20_160", "cell_size_meters": 250, "min_pois_per_cell": 20, "cell_count": 1, "cluster_area_sq_km": 0.0625, "poi_count": 25, "category_count": 6, "sub_category_count": 15, "centroid_longitude": -77.4740820828, "centroid_latitude": 37.443007814000005, "poi_density_per_sq_km": 400.0}}, {"type": "Feature", "geometry": {"type": "Polygon", "coordinates": [[[281000.0, 4153500.0], [281000.0, 4153750.0], [281250.0, 4153750.0], [281500.0, 4153750.0], [281500.0, 4153500.0], [281250.0, 4153500.0], [281000.0, 4153500.0]]]}, "properties": {"method_version": "q4_amenity_hub_grid_v1", "candidate_version": "grid_250m_min_20", "candidate_status": "selected_for_workbench", "recommended_for_review": true, "cbsa_code": "40060", "market_slug": "richmond_va", "amenity_hub_id": "40060_grid_250m_min_20_161", "cell_size_meters": 250, "min_pois_per_cell": 20, "cell_count": 2, "cluster_area_sq_km": 0.125, "poi_count": 70, "category_count": 12, "sub_category_count": 26, "centroid_longitude": -77.47472714536946, "centroid_latitude": 37.503675509190934, "poi_density_per_sq_km": 560.0}}, {"type": "Feature", "geometry": {"type": "Polygon", "coordinates": [[[281500.0, 4160500.0], [281250.0, 4160500.0], [281250.0, 4160750.0], [281000.0, 4160750.0], [281000.0, 4161000.0], [281250.0, 4161000.0], [281500.0, 4161000.0], [281500.0, 4161250.0], [281750.0, 4161250.0], [282000.0, 4161250.0], [282250.0, 4161250.0], [282250.0, 4161000.0], [282250.0, 4160750.0], [282000.0, 4160750.0], [282000.0, 4160500.0], [282000.0, 4160250.0], [282000.0, 4160000.0], [281750.0, 4160000.0], [281750.0, 4160250.0], [281500.0, 4160250.0], [281500.0, 4160500.0]]]}, "properties": {"method_version": "q4_amenity_hub_grid_v1", "candidate_version": "grid_250m_min_20", "candidate_status": "selected_for_workbench", "recommended_for_review": true, "cbsa_code": "40060", "market_slug": "richmond_va", "amenity_hub_id": "40060_grid_250m_min_20_162", "cell_size_meters": 250, "min_pois_per_cell": 20, "cell_count": 14, "cluster_area_sq_km": 0.875, "poi_count": 674, "category_count": 18, "sub_category_count": 73, "centroid_longitude": -77.4715361719166, "centroid_latitude": 37.56724101300698, "poi_density_per_sq_km": 770.2857142857143}}, {"type": "Feature", "geometry": {"type": "Polygon", "coordinates": [[[281500.0, 4146250.0], [281500.0, 4146500.0], [281250.0, 4146500.0], [281250.0, 4146250.0], [281500.0, 4146250.0]]]}, "properties": {"method_version": "q4_amenity_hub_grid_v1", "candidate_version": "grid_250m_min_20", "candidate_status": "selected_for_workbench", "recommended_for_review": true, "cbsa_code": "40060", "market_slug": "richmond_va", "amenity_hub_id": "40060_grid_250m_min_20_163", "cell_size_meters": 250, "min_pois_per_cell": 20, "cell_count": 1, "cluster_area_sq_km": 0.0625, "poi_count": 39, "category_count": 6, "sub_category_count": 18, "centroid_longitude": -77.47125576489418, "centroid_latitude": 37.43886584002047, "poi_density_per_sq_km": 624.0}}, {"type": "Feature", "geometry": {"type": "Polygon", "coordinates": [[[282250.0, 4158500.0], [282000.0, 4158500.0], [281750.0, 4158500.0], [281750.0, 4158750.0], [281500.0, 4158750.0], [281250.0, 4158750.0], [281250.0, 4159000.0], [281500.0, 4159000.0], [281500.0, 4159250.0], [281250.0, 4159250.0], [281250.0, 4159500.0], [281500.0, 4159500.0], [281750.0, 4159500.0], [281750.0, 4159250.0], [281750.0, 4159000.0], [282000.0, 4159000.0], [282000.0, 4158750.0], [282250.0, 4158750.0], [282500.0, 4158750.0], [282500.0, 4158500.0], [282250.0, 4158500.0]]]}, "properties": {"method_version": "q4_amenity_hub_grid_v1", "candidate_version": "grid_250m_min_20", "candidate_status": "selected_for_workbench", "recommended_for_review": true, "cbsa_code": "40060", "market_slug": "richmond_va", "amenity_hub_id": "40060_grid_250m_min_20_164", "cell_size_meters": 250, "min_pois_per_cell": 20, "cell_count": 9, "cluster_area_sq_km": 0.5625, "poi_count": 383, "category_count": 19, "sub_category_count": 67, "centroid_longitude": -77.47049406527367, "centroid_latitude": 37.55125799346481, "poi_density_per_sq_km": 680.8888888888889}}, {"type": "Feature", "geometry": {"type": "Polygon", "coordinates": [[[281500.0, 4159750.0], [281500.0, 4160000.0], [281250.0, 4160000.0], [281250.0, 4159750.0], [281500.0, 4159750.0]]]}, "properties": {"method_version": "q4_amenity_hub_grid_v1", "candidate_version": "grid_250m_min_20", "candidate_status": "selected_for_workbench", "recommended_for_review": true, "cbsa_code": "40060", "market_slug": "richmond_va", "amenity_hub_id": "40060_grid_250m_min_20_165", "cell_size_meters": 250, "min_pois_per_cell": 20, "cell_count": 1, "cluster_area_sq_km": 0.0625, "poi_count": 35, "category_count": 7, "sub_category_count": 18, "centroid_longitude": -77.47460859014325, "centroid_latitude": 37.56037190552479, "poi_density_per_sq_km": 560.0}}, {"type": "Feature", "geometry": {"type": "Polygon", "coordinates": [[[281250.0, 4182000.0], [281250.0, 4182250.0], [281500.0, 4182250.0], [281500.0, 4182000.0], [281750.0, 4182000.0], [282000.0, 4182000.0], [282250.0, 4182000.0], [282250.0, 4181750.0], [282000.0, 4181750.0], [281750.0, 4181750.0], [281500.0, 4181750.0], [281250.0, 4181750.0], [281250.0, 4182000.0]]]}, "properties": {"method_version": "q4_amenity_hub_grid_v1", "candidate_version": "grid_250m_min_20", "candidate_status": "selected_for_workbench", "recommended_for_review": true, "cbsa_code": "40060", "market_slug": "richmond_va", "amenity_hub_id": "40060_grid_250m_min_20_166", "cell_size_meters": 250, "min_pois_per_cell": 20, "cell_count": 5, "cluster_area_sq_km": 0.3125, "poi_count": 208, "category_count": 19, "sub_category_count": 60, "centroid_longitude": -77.47937915705917, "centroid_latitude": 37.75863597023847, "poi_density_per_sq_km": 665.6}}, {"type": "Feature", "geometry": {"type": "Polygon", "coordinates": [[[281750.0, 4162500.0], [281750.0, 4162750.0], [281500.0, 4162750.0], [281500.0, 4162500.0], [281750.0, 4162500.0]]]}, "properties": {"method_version": "q4_amenity_hub_grid_v1", "candidate_version": "grid_250m_min_20", "candidate_status": "selected_for_workbench", "recommended_for_review": true, "cbsa_code": "40060", "market_slug": "richmond_va", "amenity_hub_id": "40060_grid_250m_min_20_167", "cell_size_meters": 250, "min_pois_per_cell": 20, "cell_count": 1, "cluster_area_sq_km": 0.0625, "poi_count": 47, "category_count": 7, "sub_category_count": 16, "centroid_longitude": -77.47264605336724, "centroid_latitude": 37.5847573282874, "poi_density_per_sq_km": 752.0}}, {"type": "Feature", "geometry": {"type": "Polygon", "coordinates": [[[282000.0, 4121250.0], [282000.0, 4121500.0], [281750.0, 4121500.0], [281750.0, 4121250.0], [282000.0, 4121250.0]]]}, "properties": {"method_version": "q4_amenity_hub_grid_v1", "candidate_version": "grid_250m_min_20", "candidate_status": "selected_for_workbench", "recommended_for_review": true, "cbsa_code": "40060", "market_slug": "richmond_va", "amenity_hub_id": "40060_grid_250m_min_20_168", "cell_size_meters": 250, "min_pois_per_cell": 20, "cell_count": 1, "cluster_area_sq_km": 0.0625, "poi_count": 23, "category_count": 7, "sub_category_count": 15, "centroid_longitude": -77.45824919139638, "centroid_latitude": 37.21315263457646, "poi_density_per_sq_km": 368.0}}, {"type": "Feature", "geometry": {"type": "Polygon", "coordinates": [[[282000.0, 4152750.0], [282000.0, 4153000.0], [281750.0, 4153000.0], [281750.0, 4152750.0], [282000.0, 4152750.0]]]}, "properties": {"method_version": "q4_amenity_hub_grid_v1", "candidate_version": "grid_250m_min_20", "candidate_status": "selected_for_workbench", "recommended_for_review": true, "cbsa_code": "40060", "market_slug": "richmond_va", "amenity_hub_id": "40060_grid_250m_min_20_169", "cell_size_meters": 250, "min_pois_per_cell": 20, "cell_count": 1, "cluster_area_sq_km": 0.0625, "poi_count": 69, "category_count": 6, "sub_category_count": 13, "centroid_longitude": -77.46655000904875, "centroid_latitude": 37.496416884180356, "poi_density_per_sq_km": 1104.0}}, {"type": "Feature", "geometry": {"type": "Polygon", "coordinates": [[[282000.0, 4166000.0], [282000.0, 4166250.0], [281750.0, 4166250.0], [281750.0, 4166000.0], [282000.0, 4166000.0]]]}, "properties": {"method_version": "q4_amenity_hub_grid_v1", "candidate_version": "grid_250m_min_20", "candidate_status": "selected_for_workbench", "recommended_for_review": true, "cbsa_code": "40060", "market_slug": "richmond_va", "amenity_hub_id": "40060_grid_250m_min_20_170", "cell_size_meters": 250, "min_pois_per_cell": 20, "cell_count": 1, "cluster_area_sq_km": 0.0625, "poi_count": 46, "category_count": 8, "sub_category_count": 25, "centroid_longitude": -77.47078730976105, "centroid_latitude": 37.61600075826833, "poi_density_per_sq_km": 736.0}}, {"type": "Feature", "geometry": {"type": "Polygon", "coordinates": [[[282250.0, 4159250.0], [282250.0, 4159500.0], [282000.0, 4159500.0], [282000.0, 4159250.0], [282250.0, 4159250.0]]]}, "properties": {"method_version": "q4_amenity_hub_grid_v1", "candidate_version": "grid_250m_min_20", "candidate_status": "selected_for_workbench", "recommended_for_review": true, "cbsa_code": "40060", "market_slug": "richmond_va", "amenity_hub_id": "40060_grid_250m_min_20_171", "cell_size_meters": 250, "min_pois_per_cell": 20, "cell_count": 1, "cluster_area_sq_km": 0.0625, "poi_count": 21, "category_count": 4, "sub_category_count": 8, "centroid_longitude": -77.46655224577071, "centroid_latitude": 37.55559580484908, "poi_density_per_sq_km": 336.0}}, {"type": "Feature", "geometry": {"type": "Polygon", "coordinates": [[[282250.0, 4159750.0], [282250.0, 4160000.0], [282000.0, 4160000.0], [282000.0, 4159750.0], [282250.0, 4159750.0]]]}, "properties": {"method_version": "q4_amenity_hub_grid_v1", "candidate_version": "grid_250m_min_20", "candidate_status": "selected_for_workbench", "recommended_for_review": true, "cbsa_code": "40060", "market_slug": "richmond_va", "amenity_hub_id": "40060_grid_250m_min_20_172", "cell_size_meters": 250, "min_pois_per_cell": 20, "cell_count": 1, "cluster_area_sq_km": 0.0625, "poi_count": 20, "category_count": 10, "sub_category_count": 12, "centroid_longitude": -77.46670338468215, "centroid_latitude": 37.5603455591364, "poi_density_per_sq_km": 320.0}}, {"type": "Feature", "geometry": {"type": "Polygon", "coordinates": [[[282250.0, 4164250.0], [282000.0, 4164250.0], [282000.0, 4164500.0], [282000.0, 4164750.0], [282000.0, 4165000.0], [282250.0, 4165000.0], [282250.0, 4164750.0], [282250.0, 4164500.0], [282250.0, 4164250.0]]]}, "properties": {"method_version": "q4_amenity_hub_grid_v1", "candidate_version": "grid_250m_min_20", "candidate_status": "selected_for_workbench", "recommended_for_review": true, "cbsa_code": "40060", "market_slug": "richmond_va", "amenity_hub_id": "40060_grid_250m_min_20_173", "cell_size_meters": 250, "min_pois_per_cell": 20, "cell_count": 3, "cluster_area_sq_km": 0.1875, "poi_count": 98, "category_count": 12, "sub_category_count": 37, "centroid_longitude": -77.46731099468604, "centroid_latitude": 37.603146398534264, "poi_density_per_sq_km": 522.6666666666666}}, {"type": "Feature", "geometry": {"type": "Polygon", "coordinates": [[[282750.0, 4158750.0], [282750.0, 4159000.0], [282500.0, 4159000.0], [282500.0, 4159250.0], [282500.0, 4159500.0], [282250.0, 4159500.0], [282250.0, 4159750.0], [282500.0, 4159750.0], [282750.0, 4159750.0], [282750.0, 4159500.0], [283000.0, 4159500.0], [283000.0, 4159250.0], [283250.0, 4159250.0], [283250.0, 4159000.0], [283000.0, 4159000.0], [283000.0, 4158750.0], [282750.0, 4158750.0]]]}, "properties": {"method_version": "q4_amenity_hub_grid_v1", "candidate_version": "grid_250m_min_20", "candidate_status": "selected_for_workbench", "recommended_for_review": true, "cbsa_code": "40060", "market_slug": "richmond_va", "amenity_hub_id": "40060_grid_250m_min_20_174", "cell_size_meters": 250, "min_pois_per_cell": 20, "cell_count": 8, "cluster_area_sq_km": 0.5, "poi_count": 275, "category_count": 18, "sub_category_count": 60, "centroid_longitude": -77.4588731513345, "centroid_latitude": 37.55497485107368, "poi_density_per_sq_km": 550.0}}, {"type": "Feature", "geometry": {"type": "Polygon", "coordinates": [[[282500.0, 4180500.0], [282500.0, 4180750.0], [282250.0, 4180750.0], [282250.0, 4180500.0], [282500.0, 4180500.0]]]}, "properties": {"method_version": "q4_amenity_hub_grid_v1", "candidate_version": "grid_250m_min_20", "candidate_status": "selected_for_workbench", "recommended_for_review": true, "cbsa_code": "40060", "market_slug": "richmond_va", "amenity_hub_id": "40060_grid_250m_min_20_175", "cell_size_meters": 250, "min_pois_per_cell": 20, "cell_count": 1, "cluster_area_sq_km": 0.0625, "poi_count": 22, "category_count": 9, "sub_category_count": 14, "centroid_longitude": -77.47067855338717, "centroid_latitude": 37.74645915586762, "poi_density_per_sq_km": 352.0}}, {"type": "Feature", "geometry": {"type": "Polygon", "coordinates": [[[282500.0, 4181250.0], [282500.0, 4181500.0], [282250.0, 4181500.0], [282250.0, 4181250.0], [282500.0, 4181250.0]]]}, "properties": {"method_version": "q4_amenity_hub_grid_v1", "candidate_version": "grid_250m_min_20", "candidate_status": "selected_for_workbench", "recommended_for_review": true, "cbsa_code": "40060", "market_slug": "richmond_va", "amenity_hub_id": "40060_grid_250m_min_20_176", "cell_size_meters": 250, "min_pois_per_cell": 20, "cell_count": 1, "cluster_area_sq_km": 0.0625, "poi_count": 38, "category_count": 10, "sub_category_count": 23, "centroid_longitude": -77.47033463206239, "centroid_latitude": 37.75399915869743, "poi_density_per_sq_km": 608.0}}, {"type": "Feature", "geometry": {"type": "Polygon", "coordinates": [[[282500.0, 4182000.0], [282500.0, 4182250.0], [282250.0, 4182250.0], [282250.0, 4182000.0], [282500.0, 4182000.0]]]}, "properties": {"method_version": "q4_amenity_hub_grid_v1", "candidate_version": "grid_250m_min_20", "candidate_status": "selected_for_workbench", "recommended_for_review": true, "cbsa_code": "40060", "market_slug": "richmond_va", "amenity_hub_id": "40060_grid_250m_min_20_177", "cell_size_meters": 250, "min_pois_per_cell": 20, "cell_count": 1, "cluster_area_sq_km": 0.0625, "poi_count": 44, "category_count": 8, "sub_category_count": 21, "centroid_longitude": -77.47057563788542, "centroid_latitude": 37.76056746772941, "poi_density_per_sq_km": 704.0}}, {"type": "Feature", "geometry": {"type": "Polygon", "coordinates": [[[283750.0, 4158000.0], [283750.0, 4158250.0], [283750.0, 4158500.0], [283500.0, 4158500.0], [283500.0, 4158250.0], [283500.0, 4158000.0], [283250.0, 4158000.0], [283000.0, 4158000.0], [282750.0, 4158000.0], [282750.0, 4158250.0], [282500.0, 4158250.0], [282500.0, 4158500.0], [282750.0, 4158500.0], [283000.0, 4158500.0], [283000.0, 4158750.0], [283250.0, 4158750.0], [283250.0, 4159000.0], [283500.0, 4159000.0], [283750.0, 4159000.0], [283750.0, 4158750.0], [284000.0, 4158750.0], [284000.0, 4158500.0], [284250.0, 4158500.0], [284500.0, 4158500.0], [284750.0, 4158500.0], [284750.0, 4158250.0], [284750.0, 4158000.0], [285000.0, 4158000.0], [285000.0, 4157750.0], [285250.0, 4157750.0], [285250.0, 4158000.0], [285500.0, 4158000.0], [285500.0, 4157750.0], [285500.0, 4157500.0], [285500.0, 4157250.0], [285750.0, 4157250.0], [285750.0, 4157000.0], [286000.0, 4157000.0], [286000.0, 4156750.0], [286250.0, 4156750.0], [286250.0, 4157000.0], [286500.0, 4157000.0], [286750.0, 4157000.0], [286750.0, 4156750.0], [286500.0, 4156750.0], [286500.0, 4156500.0], [286250.0, 4156500.0], [286000.0, 4156500.0], [286000.0, 4156250.0], [285750.0, 4156250.0], [285750.0, 4156500.0], [285500.0, 4156500.0], [285250.0, 4156500.0], [285250.0, 4156750.0], [285000.0, 4156750.0], [284750.0, 4156750.0], [284500.0, 4156750.0], [284500.0, 4157000.0], [284500.0, 4157250.0], [284250.0, 4157250.0], [284250.0, 4157500.0], [284000.0, 4157500.0], [284000.0, 4157750.0], [283750.0, 4157750.0], [283750.0, 4158000.0]]]}, "properties": {"method_version": "q4_amenity_hub_grid_v1", "candidate_version": "grid_250m_min_20", "candidate_status": "selected_for_workbench", "recommended_for_review": true, "cbsa_code": "40060", "market_slug": "richmond_va", "amenity_hub_id": "40060_grid_250m_min_20_178", "cell_size_meters": 250, "min_pois_per_cell": 20, "cell_count": 57, "cluster_area_sq_km": 3.5625, "poi_count": 3984, "category_count": 21, "sub_category_count": 104, "centroid_longitude": -77.43713405352561, "centroid_latitude": 37.54069515843313, "poi_density_per_sq_km": 1118.3157894736842}}, {"type": "Feature", "geometry": {"type": "Polygon", "coordinates": [[[282750.0, 4180250.0], [282750.0, 4180500.0], [282500.0, 4180500.0], [282500.0, 4180250.0], [282750.0, 4180250.0]]]}, "properties": {"method_version": "q4_amenity_hub_grid_v1", "candidate_version": "grid_250m_min_20", "candidate_status": "selected_for_workbench", "recommended_for_review": true, "cbsa_code": "40060", "market_slug": "richmond_va", "amenity_hub_id": "40060_grid_250m_min_20_179", "cell_size_meters": 250, "min_pois_per_cell": 20, "cell_count": 1, "cluster_area_sq_km": 0.0625, "poi_count": 22, "category_count": 6, "sub_category_count": 9, "centroid_longitude": -77.46733328013542, "centroid_latitude": 37.74486052312391, "poi_density_per_sq_km": 352.0}}, {"type": "Feature", "geometry": {"type": "Polygon", "coordinates": [[[282500.0, 4181750.0], [282500.0, 4182000.0], [282750.0, 4182000.0], [283000.0, 4182000.0], [283000.0, 4181750.0], [282750.0, 4181750.0], [282500.0, 4181750.0]]]}, "properties": {"method_version": "q4_amenity_hub_grid_v1", "candidate_version": "grid_250m_min_20", "candidate_status": "selected_for_workbench", "recommended_for_review": true, "cbsa_code": "40060", "market_slug": "richmond_va", "amenity_hub_id": "40060_grid_250m_min_20_180", "cell_size_meters": 250, "min_pois_per_cell": 20, "cell_count": 2, "cluster_area_sq_km": 0.125, "poi_count": 52, "category_count": 9, "sub_category_count": 17, "centroid_longitude": -77.46640234750592, "centroid_latitude": 37.7585302150246, "poi_density_per_sq_km": 416.0}}, {"type": "Feature", "geometry": {"type": "Polygon", "coordinates": [[[283000.0, 4136750.0], [283000.0, 4137000.0], [282750.0, 4137000.0], [282750.0, 4136750.0], [283000.0, 4136750.0]]]}, "properties": {"method_version": "q4_amenity_hub_grid_v1", "candidate_version": "grid_250m_min_20", "candidate_status": "selected_for_workbench", "recommended_for_review": true, "cbsa_code": "40060", "market_slug": "richmond_va", "amenity_hub_id": "40060_grid_250m_min_20_181", "cell_size_meters": 250, "min_pois_per_cell": 20, "cell_count": 1, "cluster_area_sq_km": 0.0625, "poi_count": 28, "category_count": 7, "sub_category_count": 16, "centroid_longitude": -77.45174135765828, "centroid_latitude": 37.35350467468646, "poi_density_per_sq_km": 448.0}}, {"type": "Feature", "geometry": {"type": "Polygon", "coordinates": [[[282750.0, 4154500.0], [282750.0, 4154750.0], [283000.0, 4154750.0], [283250.0, 4154750.0], [283250.0, 4154500.0], [283000.0, 4154500.0], [282750.0, 4154500.0]]]}, "properties": {"method_version": "q4_amenity_hub_grid_v1", "candidate_version": "grid_250m_min_20", "candidate_status": "selected_for_workbench", "recommended_for_review": true, "cbsa_code": "40060", "market_slug": "richmond_va", "amenity_hub_id": "40060_grid_250m_min_20_182", "cell_size_meters": 250, "min_pois_per_cell": 20, "cell_count": 2, "cluster_area_sq_km": 0.125, "poi_count": 56, "category_count": 11, "sub_category_count": 24, "centroid_longitude": -77.455758520485, "centroid_latitude": 37.513148074311815, "poi_density_per_sq_km": 448.0}}, {"type": "Feature", "geometry": {"type": "Polygon", "coordinates": [[[283000.0, 4160250.0], [283000.0, 4160500.0], [282750.0, 4160500.0], [282750.0, 4160250.0], [283000.0, 4160250.0]]]}, "properties": {"method_version": "q4_amenity_hub_grid_v1", "candidate_version": "grid_250m_min_20", "candidate_status": "selected_for_workbench", "recommended_for_review": true, "cbsa_code": "40060", "market_slug": "richmond_va", "amenity_hub_id": "40060_grid_250m_min_20_183", "cell_size_meters": 250, "min_pois_per_cell": 20, "cell_count": 1, "cluster_area_sq_km": 0.0625, "poi_count": 21, "category_count": 7, "sub_category_count": 14, "centroid_longitude": -77.45887113511093, "centroid_latitude": 37.56431690095258, "poi_density_per_sq_km": 336.0}}, {"type": "Feature", "geometry": {"type": "Polygon", "coordinates": [[[283000.0, 4163000.0], [283000.0, 4163250.0], [282750.0, 4163250.0], [282750.0, 4163000.0], [283000.0, 4163000.0]]]}, "properties": {"method_version": "q4_amenity_hub_grid_v1", "candidate_version": "grid_250m_min_20", "candidate_status": "selected_for_workbench", "recommended_for_review": true, "cbsa_code": "40060", "market_slug": "richmond_va", "amenity_hub_id": "40060_grid_250m_min_20_184", "cell_size_meters": 250, "min_pois_per_cell": 20, "cell_count": 1, "cluster_area_sq_km": 0.0625, "poi_count": 34, "category_count": 9, "sub_category_count": 16, "centroid_longitude": -77.45825976175522, "centroid_latitude": 37.589573922862506, "poi_density_per_sq_km": 544.0}}, {"type": "Feature", "geometry": {"type": "Polygon", "coordinates": [[[283000.0, 4168250.0], [283000.0, 4168500.0], [282750.0, 4168500.0], [282750.0, 4168250.0], [283000.0, 4168250.0]]]}, "properties": {"method_version": "q4_amenity_hub_grid_v1", "candidate_version": "grid_250m_min_20", "candidate_status": "selected_for_workbench", "recommended_for_review": true, "cbsa_code": "40060", "market_slug": "richmond_va", "amenity_hub_id": "40060_grid_250m_min_20_185", "cell_size_meters": 250, "min_pois_per_cell": 20, "cell_count": 1, "cluster_area_sq_km": 0.0625, "poi_count": 34, "category_count": 9, "sub_category_count": 18, "centroid_longitude": -77.46122753460453, "centroid_latitude": 37.63708211013574, "poi_density_per_sq_km": 544.0}}, {"type": "Feature", "geometry": {"type": "Polygon", "coordinates": [[[283000.0, 4172000.0], [283000.0, 4172250.0], [282750.0, 4172250.0], [282750.0, 4172000.0], [283000.0, 4172000.0]]]}, "properties": {"method_version": "q4_amenity_hub_grid_v1", "candidate_version": "grid_250m_min_20", "candidate_status": "selected_for_workbench", "recommended_for_review": true, "cbsa_code": "40060", "market_slug": "richmond_va", "amenity_hub_id": "40060_grid_250m_min_20_186", "cell_size_meters": 250, "min_pois_per_cell": 20, "cell_count": 1, "cluster_area_sq_km": 0.0625, "poi_count": 32, "category_count": 9, "sub_category_count": 19, "centroid_longitude": -77.46202579331487, "centroid_latitude": 37.67037037160858, "poi_density_per_sq_km": 512.0}}, {"type": "Feature", "geometry": {"type": "Polygon", "coordinates": [[[283000.0, 4172500.0], [283000.0, 4172750.0], [282750.0, 4172750.0], [282750.0, 4172500.0], [283000.0, 4172500.0]]]}, "properties": {"method_version": "q4_amenity_hub_grid_v1", "candidate_version": "grid_250m_min_20", "candidate_status": "selected_for_workbench", "recommended_for_review": true, "cbsa_code": "40060", "market_slug": "richmond_va", "amenity_hub_id": "40060_grid_250m_min_20_187", "cell_size_meters": 250, "min_pois_per_cell": 20, "cell_count": 1, "cluster_area_sq_km": 0.0625, "poi_count": 27, "category_count": 5, "sub_category_count": 13, "centroid_longitude": -77.4625875225575, "centroid_latitude": 37.67466348491385, "poi_density_per_sq_km": 432.0}}, {"type": "Feature", "geometry": {"type": "Polygon", "coordinates": [[[283000.0, 4173750.0], [283000.0, 4174000.0], [282750.0, 4174000.0], [282750.0, 4173750.0], [283000.0, 4173750.0]]]}, "properties": {"method_version": "q4_amenity_hub_grid_v1", "candidate_version": "grid_250m_min_20", "candidate_status": "selected_for_workbench", "recommended_for_review": true, "cbsa_code": "40060", "market_slug": "richmond_va", "amenity_hub_id": "40060_grid_250m_min_20_188", "cell_size_meters": 250, "min_pois_per_cell": 20, "cell_count": 1, "cluster_area_sq_km": 0.0625, "poi_count": 21, "category_count": 7, "sub_category_count": 13, "centroid_longitude": -77.46172243824155, "centroid_latitude": 37.68629767265155, "poi_density_per_sq_km": 336.0}}, {"type": "Feature", "geometry": {"type": "Polygon", "coordinates": [[[283000.0, 4137250.0], [283250.0, 4137250.0], [283250.0, 4137500.0], [283500.0, 4137500.0], [283750.0, 4137500.0], [283750.0, 4137250.0], [283500.0, 4137250.0], [283500.0, 4137000.0], [283250.0, 4137000.0], [283000.0, 4137000.0], [283000.0, 4137250.0]]]}, "properties": {"method_version": "q4_amenity_hub_grid_v1", "candidate_version": "grid_250m_min_20", "candidate_status": "selected_for_workbench", "recommended_for_review": true, "cbsa_code": "40060", "market_slug": "richmond_va", "amenity_hub_id": "40060_grid_250m_min_20_189", "cell_size_meters": 250, "min_pois_per_cell": 20, "cell_count": 4, "cluster_area_sq_km": 0.25, "poi_count": 170, "category_count": 15, "sub_category_count": 47, "centroid_longitude": -77.44613549542345, "centroid_latitude": 37.35664688531174, "poi_density_per_sq_km": 680.0}}, {"type": "Feature", "geometry": {"type": "Polygon", "coordinates": [[[283250.0, 4165750.0], [283250.0, 4166000.0], [283000.0, 4166000.0], [283000.0, 4165750.0], [283250.0, 4165750.0]]]}, "properties": {"method_version": "q4_amenity_hub_grid_v1", "candidate_version": "grid_250m_min_20", "candidate_status": "selected_for_workbench", "recommended_for_review": true, "cbsa_code": "40060", "market_slug": "richmond_va", "amenity_hub_id": "40060_grid_250m_min_20_190", "cell_size_meters": 250, "min_pois_per_cell": 20, "cell_count": 1, "cluster_area_sq_km": 0.0625, "poi_count": 21, "category_count": 7, "sub_category_count": 10, "centroid_longitude": -77.45769543228248, "centroid_latitude": 37.614175767489606, "poi_density_per_sq_km": 336.0}}, {"type": "Feature", "geometry": {"type": "Polygon", "coordinates": [[[283250.0, 4166750.0], [283250.0, 4167000.0], [283000.0, 4167000.0], [283000.0, 4166750.0], [283250.0, 4166750.0]]]}, "properties": {"method_version": "q4_amenity_hub_grid_v1", "candidate_version": "grid_250m_min_20", "candidate_status": "selected_for_workbench", "recommended_for_review": true, "cbsa_code": "40060", "market_slug": "richmond_va", "amenity_hub_id": "40060_grid_250m_min_20_191", "cell_size_meters": 250, "min_pois_per_cell": 20, "cell_count": 1, "cluster_area_sq_km": 0.0625, "poi_count": 22, "category_count": 6, "sub_category_count": 13, "centroid_longitude": -77.45791763958273, "centroid_latitude": 37.62353393867695, "poi_density_per_sq_km": 352.0}}, {"type": "Feature", "geometry": {"type": "Polygon", "coordinates": [[[283250.0, 4168000.0], [283250.0, 4168250.0], [283000.0, 4168250.0], [283000.0, 4168000.0], [283250.0, 4168000.0]]]}, "properties": {"method_version": "q4_amenity_hub_grid_v1", "candidate_version": "grid_250m_min_20", "candidate_status": "selected_for_workbench", "recommended_for_review": true, "cbsa_code": "40060", "market_slug": "richmond_va", "amenity_hub_id": "40060_grid_250m_min_20_192", "cell_size_meters": 250, "min_pois_per_cell": 20, "cell_count": 1, "cluster_area_sq_km": 0.0625, "poi_count": 41, "category_count": 9, "sub_category_count": 20, "centroid_longitude": -77.45807907416828, "centroid_latitude": 37.63477378024577, "poi_density_per_sq_km": 656.0}}, {"type": "Feature", "geometry": {"type": "Polygon", "coordinates": [[[283250.0, 4171500.0], [283000.0, 4171500.0], [283000.0, 4171750.0], [283000.0, 4172000.0], [283250.0, 4172000.0], [283250.0, 4171750.0], [283250.0, 4171500.0]]]}, "properties": {"method_version": "q4_amenity_hub_grid_v1", "candidate_version": "grid_250m_min_20", "candidate_status": "selected_for_workbench", "recommended_for_review": true, "cbsa_code": "40060", "market_slug": "richmond_va", "amenity_hub_id": "40060_grid_250m_min_20_193", "cell_size_meters": 250, "min_pois_per_cell": 20, "cell_count": 2, "cluster_area_sq_km": 0.125, "poi_count": 60, "category_count": 12, "sub_category_count": 27, "centroid_longitude": -77.45916550841544, "centroid_latitude": 37.66742618826166, "poi_density_per_sq_km": 480.0}}, {"type": "Feature", "geometry": {"type": "Polygon", "coordinates": [[[283250.0, 4172250.0], [283250.0, 4172500.0], [283000.0, 4172500.0], [283000.0, 4172250.0], [283250.0, 4172250.0]]]}, "properties": {"method_version": "q4_amenity_hub_grid_v1", "candidate_version": "grid_250m_min_20", "candidate_status": "selected_for_workbench", "recommended_for_review": true, "cbsa_code": "40060", "market_slug": "richmond_va", "amenity_hub_id": "40060_grid_250m_min_20_194", "cell_size_meters": 250, "min_pois_per_cell": 20, "cell_count": 1, "cluster_area_sq_km": 0.0625, "poi_count": 21, "category_count": 8, "sub_category_count": 13, "centroid_longitude": -77.45935963238095, "centroid_latitude": 37.67286118095238, "poi_density_per_sq_km": 336.0}}, {"type": "Feature", "geometry": {"type": "Polygon", "coordinates": [[[283250.0, 4164500.0], [283500.0, 4164500.0], [283500.0, 4164750.0], [283500.0, 4165000.0], [283750.0, 4165000.0], [283750.0, 4164750.0], [283750.0, 4164500.0], [283750.0, 4164250.0], [283500.0, 4164250.0], [283250.0, 4164250.0], [283250.0, 4164500.0]]]}, "properties": {"method_version": "q4_amenity_hub_grid_v1", "candidate_version": "grid_250m_min_20", "candidate_status": "selected_for_workbench", "recommended_for_review": true, "cbsa_code": "40060", "market_slug": "richmond_va", "amenity_hub_id": "40060_grid_250m_min_20_195", "cell_size_meters": 250, "min_pois_per_cell": 20, "cell_count": 4, "cluster_area_sq_km": 0.25, "poi_count": 95, "category_count": 12, "sub_category_count": 33, "centroid_longitude": -77.4521579208999, "centroid_latitude": 37.60271398814439, "poi_density_per_sq_km": 380.0}}, {"type": "Feature", "geometry": {"type": "Polygon", "coordinates": [[[283500.0, 4172500.0], [283500.0, 4172750.0], [283250.0, 4172750.0], [283250.0, 4172500.0], [283500.0, 4172500.0]]]}, "properties": {"method_version": "q4_amenity_hub_grid_v1", "candidate_version": "grid_250m_min_20", "candidate_status": "selected_for_workbench", "recommended_for_review": true, "cbsa_code": "40060", "market_slug": "richmond_va", "amenity_hub_id": "40060_grid_250m_min_20_196", "cell_size_meters": 250, "min_pois_per_cell": 20, "cell_count": 1, "cluster_area_sq_km": 0.0625, "poi_count": 28, "category_count": 8, "sub_category_count": 14, "centroid_longitude": -77.45573938251256, "centroid_latitude": 37.67567356428787, "poi_density_per_sq_km": 448.0}}, {"type": "Feature", "geometry": {"type": "Polygon", "coordinates": [[[283750.0, 4155000.0], [283500.0, 4155000.0], [283500.0, 4155250.0], [283500.0, 4155500.0], [283750.0, 4155500.0], [284000.0, 4155500.0], [284000.0, 4155250.0], [283750.0, 4155250.0], [283750.0, 4155000.0]]]}, "properties": {"method_version": "q4_amenity_hub_grid_v1", "candidate_version": "grid_250m_min_20", "candidate_status": "selected_for_workbench", "recommended_for_review": true, "cbsa_code": "40060", "market_slug": "richmond_va", "amenity_hub_id": "40060_grid_250m_min_20_197", "cell_size_meters": 250, "min_pois_per_cell": 20, "cell_count": 3, "cluster_area_sq_km": 0.1875, "poi_count": 115, "category_count": 16, "sub_category_count": 47, "centroid_longitude": -77.44730479169039, "centroid_latitude": 37.51943856920367, "poi_density_per_sq_km": 613.3333333333334}}, {"type": "Feature", "geometry": {"type": "Polygon", "coordinates": [[[284000.0, 4147000.0], [284000.0, 4147250.0], [283750.0, 4147250.0], [283750.0, 4147000.0], [284000.0, 4147000.0]]]}, "properties": {"method_version": "q4_amenity_hub_grid_v1", "candidate_version": "grid_250m_min_20", "candidate_status": "selected_for_workbench", "recommended_for_review": true, "cbsa_code": "40060", "market_slug": "richmond_va", "amenity_hub_id": "40060_grid_250m_min_20_198", "cell_size_meters": 250, "min_pois_per_cell": 20, "cell_count": 1, "cluster_area_sq_km": 0.0625, "poi_count": 28, "category_count": 6, "sub_category_count": 14, "centroid_longitude": -77.44296969717445, "centroid_latitude": 37.4456608905756, "poi_density_per_sq_km": 448.0}}, {"type": "Feature", "geometry": {"type": "Polygon", "coordinates": [[[284000.0, 4149000.0], [284000.0, 4149250.0], [283750.0, 4149250.0], [283750.0, 4149000.0], [284000.0, 4149000.0]]]}, "properties": {"method_version": "q4_amenity_hub_grid_v1", "candidate_version": "grid_250m_min_20", "candidate_status": "selected_for_workbench", "recommended_for_review": true, "cbsa_code": "40060", "market_slug": "richmond_va", "amenity_hub_id": "40060_grid_250m_min_20_199", "cell_size_meters": 250, "min_pois_per_cell": 20, "cell_count": 1, "cluster_area_sq_km": 0.0625, "poi_count": 21, "category_count": 9, "sub_category_count": 13, "centroid_longitude": -77.44293453941273, "centroid_latitude": 37.46358918525014, "poi_density_per_sq_km": 336.0}}, {"type": "Feature", "geometry": {"type": "Polygon", "coordinates": [[[284000.0, 4150000.0], [284000.0, 4150250.0], [283750.0, 4150250.0], [283750.0, 4150000.0], [284000.0, 4150000.0]]]}, "properties": {"method_version": "q4_amenity_hub_grid_v1", "candidate_version": "grid_250m_min_20", "candidate_status": "selected_for_workbench", "recommended_for_review": true, "cbsa_code": "40060", "market_slug": "richmond_va", "amenity_hub_id": "40060_grid_250m_min_20_200", "cell_size_meters": 250, "min_pois_per_cell": 20, "cell_count": 1, "cluster_area_sq_km": 0.0625, "poi_count": 26, "category_count": 11, "sub_category_count": 19, "centroid_longitude": -77.44360349692307, "centroid_latitude": 37.472808772307694, "poi_density_per_sq_km": 416.0}}, {"type": "Feature", "geometry": {"type": "Polygon", "coordinates": [[[284000.0, 4150500.0], [284000.0, 4150750.0], [283750.0, 4150750.0], [283750.0, 4150500.0], [284000.0, 4150500.0]]]}, "properties": {"method_version": "q4_amenity_hub_grid_v1", "candidate_version": "grid_250m_min_20", "candidate_status": "selected_for_workbench", "recommended_for_review": true, "cbsa_code": "40060", "market_slug": "richmond_va", "amenity_hub_id": "40060_grid_250m_min_20_201", "cell_size_meters": 250, "min_pois_per_cell": 20, "cell_count": 1, "cluster_area_sq_km": 0.0625, "poi_count": 24, "category_count": 7, "sub_category_count": 14, "centroid_longitude": -77.4442965540373, "centroid_latitude": 37.476823244896096, "poi_density_per_sq_km": 384.0}}, {"type": "Feature", "geometry": {"type": "Polygon", "coordinates": [[[284000.0, 4159500.0], [284000.0, 4159750.0], [283750.0, 4159750.0], [283750.0, 4159500.0], [284000.0, 4159500.0]]]}, "properties": {"method_version": "q4_amenity_hub_grid_v1", "candidate_version": "grid_250m_min_20", "candidate_status": "selected_for_workbench", "recommended_for_review": true, "cbsa_code": "40060", "market_slug": "richmond_va", "amenity_hub_id": "40060_grid_250m_min_20_202", "cell_size_meters": 250, "min_pois_per_cell": 20, "cell_count": 1, "cluster_area_sq_km": 0.0625, "poi_count": 26, "category_count": 9, "sub_category_count": 12, "centroid_longitude": -77.44672638342306, "centroid_latitude": 37.55816585271146, "poi_density_per_sq_km": 416.0}}, {"type": "Feature", "geometry": {"type": "Polygon", "coordinates": [[[284000.0, 4177250.0], [284000.0, 4177500.0], [283750.0, 4177500.0], [283750.0, 4177250.0], [284000.0, 4177250.0]]]}, "properties": {"method_version": "q4_amenity_hub_grid_v1", "candidate_version": "grid_250m_min_20", "candidate_status": "selected_for_workbench", "recommended_for_review": true, "cbsa_code": "40060", "market_slug": "richmond_va", "amenity_hub_id": "40060_grid_250m_min_20_203", "cell_size_meters": 250, "min_pois_per_cell": 20, "cell_count": 1, "cluster_area_sq_km": 0.0625, "poi_count": 24, "category_count": 7, "sub_category_count": 12, "centroid_longitude": -77.45238877538226, "centroid_latitude": 37.71828592616768, "poi_density_per_sq_km": 384.0}}, {"type": "Feature", "geometry": {"type": "Polygon", "coordinates": [[[284000.0, 4155500.0], [284000.0, 4155750.0], [284000.0, 4156000.0], [284250.0, 4156000.0], [284500.0, 4156000.0], [284750.0, 4156000.0], [284750.0, 4155750.0], [284500.0, 4155750.0], [284250.0, 4155750.0], [284250.0, 4155500.0], [284000.0, 4155500.0]]]}, "properties": {"method_version": "q4_amenity_hub_grid_v1", "candidate_version": "grid_250m_min_20", "candidate_status": "selected_for_workbench", "recommended_for_review": true, "cbsa_code": "40060", "market_slug": "richmond_va", "amenity_hub_id": "40060_grid_250m_min_20_204", "cell_size_meters": 250, "min_pois_per_cell": 20, "cell_count": 4, "cluster_area_sq_km": 0.25, "poi_count": 119, "category_count": 18, "sub_category_count": 32, "centroid_longitude": -77.43991663071233, "centroid_latitude": 37.52415915982999, "poi_density_per_sq_km": 476.0}}, {"type": "Feature", "geometry": {"type": "Polygon", "coordinates": [[[284250.0, 4159250.0], [284250.0, 4159500.0], [284000.0, 4159500.0], [284000.0, 4159250.0], [284250.0, 4159250.0]]]}, "properties": {"method_version": "q4_amenity_hub_grid_v1", "candidate_version": "grid_250m_min_20", "candidate_status": "selected_for_workbench", "recommended_for_review": true, "cbsa_code": "40060", "market_slug": "richmond_va", "amenity_hub_id": "40060_grid_250m_min_20_205", "cell_size_meters": 250, "min_pois_per_cell": 20, "cell_count": 1, "cluster_area_sq_km": 0.0625, "poi_count": 24, "category_count": 9, "sub_category_count": 17, "centroid_longitude": -77.44433655775528, "centroid_latitude": 37.55633897149338, "poi_density_per_sq_km": 384.0}}, {"type": "Feature", "geometry": {"type": "Polygon", "coordinates": [[[284250.0, 4160250.0], [284000.0, 4160250.0], [284000.0, 4160500.0], [284000.0, 4160750.0], [284250.0, 4160750.0], [284250.0, 4160500.0], [284250.0, 4160250.0]]]}, "properties": {"method_version": "q4_amenity_hub_grid_v1", "candidate_version": "grid_250m_min_20", "candidate_status": "selected_for_workbench", "recommended_for_review": true, "cbsa_code": "40060", "market_slug": "richmond_va", "amenity_hub_id": "40060_grid_250m_min_20_206", "cell_size_meters": 250, "min_pois_per_cell": 20, "cell_count": 2, "cluster_area_sq_km": 0.125, "poi_count": 53, "category_count": 14, "sub_category_count": 30, "centroid_longitude": -77.44433689657649, "centroid_latitude": 37.56615457991941, "poi_density_per_sq_km": 424.0}}, {"type": "Feature", "geometry": {"type": "Polygon", "coordinates": [[[284500.0, 4160000.0], [284500.0, 4160250.0], [284250.0, 4160250.0], [284250.0, 4160000.0], [284500.0, 4160000.0]]]}, "properties": {"method_version": "q4_amenity_hub_grid_v1", "candidate_version": "grid_250m_min_20", "candidate_status": "selected_for_workbench", "recommended_for_review": true, "cbsa_code": "40060", "market_slug": "richmond_va", "amenity_hub_id": "40060_grid_250m_min_20_207", "cell_size_meters": 250, "min_pois_per_cell": 20, "cell_count": 1, "cluster_area_sq_km": 0.0625, "poi_count": 22, "category_count": 8, "sub_category_count": 12, "centroid_longitude": -77.441206333006, "centroid_latitude": 37.56270789567321, "poi_density_per_sq_km": 352.0}}, {"type": "Feature", "geometry": {"type": "Polygon", "coordinates": [[[284750.0, 4174500.0], [284500.0, 4174500.0], [284500.0, 4174750.0], [284750.0, 4174750.0], [285000.0, 4174750.0], [285250.0, 4174750.0], [285250.0, 4174500.0], [285250.0, 4174250.0], [285000.0, 4174250.0], [284750.0, 4174250.0], [284750.0, 4174500.0]]]}, "properties": {"method_version": "q4_amenity_hub_grid_v1", "candidate_version": "grid_250m_min_20", "candidate_status": "selected_for_workbench", "recommended_for_review": true, "cbsa_code": "40060", "market_slug": "richmond_va", "amenity_hub_id": "40060_grid_250m_min_20_208", "cell_size_meters": 250, "min_pois_per_cell": 20, "cell_count": 5, "cluster_area_sq_km": 0.3125, "poi_count": 171, "category_count": 14, "sub_category_count": 46, "centroid_longitude": -77.43886950576118, "centroid_latitude": 37.692615190215975, "poi_density_per_sq_km": 547.2}}, {"type": "Feature", "geometry": {"type": "Polygon", "coordinates": [[[284750.0, 4175250.0], [284750.0, 4175500.0], [284500.0, 4175500.0], [284500.0, 4175250.0], [284750.0, 4175250.0]]]}, "properties": {"method_version": "q4_amenity_hub_grid_v1", "candidate_version": "grid_250m_min_20", "candidate_status": "selected_for_workbench", "recommended_for_review": true, "cbsa_code": "40060", "market_slug": "richmond_va", "amenity_hub_id": "40060_grid_250m_min_20_209", "cell_size_meters": 250, "min_pois_per_cell": 20, "cell_count": 1, "cluster_area_sq_km": 0.0625, "poi_count": 23, "category_count": 7, "sub_category_count": 10, "centroid_longitude": -77.4431664119412, "centroid_latitude": 37.70033126050848, "poi_density_per_sq_km": 368.0}}, {"type": "Feature", "geometry": {"type": "Polygon", "coordinates": [[[284750.0, 4161000.0], [284750.0, 4161250.0], [285000.0, 4161250.0], [285250.0, 4161250.0], [285250.0, 4161000.0], [285000.0, 4161000.0], [284750.0, 4161000.0]]]}, "properties": {"method_version": "q4_amenity_hub_grid_v1", "candidate_version": "grid_250m_min_20", "candidate_status": "selected_for_workbench", "recommended_for_review": true, "cbsa_code": "40060", "market_slug": "richmond_va", "amenity_hub_id": "40060_grid_250m_min_20_210", "cell_size_meters": 250, "min_pois_per_cell": 20, "cell_count": 2, "cluster_area_sq_km": 0.125, "poi_count": 79, "category_count": 13, "sub_category_count": 35, "centroid_longitude": -77.43435538754005, "centroid_latitude": 37.57154329245768, "poi_density_per_sq_km": 632.0}}, {"type": "Feature", "geometry": {"type": "Polygon", "coordinates": [[[285000.0, 4175000.0], [285000.0, 4175250.0], [284750.0, 4175250.0], [284750.0, 4175000.0], [285000.0, 4175000.0]]]}, "properties": {"method_version": "q4_amenity_hub_grid_v1", "candidate_version": "grid_250m_min_20", "candidate_status": "selected_for_workbench", "recommended_for_review": true, "cbsa_code": "40060", "market_slug": "richmond_va", "amenity_hub_id": "40060_grid_250m_min_20_211", "cell_size_meters": 250, "min_pois_per_cell": 20, "cell_count": 1, "cluster_area_sq_km": 0.0625, "poi_count": 22, "category_count": 5, "sub_category_count": 8, "centroid_longitude": -77.44056042167193, "centroid_latitude": 37.69817805689029, "poi_density_per_sq_km": 352.0}}, {"type": "Feature", "geometry": {"type": "Polygon", "coordinates": [[[285000.0, 4176250.0], [285000.0, 4176500.0], [284750.0, 4176500.0], [284750.0, 4176250.0], [285000.0, 4176250.0]]]}, "properties": {"method_version": "q4_amenity_hub_grid_v1", "candidate_version": "grid_250m_min_20", "candidate_status": "selected_for_workbench", "recommended_for_review": true, "cbsa_code": "40060", "market_slug": "richmond_va", "amenity_hub_id": "40060_grid_250m_min_20_212", "cell_size_meters": 250, "min_pois_per_cell": 20, "cell_count": 1, "cluster_area_sq_km": 0.0625, "poi_count": 25, "category_count": 9, "sub_category_count": 13, "centroid_longitude": -77.44099072016829, "centroid_latitude": 37.70943486828289, "poi_density_per_sq_km": 400.0}}, {"type": "Feature", "geometry": {"type": "Polygon", "coordinates": [[[285250.0, 4155000.0], [285250.0, 4155250.0], [285000.0, 4155250.0], [285000.0, 4155000.0], [285250.0, 4155000.0]]]}, "properties": {"method_version": "q4_amenity_hub_grid_v1", "candidate_version": "grid_250m_min_20", "candidate_status": "selected_for_workbench", "recommended_for_review": true, "cbsa_code": "40060", "market_slug": "richmond_va", "amenity_hub_id": "40060_grid_250m_min_20_213", "cell_size_meters": 250, "min_pois_per_cell": 20, "cell_count": 1, "cluster_area_sq_km": 0.0625, "poi_count": 29, "category_count": 8, "sub_category_count": 15, "centroid_longitude": -77.4318397216339, "centroid_latitude": 37.518358215971745, "poi_density_per_sq_km": 464.0}}, {"type": "Feature", "geometry": {"type": "Polygon", "coordinates": [[[285250.0, 4175500.0], [285000.0, 4175500.0], [285000.0, 4175750.0], [285000.0, 4176000.0], [285250.0, 4176000.0], [285250.0, 4175750.0], [285250.0, 4175500.0]]]}, "properties": {"method_version": "q4_amenity_hub_grid_v1", "candidate_version": "grid_250m_min_20", "candidate_status": "selected_for_workbench", "recommended_for_review": true, "cbsa_code": "40060", "market_slug": "richmond_va", "amenity_hub_id": "40060_grid_250m_min_20_214", "cell_size_meters": 250, "min_pois_per_cell": 20, "cell_count": 2, "cluster_area_sq_km": 0.125, "poi_count": 47, "category_count": 7, "sub_category_count": 17, "centroid_longitude": -77.43728803844448, "centroid_latitude": 37.70413094400729, "poi_density_per_sq_km": 376.0}}, {"type": "Feature", "geometry": {"type": "Polygon", "coordinates": [[[285500.0, 4142000.0], [285500.0, 4142250.0], [285250.0, 4142250.0], [285250.0, 4142000.0], [285500.0, 4142000.0]]]}, "properties": {"method_version": "q4_amenity_hub_grid_v1", "candidate_version": "grid_250m_min_20", "candidate_status": "selected_for_workbench", "recommended_for_review": true, "cbsa_code": "40060", "market_slug": "richmond_va", "amenity_hub_id": "40060_grid_250m_min_20_215", "cell_size_meters": 250, "min_pois_per_cell": 20, "cell_count": 1, "cluster_area_sq_km": 0.0625, "poi_count": 21, "category_count": 5, "sub_category_count": 8, "centroid_longitude": -77.4243795616153, "centroid_latitude": 37.40123321019725, "poi_density_per_sq_km": 336.0}}, {"type": "Feature", "geometry": {"type": "Polygon", "coordinates": [[[285750.0, 4162500.0], [285750.0, 4162750.0], [285500.0, 4162750.0], [285500.0, 4162500.0], [285750.0, 4162500.0]]]}, "properties": {"method_version": "q4_amenity_hub_grid_v1", "candidate_version": "grid_250m_min_20", "candidate_status": "selected_for_workbench", "recommended_for_review": true, "cbsa_code": "40060", "market_slug": "richmond_va", "amenity_hub_id": "40060_grid_250m_min_20_216", "cell_size_meters": 250, "min_pois_per_cell": 20, "cell_count": 1, "cluster_area_sq_km": 0.0625, "poi_count": 23, "category_count": 9, "sub_category_count": 14, "centroid_longitude": -77.42798908517828, "centroid_latitude": 37.58527715864387, "poi_density_per_sq_km": 368.0}}, {"type": "Feature", "geometry": {"type": "Polygon", "coordinates": [[[286000.0, 4137500.0], [286000.0, 4137750.0], [285750.0, 4137750.0], [285750.0, 4137500.0], [286000.0, 4137500.0]]]}, "properties": {"method_version": "q4_amenity_hub_grid_v1", "candidate_version": "grid_250m_min_20", "candidate_status": "selected_for_workbench", "recommended_for_review": true, "cbsa_code": "40060", "market_slug": "richmond_va", "amenity_hub_id": "40060_grid_250m_min_20_217", "cell_size_meters": 250, "min_pois_per_cell": 20, "cell_count": 1, "cluster_area_sq_km": 0.0625, "poi_count": 33, "category_count": 8, "sub_category_count": 15, "centroid_longitude": -77.41762533492505, "centroid_latitude": 37.36039575843716, "poi_density_per_sq_km": 528.0}}, {"type": "Feature", "geometry": {"type": "Polygon", "coordinates": [[[286000.0, 4138250.0], [286000.0, 4138500.0], [285750.0, 4138500.0], [285750.0, 4138250.0], [286000.0, 4138250.0]]]}, "properties": {"method_version": "q4_amenity_hub_grid_v1", "candidate_version": "grid_250m_min_20", "candidate_status": "selected_for_workbench", "recommended_for_review": true, "cbsa_code": "40060", "market_slug": "richmond_va", "amenity_hub_id": "40060_grid_250m_min_20_218", "cell_size_meters": 250, "min_pois_per_cell": 20, "cell_count": 1, "cluster_area_sq_km": 0.0625, "poi_count": 24, "category_count": 9, "sub_category_count": 20, "centroid_longitude": -77.41832252544113, "centroid_latitude": 37.36763979471081, "poi_density_per_sq_km": 384.0}}, {"type": "Feature", "geometry": {"type": "Polygon", "coordinates": [[[286000.0, 4125500.0], [286000.0, 4125750.0], [286000.0, 4126000.0], [286000.0, 4126250.0], [286000.0, 4126500.0], [286000.0, 4126750.0], [286250.0, 4126750.0], [286250.0, 4126500.0], [286250.0, 4126250.0], [286250.0, 4126000.0], [286500.0, 4126000.0], [286500.0, 4125750.0], [286250.0, 4125750.0], [286250.0, 4125500.0], [286000.0, 4125500.0]]]}, "properties": {"method_version": "q4_amenity_hub_grid_v1", "candidate_version": "grid_250m_min_20", "candidate_status": "selected_for_workbench", "recommended_for_review": true, "cbsa_code": "40060", "market_slug": "richmond_va", "amenity_hub_id": "40060_grid_250m_min_20_219", "cell_size_meters": 250, "min_pois_per_cell": 20, "cell_count": 6, "cluster_area_sq_km": 0.375, "poi_count": 188, "category_count": 14, "sub_category_count": 47, "centroid_longitude": -77.41114613497925, "centroid_latitude": 37.25760405177247, "poi_density_per_sq_km": 501.3333333333333}}, {"type": "Feature", "geometry": {"type": "Polygon", "coordinates": [[[286250.0, 4127250.0], [286250.0, 4127500.0], [286000.0, 4127500.0], [286000.0, 4127250.0], [286250.0, 4127250.0]]]}, "properties": {"method_version": "q4_amenity_hub_grid_v1", "candidate_version": "grid_250m_min_20", "candidate_status": "selected_for_workbench", "recommended_for_review": true, "cbsa_code": "40060", "market_slug": "richmond_va", "amenity_hub_id": "40060_grid_250m_min_20_220", "cell_size_meters": 250, "min_pois_per_cell": 20, "cell_count": 1, "cluster_area_sq_km": 0.0625, "poi_count": 27, "category_count": 9, "sub_category_count": 17, "centroid_longitude": -77.41188738048552, "centroid_latitude": 37.26827056955855, "poi_density_per_sq_km": 432.0}}, {"type": "Feature", "geometry": {"type": "Polygon", "coordinates": [[[286250.0, 4128000.0], [286000.0, 4128000.0], [286000.0, 4128250.0], [286000.0, 4128500.0], [286250.0, 4128500.0], [286250.0, 4128250.0], [286250.0, 4128000.0]]]}, "properties": {"method_version": "q4_amenity_hub_grid_v1", "candidate_version": "grid_250m_min_20", "candidate_status": "selected_for_workbench", "recommended_for_review": true, "cbsa_code": "40060", "market_slug": "richmond_va", "amenity_hub_id": "40060_grid_250m_min_20_221", "cell_size_meters": 250, "min_pois_per_cell": 20, "cell_count": 2, "cluster_area_sq_km": 0.125, "poi_count": 80, "category_count": 10, "sub_category_count": 29, "centroid_longitude": -77.41201967050291, "centroid_latitude": 37.275972285684944, "poi_density_per_sq_km": 640.0}}, {"type": "Feature", "geometry": {"type": "Polygon", "coordinates": [[[286250.0, 4128750.0], [286250.0, 4129000.0], [286000.0, 4129000.0], [286000.0, 4128750.0], [286250.0, 4128750.0]]]}, "properties": {"method_version": "q4_amenity_hub_grid_v1", "candidate_version": "grid_250m_min_20", "candidate_status": "selected_for_workbench", "recommended_for_review": true, "cbsa_code": "40060", "market_slug": "richmond_va", "amenity_hub_id": "40060_grid_250m_min_20_222", "cell_size_meters": 250, "min_pois_per_cell": 20, "cell_count": 1, "cluster_area_sq_km": 0.0625, "poi_count": 39, "category_count": 8, "sub_category_count": 21, "centroid_longitude": -77.4126196385852, "centroid_latitude": 37.28155471195517, "poi_density_per_sq_km": 624.0}}, {"type": "Feature", "geometry": {"type": "Polygon", "coordinates": [[[286000.0, 4136500.0], [286000.0, 4136750.0], [286000.0, 4137000.0], [286250.0, 4137000.0], [286500.0, 4137000.0], [286750.0, 4137000.0], [286750.0, 4136750.0], [286500.0, 4136750.0], [286250.0, 4136750.0], [286250.0, 4136500.0], [286000.0, 4136500.0]]]}, "properties": {"method_version": "q4_amenity_hub_grid_v1", "candidate_version": "grid_250m_min_20", "candidate_status": "selected_for_workbench", "recommended_for_review": true, "cbsa_code": "40060", "market_slug": "richmond_va", "amenity_hub_id": "40060_grid_250m_min_20_223", "cell_size_meters": 250, "min_pois_per_cell": 20, "cell_count": 4, "cluster_area_sq_km": 0.25, "poi_count": 130, "category_count": 14, "sub_category_count": 38, "centroid_longitude": -77.41325113685573, "centroid_latitude": 37.353321427914864, "poi_density_per_sq_km": 520.0}}, {"type": "Feature", "geometry": {"type": "Polygon", "coordinates": [[[286250.0, 4156000.0], [286250.0, 4156250.0], [286000.0, 4156250.0], [286000.0, 4156000.0], [286250.0, 4156000.0]]]}, "properties": {"method_version": "q4_amenity_hub_grid_v1", "candidate_version": "grid_250m_min_20", "candidate_status": "selected_for_workbench", "recommended_for_review": true, "cbsa_code": "40060", "market_slug": "richmond_va", "amenity_hub_id": "40060_grid_250m_min_20_224", "cell_size_meters": 250, "min_pois_per_cell": 20, "cell_count": 1, "cluster_area_sq_km": 0.0625, "poi_count": 20, "category_count": 10, "sub_category_count": 13, "centroid_longitude": -77.41997037941358, "centroid_latitude": 37.52752850928059, "poi_density_per_sq_km": 320.0}}, {"type": "Feature", "geometry": {"type": "Polygon", "coordinates": [[[286500.0, 4124750.0], [286500.0, 4125000.0], [286250.0, 4125000.0], [286250.0, 4124750.0], [286500.0, 4124750.0]]]}, "properties": {"method_version": "q4_amenity_hub_grid_v1", "candidate_version": "grid_250m_min_20", "candidate_status": "selected_for_workbench", "recommended_for_review": true, "cbsa_code": "40060", "market_slug": "richmond_va", "amenity_hub_id": "40060_grid_250m_min_20_225", "cell_size_meters": 250, "min_pois_per_cell": 20, "cell_count": 1, "cluster_area_sq_km": 0.0625, "poi_count": 43, "category_count": 13, "sub_category_count": 26, "centroid_longitude": -77.40888167191798, "centroid_latitude": 37.245790309047464, "poi_density_per_sq_km": 688.0}}, {"type": "Feature", "geometry": {"type": "Polygon", "coordinates": [[[286500.0, 4127500.0], [286500.0, 4127750.0], [286250.0, 4127750.0], [286250.0, 4127500.0], [286500.0, 4127500.0]]]}, "properties": {"method_version": "q4_amenity_hub_grid_v1", "candidate_version": "grid_250m_min_20", "candidate_status": "selected_for_workbench", "recommended_for_review": true, "cbsa_code": "40060", "market_slug": "richmond_va", "amenity_hub_id": "40060_grid_250m_min_20_226", "cell_size_meters": 250, "min_pois_per_cell": 20, "cell_count": 1, "cluster_area_sq_km": 0.0625, "poi_count": 20, "category_count": 8, "sub_category_count": 12, "centroid_longitude": -77.41004705475864, "centroid_latitude": 37.270434782624285, "poi_density_per_sq_km": 320.0}}, {"type": "Feature", "geometry": {"type": "Polygon", "coordinates": [[[286750.0, 4122500.0], [286750.0, 4122750.0], [286500.0, 4122750.0], [286500.0, 4123000.0], [286500.0, 4123250.0], [286500.0, 4123500.0], [286750.0, 4123500.0], [287000.0, 4123500.0], [287000.0, 4123250.0], [287000.0, 4123000.0], [287000.0, 4122750.0], [287000.0, 4122500.0], [286750.0, 4122500.0]]]}, "properties": {"method_version": "q4_amenity_hub_grid_v1", "candidate_version": "grid_250m_min_20", "candidate_status": "selected_for_workbench", "recommended_for_review": true, "cbsa_code": "40060", "market_slug": "richmond_va", "amenity_hub_id": "40060_grid_250m_min_20_227", "cell_size_meters": 250, "min_pois_per_cell": 20, "cell_count": 7, "cluster_area_sq_km": 0.4375, "poi_count": 332, "category_count": 17, "sub_category_count": 63, "centroid_longitude": -77.40409608772256, "centroid_latitude": 37.23018125662702, "poi_density_per_sq_km": 758.8571428571429}}, {"type": "Feature", "geometry": {"type": "Polygon", "coordinates": [[[286750.0, 4131250.0], [286750.0, 4131500.0], [286500.0, 4131500.0], [286500.0, 4131250.0], [286750.0, 4131250.0]]]}, "properties": {"method_version": "q4_amenity_hub_grid_v1", "candidate_version": "grid_250m_min_20", "candidate_status": "selected_for_workbench", "recommended_for_review": true, "cbsa_code": "40060", "market_slug": "richmond_va", "amenity_hub_id": "40060_grid_250m_min_20_228", "cell_size_meters": 250, "min_pois_per_cell": 20, "cell_count": 1, "cluster_area_sq_km": 0.0625, "poi_count": 23, "category_count": 8, "sub_category_count": 15, "centroid_longitude": -77.40778875716482, "centroid_latitude": 37.30457589638646, "poi_density_per_sq_km": 368.0}}, {"type": "Feature", "geometry": {"type": "Polygon", "coordinates": [[[286750.0, 4154750.0], [286750.0, 4155000.0], [286500.0, 4155000.0], [286500.0, 4154750.0], [286750.0, 4154750.0]]]}, "properties": {"method_version": "q4_amenity_hub_grid_v1", "candidate_version": "grid_250m_min_20", "candidate_status": "selected_for_workbench", "recommended_for_review": true, "cbsa_code": "40060", "market_slug": "richmond_va", "amenity_hub_id": "40060_grid_250m_min_20_229", "cell_size_meters": 250, "min_pois_per_cell": 20, "cell_count": 1, "cluster_area_sq_km": 0.0625, "poi_count": 33, "category_count": 10, "sub_category_count": 16, "centroid_longitude": -77.41482182889125, "centroid_latitude": 37.51646360174572, "poi_density_per_sq_km": 528.0}}, {"type": "Feature", "geometry": {"type": "Polygon", "coordinates": [[[287000.0, 4157250.0], [287000.0, 4157500.0], [286750.0, 4157500.0], [286750.0, 4157250.0], [287000.0, 4157250.0]]]}, "properties": {"method_version": "q4_amenity_hub_grid_v1", "candidate_version": "grid_250m_min_20", "candidate_status": "selected_for_workbench", "recommended_for_review": true, "cbsa_code": "40060", "market_slug": "richmond_va", "amenity_hub_id": "40060_grid_250m_min_20_230", "cell_size_meters": 250, "min_pois_per_cell": 20, "cell_count": 1, "cluster_area_sq_km": 0.0625, "poi_count": 22, "category_count": 9, "sub_category_count": 14, "centroid_longitude": -77.41229053388523, "centroid_latitude": 37.53859052420997, "poi_density_per_sq_km": 352.0}}, {"type": "Feature", "geometry": {"type": "Polygon", "coordinates": [[[287250.0, 4121500.0], [287250.0, 4121750.0], [287000.0, 4121750.0], [287000.0, 4121500.0], [287250.0, 4121500.0]]]}, "properties": {"method_version": "q4_amenity_hub_grid_v1", "candidate_version": "grid_250m_min_20", "candidate_status": "selected_for_workbench", "recommended_for_review": true, "cbsa_code": "40060", "market_slug": "richmond_va", "amenity_hub_id": "40060_grid_250m_min_20_231", "cell_size_meters": 250, "min_pois_per_cell": 20, "cell_count": 1, "cluster_area_sq_km": 0.0625, "poi_count": 29, "category_count": 7, "sub_category_count": 15, "centroid_longitude": -77.39943583628565, "centroid_latitude": 37.21675919471566, "poi_density_per_sq_km": 464.0}}, {"type": "Feature", "geometry": {"type": "Polygon", "coordinates": [[[287500.0, 4127000.0], [287500.0, 4127250.0], [287250.0, 4127250.0], [287250.0, 4127000.0], [287500.0, 4127000.0]]]}, "properties": {"method_version": "q4_amenity_hub_grid_v1", "candidate_version": "grid_250m_min_20", "candidate_status": "selected_for_workbench", "recommended_for_review": true, "cbsa_code": "40060", "market_slug": "richmond_va", "amenity_hub_id": "40060_grid_250m_min_20_232", "cell_size_meters": 250, "min_pois_per_cell": 20, "cell_count": 1, "cluster_area_sq_km": 0.0625, "poi_count": 43, "category_count": 7, "sub_category_count": 18, "centroid_longitude": -77.39791417241831, "centroid_latitude": 37.266702484871395, "poi_density_per_sq_km": 688.0}}, {"type": "Feature", "geometry": {"type": "Polygon", "coordinates": [[[287500.0, 4136500.0], [287500.0, 4136750.0], [287250.0, 4136750.0], [287250.0, 4136500.0], [287500.0, 4136500.0]]]}, "properties": {"method_version": "q4_amenity_hub_grid_v1", "candidate_version": "grid_250m_min_20", "candidate_status": "selected_for_workbench", "recommended_for_review": true, "cbsa_code": "40060", "market_slug": "richmond_va", "amenity_hub_id": "40060_grid_250m_min_20_233", "cell_size_meters": 250, "min_pois_per_cell": 20, "cell_count": 1, "cluster_area_sq_km": 0.0625, "poi_count": 24, "category_count": 3, "sub_category_count": 4, "centroid_longitude": -77.39979120583334, "centroid_latitude": 37.3519228225, "poi_density_per_sq_km": 384.0}}, {"type": "Feature", "geometry": {"type": "Polygon", "coordinates": [[[287500.0, 4157500.0], [287500.0, 4157750.0], [287250.0, 4157750.0], [287250.0, 4157500.0], [287500.0, 4157500.0]]]}, "properties": {"method_version": "q4_amenity_hub_grid_v1", "candidate_version": "grid_250m_min_20", "candidate_status": "selected_for_workbench", "recommended_for_review": true, "cbsa_code": "40060", "market_slug": "richmond_va", "amenity_hub_id": "40060_grid_250m_min_20_234", "cell_size_meters": 250, "min_pois_per_cell": 20, "cell_count": 1, "cluster_area_sq_km": 0.0625, "poi_count": 34, "category_count": 5, "sub_category_count": 11, "centroid_longitude": -77.40675326670933, "centroid_latitude": 37.540486207164065, "poi_density_per_sq_km": 544.0}}, {"type": "Feature", "geometry": {"type": "Polygon", "coordinates": [[[287500.0, 4125500.0], [287500.0, 4125750.0], [287500.0, 4126000.0], [287750.0, 4126000.0], [287750.0, 4125750.0], [288000.0, 4125750.0], [288000.0, 4125500.0], [287750.0, 4125500.0], [287500.0, 4125500.0]]]}, "properties": {"method_version": "q4_amenity_hub_grid_v1", "candidate_version": "grid_250m_min_20", "candidate_status": "selected_for_workbench", "recommended_for_review": true, "cbsa_code": "40060", "market_slug": "richmond_va", "amenity_hub_id": "40060_grid_250m_min_20_235", "cell_size_meters": 250, "min_pois_per_cell": 20, "cell_count": 3, "cluster_area_sq_km": 0.1875, "poi_count": 111, "category_count": 12, "sub_category_count": 24, "centroid_longitude": -77.39342460551822, "centroid_latitude": 37.25372409222479, "poi_density_per_sq_km": 592.0}}, {"type": "Feature", "geometry": {"type": "Polygon", "coordinates": [[[287500.0, 4169750.0], [287750.0, 4169750.0], [288000.0, 4169750.0], [288000.0, 4170000.0], [288000.0, 4170250.0], [288250.0, 4170250.0], [288250.0, 4170000.0], [288250.0, 4169750.0], [288500.0, 4169750.0], [288500.0, 4169500.0], [288250.0, 4169500.0], [288000.0, 4169500.0], [287750.0, 4169500.0], [287500.0, 4169500.0], [287500.0, 4169750.0]]]}, "properties": {"method_version": "q4_amenity_hub_grid_v1", "candidate_version": "grid_250m_min_20", "candidate_status": "selected_for_workbench", "recommended_for_review": true, "cbsa_code": "40060", "market_slug": "richmond_va", "amenity_hub_id": "40060_grid_250m_min_20_236", "cell_size_meters": 250, "min_pois_per_cell": 20, "cell_count": 6, "cluster_area_sq_km": 0.375, "poi_count": 168, "category_count": 13, "sub_category_count": 46, "centroid_longitude": -77.40302112927702, "centroid_latitude": 37.65062405976573, "poi_density_per_sq_km": 448.0}}, {"type": "Feature", "geometry": {"type": "Polygon", "coordinates": [[[287750.0, 4124500.0], [287750.0, 4124750.0], [287750.0, 4125000.0], [288000.0, 4125000.0], [288000.0, 4124750.0], [288250.0, 4124750.0], [288250.0, 4124500.0], [288000.0, 4124500.0], [287750.0, 4124500.0]]]}, "properties": {"method_version": "q4_amenity_hub_grid_v1", "candidate_version": "grid_250m_min_20", "candidate_status": "selected_for_workbench", "recommended_for_review": true, "cbsa_code": "40060", "market_slug": "richmond_va", "amenity_hub_id": "40060_grid_250m_min_20_237", "cell_size_meters": 250, "min_pois_per_cell": 20, "cell_count": 3, "cluster_area_sq_km": 0.1875, "poi_count": 87, "category_count": 10, "sub_category_count": 33, "centroid_longitude": -77.39088924381824, "centroid_latitude": 37.24477411851594, "poi_density_per_sq_km": 464.0}}, {"type": "Feature", "geometry": {"type": "Polygon", "coordinates": [[[288000.0, 4157500.0], [288000.0, 4157750.0], [287750.0, 4157750.0], [287750.0, 4157500.0], [288000.0, 4157500.0]]]}, "properties": {"method_version": "q4_amenity_hub_grid_v1", "candidate_version": "grid_250m_min_20", "candidate_status": "selected_for_workbench", "recommended_for_review": true, "cbsa_code": "40060", "market_slug": "richmond_va", "amenity_hub_id": "40060_grid_250m_min_20_238", "cell_size_meters": 250, "min_pois_per_cell": 20, "cell_count": 1, "cluster_area_sq_km": 0.0625, "poi_count": 21, "category_count": 7, "sub_category_count": 11, "centroid_longitude": -77.40139071621545, "centroid_latitude": 37.541738882553354, "poi_density_per_sq_km": 336.0}}, {"type": "Feature", "geometry": {"type": "Polygon", "coordinates": [[[288500.0, 4124750.0], [288250.0, 4124750.0], [288250.0, 4125000.0], [288000.0, 4125000.0], [288000.0, 4125250.0], [288250.0, 4125250.0], [288250.0, 4125500.0], [288500.0, 4125500.0], [288750.0, 4125500.0], [288750.0, 4125250.0], [288500.0, 4125250.0], [288500.0, 4125000.0], [288500.0, 4124750.0]]]}, "properties": {"method_version": "q4_amenity_hub_grid_v1", "candidate_version": "grid_250m_min_20", "candidate_status": "selected_for_workbench", "recommended_for_review": true, "cbsa_code": "40060", "market_slug": "richmond_va", "amenity_hub_id": "40060_grid_250m_min_20_239", "cell_size_meters": 250, "min_pois_per_cell": 20, "cell_count": 5, "cluster_area_sq_km": 0.3125, "poi_count": 137, "category_count": 10, "sub_category_count": 33, "centroid_longitude": -77.38625923451454, "centroid_latitude": 37.24896556222949, "poi_density_per_sq_km": 438.4}}, {"type": "Feature", "geometry": {"type": "Polygon", "coordinates": [[[288250.0, 4160500.0], [288000.0, 4160500.0], [288000.0, 4160750.0], [288000.0, 4161000.0], [288000.0, 4161250.0], [288250.0, 4161250.0], [288250.0, 4161000.0], [288250.0, 4160750.0], [288250.0, 4160500.0]]]}, "properties": {"method_version": "q4_amenity_hub_grid_v1", "candidate_version": "grid_250m_min_20", "candidate_status": "selected_for_workbench", "recommended_for_review": true, "cbsa_code": "40060", "market_slug": "richmond_va", "amenity_hub_id": "40060_grid_250m_min_20_240", "cell_size_meters": 250, "min_pois_per_cell": 20, "cell_count": 3, "cluster_area_sq_km": 0.1875, "poi_count": 62, "category_count": 9, "sub_category_count": 23, "centroid_longitude": -77.3996059593019, "centroid_latitude": 37.57069191316189, "poi_density_per_sq_km": 330.6666666666667}}, {"type": "Feature", "geometry": {"type": "Polygon", "coordinates": [[[288500.0, 4120000.0], [288250.0, 4120000.0], [288250.0, 4120250.0], [288500.0, 4120250.0], [288750.0, 4120250.0], [288750.0, 4120000.0], [289000.0, 4120000.0], [289000.0, 4119750.0], [288750.0, 4119750.0], [288500.0, 4119750.0], [288500.0, 4120000.0]]]}, "properties": {"method_version": "q4_amenity_hub_grid_v1", "candidate_version": "grid_250m_min_20", "candidate_status": "selected_for_workbench", "recommended_for_review": true, "cbsa_code": "40060", "market_slug": "richmond_va", "amenity_hub_id": "40060_grid_250m_min_20_241", "cell_size_meters": 250, "min_pois_per_cell": 20, "cell_count": 4, "cluster_area_sq_km": 0.25, "poi_count": 92, "category_count": 13, "sub_category_count": 36, "centroid_longitude": -77.38179329979492, "centroid_latitude": 37.202478750707726, "poi_density_per_sq_km": 368.0}}, {"type": "Feature", "geometry": {"type": "Polygon", "coordinates": [[[288500.0, 4154500.0], [288500.0, 4154750.0], [288250.0, 4154750.0], [288250.0, 4154500.0], [288500.0, 4154500.0]]]}, "properties": {"method_version": "q4_amenity_hub_grid_v1", "candidate_version": "grid_250m_min_20", "candidate_status": "selected_for_workbench", "recommended_for_review": true, "cbsa_code": "40060", "market_slug": "richmond_va", "amenity_hub_id": "40060_grid_250m_min_20_242", "cell_size_meters": 250, "min_pois_per_cell": 20, "cell_count": 1, "cluster_area_sq_km": 0.0625, "poi_count": 20, "category_count": 10, "sub_category_count": 14, "centroid_longitude": -77.3945150799063, "centroid_latitude": 37.51489197355604, "poi_density_per_sq_km": 320.0}}, {"type": "Feature", "geometry": {"type": "Polygon", "coordinates": [[[288500.0, 4161500.0], [288250.0, 4161500.0], [288250.0, 4161750.0], [288250.0, 4162000.0], [288500.0, 4162000.0], [288500.0, 4161750.0], [288500.0, 4161500.0]]]}, "properties": {"method_version": "q4_amenity_hub_grid_v1", "candidate_version": "grid_250m_min_20", "candidate_status": "selected_for_workbench", "recommended_for_review": true, "cbsa_code": "40060", "market_slug": "richmond_va", "amenity_hub_id": "40060_grid_250m_min_20_243", "cell_size_meters": 250, "min_pois_per_cell": 20, "cell_count": 2, "cluster_area_sq_km": 0.125, "poi_count": 48, "category_count": 12, "sub_category_count": 26, "centroid_longitude": -77.39630990133475, "centroid_latitude": 37.578015630889006, "poi_density_per_sq_km": 384.0}}, {"type": "Feature", "geometry": {"type": "Polygon", "coordinates": [[[289250.0, 4119000.0], [289000.0, 4119000.0], [289000.0, 4119250.0], [289000.0, 4119500.0], [289250.0, 4119500.0], [289250.0, 4119250.0], [289250.0, 4119000.0]]]}, "properties": {"method_version": "q4_amenity_hub_grid_v1", "candidate_version": "grid_250m_min_20", "candidate_status": "selected_for_workbench", "recommended_for_review": true, "cbsa_code": "40060", "market_slug": "richmond_va", "amenity_hub_id": "40060_grid_250m_min_20_244", "cell_size_meters": 250, "min_pois_per_cell": 20, "cell_count": 2, "cluster_area_sq_km": 0.125, "poi_count": 54, "category_count": 14, "sub_category_count": 30, "centroid_longitude": -77.37611505756477, "centroid_latitude": 37.19618081578593, "poi_density_per_sq_km": 432.0}}, {"type": "Feature", "geometry": {"type": "Polygon", "coordinates": [[[289000.0, 4167000.0], [289250.0, 4167000.0], [289250.0, 4167250.0], [289250.0, 4167500.0], [289500.0, 4167500.0], [289750.0, 4167500.0], [289750.0, 4167250.0], [289500.0, 4167250.0], [289500.0, 4167000.0], [289500.0, 4166750.0], [289250.0, 4166750.0], [289000.0, 4166750.0], [289000.0, 4167000.0]]]}, "properties": {"method_version": "q4_amenity_hub_grid_v1", "candidate_version": "grid_250m_min_20", "candidate_status": "selected_for_workbench", "recommended_for_review": true, "cbsa_code": "40060", "market_slug": "richmond_va", "amenity_hub_id": "40060_grid_250m_min_20_245", "cell_size_meters": 250, "min_pois_per_cell": 20, "cell_count": 5, "cluster_area_sq_km": 0.3125, "poi_count": 185, "category_count": 11, "sub_category_count": 29, "centroid_longitude": -77.38672154099575, "centroid_latitude": 37.62740282159806, "poi_density_per_sq_km": 592.0}}, {"type": "Feature", "geometry": {"type": "Polygon", "coordinates": [[[289250.0, 4170500.0], [289250.0, 4170750.0], [289500.0, 4170750.0], [289750.0, 4170750.0], [289750.0, 4170500.0], [289500.0, 4170500.0], [289250.0, 4170500.0]]]}, "properties": {"method_version": "q4_amenity_hub_grid_v1", "candidate_version": "grid_250m_min_20", "candidate_status": "selected_for_workbench", "recommended_for_review": true, "cbsa_code": "40060", "market_slug": "richmond_va", "amenity_hub_id": "40060_grid_250m_min_20_246", "cell_size_meters": 250, "min_pois_per_cell": 20, "cell_count": 2, "cluster_area_sq_km": 0.125, "poi_count": 55, "category_count": 10, "sub_category_count": 30, "centroid_longitude": -77.38563807221257, "centroid_latitude": 37.65881725829203, "poi_density_per_sq_km": 440.0}}, {"type": "Feature", "geometry": {"type": "Polygon", "coordinates": [[[289750.0, 4118250.0], [289750.0, 4118500.0], [289500.0, 4118500.0], [289500.0, 4118250.0], [289750.0, 4118250.0]]]}, "properties": {"method_version": "q4_amenity_hub_grid_v1", "candidate_version": "grid_250m_min_20", "candidate_status": "selected_for_workbench", "recommended_for_review": true, "cbsa_code": "40060", "market_slug": "richmond_va", "amenity_hub_id": "40060_grid_250m_min_20_247", "cell_size_meters": 250, "min_pois_per_cell": 20, "cell_count": 1, "cluster_area_sq_km": 0.0625, "poi_count": 22, "category_count": 9, "sub_category_count": 15, "centroid_longitude": -77.37024939738627, "centroid_latitude": 37.18842128234967, "poi_density_per_sq_km": 352.0}}, {"type": "Feature", "geometry": {"type": "Polygon", "coordinates": [[[290000.0, 4117500.0], [289750.0, 4117500.0], [289750.0, 4117750.0], [289750.0, 4118000.0], [289750.0, 4118250.0], [290000.0, 4118250.0], [290000.0, 4118000.0], [290000.0, 4117750.0], [290000.0, 4117500.0]]]}, "properties": {"method_version": "q4_amenity_hub_grid_v1", "candidate_version": "grid_250m_min_20", "candidate_status": "selected_for_workbench", "recommended_for_review": true, "cbsa_code": "40060", "market_slug": "richmond_va", "amenity_hub_id": "40060_grid_250m_min_20_248", "cell_size_meters": 250, "min_pois_per_cell": 20, "cell_count": 3, "cluster_area_sq_km": 0.1875, "poi_count": 76, "category_count": 12, "sub_category_count": 36, "centroid_longitude": -77.3674271774904, "centroid_latitude": 37.183773562041175, "poi_density_per_sq_km": 405.3333333333333}}, {"type": "Feature", "geometry": {"type": "Polygon", "coordinates": [[[290250.0, 4125000.0], [290250.0, 4125250.0], [290000.0, 4125250.0], [290000.0, 4125000.0], [290250.0, 4125000.0]]]}, "properties": {"method_version": "q4_amenity_hub_grid_v1", "candidate_version": "grid_250m_min_20", "candidate_status": "selected_for_workbench", "recommended_for_review": true, "cbsa_code": "40060", "market_slug": "richmond_va", "amenity_hub_id": "40060_grid_250m_min_20_249", "cell_size_meters": 250, "min_pois_per_cell": 20, "cell_count": 1, "cluster_area_sq_km": 0.0625, "poi_count": 33, "category_count": 7, "sub_category_count": 10, "centroid_longitude": -77.36671153374327, "centroid_latitude": 37.24878930850387, "poi_density_per_sq_km": 528.0}}, {"type": "Feature", "geometry": {"type": "Polygon", "coordinates": [[[290250.0, 4164000.0], [290250.0, 4164250.0], [290000.0, 4164250.0], [290000.0, 4164000.0], [290250.0, 4164000.0]]]}, "properties": {"method_version": "q4_amenity_hub_grid_v1", "candidate_version": "grid_250m_min_20", "candidate_status": "selected_for_workbench", "recommended_for_review": true, "cbsa_code": "40060", "market_slug": "richmond_va", "amenity_hub_id": "40060_grid_250m_min_20_250", "cell_size_meters": 250, "min_pois_per_cell": 20, "cell_count": 1, "cluster_area_sq_km": 0.0625, "poi_count": 22, "category_count": 7, "sub_category_count": 15, "centroid_longitude": -77.3770842044065, "centroid_latitude": 37.600159963286835, "poi_density_per_sq_km": 352.0}}, {"type": "Feature", "geometry": {"type": "Polygon", "coordinates": [[[290500.0, 4164250.0], [290250.0, 4164250.0], [290250.0, 4164500.0], [290000.0, 4164500.0], [290000.0, 4164750.0], [290250.0, 4164750.0], [290500.0, 4164750.0], [290500.0, 4164500.0], [290500.0, 4164250.0]]]}, "properties": {"method_version": "q4_amenity_hub_grid_v1", "candidate_version": "grid_250m_min_20", "candidate_status": "selected_for_workbench", "recommended_for_review": true, "cbsa_code": "40060", "market_slug": "richmond_va", "amenity_hub_id": "40060_grid_250m_min_20_251", "cell_size_meters": 250, "min_pois_per_cell": 20, "cell_count": 3, "cluster_area_sq_km": 0.1875, "poi_count": 110, "category_count": 17, "sub_category_count": 39, "centroid_longitude": -77.3754963115573, "centroid_latitude": 37.60370031095903, "poi_density_per_sq_km": 586.6666666666666}}, {"type": "Feature", "geometry": {"type": "Polygon", "coordinates": [[[290500.0, 4163500.0], [290500.0, 4163750.0], [290250.0, 4163750.0], [290250.0, 4163500.0], [290500.0, 4163500.0]]]}, "properties": {"method_version": "q4_amenity_hub_grid_v1", "candidate_version": "grid_250m_min_20", "candidate_status": "selected_for_workbench", "recommended_for_review": true, "cbsa_code": "40060", "market_slug": "richmond_va", "amenity_hub_id": "40060_grid_250m_min_20_252", "cell_size_meters": 250, "min_pois_per_cell": 20, "cell_count": 1, "cluster_area_sq_km": 0.0625, "poi_count": 21, "category_count": 6, "sub_category_count": 12, "centroid_longitude": -77.37391593857143, "centroid_latitude": 37.59648663666667, "poi_density_per_sq_km": 336.0}}, {"type": "Feature", "geometry": {"type": "Polygon", "coordinates": [[[290500.0, 4157750.0], [290500.0, 4158000.0], [290750.0, 4158000.0], [291000.0, 4158000.0], [291000.0, 4157750.0], [290750.0, 4157750.0], [290500.0, 4157750.0]]]}, "properties": {"method_version": "q4_amenity_hub_grid_v1", "candidate_version": "grid_250m_min_20", "candidate_status": "selected_for_workbench", "recommended_for_review": true, "cbsa_code": "40060", "market_slug": "richmond_va", "amenity_hub_id": "40060_grid_250m_min_20_253", "cell_size_meters": 250, "min_pois_per_cell": 20, "cell_count": 2, "cluster_area_sq_km": 0.125, "poi_count": 50, "category_count": 10, "sub_category_count": 27, "centroid_longitude": -77.36839276588064, "centroid_latitude": 37.54413976956293, "poi_density_per_sq_km": 400.0}}, {"type": "Feature", "geometry": {"type": "Polygon", "coordinates": [[[291000.0, 4155000.0], [291000.0, 4155250.0], [290750.0, 4155250.0], [290750.0, 4155000.0], [291000.0, 4155000.0]]]}, "properties": {"method_version": "q4_amenity_hub_grid_v1", "candidate_version": "grid_250m_min_20", "candidate_status": "selected_for_workbench", "recommended_for_review": true, "cbsa_code": "40060", "market_slug": "richmond_va", "amenity_hub_id": "40060_grid_250m_min_20_254", "cell_size_meters": 250, "min_pois_per_cell": 20, "cell_count": 1, "cluster_area_sq_km": 0.0625, "poi_count": 23, "category_count": 5, "sub_category_count": 13, "centroid_longitude": -77.36704484206186, "centroid_latitude": 37.51987261048028, "poi_density_per_sq_km": 368.0}}, {"type": "Feature", "geometry": {"type": "Polygon", "coordinates": [[[291250.0, 4158000.0], [291250.0, 4158250.0], [291000.0, 4158250.0], [291000.0, 4158000.0], [291250.0, 4158000.0]]]}, "properties": {"method_version": "q4_amenity_hub_grid_v1", "candidate_version": "grid_250m_min_20", "candidate_status": "selected_for_workbench", "recommended_for_review": true, "cbsa_code": "40060", "market_slug": "richmond_va", "amenity_hub_id": "40060_grid_250m_min_20_255", "cell_size_meters": 250, "min_pois_per_cell": 20, "cell_count": 1, "cluster_area_sq_km": 0.0625, "poi_count": 20, "category_count": 8, "sub_category_count": 14, "centroid_longitude": -77.36448490186889, "centroid_latitude": 37.54632525880545, "poi_density_per_sq_km": 320.0}}, {"type": "Feature", "geometry": {"type": "Polygon", "coordinates": [[[291500.0, 4136000.0], [291250.0, 4136000.0], [291250.0, 4136250.0], [291250.0, 4136500.0], [291500.0, 4136500.0], [291500.0, 4136250.0], [291500.0, 4136000.0]]]}, "properties": {"method_version": "q4_amenity_hub_grid_v1", "candidate_version": "grid_250m_min_20", "candidate_status": "selected_for_workbench", "recommended_for_review": true, "cbsa_code": "40060", "market_slug": "richmond_va", "amenity_hub_id": "40060_grid_250m_min_20_256", "cell_size_meters": 250, "min_pois_per_cell": 20, "cell_count": 2, "cluster_area_sq_km": 0.125, "poi_count": 72, "category_count": 11, "sub_category_count": 30, "centroid_longitude": -77.3550131775455, "centroid_latitude": 37.349853561861536, "poi_density_per_sq_km": 576.0}}, {"type": "Feature", "geometry": {"type": "Polygon", "coordinates": [[[291500.0, 4156000.0], [291500.0, 4156250.0], [291750.0, 4156250.0], [292000.0, 4156250.0], [292000.0, 4156000.0], [291750.0, 4156000.0], [291500.0, 4156000.0]]]}, "properties": {"method_version": "q4_amenity_hub_grid_v1", "candidate_version": "grid_250m_min_20", "candidate_status": "selected_for_workbench", "recommended_for_review": true, "cbsa_code": "40060", "market_slug": "richmond_va", "amenity_hub_id": "40060_grid_250m_min_20_257", "cell_size_meters": 250, "min_pois_per_cell": 20, "cell_count": 2, "cluster_area_sq_km": 0.125, "poi_count": 72, "category_count": 10, "sub_category_count": 21, "centroid_longitude": -77.35653004436188, "centroid_latitude": 37.52848427543914, "poi_density_per_sq_km": 576.0}}, {"type": "Feature", "geometry": {"type": "Polygon", "coordinates": [[[291750.0, 4158250.0], [291750.0, 4158500.0], [291500.0, 4158500.0], [291500.0, 4158250.0], [291750.0, 4158250.0]]]}, "properties": {"method_version": "q4_amenity_hub_grid_v1", "candidate_version": "grid_250m_min_20", "candidate_status": "selected_for_workbench", "recommended_for_review": true, "cbsa_code": "40060", "market_slug": "richmond_va", "amenity_hub_id": "40060_grid_250m_min_20_258", "cell_size_meters": 250, "min_pois_per_cell": 20, "cell_count": 1, "cluster_area_sq_km": 0.0625, "poi_count": 24, "category_count": 8, "sub_category_count": 14, "centroid_longitude": -77.35859157193993, "centroid_latitude": 37.549155471536736, "poi_density_per_sq_km": 384.0}}, {"type": "Feature", "geometry": {"type": "Polygon", "coordinates": [[[292250.0, 4154750.0], [292000.0, 4154750.0], [292000.0, 4155000.0], [292000.0, 4155250.0], [292000.0, 4155500.0], [292250.0, 4155500.0], [292250.0, 4155250.0], [292250.0, 4155000.0], [292250.0, 4154750.0]]]}, "properties": {"method_version": "q4_amenity_hub_grid_v1", "candidate_version": "grid_250m_min_20", "candidate_status": "selected_for_workbench", "recommended_for_review": true, "cbsa_code": "40060", "market_slug": "richmond_va", "amenity_hub_id": "40060_grid_250m_min_20_259", "cell_size_meters": 250, "min_pois_per_cell": 20, "cell_count": 3, "cluster_area_sq_km": 0.1875, "poi_count": 97, "category_count": 13, "sub_category_count": 33, "centroid_longitude": -77.35254106626469, "centroid_latitude": 37.51955699637683, "poi_density_per_sq_km": 517.3333333333334}}, {"type": "Feature", "geometry": {"type": "Polygon", "coordinates": [[[292250.0, 4165500.0], [292250.0, 4165750.0], [292000.0, 4165750.0], [292000.0, 4165500.0], [292250.0, 4165500.0]]]}, "properties": {"method_version": "q4_amenity_hub_grid_v1", "candidate_version": "grid_250m_min_20", "candidate_status": "selected_for_workbench", "recommended_for_review": true, "cbsa_code": "40060", "market_slug": "richmond_va", "amenity_hub_id": "40060_grid_250m_min_20_260", "cell_size_meters": 250, "min_pois_per_cell": 20, "cell_count": 1, "cluster_area_sq_km": 0.0625, "poi_count": 26, "category_count": 8, "sub_category_count": 16, "centroid_longitude": -77.35527042638222, "centroid_latitude": 37.613686184209726, "poi_density_per_sq_km": 416.0}}, {"type": "Feature", "geometry": {"type": "Polygon", "coordinates": [[[292250.0, 4168000.0], [292250.0, 4168250.0], [292000.0, 4168250.0], [292000.0, 4168000.0], [292250.0, 4168000.0]]]}, "properties": {"method_version": "q4_amenity_hub_grid_v1", "candidate_version": "grid_250m_min_20", "candidate_status": "selected_for_workbench", "recommended_for_review": true, "cbsa_code": "40060", "market_slug": "richmond_va", "amenity_hub_id": "40060_grid_250m_min_20_261", "cell_size_meters": 250, "min_pois_per_cell": 20, "cell_count": 1, "cluster_area_sq_km": 0.0625, "poi_count": 33, "category_count": 7, "sub_category_count": 14, "centroid_longitude": -77.35580721915889, "centroid_latitude": 37.63702975343163, "poi_density_per_sq_km": 528.0}}, {"type": "Feature", "geometry": {"type": "Polygon", "coordinates": [[[292500.0, 4154500.0], [292500.0, 4154750.0], [292250.0, 4154750.0], [292250.0, 4154500.0], [292500.0, 4154500.0]]]}, "properties": {"method_version": "q4_amenity_hub_grid_v1", "candidate_version": "grid_250m_min_20", "candidate_status": "selected_for_workbench", "recommended_for_review": true, "cbsa_code": "40060", "market_slug": "richmond_va", "amenity_hub_id": "40060_grid_250m_min_20_262", "cell_size_meters": 250, "min_pois_per_cell": 20, "cell_count": 1, "cluster_area_sq_km": 0.0625, "poi_count": 32, "category_count": 10, "sub_category_count": 22, "centroid_longitude": -77.34927206175374, "centroid_latitude": 37.51493917928511, "poi_density_per_sq_km": 512.0}}, {"type": "Feature", "geometry": {"type": "Polygon", "coordinates": [[[292500.0, 4164500.0], [292500.0, 4164750.0], [292250.0, 4164750.0], [292250.0, 4164500.0], [292500.0, 4164500.0]]]}, "properties": {"method_version": "q4_amenity_hub_grid_v1", "candidate_version": "grid_250m_min_20", "candidate_status": "selected_for_workbench", "recommended_for_review": true, "cbsa_code": "40060", "market_slug": "richmond_va", "amenity_hub_id": "40060_grid_250m_min_20_263", "cell_size_meters": 250, "min_pois_per_cell": 20, "cell_count": 1, "cluster_area_sq_km": 0.0625, "poi_count": 32, "category_count": 7, "sub_category_count": 16, "centroid_longitude": -77.35293466272546, "centroid_latitude": 37.605345063817055, "poi_density_per_sq_km": 512.0}}, {"type": "Feature", "geometry": {"type": "Polygon", "coordinates": [[[292500.0, 4167750.0], [292500.0, 4168000.0], [292250.0, 4168000.0], [292250.0, 4167750.0], [292500.0, 4167750.0]]]}, "properties": {"method_version": "q4_amenity_hub_grid_v1", "candidate_version": "grid_250m_min_20", "candidate_status": "selected_for_workbench", "recommended_for_review": true, "cbsa_code": "40060", "market_slug": "richmond_va", "amenity_hub_id": "40060_grid_250m_min_20_264", "cell_size_meters": 250, "min_pois_per_cell": 20, "cell_count": 1, "cluster_area_sq_km": 0.0625, "poi_count": 31, "category_count": 3, "sub_category_count": 8, "centroid_longitude": -77.35357204496889, "centroid_latitude": 37.63497817373317, "poi_density_per_sq_km": 496.0}}, {"type": "Feature", "geometry": {"type": "Polygon", "coordinates": [[[292500.0, 4168250.0], [292500.0, 4168500.0], [292250.0, 4168500.0], [292250.0, 4168250.0], [292500.0, 4168250.0]]]}, "properties": {"method_version": "q4_amenity_hub_grid_v1", "candidate_version": "grid_250m_min_20", "candidate_status": "selected_for_workbench", "recommended_for_review": true, "cbsa_code": "40060", "market_slug": "richmond_va", "amenity_hub_id": "40060_grid_250m_min_20_265", "cell_size_meters": 250, "min_pois_per_cell": 20, "cell_count": 1, "cluster_area_sq_km": 0.0625, "poi_count": 23, "category_count": 7, "sub_category_count": 10, "centroid_longitude": -77.35347352212484, "centroid_latitude": 37.639399706224985, "poi_density_per_sq_km": 368.0}}, {"type": "Feature", "geometry": {"type": "Polygon", "coordinates": [[[292750.0, 4164000.0], [292750.0, 4164250.0], [292500.0, 4164250.0], [292500.0, 4164000.0], [292750.0, 4164000.0]]]}, "properties": {"method_version": "q4_amenity_hub_grid_v1", "candidate_version": "grid_250m_min_20", "candidate_status": "selected_for_workbench", "recommended_for_review": true, "cbsa_code": "40060", "market_slug": "richmond_va", "amenity_hub_id": "40060_grid_250m_min_20_266", "cell_size_meters": 250, "min_pois_per_cell": 20, "cell_count": 1, "cluster_area_sq_km": 0.0625, "poi_count": 24, "category_count": 6, "sub_category_count": 13, "centroid_longitude": -77.34881523833343, "centroid_latitude": 37.60010783162532, "poi_density_per_sq_km": 384.0}}, {"type": "Feature", "geometry": {"type": "Polygon", "coordinates": [[[293500.0, 4126250.0], [293500.0, 4126500.0], [293250.0, 4126500.0], [293250.0, 4126250.0], [293500.0, 4126250.0]]]}, "properties": {"method_version": "q4_amenity_hub_grid_v1", "candidate_version": "grid_250m_min_20", "candidate_status": "selected_for_workbench", "recommended_for_review": true, "cbsa_code": "40060", "market_slug": "richmond_va", "amenity_hub_id": "40060_grid_250m_min_20_267", "cell_size_meters": 250, "min_pois_per_cell": 20, "cell_count": 1, "cluster_area_sq_km": 0.0625, "poi_count": 24, "category_count": 7, "sub_category_count": 12, "centroid_longitude": -77.32952763233683, "centroid_latitude": 37.2609225711867, "poi_density_per_sq_km": 384.0}}, {"type": "Feature", "geometry": {"type": "Polygon", "coordinates": [[[293250.0, 4165000.0], [293250.0, 4165250.0], [293250.0, 4165500.0], [293500.0, 4165500.0], [293500.0, 4165750.0], [293750.0, 4165750.0], [293750.0, 4165500.0], [294000.0, 4165500.0], [294250.0, 4165500.0], [294500.0, 4165500.0], [294500.0, 4165250.0], [294250.0, 4165250.0], [294000.0, 4165250.0], [293750.0, 4165250.0], [293500.0, 4165250.0], [293500.0, 4165000.0], [293250.0, 4165000.0]]]}, "properties": {"method_version": "q4_amenity_hub_grid_v1", "candidate_version": "grid_250m_min_20", "candidate_status": "selected_for_workbench", "recommended_for_review": true, "cbsa_code": "40060", "market_slug": "richmond_va", "amenity_hub_id": "40060_grid_250m_min_20_268", "cell_size_meters": 250, "min_pois_per_cell": 20, "cell_count": 7, "cluster_area_sq_km": 0.4375, "poi_count": 204, "category_count": 14, "sub_category_count": 52, "centroid_longitude": -77.33719574101993, "centroid_latitude": 37.612651346715964, "poi_density_per_sq_km": 466.2857142857143}}, {"type": "Feature", "geometry": {"type": "Polygon", "coordinates": [[[293750.0, 4126000.0], [293750.0, 4126250.0], [293500.0, 4126250.0], [293500.0, 4126000.0], [293750.0, 4126000.0]]]}, "properties": {"method_version": "q4_amenity_hub_grid_v1", "candidate_version": "grid_250m_min_20", "candidate_status": "selected_for_workbench", "recommended_for_review": true, "cbsa_code": "40060", "market_slug": "richmond_va", "amenity_hub_id": "40060_grid_250m_min_20_269", "cell_size_meters": 250, "min_pois_per_cell": 20, "cell_count": 1, "cluster_area_sq_km": 0.0625, "poi_count": 35, "category_count": 10, "sub_category_count": 22, "centroid_longitude": -77.3268686386647, "centroid_latitude": 37.25853141060157, "poi_density_per_sq_km": 560.0}}, {"type": "Feature", "geometry": {"type": "Polygon", "coordinates": [[[294000.0, 4126500.0], [294000.0, 4126750.0], [293750.0, 4126750.0], [293750.0, 4126500.0], [294000.0, 4126500.0]]]}, "properties": {"method_version": "q4_amenity_hub_grid_v1", "candidate_version": "grid_250m_min_20", "candidate_status": "selected_for_workbench", "recommended_for_review": true, "cbsa_code": "40060", "market_slug": "richmond_va", "amenity_hub_id": "40060_grid_250m_min_20_270", "cell_size_meters": 250, "min_pois_per_cell": 20, "cell_count": 1, "cluster_area_sq_km": 0.0625, "poi_count": 22, "category_count": 8, "sub_category_count": 10, "centroid_longitude": -77.32459384028529, "centroid_latitude": 37.263065855074245, "poi_density_per_sq_km": 352.0}}, {"type": "Feature", "geometry": {"type": "Polygon", "coordinates": [[[294000.0, 4153750.0], [294000.0, 4154000.0], [293750.0, 4154000.0], [293750.0, 4153750.0], [294000.0, 4153750.0]]]}, "properties": {"method_version": "q4_amenity_hub_grid_v1", "candidate_version": "grid_250m_min_20", "candidate_status": "selected_for_workbench", "recommended_for_review": true, "cbsa_code": "40060", "market_slug": "richmond_va", "amenity_hub_id": "40060_grid_250m_min_20_271", "cell_size_meters": 250, "min_pois_per_cell": 20, "cell_count": 1, "cluster_area_sq_km": 0.0625, "poi_count": 35, "category_count": 8, "sub_category_count": 12, "centroid_longitude": -77.33262077437927, "centroid_latitude": 37.50834588889291, "poi_density_per_sq_km": 560.0}}, {"type": "Feature", "geometry": {"type": "Polygon", "coordinates": [[[294500.0, 4157750.0], [294500.0, 4158000.0], [294250.0, 4158000.0], [294250.0, 4157750.0], [294500.0, 4157750.0]]]}, "properties": {"method_version": "q4_amenity_hub_grid_v1", "candidate_version": "grid_250m_min_20", "candidate_status": "selected_for_workbench", "recommended_for_review": true, "cbsa_code": "40060", "market_slug": "richmond_va", "amenity_hub_id": "40060_grid_250m_min_20_272", "cell_size_meters": 250, "min_pois_per_cell": 20, "cell_count": 1, "cluster_area_sq_km": 0.0625, "poi_count": 24, "category_count": 9, "sub_category_count": 18, "centroid_longitude": -77.32730815672305, "centroid_latitude": 37.54544276175681, "poi_density_per_sq_km": 384.0}}, {"type": "Feature", "geometry": {"type": "Polygon", "coordinates": [[[294750.0, 4157500.0], [294750.0, 4157750.0], [294500.0, 4157750.0], [294500.0, 4157500.0], [294750.0, 4157500.0]]]}, "properties": {"method_version": "q4_amenity_hub_grid_v1", "candidate_version": "grid_250m_min_20", "candidate_status": "selected_for_workbench", "recommended_for_review": true, "cbsa_code": "40060", "market_slug": "richmond_va", "amenity_hub_id": "40060_grid_250m_min_20_273", "cell_size_meters": 250, "min_pois_per_cell": 20, "cell_count": 1, "cluster_area_sq_km": 0.0625, "poi_count": 26, "category_count": 11, "sub_category_count": 17, "centroid_longitude": -77.32445660555115, "centroid_latitude": 37.54260644394115, "poi_density_per_sq_km": 416.0}}, {"type": "Feature", "geometry": {"type": "Polygon", "coordinates": [[[295000.0, 4156750.0], [295000.0, 4157000.0], [294750.0, 4157000.0], [294750.0, 4156750.0], [295000.0, 4156750.0]]]}, "properties": {"method_version": "q4_amenity_hub_grid_v1", "candidate_version": "grid_250m_min_20", "candidate_status": "selected_for_workbench", "recommended_for_review": true, "cbsa_code": "40060", "market_slug": "richmond_va", "amenity_hub_id": "40060_grid_250m_min_20_274", "cell_size_meters": 250, "min_pois_per_cell": 20, "cell_count": 1, "cluster_area_sq_km": 0.0625, "poi_count": 22, "category_count": 8, "sub_category_count": 11, "centroid_longitude": -77.32161410330967, "centroid_latitude": 37.53626953948642, "poi_density_per_sq_km": 352.0}}, {"type": "Feature", "geometry": {"type": "Polygon", "coordinates": [[[295250.0, 4165750.0], [295000.0, 4165750.0], [294750.0, 4165750.0], [294750.0, 4166000.0], [295000.0, 4166000.0], [295250.0, 4166000.0], [295500.0, 4166000.0], [295500.0, 4165750.0], [295500.0, 4165500.0], [295250.0, 4165500.0], [295250.0, 4165750.0]]]}, "properties": {"method_version": "q4_amenity_hub_grid_v1", "candidate_version": "grid_250m_min_20", "candidate_status": "selected_for_workbench", "recommended_for_review": true, "cbsa_code": "40060", "market_slug": "richmond_va", "amenity_hub_id": "40060_grid_250m_min_20_275", "cell_size_meters": 250, "min_pois_per_cell": 20, "cell_count": 4, "cluster_area_sq_km": 0.25, "poi_count": 105, "category_count": 12, "sub_category_count": 35, "centroid_longitude": -77.32040223109516, "centroid_latitude": 37.61626411735951, "poi_density_per_sq_km": 420.0}}, {"type": "Feature", "geometry": {"type": "Polygon", "coordinates": [[[295500.0, 4128250.0], [295500.0, 4128500.0], [295250.0, 4128500.0], [295250.0, 4128250.0], [295500.0, 4128250.0]]]}, "properties": {"method_version": "q4_amenity_hub_grid_v1", "candidate_version": "grid_250m_min_20", "candidate_status": "selected_for_workbench", "recommended_for_review": true, "cbsa_code": "40060", "market_slug": "richmond_va", "amenity_hub_id": "40060_grid_250m_min_20_276", "cell_size_meters": 250, "min_pois_per_cell": 20, "cell_count": 1, "cluster_area_sq_km": 0.0625, "poi_count": 23, "category_count": 8, "sub_category_count": 13, "centroid_longitude": -77.30828976288637, "centroid_latitude": 37.279064782494906, "poi_density_per_sq_km": 368.0}}, {"type": "Feature", "geometry": {"type": "Polygon", "coordinates": [[[295250.0, 4155250.0], [295250.0, 4155500.0], [295500.0, 4155500.0], [295750.0, 4155500.0], [295750.0, 4155250.0], [295500.0, 4155250.0], [295250.0, 4155250.0]]]}, "properties": {"method_version": "q4_amenity_hub_grid_v1", "candidate_version": "grid_250m_min_20", "candidate_status": "selected_for_workbench", "recommended_for_review": true, "cbsa_code": "40060", "market_slug": "richmond_va", "amenity_hub_id": "40060_grid_250m_min_20_277", "cell_size_meters": 250, "min_pois_per_cell": 20, "cell_count": 2, "cluster_area_sq_km": 0.125, "poi_count": 59, "category_count": 11, "sub_category_count": 29, "centroid_longitude": -77.31427846252993, "centroid_latitude": 37.523065515188385, "poi_density_per_sq_km": 472.0}}, {"type": "Feature", "geometry": {"type": "Polygon", "coordinates": [[[296500.0, 4129500.0], [296500.0, 4129750.0], [296250.0, 4129750.0], [296250.0, 4129500.0], [296500.0, 4129500.0]]]}, "properties": {"method_version": "q4_amenity_hub_grid_v1", "candidate_version": "grid_250m_min_20", "candidate_status": "selected_for_workbench", "recommended_for_review": true, "cbsa_code": "40060", "market_slug": "richmond_va", "amenity_hub_id": "40060_grid_250m_min_20_278", "cell_size_meters": 250, "min_pois_per_cell": 20, "cell_count": 1, "cluster_area_sq_km": 0.0625, "poi_count": 25, "category_count": 6, "sub_category_count": 13, "centroid_longitude": -77.29703514352192, "centroid_latitude": 37.29076036965072, "poi_density_per_sq_km": 400.0}}, {"type": "Feature", "geometry": {"type": "Polygon", "coordinates": [[[296500.0, 4155000.0], [296500.0, 4155250.0], [296250.0, 4155250.0], [296250.0, 4155000.0], [296500.0, 4155000.0]]]}, "properties": {"method_version": "q4_amenity_hub_grid_v1", "candidate_version": "grid_250m_min_20", "candidate_status": "selected_for_workbench", "recommended_for_review": true, "cbsa_code": "40060", "market_slug": "richmond_va", "amenity_hub_id": "40060_grid_250m_min_20_279", "cell_size_meters": 250, "min_pois_per_cell": 20, "cell_count": 1, "cluster_area_sq_km": 0.0625, "poi_count": 26, "category_count": 6, "sub_category_count": 12, "centroid_longitude": -77.30392976675783, "centroid_latitude": 37.52068783137009, "poi_density_per_sq_km": 416.0}}, {"type": "Feature", "geometry": {"type": "Polygon", "coordinates": [[[297000.0, 4121750.0], [297000.0, 4122000.0], [296750.0, 4122000.0], [296750.0, 4121750.0], [297000.0, 4121750.0]]]}, "properties": {"method_version": "q4_amenity_hub_grid_v1", "candidate_version": "grid_250m_min_20", "candidate_status": "selected_for_workbench", "recommended_for_review": true, "cbsa_code": "40060", "market_slug": "richmond_va", "amenity_hub_id": "40060_grid_250m_min_20_280", "cell_size_meters": 250, "min_pois_per_cell": 20, "cell_count": 1, "cluster_area_sq_km": 0.0625, "poi_count": 23, "category_count": 11, "sub_category_count": 16, "centroid_longitude": -77.28939982275473, "centroid_latitude": 37.22133091392225, "poi_density_per_sq_km": 368.0}}, {"type": "Feature", "geometry": {"type": "Polygon", "coordinates": [[[297500.0, 4130750.0], [297250.0, 4130750.0], [297250.0, 4131000.0], [297250.0, 4131250.0], [297500.0, 4131250.0], [297750.0, 4131250.0], [297750.0, 4131000.0], [297500.0, 4131000.0], [297500.0, 4130750.0]]]}, "properties": {"method_version": "q4_amenity_hub_grid_v1", "candidate_version": "grid_250m_min_20", "candidate_status": "selected_for_workbench", "recommended_for_review": true, "cbsa_code": "40060", "market_slug": "richmond_va", "amenity_hub_id": "40060_grid_250m_min_20_281", "cell_size_meters": 250, "min_pois_per_cell": 20, "cell_count": 3, "cluster_area_sq_km": 0.1875, "poi_count": 143, "category_count": 16, "sub_category_count": 50, "centroid_longitude": -77.28604612473475, "centroid_latitude": 37.30419910093625, "poi_density_per_sq_km": 762.6666666666666}}, {"type": "Feature", "geometry": {"type": "Polygon", "coordinates": [[[307000.0, 4154750.0], [307000.0, 4155000.0], [306750.0, 4155000.0], [306750.0, 4154750.0], [307000.0, 4154750.0]]]}, "properties": {"method_version": "q4_amenity_hub_grid_v1", "candidate_version": "grid_250m_min_20", "candidate_status": "selected_for_workbench", "recommended_for_review": true, "cbsa_code": "40060", "market_slug": "richmond_va", "amenity_hub_id": "40060_grid_250m_min_20_282", "cell_size_meters": 250, "min_pois_per_cell": 20, "cell_count": 1, "cluster_area_sq_km": 0.0625, "poi_count": 26, "category_count": 8, "sub_category_count": 16, "centroid_longitude": -77.18548822991282, "centroid_latitude": 37.52022481180596, "poi_density_per_sq_km": 416.0}}, {"type": "Feature", "geometry": {"type": "Polygon", "coordinates": [[[312000.0, 4179500.0], [312000.0, 4179750.0], [311750.0, 4179750.0], [311750.0, 4179500.0], [312000.0, 4179500.0]]]}, "properties": {"method_version": "q4_amenity_hub_grid_v1", "candidate_version": "grid_250m_min_20", "candidate_status": "selected_for_workbench", "recommended_for_review": true, "cbsa_code": "40060", "market_slug": "richmond_va", "amenity_hub_id": "40060_grid_250m_min_20_283", "cell_size_meters": 250, "min_pois_per_cell": 20, "cell_count": 1, "cluster_area_sq_km": 0.0625, "poi_count": 31, "category_count": 8, "sub_category_count": 19, "centroid_longitude": -77.13541165174375, "centroid_latitude": 37.74432871144679, "poi_density_per_sq_km": 496.0}}, {"type": "Feature", "geometry": {"type": "Polygon", "coordinates": [[[313750.0, 4100750.0], [313750.0, 4101000.0], [313500.0, 4101000.0], [313500.0, 4100750.0], [313750.0, 4100750.0]]]}, "properties": {"method_version": "q4_amenity_hub_grid_v1", "candidate_version": "grid_250m_min_20", "candidate_status": "selected_for_workbench", "recommended_for_review": true, "cbsa_code": "40060", "market_slug": "richmond_va", "amenity_hub_id": "40060_grid_250m_min_20_284", "cell_size_meters": 250, "min_pois_per_cell": 20, "cell_count": 1, "cluster_area_sq_km": 0.0625, "poi_count": 27, "category_count": 10, "sub_category_count": 17, "centroid_longitude": -77.09526698423176, "centroid_latitude": 37.03591425007789, "poi_density_per_sq_km": 432.0}}, {"type": "Feature", "geometry": {"type": "Polygon", "coordinates": [[[319500.0, 4145750.0], [319500.0, 4146000.0], [319250.0, 4146000.0], [319250.0, 4145750.0], [319500.0, 4145750.0]]]}, "properties": {"method_version": "q4_amenity_hub_grid_v1", "candidate_version": "grid_250m_min_20", "candidate_status": "selected_for_workbench", "recommended_for_review": true, "cbsa_code": "40060", "market_slug": "richmond_va", "amenity_hub_id": "40060_grid_250m_min_20_285", "cell_size_meters": 250, "min_pois_per_cell": 20, "cell_count": 1, "cluster_area_sq_km": 0.0625, "poi_count": 20, "category_count": 8, "sub_category_count": 15, "centroid_longitude": -77.04230476367346, "centroid_latitude": 37.44207626074477, "poi_density_per_sq_km": 320.0}}, {"type": "Feature", "geometry": {"type": "Polygon", "coordinates": [[[341500.0, 4155250.0], [341500.0, 4155500.0], [341250.0, 4155500.0], [341250.0, 4155250.0], [341500.0, 4155250.0]]]}, "properties": {"method_version": "q4_amenity_hub_grid_v1", "candidate_version": "grid_250m_min_20", "candidate_status": "selected_for_workbench", "recommended_for_review": true, "cbsa_code": "40060", "market_slug": "richmond_va", "amenity_hub_id": "40060_grid_250m_min_20_286", "cell_size_meters": 250, "min_pois_per_cell": 20, "cell_count": 1, "cluster_area_sq_km": 0.0625, "poi_count": 25, "category_count": 9, "sub_category_count": 16, "centroid_longitude": -76.7962910903878, "centroid_latitude": 37.53173759974752, "poi_density_per_sq_km": 400.0}}, {"type": "Feature", "geometry": {"type": "Polygon", "coordinates": [[[261000.0, 4155000.0], [261000.0, 4155500.0], [261500.0, 4155500.0], [262000.0, 4155500.0], [262500.0, 4155500.0], [262500.0, 4155000.0], [262000.0, 4155000.0], [261500.0, 4155000.0], [261000.0, 4155000.0]]]}, "properties": {"method_version": "q4_amenity_hub_grid_v1", "candidate_version": "grid_500m_min_60", "candidate_status": "sensitivity", "recommended_for_review": false, "cbsa_code": "40060", "market_slug": "richmond_va", "amenity_hub_id": "40060_grid_500m_min_60_001", "cell_size_meters": 500, "min_pois_per_cell": 60, "cell_count": 3, "cluster_area_sq_km": 0.75, "poi_count": 218, "category_count": 15, "sub_category_count": 45, "centroid_longitude": -77.69573721561892, "centroid_latitude": 37.513592615653614, "poi_density_per_sq_km": 290.6666666666667}}, {"type": "Feature", "geometry": {"type": "Polygon", "coordinates": [[[263500.0, 4142500.0], [263500.0, 4143000.0], [263000.0, 4143000.0], [263000.0, 4142500.0], [263500.0, 4142500.0]]]}, "properties": {"method_version": "q4_amenity_hub_grid_v1", "candidate_version": "grid_500m_min_60", "candidate_status": "sensitivity", "recommended_for_review": false, "cbsa_code": "40060", "market_slug": "richmond_va", "amenity_hub_id": "40060_grid_500m_min_60_002", "cell_size_meters": 500, "min_pois_per_cell": 60, "cell_count": 1, "cluster_area_sq_km": 0.25, "poi_count": 87, "category_count": 11, "sub_category_count": 35, "centroid_longitude": -77.67445846670755, "centroid_latitude": 37.402187301381616, "poi_density_per_sq_km": 348.0}}, {"type": "Feature", "geometry": {"type": "Polygon", "coordinates": [[[264000.0, 4154500.0], [263500.0, 4154500.0], [263500.0, 4155000.0], [264000.0, 4155000.0], [264500.0, 4155000.0], [264500.0, 4154500.0], [265000.0, 4154500.0], [265500.0, 4154500.0], [266000.0, 4154500.0], [266000.0, 4154000.0], [265500.0, 4154000.0], [265000.0, 4154000.0], [264500.0, 4154000.0], [264000.0, 4154000.0], [264000.0, 4154500.0]]]}, "properties": {"method_version": "q4_amenity_hub_grid_v1", "candidate_version": "grid_500m_min_60", "candidate_status": "sensitivity", "recommended_for_review": false, "cbsa_code": "40060", "market_slug": "richmond_va", "amenity_hub_id": "40060_grid_500m_min_60_003", "cell_size_meters": 500, "min_pois_per_cell": 60, "cell_count": 6, "cluster_area_sq_km": 1.5, "poi_count": 503, "category_count": 18, "sub_category_count": 64, "centroid_longitude": -77.66241173171058, "centroid_latitude": 37.506277186488795, "poi_density_per_sq_km": 335.3333333333333}}, {"type": "Feature", "geometry": {"type": "Polygon", "coordinates": [[[264500.0, 4143000.0], [264500.0, 4143500.0], [264000.0, 4143500.0], [264000.0, 4143000.0], [264500.0, 4143000.0]]]}, "properties": {"method_version": "q4_amenity_hub_grid_v1", "candidate_version": "grid_500m_min_60", "candidate_status": "sensitivity", "recommended_for_review": false, "cbsa_code": "40060", "market_slug": "richmond_va", "amenity_hub_id": "40060_grid_500m_min_60_004", "cell_size_meters": 500, "min_pois_per_cell": 60, "cell_count": 1, "cluster_area_sq_km": 0.25, "poi_count": 82, "category_count": 11, "sub_category_count": 36, "centroid_longitude": -77.66339756139966, "centroid_latitude": 37.40559354780359, "poi_density_per_sq_km": 328.0}}, {"type": "Feature", "geometry": {"type": "Polygon", "coordinates": [[[265000.0, 4149500.0], [265000.0, 4150000.0], [264500.0, 4150000.0], [264500.0, 4149500.0], [265000.0, 4149500.0]]]}, "properties": {"method_version": "q4_amenity_hub_grid_v1", "candidate_version": "grid_500m_min_60", "candidate_status": "sensitivity", "recommended_for_review": false, "cbsa_code": "40060", "market_slug": "richmond_va", "amenity_hub_id": "40060_grid_500m_min_60_005", "cell_size_meters": 500, "min_pois_per_cell": 60, "cell_count": 1, "cluster_area_sq_km": 0.25, "poi_count": 71, "category_count": 1, "sub_category_count": 8, "centroid_longitude": -77.66022178264274, "centroid_latitude": 37.46621277796651, "poi_density_per_sq_km": 284.0}}, {"type": "Feature", "geometry": {"type": "Polygon", "coordinates": [[[266000.0, 4148000.0], [266000.0, 4148500.0], [265500.0, 4148500.0], [265500.0, 4148000.0], [266000.0, 4148000.0]]]}, "properties": {"method_version": "q4_amenity_hub_grid_v1", "candidate_version": "grid_500m_min_60", "candidate_status": "sensitivity", "recommended_for_review": false, "cbsa_code": "40060", "market_slug": "richmond_va", "amenity_hub_id": "40060_grid_500m_min_60_006", "cell_size_meters": 500, "min_pois_per_cell": 60, "cell_count": 1, "cluster_area_sq_km": 0.25, "poi_count": 74, "category_count": 13, "sub_category_count": 35, "centroid_longitude": -77.64865895729245, "centroid_latitude": 37.451103147157404, "poi_density_per_sq_km": 296.0}}, {"type": "Feature", "geometry": {"type": "Polygon", "coordinates": [[[266000.0, 4153500.0], [266000.0, 4154000.0], [266500.0, 4154000.0], [267000.0, 4154000.0], [267000.0, 4153500.0], [266500.0, 4153500.0], [266000.0, 4153500.0]]]}, "properties": {"method_version": "q4_amenity_hub_grid_v1", "candidate_version": "grid_500m_min_60", "candidate_status": "sensitivity", "recommended_for_review": false, "cbsa_code": "40060", "market_slug": "richmond_va", "amenity_hub_id": "40060_grid_500m_min_60_007", "cell_size_meters": 500, "min_pois_per_cell": 60, "cell_count": 2, "cluster_area_sq_km": 0.5, "poi_count": 144, "category_count": 13, "sub_category_count": 39, "centroid_longitude": -77.64179944190926, "centroid_latitude": 37.50181164798844, "poi_density_per_sq_km": 288.0}}, {"type": "Feature", "geometry": {"type": "Polygon", "coordinates": [[[267000.0, 4144500.0], [267000.0, 4145000.0], [266500.0, 4145000.0], [266500.0, 4144500.0], [267000.0, 4144500.0]]]}, "properties": {"method_version": "q4_amenity_hub_grid_v1", "candidate_version": "grid_500m_min_60", "candidate_status": "sensitivity", "recommended_for_review": false, "cbsa_code": "40060", "market_slug": "richmond_va", "amenity_hub_id": "40060_grid_500m_min_60_008", "cell_size_meters": 500, "min_pois_per_cell": 60, "cell_count": 1, "cluster_area_sq_km": 0.25, "poi_count": 70, "category_count": 12, "sub_category_count": 34, "centroid_longitude": -77.63580017469847, "centroid_latitude": 37.42035445108294, "poi_density_per_sq_km": 280.0}}, {"type": "Feature", "geometry": {"type": "Polygon", "coordinates": [[[268500.0, 4171000.0], [268500.0, 4171500.0], [268000.0, 4171500.0], [268000.0, 4171000.0], [268500.0, 4171000.0]]]}, "properties": {"method_version": "q4_amenity_hub_grid_v1", "candidate_version": "grid_500m_min_60", "candidate_status": "sensitivity", "recommended_for_review": false, "cbsa_code": "40060", "market_slug": "richmond_va", "amenity_hub_id": "40060_grid_500m_min_60_009", "cell_size_meters": 500, "min_pois_per_cell": 60, "cell_count": 1, "cluster_area_sq_km": 0.25, "poi_count": 90, "category_count": 12, "sub_category_count": 28, "centroid_longitude": -77.62720998566627, "centroid_latitude": 37.65826266389134, "poi_density_per_sq_km": 360.0}}, {"type": "Feature", "geometry": {"type": "Polygon", "coordinates": [[[269000.0, 4154000.0], [269000.0, 4154500.0], [269500.0, 4154500.0], [269500.0, 4155000.0], [270000.0, 4155000.0], [270000.0, 4154500.0], [270500.0, 4154500.0], [271000.0, 4154500.0], [271500.0, 4154500.0], [272000.0, 4154500.0], [272000.0, 4154000.0], [271500.0, 4154000.0], [271000.0, 4154000.0], [270500.0, 4154000.0], [270500.0, 4153500.0], [270500.0, 4153000.0], [270000.0, 4153000.0], [270000.0, 4153500.0], [269500.0, 4153500.0], [269000.0, 4153500.0], [268500.0, 4153500.0], [268500.0, 4154000.0], [269000.0, 4154000.0]]]}, "properties": {"method_version": "q4_amenity_hub_grid_v1", "candidate_version": "grid_500m_min_60", "candidate_status": "sensitivity", "recommended_for_review": false, "cbsa_code": "40060", "market_slug": "richmond_va", "amenity_hub_id": "40060_grid_500m_min_60_010", "cell_size_meters": 500, "min_pois_per_cell": 60, "cell_count": 12, "cluster_area_sq_km": 3.0, "poi_count": 1141, "category_count": 18, "sub_category_count": 75, "centroid_longitude": -77.60160471587464, "centroid_latitude": 37.50518531016359, "poi_density_per_sq_km": 380.3333333333333}}, {"type": "Feature", "geometry": {"type": "Polygon", "coordinates": [[[268500.0, 4154500.0], [268500.0, 4155000.0], [268500.0, 4155500.0], [268500.0, 4156000.0], [269000.0, 4156000.0], [269000.0, 4156500.0], [269500.0, 4156500.0], [269500.0, 4156000.0], [269500.0, 4155500.0], [269000.0, 4155500.0], [269000.0, 4155000.0], [269000.0, 4154500.0], [268500.0, 4154500.0]]]}, "properties": {"method_version": "q4_amenity_hub_grid_v1", "candidate_version": "grid_500m_min_60", "candidate_status": "sensitivity", "recommended_for_review": false, "cbsa_code": "40060", "market_slug": "richmond_va", "amenity_hub_id": "40060_grid_500m_min_60_011", "cell_size_meters": 500, "min_pois_per_cell": 60, "cell_count": 5, "cluster_area_sq_km": 1.25, "poi_count": 459, "category_count": 15, "sub_category_count": 58, "centroid_longitude": -77.61378034182106, "centroid_latitude": 37.51763810740338, "poi_density_per_sq_km": 367.2}}, {"type": "Feature", "geometry": {"type": "Polygon", "coordinates": [[[269000.0, 4169500.0], [269000.0, 4170000.0], [268500.0, 4170000.0], [268500.0, 4170500.0], [268500.0, 4171000.0], [269000.0, 4171000.0], [269500.0, 4171000.0], [270000.0, 4171000.0], [270000.0, 4170500.0], [269500.0, 4170500.0], [269500.0, 4170000.0], [269500.0, 4169500.0], [269000.0, 4169500.0]]]}, "properties": {"method_version": "q4_amenity_hub_grid_v1", "candidate_version": "grid_500m_min_60", "candidate_status": "sensitivity", "recommended_for_review": false, "cbsa_code": "40060", "market_slug": "richmond_va", "amenity_hub_id": "40060_grid_500m_min_60_012", "cell_size_meters": 500, "min_pois_per_cell": 60, "cell_count": 6, "cluster_area_sq_km": 1.5, "poi_count": 576, "category_count": 16, "sub_category_count": 62, "centroid_longitude": -77.6169290240722, "centroid_latitude": 37.65315375361014, "poi_density_per_sq_km": 384.0}}, {"type": "Feature", "geometry": {"type": "Polygon", "coordinates": [[[270000.0, 4146500.0], [270000.0, 4147000.0], [270500.0, 4147000.0], [271000.0, 4147000.0], [271000.0, 4146500.0], [270500.0, 4146500.0], [270000.0, 4146500.0]]]}, "properties": {"method_version": "q4_amenity_hub_grid_v1", "candidate_version": "grid_500m_min_60", "candidate_status": "sensitivity", "recommended_for_review": false, "cbsa_code": "40060", "market_slug": "richmond_va", "amenity_hub_id": "40060_grid_500m_min_60_013", "cell_size_meters": 500, "min_pois_per_cell": 60, "cell_count": 2, "cluster_area_sq_km": 0.5, "poi_count": 177, "category_count": 15, "sub_category_count": 44, "centroid_longitude": -77.59472627428515, "centroid_latitude": 37.4387440063183, "poi_density_per_sq_km": 354.0}}, {"type": "Feature", "geometry": {"type": "Polygon", "coordinates": [[[270500.0, 4169500.0], [270000.0, 4169500.0], [270000.0, 4170000.0], [270000.0, 4170500.0], [270500.0, 4170500.0], [270500.0, 4170000.0], [270500.0, 4169500.0]]]}, "properties": {"method_version": "q4_amenity_hub_grid_v1", "candidate_version": "grid_500m_min_60", "candidate_status": "sensitivity", "recommended_for_review": false, "cbsa_code": "40060", "market_slug": "richmond_va", "amenity_hub_id": "40060_grid_500m_min_60_014", "cell_size_meters": 500, "min_pois_per_cell": 60, "cell_count": 2, "cluster_area_sq_km": 0.5, "poi_count": 188, "category_count": 14, "sub_category_count": 41, "centroid_longitude": -77.60372175901745, "centroid_latitude": 37.64873680645369, "poi_density_per_sq_km": 376.0}}, {"type": "Feature", "geometry": {"type": "Polygon", "coordinates": [[[271500.0, 4164000.0], [271500.0, 4164500.0], [271000.0, 4164500.0], [271000.0, 4164000.0], [271500.0, 4164000.0]]]}, "properties": {"method_version": "q4_amenity_hub_grid_v1", "candidate_version": "grid_500m_min_60", "candidate_status": "sensitivity", "recommended_for_review": false, "cbsa_code": "40060", "market_slug": "richmond_va", "amenity_hub_id": "40060_grid_500m_min_60_015", "cell_size_meters": 500, "min_pois_per_cell": 60, "cell_count": 1, "cluster_area_sq_km": 0.25, "poi_count": 74, "category_count": 9, "sub_category_count": 32, "centroid_longitude": -77.59241848027786, "centroid_latitude": 37.59733483678741, "poi_density_per_sq_km": 296.0}}, {"type": "Feature", "geometry": {"type": "Polygon", "coordinates": [[[271500.0, 4165000.0], [271500.0, 4165500.0], [271000.0, 4165500.0], [271000.0, 4165000.0], [271500.0, 4165000.0]]]}, "properties": {"method_version": "q4_amenity_hub_grid_v1", "candidate_version": "grid_500m_min_60", "candidate_status": "sensitivity", "recommended_for_review": false, "cbsa_code": "40060", "market_slug": "richmond_va", "amenity_hub_id": "40060_grid_500m_min_60_016", "cell_size_meters": 500, "min_pois_per_cell": 60, "cell_count": 1, "cluster_area_sq_km": 0.25, "poi_count": 114, "category_count": 13, "sub_category_count": 39, "centroid_longitude": -77.5923480037854, "centroid_latitude": 37.60538425050931, "poi_density_per_sq_km": 456.0}}, {"type": "Feature", "geometry": {"type": "Polygon", "coordinates": [[[271500.0, 4173000.0], [271500.0, 4173500.0], [271500.0, 4174000.0], [271000.0, 4174000.0], [271000.0, 4174500.0], [271500.0, 4174500.0], [272000.0, 4174500.0], [272000.0, 4174000.0], [272000.0, 4173500.0], [272000.0, 4173000.0], [271500.0, 4173000.0]]]}, "properties": {"method_version": "q4_amenity_hub_grid_v1", "candidate_version": "grid_500m_min_60", "candidate_status": "sensitivity", "recommended_for_review": false, "cbsa_code": "40060", "market_slug": "richmond_va", "amenity_hub_id": "40060_grid_500m_min_60_017", "cell_size_meters": 500, "min_pois_per_cell": 60, "cell_count": 4, "cluster_area_sq_km": 1.0, "poi_count": 427, "category_count": 15, "sub_category_count": 54, "centroid_longitude": -77.58960764006669, "centroid_latitude": 37.682736103942304, "poi_density_per_sq_km": 427.0}}, {"type": "Feature", "geometry": {"type": "Polygon", "coordinates": [[[272000.0, 4147000.0], [272000.0, 4147500.0], [271500.0, 4147500.0], [271500.0, 4147000.0], [272000.0, 4147000.0]]]}, "properties": {"method_version": "q4_amenity_hub_grid_v1", "candidate_version": "grid_500m_min_60", "candidate_status": "sensitivity", "recommended_for_review": false, "cbsa_code": "40060", "market_slug": "richmond_va", "amenity_hub_id": "40060_grid_500m_min_60_018", "cell_size_meters": 500, "min_pois_per_cell": 60, "cell_count": 1, "cluster_area_sq_km": 0.25, "poi_count": 87, "category_count": 14, "sub_category_count": 36, "centroid_longitude": -77.58006338263873, "centroid_latitude": 37.44375833290596, "poi_density_per_sq_km": 348.0}}, {"type": "Feature", "geometry": {"type": "Polygon", "coordinates": [[[272500.0, 4169000.0], [272000.0, 4169000.0], [272000.0, 4169500.0], [271500.0, 4169500.0], [271500.0, 4170000.0], [272000.0, 4170000.0], [272000.0, 4170500.0], [272500.0, 4170500.0], [272500.0, 4170000.0], [273000.0, 4170000.0], [273000.0, 4169500.0], [273500.0, 4169500.0], [274000.0, 4169500.0], [274000.0, 4169000.0], [273500.0, 4169000.0], [273500.0, 4168500.0], [273000.0, 4168500.0], [273000.0, 4169000.0], [272500.0, 4169000.0]]]}, "properties": {"method_version": "q4_amenity_hub_grid_v1", "candidate_version": "grid_500m_min_60", "candidate_status": "sensitivity", "recommended_for_review": false, "cbsa_code": "40060", "market_slug": "richmond_va", "amenity_hub_id": "40060_grid_500m_min_60_019", "cell_size_meters": 500, "min_pois_per_cell": 60, "cell_count": 9, "cluster_area_sq_km": 2.25, "poi_count": 871, "category_count": 20, "sub_category_count": 72, "centroid_longitude": -77.57734162037062, "centroid_latitude": 37.64457161860625, "poi_density_per_sq_km": 387.1111111111111}}, {"type": "Feature", "geometry": {"type": "Polygon", "coordinates": [[[272500.0, 4153500.0], [272500.0, 4154000.0], [272000.0, 4154000.0], [272000.0, 4153500.0], [272500.0, 4153500.0]]]}, "properties": {"method_version": "q4_amenity_hub_grid_v1", "candidate_version": "grid_500m_min_60", "candidate_status": "sensitivity", "recommended_for_review": false, "cbsa_code": "40060", "market_slug": "richmond_va", "amenity_hub_id": "40060_grid_500m_min_60_020", "cell_size_meters": 500, "min_pois_per_cell": 60, "cell_count": 1, "cluster_area_sq_km": 0.25, "poi_count": 60, "category_count": 11, "sub_category_count": 27, "centroid_longitude": -77.5756419185753, "centroid_latitude": 37.503621819863184, "poi_density_per_sq_km": 240.0}}, {"type": "Feature", "geometry": {"type": "Polygon", "coordinates": [[[273000.0, 4153000.0], [273000.0, 4153500.0], [272500.0, 4153500.0], [272500.0, 4153000.0], [273000.0, 4153000.0]]]}, "properties": {"method_version": "q4_amenity_hub_grid_v1", "candidate_version": "grid_500m_min_60", "candidate_status": "sensitivity", "recommended_for_review": false, "cbsa_code": "40060", "market_slug": "richmond_va", "amenity_hub_id": "40060_grid_500m_min_60_021", "cell_size_meters": 500, "min_pois_per_cell": 60, "cell_count": 1, "cluster_area_sq_km": 0.25, "poi_count": 95, "category_count": 12, "sub_category_count": 38, "centroid_longitude": -77.57032444096188, "centroid_latitude": 37.497849104375526, "poi_density_per_sq_km": 380.0}}, {"type": "Feature", "geometry": {"type": "Polygon", "coordinates": [[[272500.0, 4159000.0], [272500.0, 4159500.0], [273000.0, 4159500.0], [273500.0, 4159500.0], [273500.0, 4159000.0], [273500.0, 4158500.0], [273000.0, 4158500.0], [272500.0, 4158500.0], [272500.0, 4159000.0]]]}, "properties": {"method_version": "q4_amenity_hub_grid_v1", "candidate_version": "grid_500m_min_60", "candidate_status": "sensitivity", "recommended_for_review": false, "cbsa_code": "40060", "market_slug": "richmond_va", "amenity_hub_id": "40060_grid_500m_min_60_022", "cell_size_meters": 500, "min_pois_per_cell": 60, "cell_count": 4, "cluster_area_sq_km": 1.0, "poi_count": 362, "category_count": 12, "sub_category_count": 42, "centroid_longitude": -77.56858661044788, "centroid_latitude": 37.55082265497013, "poi_density_per_sq_km": 362.0}}, {"type": "Feature", "geometry": {"type": "Polygon", "coordinates": [[[273000.0, 4171000.0], [273000.0, 4171500.0], [272500.0, 4171500.0], [272500.0, 4171000.0], [273000.0, 4171000.0]]]}, "properties": {"method_version": "q4_amenity_hub_grid_v1", "candidate_version": "grid_500m_min_60", "candidate_status": "sensitivity", "recommended_for_review": false, "cbsa_code": "40060", "market_slug": "richmond_va", "amenity_hub_id": "40060_grid_500m_min_60_023", "cell_size_meters": 500, "min_pois_per_cell": 60, "cell_count": 1, "cluster_area_sq_km": 0.25, "poi_count": 102, "category_count": 10, "sub_category_count": 23, "centroid_longitude": -77.57612205391332, "centroid_latitude": 37.659870876317626, "poi_density_per_sq_km": 408.0}}, {"type": "Feature", "geometry": {"type": "Polygon", "coordinates": [[[272500.0, 4172000.0], [272500.0, 4172500.0], [273000.0, 4172500.0], [273500.0, 4172500.0], [273500.0, 4172000.0], [273000.0, 4172000.0], [272500.0, 4172000.0]]]}, "properties": {"method_version": "q4_amenity_hub_grid_v1", "candidate_version": "grid_500m_min_60", "candidate_status": "sensitivity", "recommended_for_review": false, "cbsa_code": "40060", "market_slug": "richmond_va", "amenity_hub_id": "40060_grid_500m_min_60_024", "cell_size_meters": 500, "min_pois_per_cell": 60, "cell_count": 2, "cluster_area_sq_km": 0.5, "poi_count": 168, "category_count": 13, "sub_category_count": 35, "centroid_longitude": -77.57353883951127, "centroid_latitude": 37.66901392975768, "poi_density_per_sq_km": 336.0}}, {"type": "Feature", "geometry": {"type": "Polygon", "coordinates": [[[273500.0, 4152500.0], [273500.0, 4153000.0], [273000.0, 4153000.0], [273000.0, 4152500.0], [273500.0, 4152500.0]]]}, "properties": {"method_version": "q4_amenity_hub_grid_v1", "candidate_version": "grid_500m_min_60", "candidate_status": "sensitivity", "recommended_for_review": false, "cbsa_code": "40060", "market_slug": "richmond_va", "amenity_hub_id": "40060_grid_500m_min_60_025", "cell_size_meters": 500, "min_pois_per_cell": 60, "cell_count": 1, "cluster_area_sq_km": 0.25, "poi_count": 134, "category_count": 15, "sub_category_count": 31, "centroid_longitude": -77.56633827670373, "centroid_latitude": 37.492877969977535, "poi_density_per_sq_km": 536.0}}, {"type": "Feature", "geometry": {"type": "Polygon", "coordinates": [[[273500.0, 4157500.0], [273500.0, 4158000.0], [273000.0, 4158000.0], [273000.0, 4157500.0], [273500.0, 4157500.0]]]}, "properties": {"method_version": "q4_amenity_hub_grid_v1", "candidate_version": "grid_500m_min_60", "candidate_status": "sensitivity", "recommended_for_review": false, "cbsa_code": "40060", "market_slug": "richmond_va", "amenity_hub_id": "40060_grid_500m_min_60_026", "cell_size_meters": 500, "min_pois_per_cell": 60, "cell_count": 1, "cluster_area_sq_km": 0.25, "poi_count": 98, "category_count": 12, "sub_category_count": 32, "centroid_longitude": -77.56572485185563, "centroid_latitude": 37.538781598092854, "poi_density_per_sq_km": 392.0}}, {"type": "Feature", "geometry": {"type": "Polygon", "coordinates": [[[273000.0, 4164500.0], [273000.0, 4165000.0], [273500.0, 4165000.0], [273500.0, 4165500.0], [274000.0, 4165500.0], [274000.0, 4165000.0], [274000.0, 4164500.0], [273500.0, 4164500.0], [273000.0, 4164500.0]]]}, "properties": {"method_version": "q4_amenity_hub_grid_v1", "candidate_version": "grid_500m_min_60", "candidate_status": "sensitivity", "recommended_for_review": false, "cbsa_code": "40060", "market_slug": "richmond_va", "amenity_hub_id": "40060_grid_500m_min_60_027", "cell_size_meters": 500, "min_pois_per_cell": 60, "cell_count": 3, "cluster_area_sq_km": 0.75, "poi_count": 343, "category_count": 16, "sub_category_count": 60, "centroid_longitude": -77.56495746130449, "centroid_latitude": 37.6031917699476, "poi_density_per_sq_km": 457.3333333333333}}, {"type": "Feature", "geometry": {"type": "Polygon", "coordinates": [[[274000.0, 4157000.0], [274000.0, 4157500.0], [273500.0, 4157500.0], [273500.0, 4157000.0], [274000.0, 4157000.0]]]}, "properties": {"method_version": "q4_amenity_hub_grid_v1", "candidate_version": "grid_500m_min_60", "candidate_status": "sensitivity", "recommended_for_review": false, "cbsa_code": "40060", "market_slug": "richmond_va", "amenity_hub_id": "40060_grid_500m_min_60_028", "cell_size_meters": 500, "min_pois_per_cell": 60, "cell_count": 1, "cluster_area_sq_km": 0.25, "poi_count": 166, "category_count": 13, "sub_category_count": 42, "centroid_longitude": -77.56131463840605, "centroid_latitude": 37.53495268068782, "poi_density_per_sq_km": 664.0}}, {"type": "Feature", "geometry": {"type": "Polygon", "coordinates": [[[274500.0, 4153500.0], [275000.0, 4153500.0], [275500.0, 4153500.0], [276000.0, 4153500.0], [276500.0, 4153500.0], [276500.0, 4153000.0], [276000.0, 4153000.0], [275500.0, 4153000.0], [275000.0, 4153000.0], [274500.0, 4153000.0], [274500.0, 4153500.0]]]}, "properties": {"method_version": "q4_amenity_hub_grid_v1", "candidate_version": "grid_500m_min_60", "candidate_status": "sensitivity", "recommended_for_review": false, "cbsa_code": "40060", "market_slug": "richmond_va", "amenity_hub_id": "40060_grid_500m_min_60_029", "cell_size_meters": 500, "min_pois_per_cell": 60, "cell_count": 4, "cluster_area_sq_km": 1.0, "poi_count": 369, "category_count": 18, "sub_category_count": 61, "centroid_longitude": -77.54074341902404, "centroid_latitude": 37.49880723408837, "poi_density_per_sq_km": 369.0}}, {"type": "Feature", "geometry": {"type": "Polygon", "coordinates": [[[274500.0, 4167000.0], [274500.0, 4167500.0], [275000.0, 4167500.0], [275500.0, 4167500.0], [275500.0, 4167000.0], [275000.0, 4167000.0], [274500.0, 4167000.0]]]}, "properties": {"method_version": "q4_amenity_hub_grid_v1", "candidate_version": "grid_500m_min_60", "candidate_status": "sensitivity", "recommended_for_review": false, "cbsa_code": "40060", "market_slug": "richmond_va", "amenity_hub_id": "40060_grid_500m_min_60_030", "cell_size_meters": 500, "min_pois_per_cell": 60, "cell_count": 2, "cluster_area_sq_km": 0.5, "poi_count": 168, "category_count": 16, "sub_category_count": 41, "centroid_longitude": -77.54938068737926, "centroid_latitude": 37.625933642631175, "poi_density_per_sq_km": 336.0}}, {"type": "Feature", "geometry": {"type": "Polygon", "coordinates": [[[275000.0, 4164500.0], [275000.0, 4165000.0], [275500.0, 4165000.0], [276000.0, 4165000.0], [276000.0, 4164500.0], [275500.0, 4164500.0], [275000.0, 4164500.0]]]}, "properties": {"method_version": "q4_amenity_hub_grid_v1", "candidate_version": "grid_500m_min_60", "candidate_status": "sensitivity", "recommended_for_review": false, "cbsa_code": "40060", "market_slug": "richmond_va", "amenity_hub_id": "40060_grid_500m_min_60_031", "cell_size_meters": 500, "min_pois_per_cell": 60, "cell_count": 2, "cluster_area_sq_km": 0.5, "poi_count": 272, "category_count": 13, "sub_category_count": 25, "centroid_longitude": -77.54378075583084, "centroid_latitude": 37.60314783889812, "poi_density_per_sq_km": 544.0}}, {"type": "Feature", "geometry": {"type": "Polygon", "coordinates": [[[275500.0, 4168000.0], [275000.0, 4168000.0], [275000.0, 4168500.0], [275000.0, 4169000.0], [275500.0, 4169000.0], [275500.0, 4168500.0], [275500.0, 4168000.0]]]}, "properties": {"method_version": "q4_amenity_hub_grid_v1", "candidate_version": "grid_500m_min_60", "candidate_status": "sensitivity", "recommended_for_review": false, "cbsa_code": "40060", "market_slug": "richmond_va", "amenity_hub_id": "40060_grid_500m_min_60_032", "cell_size_meters": 500, "min_pois_per_cell": 60, "cell_count": 2, "cluster_area_sq_km": 0.5, "poi_count": 146, "category_count": 14, "sub_category_count": 48, "centroid_longitude": -77.54737220716619, "centroid_latitude": 37.636041814449364, "poi_density_per_sq_km": 292.0}}, {"type": "Feature", "geometry": {"type": "Polygon", "coordinates": [[[276000.0, 4167500.0], [276000.0, 4168000.0], [275500.0, 4168000.0], [275500.0, 4167500.0], [276000.0, 4167500.0]]]}, "properties": {"method_version": "q4_amenity_hub_grid_v1", "candidate_version": "grid_500m_min_60", "candidate_status": "sensitivity", "recommended_for_review": false, "cbsa_code": "40060", "market_slug": "richmond_va", "amenity_hub_id": "40060_grid_500m_min_60_033", "cell_size_meters": 500, "min_pois_per_cell": 60, "cell_count": 1, "cluster_area_sq_km": 0.25, "poi_count": 62, "category_count": 9, "sub_category_count": 22, "centroid_longitude": -77.54013764583472, "centroid_latitude": 37.63040813571113, "poi_density_per_sq_km": 248.0}}, {"type": "Feature", "geometry": {"type": "Polygon", "coordinates": [[[277000.0, 4154000.0], [276500.0, 4154000.0], [276500.0, 4154500.0], [276000.0, 4154500.0], [276000.0, 4155000.0], [276500.0, 4155000.0], [277000.0, 4155000.0], [277000.0, 4154500.0], [277000.0, 4154000.0]]]}, "properties": {"method_version": "q4_amenity_hub_grid_v1", "candidate_version": "grid_500m_min_60", "candidate_status": "sensitivity", "recommended_for_review": false, "cbsa_code": "40060", "market_slug": "richmond_va", "amenity_hub_id": "40060_grid_500m_min_60_034", "cell_size_meters": 500, "min_pois_per_cell": 60, "cell_count": 3, "cluster_area_sq_km": 0.75, "poi_count": 270, "category_count": 15, "sub_category_count": 39, "centroid_longitude": -77.52765950749244, "centroid_latitude": 37.51126788824029, "poi_density_per_sq_km": 360.0}}, {"type": "Feature", "geometry": {"type": "Polygon", "coordinates": [[[276000.0, 4163000.0], [276000.0, 4163500.0], [276500.0, 4163500.0], [277000.0, 4163500.0], [277000.0, 4163000.0], [276500.0, 4163000.0], [276000.0, 4163000.0]]]}, "properties": {"method_version": "q4_amenity_hub_grid_v1", "candidate_version": "grid_500m_min_60", "candidate_status": "sensitivity", "recommended_for_review": false, "cbsa_code": "40060", "market_slug": "richmond_va", "amenity_hub_id": "40060_grid_500m_min_60_035", "cell_size_meters": 500, "min_pois_per_cell": 60, "cell_count": 2, "cluster_area_sq_km": 0.5, "poi_count": 133, "category_count": 13, "sub_category_count": 40, "centroid_longitude": -77.53046934035653, "centroid_latitude": 37.58977482808639, "poi_density_per_sq_km": 266.0}}, {"type": "Feature", "geometry": {"type": "Polygon", "coordinates": [[[277000.0, 4150000.0], [277000.0, 4150500.0], [276500.0, 4150500.0], [276500.0, 4150000.0], [277000.0, 4150000.0]]]}, "properties": {"method_version": "q4_amenity_hub_grid_v1", "candidate_version": "grid_500m_min_60", "candidate_status": "sensitivity", "recommended_for_review": false, "cbsa_code": "40060", "market_slug": "richmond_va", "amenity_hub_id": "40060_grid_500m_min_60_036", "cell_size_meters": 500, "min_pois_per_cell": 60, "cell_count": 1, "cluster_area_sq_km": 0.25, "poi_count": 113, "category_count": 11, "sub_category_count": 37, "centroid_longitude": -77.52538545388721, "centroid_latitude": 37.47252460528569, "poi_density_per_sq_km": 452.0}}, {"type": "Feature", "geometry": {"type": "Polygon", "coordinates": [[[276500.0, 4164500.0], [276500.0, 4165000.0], [276500.0, 4165500.0], [277000.0, 4165500.0], [277000.0, 4165000.0], [277500.0, 4165000.0], [277500.0, 4164500.0], [277000.0, 4164500.0], [276500.0, 4164500.0]]]}, "properties": {"method_version": "q4_amenity_hub_grid_v1", "candidate_version": "grid_500m_min_60", "candidate_status": "sensitivity", "recommended_for_review": false, "cbsa_code": "40060", "market_slug": "richmond_va", "amenity_hub_id": "40060_grid_500m_min_60_037", "cell_size_meters": 500, "min_pois_per_cell": 60, "cell_count": 3, "cluster_area_sq_km": 0.75, "poi_count": 303, "category_count": 13, "sub_category_count": 38, "centroid_longitude": -77.52742266990451, "centroid_latitude": 37.604993761367545, "poi_density_per_sq_km": 404.0}}, {"type": "Feature", "geometry": {"type": "Polygon", "coordinates": [[[277000.0, 4166500.0], [276500.0, 4166500.0], [276500.0, 4167000.0], [276500.0, 4167500.0], [277000.0, 4167500.0], [277000.0, 4167000.0], [277000.0, 4166500.0]]]}, "properties": {"method_version": "q4_amenity_hub_grid_v1", "candidate_version": "grid_500m_min_60", "candidate_status": "sensitivity", "recommended_for_review": false, "cbsa_code": "40060", "market_slug": "richmond_va", "amenity_hub_id": "40060_grid_500m_min_60_038", "cell_size_meters": 500, "min_pois_per_cell": 60, "cell_count": 2, "cluster_area_sq_km": 0.5, "poi_count": 217, "category_count": 16, "sub_category_count": 52, "centroid_longitude": -77.52938570116784, "centroid_latitude": 37.62400280270593, "poi_density_per_sq_km": 434.0}}, {"type": "Feature", "geometry": {"type": "Polygon", "coordinates": [[[277000.0, 4153500.0], [277000.0, 4154000.0], [277500.0, 4154000.0], [278000.0, 4154000.0], [278000.0, 4153500.0], [277500.0, 4153500.0], [277000.0, 4153500.0]]]}, "properties": {"method_version": "q4_amenity_hub_grid_v1", "candidate_version": "grid_500m_min_60", "candidate_status": "sensitivity", "recommended_for_review": false, "cbsa_code": "40060", "market_slug": "richmond_va", "amenity_hub_id": "40060_grid_500m_min_60_039", "cell_size_meters": 500, "min_pois_per_cell": 60, "cell_count": 2, "cluster_area_sq_km": 0.5, "poi_count": 137, "category_count": 15, "sub_category_count": 37, "centroid_longitude": -77.51795400209511, "centroid_latitude": 37.50352225700963, "poi_density_per_sq_km": 274.0}}, {"type": "Feature", "geometry": {"type": "Polygon", "coordinates": [[[277500.0, 4157500.0], [277500.0, 4158000.0], [277000.0, 4158000.0], [277000.0, 4157500.0], [277500.0, 4157500.0]]]}, "properties": {"method_version": "q4_amenity_hub_grid_v1", "candidate_version": "grid_500m_min_60", "candidate_status": "sensitivity", "recommended_for_review": false, "cbsa_code": "40060", "market_slug": "richmond_va", "amenity_hub_id": "40060_grid_500m_min_60_040", "cell_size_meters": 500, "min_pois_per_cell": 60, "cell_count": 1, "cluster_area_sq_km": 0.25, "poi_count": 76, "category_count": 11, "sub_category_count": 38, "centroid_longitude": -77.52119048729382, "centroid_latitude": 37.538570829770016, "poi_density_per_sq_km": 304.0}}, {"type": "Feature", "geometry": {"type": "Polygon", "coordinates": [[[277500.0, 4165500.0], [277500.0, 4166000.0], [277000.0, 4166000.0], [277000.0, 4165500.0], [277500.0, 4165500.0]]]}, "properties": {"method_version": "q4_amenity_hub_grid_v1", "candidate_version": "grid_500m_min_60", "candidate_status": "sensitivity", "recommended_for_review": false, "cbsa_code": "40060", "market_slug": "richmond_va", "amenity_hub_id": "40060_grid_500m_min_60_041", "cell_size_meters": 500, "min_pois_per_cell": 60, "cell_count": 1, "cluster_area_sq_km": 0.25, "poi_count": 75, "category_count": 13, "sub_category_count": 29, "centroid_longitude": -77.52345684227653, "centroid_latitude": 37.6123164320397, "poi_density_per_sq_km": 300.0}}, {"type": "Feature", "geometry": {"type": "Polygon", "coordinates": [[[277500.0, 4167500.0], [277500.0, 4168000.0], [277000.0, 4168000.0], [277000.0, 4167500.0], [277500.0, 4167500.0]]]}, "properties": {"method_version": "q4_amenity_hub_grid_v1", "candidate_version": "grid_500m_min_60", "candidate_status": "sensitivity", "recommended_for_review": false, "cbsa_code": "40060", "market_slug": "richmond_va", "amenity_hub_id": "40060_grid_500m_min_60_042", "cell_size_meters": 500, "min_pois_per_cell": 60, "cell_count": 1, "cluster_area_sq_km": 0.25, "poi_count": 71, "category_count": 4, "sub_category_count": 9, "centroid_longitude": -77.52516672089212, "centroid_latitude": 37.63119963399805, "poi_density_per_sq_km": 284.0}}, {"type": "Feature", "geometry": {"type": "Polygon", "coordinates": [[[277500.0, 4170500.0], [277500.0, 4171000.0], [277000.0, 4171000.0], [277000.0, 4170500.0], [277500.0, 4170500.0]]]}, "properties": {"method_version": "q4_amenity_hub_grid_v1", "candidate_version": "grid_500m_min_60", "candidate_status": "sensitivity", "recommended_for_review": false, "cbsa_code": "40060", "market_slug": "richmond_va", "amenity_hub_id": "40060_grid_500m_min_60_043", "cell_size_meters": 500, "min_pois_per_cell": 60, "cell_count": 1, "cluster_area_sq_km": 0.25, "poi_count": 76, "category_count": 11, "sub_category_count": 30, "centroid_longitude": -77.52503786084026, "centroid_latitude": 37.65681343710668, "poi_density_per_sq_km": 304.0}}, {"type": "Feature", "geometry": {"type": "Polygon", "coordinates": [[[277500.0, 4139500.0], [277500.0, 4140000.0], [278000.0, 4140000.0], [278000.0, 4139500.0], [278500.0, 4139500.0], [279000.0, 4139500.0], [279000.0, 4139000.0], [278500.0, 4139000.0], [278000.0, 4139000.0], [277500.0, 4139000.0], [277500.0, 4139500.0]]]}, "properties": {"method_version": "q4_amenity_hub_grid_v1", "candidate_version": "grid_500m_min_60", "candidate_status": "sensitivity", "recommended_for_review": false, "cbsa_code": "40060", "market_slug": "richmond_va", "amenity_hub_id": "40060_grid_500m_min_60_044", "cell_size_meters": 500, "min_pois_per_cell": 60, "cell_count": 4, "cluster_area_sq_km": 1.0, "poi_count": 290, "category_count": 14, "sub_category_count": 60, "centroid_longitude": -77.5059428370331, "centroid_latitude": 37.37457714306526, "poi_density_per_sq_km": 290.0}}, {"type": "Feature", "geometry": {"type": "Polygon", "coordinates": [[[278000.0, 4161000.0], [277500.0, 4161000.0], [277500.0, 4161500.0], [277500.0, 4162000.0], [278000.0, 4162000.0], [278500.0, 4162000.0], [278500.0, 4161500.0], [278000.0, 4161500.0], [278000.0, 4161000.0]]]}, "properties": {"method_version": "q4_amenity_hub_grid_v1", "candidate_version": "grid_500m_min_60", "candidate_status": "sensitivity", "recommended_for_review": false, "cbsa_code": "40060", "market_slug": "richmond_va", "amenity_hub_id": "40060_grid_500m_min_60_045", "cell_size_meters": 500, "min_pois_per_cell": 60, "cell_count": 3, "cluster_area_sq_km": 0.75, "poi_count": 341, "category_count": 15, "sub_category_count": 48, "centroid_longitude": -77.51614225581024, "centroid_latitude": 37.57468887314703, "poi_density_per_sq_km": 454.6666666666667}}, {"type": "Feature", "geometry": {"type": "Polygon", "coordinates": [[[278500.0, 4162500.0], [278500.0, 4163000.0], [278000.0, 4163000.0], [278000.0, 4162500.0], [278500.0, 4162500.0]]]}, "properties": {"method_version": "q4_amenity_hub_grid_v1", "candidate_version": "grid_500m_min_60", "candidate_status": "sensitivity", "recommended_for_review": false, "cbsa_code": "40060", "market_slug": "richmond_va", "amenity_hub_id": "40060_grid_500m_min_60_046", "cell_size_meters": 500, "min_pois_per_cell": 60, "cell_count": 1, "cluster_area_sq_km": 0.25, "poi_count": 204, "category_count": 8, "sub_category_count": 15, "centroid_longitude": -77.51299561057479, "centroid_latitude": 37.584069835561344, "poi_density_per_sq_km": 816.0}}, {"type": "Feature", "geometry": {"type": "Polygon", "coordinates": [[[278500.0, 4164000.0], [278500.0, 4164500.0], [278000.0, 4164500.0], [278000.0, 4164000.0], [278500.0, 4164000.0]]]}, "properties": {"method_version": "q4_amenity_hub_grid_v1", "candidate_version": "grid_500m_min_60", "candidate_status": "sensitivity", "recommended_for_review": false, "cbsa_code": "40060", "market_slug": "richmond_va", "amenity_hub_id": "40060_grid_500m_min_60_047", "cell_size_meters": 500, "min_pois_per_cell": 60, "cell_count": 1, "cluster_area_sq_km": 0.25, "poi_count": 101, "category_count": 13, "sub_category_count": 32, "centroid_longitude": -77.51118348412356, "centroid_latitude": 37.5992644984336, "poi_density_per_sq_km": 404.0}}, {"type": "Feature", "geometry": {"type": "Polygon", "coordinates": [[[278500.0, 4165000.0], [278500.0, 4165500.0], [278000.0, 4165500.0], [278000.0, 4165000.0], [278500.0, 4165000.0]]]}, "properties": {"method_version": "q4_amenity_hub_grid_v1", "candidate_version": "grid_500m_min_60", "candidate_status": "sensitivity", "recommended_for_review": false, "cbsa_code": "40060", "market_slug": "richmond_va", "amenity_hub_id": "40060_grid_500m_min_60_048", "cell_size_meters": 500, "min_pois_per_cell": 60, "cell_count": 1, "cluster_area_sq_km": 0.25, "poi_count": 173, "category_count": 11, "sub_category_count": 28, "centroid_longitude": -77.51284190832911, "centroid_latitude": 37.60796099699171, "poi_density_per_sq_km": 692.0}}, {"type": "Feature", "geometry": {"type": "Polygon", "coordinates": [[[278500.0, 4168500.0], [278500.0, 4169000.0], [278000.0, 4169000.0], [278000.0, 4168500.0], [278500.0, 4168500.0]]]}, "properties": {"method_version": "q4_amenity_hub_grid_v1", "candidate_version": "grid_500m_min_60", "candidate_status": "sensitivity", "recommended_for_review": false, "cbsa_code": "40060", "market_slug": "richmond_va", "amenity_hub_id": "40060_grid_500m_min_60_049", "cell_size_meters": 500, "min_pois_per_cell": 60, "cell_count": 1, "cluster_area_sq_km": 0.25, "poi_count": 60, "category_count": 8, "sub_category_count": 22, "centroid_longitude": -77.5136250488842, "centroid_latitude": 37.63933685661281, "poi_density_per_sq_km": 240.0}}, {"type": "Feature", "geometry": {"type": "Polygon", "coordinates": [[[279500.0, 4162000.0], [279000.0, 4162000.0], [279000.0, 4162500.0], [279000.0, 4163000.0], [278500.0, 4163000.0], [278500.0, 4163500.0], [278500.0, 4164000.0], [279000.0, 4164000.0], [279000.0, 4163500.0], [279500.0, 4163500.0], [280000.0, 4163500.0], [280000.0, 4163000.0], [280000.0, 4162500.0], [280000.0, 4162000.0], [279500.0, 4162000.0]]]}, "properties": {"method_version": "q4_amenity_hub_grid_v1", "candidate_version": "grid_500m_min_60", "candidate_status": "sensitivity", "recommended_for_review": false, "cbsa_code": "40060", "market_slug": "richmond_va", "amenity_hub_id": "40060_grid_500m_min_60_050", "cell_size_meters": 500, "min_pois_per_cell": 60, "cell_count": 8, "cluster_area_sq_km": 2.0, "poi_count": 960, "category_count": 18, "sub_category_count": 76, "centroid_longitude": -77.49907463031806, "centroid_latitude": 37.58570131327567, "poi_density_per_sq_km": 480.0}}, {"type": "Feature", "geometry": {"type": "Polygon", "coordinates": [[[279000.0, 4167500.0], [279000.0, 4168000.0], [278500.0, 4168000.0], [278500.0, 4167500.0], [279000.0, 4167500.0]]]}, "properties": {"method_version": "q4_amenity_hub_grid_v1", "candidate_version": "grid_500m_min_60", "candidate_status": "sensitivity", "recommended_for_review": false, "cbsa_code": "40060", "market_slug": "richmond_va", "amenity_hub_id": "40060_grid_500m_min_60_051", "cell_size_meters": 500, "min_pois_per_cell": 60, "cell_count": 1, "cluster_area_sq_km": 0.25, "poi_count": 80, "category_count": 11, "sub_category_count": 35, "centroid_longitude": -77.50663815997301, "centroid_latitude": 37.63081933792977, "poi_density_per_sq_km": 320.0}}, {"type": "Feature", "geometry": {"type": "Polygon", "coordinates": [[[279500.0, 4151500.0], [279500.0, 4152000.0], [279000.0, 4152000.0], [279000.0, 4151500.0], [279500.0, 4151500.0]]]}, "properties": {"method_version": "q4_amenity_hub_grid_v1", "candidate_version": "grid_500m_min_60", "candidate_status": "sensitivity", "recommended_for_review": false, "cbsa_code": "40060", "market_slug": "richmond_va", "amenity_hub_id": "40060_grid_500m_min_60_052", "cell_size_meters": 500, "min_pois_per_cell": 60, "cell_count": 1, "cluster_area_sq_km": 0.25, "poi_count": 62, "category_count": 10, "sub_category_count": 26, "centroid_longitude": -77.49739481535832, "centroid_latitude": 37.486138481549254, "poi_density_per_sq_km": 248.0}}, {"type": "Feature", "geometry": {"type": "Polygon", "coordinates": [[[279500.0, 4167000.0], [279500.0, 4167500.0], [279000.0, 4167500.0], [279000.0, 4167000.0], [279500.0, 4167000.0]]]}, "properties": {"method_version": "q4_amenity_hub_grid_v1", "candidate_version": "grid_500m_min_60", "candidate_status": "sensitivity", "recommended_for_review": false, "cbsa_code": "40060", "market_slug": "richmond_va", "amenity_hub_id": "40060_grid_500m_min_60_053", "cell_size_meters": 500, "min_pois_per_cell": 60, "cell_count": 1, "cluster_area_sq_km": 0.25, "poi_count": 76, "category_count": 11, "sub_category_count": 25, "centroid_longitude": -77.50221750729143, "centroid_latitude": 37.6260344012886, "poi_density_per_sq_km": 304.0}}, {"type": "Feature", "geometry": {"type": "Polygon", "coordinates": [[[280000.0, 4165000.0], [279500.0, 4165000.0], [279500.0, 4165500.0], [279500.0, 4166000.0], [280000.0, 4166000.0], [280000.0, 4165500.0], [280000.0, 4165000.0]]]}, "properties": {"method_version": "q4_amenity_hub_grid_v1", "candidate_version": "grid_500m_min_60", "candidate_status": "sensitivity", "recommended_for_review": false, "cbsa_code": "40060", "market_slug": "richmond_va", "amenity_hub_id": "40060_grid_500m_min_60_054", "cell_size_meters": 500, "min_pois_per_cell": 60, "cell_count": 2, "cluster_area_sq_km": 0.5, "poi_count": 153, "category_count": 14, "sub_category_count": 41, "centroid_longitude": -77.49535758452234, "centroid_latitude": 37.61086214066954, "poi_density_per_sq_km": 306.0}}, {"type": "Feature", "geometry": {"type": "Polygon", "coordinates": [[[282000.0, 4158500.0], [281500.0, 4158500.0], [281000.0, 4158500.0], [281000.0, 4159000.0], [280500.0, 4159000.0], [280000.0, 4159000.0], [280000.0, 4159500.0], [280000.0, 4160000.0], [280500.0, 4160000.0], [280500.0, 4159500.0], [281000.0, 4159500.0], [281000.0, 4160000.0], [281500.0, 4160000.0], [281500.0, 4159500.0], [282000.0, 4159500.0], [282000.0, 4159000.0], [282500.0, 4159000.0], [282500.0, 4158500.0], [282000.0, 4158500.0]]]}, "properties": {"method_version": "q4_amenity_hub_grid_v1", "candidate_version": "grid_500m_min_60", "candidate_status": "sensitivity", "recommended_for_review": false, "cbsa_code": "40060", "market_slug": "richmond_va", "amenity_hub_id": "40060_grid_500m_min_60_055", "cell_size_meters": 500, "min_pois_per_cell": 60, "cell_count": 9, "cluster_area_sq_km": 2.25, "poi_count": 1141, "category_count": 20, "sub_category_count": 84, "centroid_longitude": -77.47786523389134, "centroid_latitude": 37.55355048806992, "poi_density_per_sq_km": 507.1111111111111}}, {"type": "Feature", "geometry": {"type": "Polygon", "coordinates": [[[281000.0, 4161000.0], [280500.0, 4161000.0], [280500.0, 4161500.0], [280500.0, 4162000.0], [281000.0, 4162000.0], [281000.0, 4161500.0], [281000.0, 4161000.0]]]}, "properties": {"method_version": "q4_amenity_hub_grid_v1", "candidate_version": "grid_500m_min_60", "candidate_status": "sensitivity", "recommended_for_review": false, "cbsa_code": "40060", "market_slug": "richmond_va", "amenity_hub_id": "40060_grid_500m_min_60_056", "cell_size_meters": 500, "min_pois_per_cell": 60, "cell_count": 2, "cluster_area_sq_km": 0.5, "poi_count": 177, "category_count": 17, "sub_category_count": 48, "centroid_longitude": -77.48265491520117, "centroid_latitude": 37.5750034666727, "poi_density_per_sq_km": 354.0}}, {"type": "Feature", "geometry": {"type": "Polygon", "coordinates": [[[281500.0, 4153500.0], [281500.0, 4154000.0], [281000.0, 4154000.0], [281000.0, 4153500.0], [281500.0, 4153500.0]]]}, "properties": {"method_version": "q4_amenity_hub_grid_v1", "candidate_version": "grid_500m_min_60", "candidate_status": "sensitivity", "recommended_for_review": false, "cbsa_code": "40060", "market_slug": "richmond_va", "amenity_hub_id": "40060_grid_500m_min_60_057", "cell_size_meters": 500, "min_pois_per_cell": 60, "cell_count": 1, "cluster_area_sq_km": 0.25, "poi_count": 75, "category_count": 13, "sub_category_count": 28, "centroid_longitude": -77.47475921572249, "centroid_latitude": 37.50378489840044, "poi_density_per_sq_km": 300.0}}, {"type": "Feature", "geometry": {"type": "Polygon", "coordinates": [[[281500.0, 4160000.0], [281500.0, 4160500.0], [281000.0, 4160500.0], [281000.0, 4161000.0], [281500.0, 4161000.0], [281500.0, 4161500.0], [282000.0, 4161500.0], [282500.0, 4161500.0], [282500.0, 4161000.0], [282500.0, 4160500.0], [282000.0, 4160500.0], [282000.0, 4160000.0], [281500.0, 4160000.0]]]}, "properties": {"method_version": "q4_amenity_hub_grid_v1", "candidate_version": "grid_500m_min_60", "candidate_status": "sensitivity", "recommended_for_review": false, "cbsa_code": "40060", "market_slug": "richmond_va", "amenity_hub_id": "40060_grid_500m_min_60_058", "cell_size_meters": 500, "min_pois_per_cell": 60, "cell_count": 6, "cluster_area_sq_km": 1.5, "poi_count": 765, "category_count": 20, "sub_category_count": 77, "centroid_longitude": -77.47125554527189, "centroid_latitude": 37.56758378258549, "poi_density_per_sq_km": 510.0}}, {"type": "Feature", "geometry": {"type": "Polygon", "coordinates": [[[281000.0, 4182000.0], [281500.0, 4182000.0], [282000.0, 4182000.0], [282500.0, 4182000.0], [283000.0, 4182000.0], [283000.0, 4181500.0], [282500.0, 4181500.0], [282000.0, 4181500.0], [281500.0, 4181500.0], [281000.0, 4181500.0], [281000.0, 4182000.0]]]}, "properties": {"method_version": "q4_amenity_hub_grid_v1", "candidate_version": "grid_500m_min_60", "candidate_status": "sensitivity", "recommended_for_review": false, "cbsa_code": "40060", "market_slug": "richmond_va", "amenity_hub_id": "40060_grid_500m_min_60_059", "cell_size_meters": 500, "min_pois_per_cell": 60, "cell_count": 4, "cluster_area_sq_km": 1.0, "poi_count": 325, "category_count": 19, "sub_category_count": 69, "centroid_longitude": -77.47570967533139, "centroid_latitude": 37.75811802972752, "poi_density_per_sq_km": 325.0}}, {"type": "Feature", "geometry": {"type": "Polygon", "coordinates": [[[282000.0, 4152500.0], [282000.0, 4153000.0], [281500.0, 4153000.0], [281500.0, 4152500.0], [282000.0, 4152500.0]]]}, "properties": {"method_version": "q4_amenity_hub_grid_v1", "candidate_version": "grid_500m_min_60", "candidate_status": "sensitivity", "recommended_for_review": false, "cbsa_code": "40060", "market_slug": "richmond_va", "amenity_hub_id": "40060_grid_500m_min_60_060", "cell_size_meters": 500, "min_pois_per_cell": 60, "cell_count": 1, "cluster_area_sq_km": 0.25, "poi_count": 70, "category_count": 7, "sub_category_count": 14, "centroid_longitude": -77.46661378034806, "centroid_latitude": 37.49640395726349, "poi_density_per_sq_km": 280.0}}, {"type": "Feature", "geometry": {"type": "Polygon", "coordinates": [[[282000.0, 4166000.0], [282000.0, 4166500.0], [281500.0, 4166500.0], [281500.0, 4166000.0], [282000.0, 4166000.0]]]}, "properties": {"method_version": "q4_amenity_hub_grid_v1", "candidate_version": "grid_500m_min_60", "candidate_status": "sensitivity", "recommended_for_review": false, "cbsa_code": "40060", "market_slug": "richmond_va", "amenity_hub_id": "40060_grid_500m_min_60_061", "cell_size_meters": 500, "min_pois_per_cell": 60, "cell_count": 1, "cluster_area_sq_km": 0.25, "poi_count": 62, "category_count": 10, "sub_category_count": 32, "centroid_longitude": -77.47160898840806, "centroid_latitude": 37.61606484130919, "poi_density_per_sq_km": 248.0}}, {"type": "Feature", "geometry": {"type": "Polygon", "coordinates": [[[282500.0, 4159500.0], [282500.0, 4160000.0], [282000.0, 4160000.0], [282000.0, 4159500.0], [282500.0, 4159500.0]]]}, "properties": {"method_version": "q4_amenity_hub_grid_v1", "candidate_version": "grid_500m_min_60", "candidate_status": "sensitivity", "recommended_for_review": false, "cbsa_code": "40060", "market_slug": "richmond_va", "amenity_hub_id": "40060_grid_500m_min_60_062", "cell_size_meters": 500, "min_pois_per_cell": 60, "cell_count": 1, "cluster_area_sq_km": 0.25, "poi_count": 80, "category_count": 15, "sub_category_count": 32, "centroid_longitude": -77.4646650361948, "centroid_latitude": 37.55869817943624, "poi_density_per_sq_km": 320.0}}, {"type": "Feature", "geometry": {"type": "Polygon", "coordinates": [[[282500.0, 4164500.0], [282500.0, 4165000.0], [282000.0, 4165000.0], [282000.0, 4164500.0], [282500.0, 4164500.0]]]}, "properties": {"method_version": "q4_amenity_hub_grid_v1", "candidate_version": "grid_500m_min_60", "candidate_status": "sensitivity", "recommended_for_review": false, "cbsa_code": "40060", "market_slug": "richmond_va", "amenity_hub_id": "40060_grid_500m_min_60_063", "cell_size_meters": 500, "min_pois_per_cell": 60, "cell_count": 1, "cluster_area_sq_km": 0.25, "poi_count": 71, "category_count": 10, "sub_category_count": 33, "centroid_longitude": -77.46740835295336, "centroid_latitude": 37.60415737686107, "poi_density_per_sq_km": 284.0}}, {"type": "Feature", "geometry": {"type": "Polygon", "coordinates": [[[283500.0, 4158000.0], [283000.0, 4158000.0], [282500.0, 4158000.0], [282500.0, 4158500.0], [283000.0, 4158500.0], [283000.0, 4159000.0], [282500.0, 4159000.0], [282500.0, 4159500.0], [283000.0, 4159500.0], [283500.0, 4159500.0], [283500.0, 4159000.0], [284000.0, 4159000.0], [284000.0, 4158500.0], [284500.0, 4158500.0], [285000.0, 4158500.0], [285000.0, 4158000.0], [285500.0, 4158000.0], [285500.0, 4157500.0], [285500.0, 4157000.0], [286000.0, 4157000.0], [286500.0, 4157000.0], [286500.0, 4156500.0], [286000.0, 4156500.0], [286000.0, 4156000.0], [285500.0, 4156000.0], [285500.0, 4156500.0], [285000.0, 4156500.0], [285000.0, 4157000.0], [284500.0, 4157000.0], [284500.0, 4157500.0], [284000.0, 4157500.0], [284000.0, 4158000.0], [283500.0, 4158000.0]]]}, "properties": {"method_version": "q4_amenity_hub_grid_v1", "candidate_version": "grid_500m_min_60", "candidate_status": "sensitivity", "recommended_for_review": false, "cbsa_code": "40060", "market_slug": "richmond_va", "amenity_hub_id": "40060_grid_500m_min_60_064", "cell_size_meters": 500, "min_pois_per_cell": 60, "cell_count": 18, "cluster_area_sq_km": 4.5, "poi_count": 4199, "category_count": 21, "sub_category_count": 105, "centroid_longitude": -77.43836895742932, "centroid_latitude": 37.54161699771772, "poi_density_per_sq_km": 933.1111111111111}}, {"type": "Feature", "geometry": {"type": "Polygon", "coordinates": [[[283500.0, 4137000.0], [283500.0, 4137500.0], [283000.0, 4137500.0], [283000.0, 4137000.0], [283500.0, 4137000.0]]]}, "properties": {"method_version": "q4_amenity_hub_grid_v1", "candidate_version": "grid_500m_min_60", "candidate_status": "sensitivity", "recommended_for_review": false, "cbsa_code": "40060", "market_slug": "richmond_va", "amenity_hub_id": "40060_grid_500m_min_60_065", "cell_size_meters": 500, "min_pois_per_cell": 60, "cell_count": 1, "cluster_area_sq_km": 0.25, "poi_count": 150, "category_count": 15, "sub_category_count": 47, "centroid_longitude": -77.44675856571439, "centroid_latitude": 37.356555364777805, "poi_density_per_sq_km": 600.0}}, {"type": "Feature", "geometry": {"type": "Polygon", "coordinates": [[[283500.0, 4171500.0], [283500.0, 4172000.0], [283000.0, 4172000.0], [283000.0, 4171500.0], [283500.0, 4171500.0]]]}, "properties": {"method_version": "q4_amenity_hub_grid_v1", "candidate_version": "grid_500m_min_60", "candidate_status": "sensitivity", "recommended_for_review": false, "cbsa_code": "40060", "market_slug": "richmond_va", "amenity_hub_id": "40060_grid_500m_min_60_066", "cell_size_meters": 500, "min_pois_per_cell": 60, "cell_count": 1, "cluster_area_sq_km": 0.25, "poi_count": 69, "category_count": 12, "sub_category_count": 29, "centroid_longitude": -77.4587424053225, "centroid_latitude": 37.66745901160643, "poi_density_per_sq_km": 276.0}}, {"type": "Feature", "geometry": {"type": "Polygon", "coordinates": [[[284000.0, 4155000.0], [284000.0, 4155500.0], [283500.0, 4155500.0], [283500.0, 4155000.0], [284000.0, 4155000.0]]]}, "properties": {"method_version": "q4_amenity_hub_grid_v1", "candidate_version": "grid_500m_min_60", "candidate_status": "sensitivity", "recommended_for_review": false, "cbsa_code": "40060", "market_slug": "richmond_va", "amenity_hub_id": "40060_grid_500m_min_60_067", "cell_size_meters": 500, "min_pois_per_cell": 60, "cell_count": 1, "cluster_area_sq_km": 0.25, "poi_count": 117, "category_count": 16, "sub_category_count": 47, "centroid_longitude": -77.44728289661874, "centroid_latitude": 37.51941117511472, "poi_density_per_sq_km": 468.0}}, {"type": "Feature", "geometry": {"type": "Polygon", "coordinates": [[[284000.0, 4155500.0], [284000.0, 4156000.0], [284500.0, 4156000.0], [285000.0, 4156000.0], [285000.0, 4155500.0], [284500.0, 4155500.0], [284000.0, 4155500.0]]]}, "properties": {"method_version": "q4_amenity_hub_grid_v1", "candidate_version": "grid_500m_min_60", "candidate_status": "sensitivity", "recommended_for_review": false, "cbsa_code": "40060", "market_slug": "richmond_va", "amenity_hub_id": "40060_grid_500m_min_60_068", "cell_size_meters": 500, "min_pois_per_cell": 60, "cell_count": 2, "cluster_area_sq_km": 0.5, "poi_count": 156, "category_count": 20, "sub_category_count": 44, "centroid_longitude": -77.43919669363792, "centroid_latitude": 37.52394318259681, "poi_density_per_sq_km": 312.0}}, {"type": "Feature", "geometry": {"type": "Polygon", "coordinates": [[[284500.0, 4160000.0], [284500.0, 4160500.0], [284000.0, 4160500.0], [284000.0, 4160000.0], [284500.0, 4160000.0]]]}, "properties": {"method_version": "q4_amenity_hub_grid_v1", "candidate_version": "grid_500m_min_60", "candidate_status": "sensitivity", "recommended_for_review": false, "cbsa_code": "40060", "market_slug": "richmond_va", "amenity_hub_id": "40060_grid_500m_min_60_069", "cell_size_meters": 500, "min_pois_per_cell": 60, "cell_count": 1, "cluster_area_sq_km": 0.25, "poi_count": 67, "category_count": 14, "sub_category_count": 34, "centroid_longitude": -77.44303404946169, "centroid_latitude": 37.563836155903566, "poi_density_per_sq_km": 268.0}}, {"type": "Feature", "geometry": {"type": "Polygon", "coordinates": [[[285000.0, 4174500.0], [284500.0, 4174500.0], [284500.0, 4175000.0], [284500.0, 4175500.0], [285000.0, 4175500.0], [285000.0, 4175000.0], [285000.0, 4174500.0]]]}, "properties": {"method_version": "q4_amenity_hub_grid_v1", "candidate_version": "grid_500m_min_60", "candidate_status": "sensitivity", "recommended_for_review": false, "cbsa_code": "40060", "market_slug": "richmond_va", "amenity_hub_id": "40060_grid_500m_min_60_070", "cell_size_meters": 500, "min_pois_per_cell": 60, "cell_count": 2, "cluster_area_sq_km": 0.5, "poi_count": 135, "category_count": 11, "sub_category_count": 27, "centroid_longitude": -77.44140680745204, "centroid_latitude": 37.696816085144576, "poi_density_per_sq_km": 270.0}}, {"type": "Feature", "geometry": {"type": "Polygon", "coordinates": [[[285000.0, 4176000.0], [285000.0, 4176500.0], [284500.0, 4176500.0], [284500.0, 4176000.0], [285000.0, 4176000.0]]]}, "properties": {"method_version": "q4_amenity_hub_grid_v1", "candidate_version": "grid_500m_min_60", "candidate_status": "sensitivity", "recommended_for_review": false, "cbsa_code": "40060", "market_slug": "richmond_va", "amenity_hub_id": "40060_grid_500m_min_60_071", "cell_size_meters": 500, "min_pois_per_cell": 60, "cell_count": 1, "cluster_area_sq_km": 0.25, "poi_count": 63, "category_count": 9, "sub_category_count": 26, "centroid_longitude": -77.44169784950498, "centroid_latitude": 37.70858187312533, "poi_density_per_sq_km": 252.0}}, {"type": "Feature", "geometry": {"type": "Polygon", "coordinates": [[[286500.0, 4124500.0], [286500.0, 4125000.0], [286000.0, 4125000.0], [286000.0, 4124500.0], [286500.0, 4124500.0]]]}, "properties": {"method_version": "q4_amenity_hub_grid_v1", "candidate_version": "grid_500m_min_60", "candidate_status": "sensitivity", "recommended_for_review": false, "cbsa_code": "40060", "market_slug": "richmond_va", "amenity_hub_id": "40060_grid_500m_min_60_072", "cell_size_meters": 500, "min_pois_per_cell": 60, "cell_count": 1, "cluster_area_sq_km": 0.25, "poi_count": 79, "category_count": 15, "sub_category_count": 38, "centroid_longitude": -77.40948018922793, "centroid_latitude": 37.2454843778675, "poi_density_per_sq_km": 316.0}}, {"type": "Feature", "geometry": {"type": "Polygon", "coordinates": [[[286500.0, 4125500.0], [286000.0, 4125500.0], [286000.0, 4126000.0], [286000.0, 4126500.0], [286500.0, 4126500.0], [286500.0, 4126000.0], [286500.0, 4125500.0]]]}, "properties": {"method_version": "q4_amenity_hub_grid_v1", "candidate_version": "grid_500m_min_60", "candidate_status": "sensitivity", "recommended_for_review": false, "cbsa_code": "40060", "market_slug": "richmond_va", "amenity_hub_id": "40060_grid_500m_min_60_073", "cell_size_meters": 500, "min_pois_per_cell": 60, "cell_count": 2, "cluster_area_sq_km": 0.5, "poi_count": 188, "category_count": 16, "sub_category_count": 51, "centroid_longitude": -77.4106103793107, "centroid_latitude": 37.25666223689081, "poi_density_per_sq_km": 376.0}}, {"type": "Feature", "geometry": {"type": "Polygon", "coordinates": [[[286500.0, 4127000.0], [286500.0, 4127500.0], [286000.0, 4127500.0], [286000.0, 4127000.0], [286500.0, 4127000.0]]]}, "properties": {"method_version": "q4_amenity_hub_grid_v1", "candidate_version": "grid_500m_min_60", "candidate_status": "sensitivity", "recommended_for_review": false, "cbsa_code": "40060", "market_slug": "richmond_va", "amenity_hub_id": "40060_grid_500m_min_60_074", "cell_size_meters": 500, "min_pois_per_cell": 60, "cell_count": 1, "cluster_area_sq_km": 0.25, "poi_count": 62, "category_count": 11, "sub_category_count": 32, "centroid_longitude": -77.4111879010052, "centroid_latitude": 37.26801250616615, "poi_density_per_sq_km": 248.0}}, {"type": "Feature", "geometry": {"type": "Polygon", "coordinates": [[[286500.0, 4128000.0], [286500.0, 4128500.0], [286000.0, 4128500.0], [286000.0, 4128000.0], [286500.0, 4128000.0]]]}, "properties": {"method_version": "q4_amenity_hub_grid_v1", "candidate_version": "grid_500m_min_60", "candidate_status": "sensitivity", "recommended_for_review": false, "cbsa_code": "40060", "market_slug": "richmond_va", "amenity_hub_id": "40060_grid_500m_min_60_075", "cell_size_meters": 500, "min_pois_per_cell": 60, "cell_count": 1, "cluster_area_sq_km": 0.25, "poi_count": 81, "category_count": 11, "sub_category_count": 30, "centroid_longitude": -77.41200471564115, "centroid_latitude": 37.275975351364146, "poi_density_per_sq_km": 324.0}}, {"type": "Feature", "geometry": {"type": "Polygon", "coordinates": [[[286500.0, 4136500.0], [286500.0, 4137000.0], [286000.0, 4137000.0], [286000.0, 4136500.0], [286500.0, 4136500.0]]]}, "properties": {"method_version": "q4_amenity_hub_grid_v1", "candidate_version": "grid_500m_min_60", "candidate_status": "sensitivity", "recommended_for_review": false, "cbsa_code": "40060", "market_slug": "richmond_va", "amenity_hub_id": "40060_grid_500m_min_60_076", "cell_size_meters": 500, "min_pois_per_cell": 60, "cell_count": 1, "cluster_area_sq_km": 0.25, "poi_count": 123, "category_count": 14, "sub_category_count": 36, "centroid_longitude": -77.41375500569205, "centroid_latitude": 37.35299974269248, "poi_density_per_sq_km": 492.0}}, {"type": "Feature", "geometry": {"type": "Polygon", "coordinates": [[[287000.0, 4122500.0], [286500.0, 4122500.0], [286500.0, 4123000.0], [286500.0, 4123500.0], [287000.0, 4123500.0], [287000.0, 4123000.0], [287000.0, 4122500.0]]]}, "properties": {"method_version": "q4_amenity_hub_grid_v1", "candidate_version": "grid_500m_min_60", "candidate_status": "sensitivity", "recommended_for_review": false, "cbsa_code": "40060", "market_slug": "richmond_va", "amenity_hub_id": "40060_grid_500m_min_60_077", "cell_size_meters": 500, "min_pois_per_cell": 60, "cell_count": 2, "cluster_area_sq_km": 0.5, "poi_count": 349, "category_count": 17, "sub_category_count": 63, "centroid_longitude": -77.40412949685928, "centroid_latitude": 37.22995106040164, "poi_density_per_sq_km": 698.0}}, {"type": "Feature", "geometry": {"type": "Polygon", "coordinates": [[[287500.0, 4127000.0], [287500.0, 4127500.0], [287000.0, 4127500.0], [287000.0, 4127000.0], [287500.0, 4127000.0]]]}, "properties": {"method_version": "q4_amenity_hub_grid_v1", "candidate_version": "grid_500m_min_60", "candidate_status": "sensitivity", "recommended_for_review": false, "cbsa_code": "40060", "market_slug": "richmond_va", "amenity_hub_id": "40060_grid_500m_min_60_078", "cell_size_meters": 500, "min_pois_per_cell": 60, "cell_count": 1, "cluster_area_sq_km": 0.25, "poi_count": 78, "category_count": 12, "sub_category_count": 26, "centroid_longitude": -77.3986533545383, "centroid_latitude": 37.26708468653167, "poi_density_per_sq_km": 312.0}}, {"type": "Feature", "geometry": {"type": "Polygon", "coordinates": [[[287500.0, 4124500.0], [287500.0, 4125000.0], [288000.0, 4125000.0], [288000.0, 4125500.0], [288500.0, 4125500.0], [288500.0, 4125000.0], [288500.0, 4124500.0], [288000.0, 4124500.0], [287500.0, 4124500.0]]]}, "properties": {"method_version": "q4_amenity_hub_grid_v1", "candidate_version": "grid_500m_min_60", "candidate_status": "sensitivity", "recommended_for_review": false, "cbsa_code": "40060", "market_slug": "richmond_va", "amenity_hub_id": "40060_grid_500m_min_60_079", "cell_size_meters": 500, "min_pois_per_cell": 60, "cell_count": 3, "cluster_area_sq_km": 0.75, "poi_count": 226, "category_count": 14, "sub_category_count": 42, "centroid_longitude": -77.38908835947554, "centroid_latitude": 37.24661624905592, "poi_density_per_sq_km": 301.3333333333333}}, {"type": "Feature", "geometry": {"type": "Polygon", "coordinates": [[[288000.0, 4125500.0], [288000.0, 4126000.0], [287500.0, 4126000.0], [287500.0, 4125500.0], [288000.0, 4125500.0]]]}, "properties": {"method_version": "q4_amenity_hub_grid_v1", "candidate_version": "grid_500m_min_60", "candidate_status": "sensitivity", "recommended_for_review": false, "cbsa_code": "40060", "market_slug": "richmond_va", "amenity_hub_id": "40060_grid_500m_min_60_080", "cell_size_meters": 500, "min_pois_per_cell": 60, "cell_count": 1, "cluster_area_sq_km": 0.25, "poi_count": 121, "category_count": 12, "sub_category_count": 28, "centroid_longitude": -77.39336145006696, "centroid_latitude": 37.25381967541435, "poi_density_per_sq_km": 484.0}}, {"type": "Feature", "geometry": {"type": "Polygon", "coordinates": [[[287500.0, 4169500.0], [287500.0, 4170000.0], [288000.0, 4170000.0], [288500.0, 4170000.0], [288500.0, 4169500.0], [288000.0, 4169500.0], [287500.0, 4169500.0]]]}, "properties": {"method_version": "q4_amenity_hub_grid_v1", "candidate_version": "grid_500m_min_60", "candidate_status": "sensitivity", "recommended_for_review": false, "cbsa_code": "40060", "market_slug": "richmond_va", "amenity_hub_id": "40060_grid_500m_min_60_081", "cell_size_meters": 500, "min_pois_per_cell": 60, "cell_count": 2, "cluster_area_sq_km": 0.5, "poi_count": 151, "category_count": 12, "sub_category_count": 43, "centroid_longitude": -77.40287873726294, "centroid_latitude": 37.65000849649481, "poi_density_per_sq_km": 302.0}}, {"type": "Feature", "geometry": {"type": "Polygon", "coordinates": [[[289500.0, 4119000.0], [289500.0, 4119500.0], [289000.0, 4119500.0], [289000.0, 4119000.0], [289500.0, 4119000.0]]]}, "properties": {"method_version": "q4_amenity_hub_grid_v1", "candidate_version": "grid_500m_min_60", "candidate_status": "sensitivity", "recommended_for_review": false, "cbsa_code": "40060", "market_slug": "richmond_va", "amenity_hub_id": "40060_grid_500m_min_60_082", "cell_size_meters": 500, "min_pois_per_cell": 60, "cell_count": 1, "cluster_area_sq_km": 0.25, "poi_count": 66, "category_count": 16, "sub_category_count": 35, "centroid_longitude": -77.37565778724219, "centroid_latitude": 37.19592491588469, "poi_density_per_sq_km": 264.0}}, {"type": "Feature", "geometry": {"type": "Polygon", "coordinates": [[[289500.0, 4166500.0], [289000.0, 4166500.0], [289000.0, 4167000.0], [289000.0, 4167500.0], [289500.0, 4167500.0], [289500.0, 4167000.0], [289500.0, 4166500.0]]]}, "properties": {"method_version": "q4_amenity_hub_grid_v1", "candidate_version": "grid_500m_min_60", "candidate_status": "sensitivity", "recommended_for_review": false, "cbsa_code": "40060", "market_slug": "richmond_va", "amenity_hub_id": "40060_grid_500m_min_60_083", "cell_size_meters": 500, "min_pois_per_cell": 60, "cell_count": 2, "cluster_area_sq_km": 0.5, "poi_count": 170, "category_count": 11, "sub_category_count": 31, "centroid_longitude": -77.38714749654012, "centroid_latitude": 37.62702483962391, "poi_density_per_sq_km": 340.0}}, {"type": "Feature", "geometry": {"type": "Polygon", "coordinates": [[[290500.0, 4164000.0], [290000.0, 4164000.0], [290000.0, 4164500.0], [290000.0, 4165000.0], [290500.0, 4165000.0], [290500.0, 4164500.0], [290500.0, 4164000.0]]]}, "properties": {"method_version": "q4_amenity_hub_grid_v1", "candidate_version": "grid_500m_min_60", "candidate_status": "sensitivity", "recommended_for_review": false, "cbsa_code": "40060", "market_slug": "richmond_va", "amenity_hub_id": "40060_grid_500m_min_60_084", "cell_size_meters": 500, "min_pois_per_cell": 60, "cell_count": 2, "cluster_area_sq_km": 0.5, "poi_count": 146, "category_count": 17, "sub_category_count": 42, "centroid_longitude": -77.37577788899827, "centroid_latitude": 37.60306978002506, "poi_density_per_sq_km": 292.0}}, {"type": "Feature", "geometry": {"type": "Polygon", "coordinates": [[[291500.0, 4136000.0], [291500.0, 4136500.0], [291000.0, 4136500.0], [291000.0, 4136000.0], [291500.0, 4136000.0]]]}, "properties": {"method_version": "q4_amenity_hub_grid_v1", "candidate_version": "grid_500m_min_60", "candidate_status": "sensitivity", "recommended_for_review": false, "cbsa_code": "40060", "market_slug": "richmond_va", "amenity_hub_id": "40060_grid_500m_min_60_085", "cell_size_meters": 500, "min_pois_per_cell": 60, "cell_count": 1, "cluster_area_sq_km": 0.25, "poi_count": 87, "category_count": 13, "sub_category_count": 34, "centroid_longitude": -77.35552048876335, "centroid_latitude": 37.34955515171106, "poi_density_per_sq_km": 348.0}}, {"type": "Feature", "geometry": {"type": "Polygon", "coordinates": [[[292000.0, 4156000.0], [292000.0, 4156500.0], [291500.0, 4156500.0], [291500.0, 4156000.0], [292000.0, 4156000.0]]]}, "properties": {"method_version": "q4_amenity_hub_grid_v1", "candidate_version": "grid_500m_min_60", "candidate_status": "sensitivity", "recommended_for_review": false, "cbsa_code": "40060", "market_slug": "richmond_va", "amenity_hub_id": "40060_grid_500m_min_60_086", "cell_size_meters": 500, "min_pois_per_cell": 60, "cell_count": 1, "cluster_area_sq_km": 0.25, "poi_count": 91, "category_count": 11, "sub_category_count": 26, "centroid_longitude": -77.3564714319693, "centroid_latitude": 37.52901912367704, "poi_density_per_sq_km": 364.0}}, {"type": "Feature", "geometry": {"type": "Polygon", "coordinates": [[[292500.0, 4154500.0], [292000.0, 4154500.0], [292000.0, 4155000.0], [292000.0, 4155500.0], [292500.0, 4155500.0], [292500.0, 4155000.0], [292500.0, 4154500.0]]]}, "properties": {"method_version": "q4_amenity_hub_grid_v1", "candidate_version": "grid_500m_min_60", "candidate_status": "sensitivity", "recommended_for_review": false, "cbsa_code": "40060", "market_slug": "richmond_va", "amenity_hub_id": "40060_grid_500m_min_60_087", "cell_size_meters": 500, "min_pois_per_cell": 60, "cell_count": 2, "cluster_area_sq_km": 0.5, "poi_count": 166, "category_count": 14, "sub_category_count": 44, "centroid_longitude": -77.35142581466019, "centroid_latitude": 37.51837199503661, "poi_density_per_sq_km": 332.0}}, {"type": "Feature", "geometry": {"type": "Polygon", "coordinates": [[[292500.0, 4164500.0], [292500.0, 4165000.0], [292000.0, 4165000.0], [292000.0, 4164500.0], [292500.0, 4164500.0]]]}, "properties": {"method_version": "q4_amenity_hub_grid_v1", "candidate_version": "grid_500m_min_60", "candidate_status": "sensitivity", "recommended_for_review": false, "cbsa_code": "40060", "market_slug": "richmond_va", "amenity_hub_id": "40060_grid_500m_min_60_088", "cell_size_meters": 500, "min_pois_per_cell": 60, "cell_count": 1, "cluster_area_sq_km": 0.25, "poi_count": 65, "category_count": 8, "sub_category_count": 25, "centroid_longitude": -77.35418929576929, "centroid_latitude": 37.605706931160015, "poi_density_per_sq_km": 260.0}}, {"type": "Feature", "geometry": {"type": "Polygon", "coordinates": [[[292500.0, 4168000.0], [292500.0, 4168500.0], [292000.0, 4168500.0], [292000.0, 4168000.0], [292500.0, 4168000.0]]]}, "properties": {"method_version": "q4_amenity_hub_grid_v1", "candidate_version": "grid_500m_min_60", "candidate_status": "sensitivity", "recommended_for_review": false, "cbsa_code": "40060", "market_slug": "richmond_va", "amenity_hub_id": "40060_grid_500m_min_60_089", "cell_size_meters": 500, "min_pois_per_cell": 60, "cell_count": 1, "cluster_area_sq_km": 0.25, "poi_count": 60, "category_count": 10, "sub_category_count": 22, "centroid_longitude": -77.35477950585191, "centroid_latitude": 37.637922453940305, "poi_density_per_sq_km": 240.0}}, {"type": "Feature", "geometry": {"type": "Polygon", "coordinates": [[[293000.0, 4165000.0], [293000.0, 4165500.0], [293500.0, 4165500.0], [293500.0, 4166000.0], [294000.0, 4166000.0], [294000.0, 4165500.0], [294000.0, 4165000.0], [293500.0, 4165000.0], [293000.0, 4165000.0]]]}, "properties": {"method_version": "q4_amenity_hub_grid_v1", "candidate_version": "grid_500m_min_60", "candidate_status": "sensitivity", "recommended_for_review": false, "cbsa_code": "40060", "market_slug": "richmond_va", "amenity_hub_id": "40060_grid_500m_min_60_090", "cell_size_meters": 500, "min_pois_per_cell": 60, "cell_count": 3, "cluster_area_sq_km": 0.75, "poi_count": 222, "category_count": 15, "sub_category_count": 53, "centroid_longitude": -77.33940800241231, "centroid_latitude": 37.612504181273565, "poi_density_per_sq_km": 296.0}}, {"type": "Feature", "geometry": {"type": "Polygon", "coordinates": [[[294000.0, 4126000.0], [294000.0, 4126500.0], [293500.0, 4126500.0], [293500.0, 4126000.0], [294000.0, 4126000.0]]]}, "properties": {"method_version": "q4_amenity_hub_grid_v1", "candidate_version": "grid_500m_min_60", "candidate_status": "sensitivity", "recommended_for_review": false, "cbsa_code": "40060", "market_slug": "richmond_va", "amenity_hub_id": "40060_grid_500m_min_60_091", "cell_size_meters": 500, "min_pois_per_cell": 60, "cell_count": 1, "cluster_area_sq_km": 0.25, "poi_count": 72, "category_count": 13, "sub_category_count": 34, "centroid_longitude": -77.32620936475355, "centroid_latitude": 37.2593618193133, "poi_density_per_sq_km": 288.0}}, {"type": "Feature", "geometry": {"type": "Polygon", "coordinates": [[[295500.0, 4165500.0], [295500.0, 4166000.0], [295000.0, 4166000.0], [295000.0, 4165500.0], [295500.0, 4165500.0]]]}, "properties": {"method_version": "q4_amenity_hub_grid_v1", "candidate_version": "grid_500m_min_60", "candidate_status": "sensitivity", "recommended_for_review": false, "cbsa_code": "40060", "market_slug": "richmond_va", "amenity_hub_id": "40060_grid_500m_min_60_092", "cell_size_meters": 500, "min_pois_per_cell": 60, "cell_count": 1, "cluster_area_sq_km": 0.25, "poi_count": 96, "category_count": 11, "sub_category_count": 33, "centroid_longitude": -77.31966740047504, "centroid_latitude": 37.61611188406774, "poi_density_per_sq_km": 384.0}}, {"type": "Feature", "geometry": {"type": "Polygon", "coordinates": [[[297500.0, 4131000.0], [297500.0, 4131500.0], [297000.0, 4131500.0], [297000.0, 4131000.0], [297500.0, 4131000.0]]]}, "properties": {"method_version": "q4_amenity_hub_grid_v1", "candidate_version": "grid_500m_min_60", "candidate_status": "sensitivity", "recommended_for_review": false, "cbsa_code": "40060", "market_slug": "richmond_va", "amenity_hub_id": "40060_grid_500m_min_60_093", "cell_size_meters": 500, "min_pois_per_cell": 60, "cell_count": 1, "cluster_area_sq_km": 0.25, "poi_count": 122, "category_count": 16, "sub_category_count": 45, "centroid_longitude": -77.28687350651073, "centroid_latitude": 37.30460641684368, "poi_density_per_sq_km": 488.0}}, {"type": "Feature", "geometry": {"type": "Polygon", "coordinates": [[[391250.0, 3350250.0], [391250.0, 3350500.0], [391000.0, 3350500.0], [391000.0, 3350250.0], [391250.0, 3350250.0]]]}, "properties": {"method_version": "q4_amenity_hub_grid_v1", "candidate_version": "grid_250m_min_20", "candidate_status": "selected_for_workbench", "recommended_for_review": true, "cbsa_code": "27260", "market_slug": "jacksonville_fl", "amenity_hub_id": "27260_grid_250m_min_20_001", "cell_size_meters": 250, "min_pois_per_cell": 20, "cell_count": 1, "cluster_area_sq_km": 0.0625, "poi_count": 26, "category_count": 10, "sub_category_count": 18, "centroid_longitude": -82.13271689797344, "centroid_latitude": 30.280559959374724, "poi_density_per_sq_km": 416.0}}, {"type": "Feature", "geometry": {"type": "Polygon", "coordinates": [[[391250.0, 3350750.0], [391500.0, 3350750.0], [391750.0, 3350750.0], [392000.0, 3350750.0], [392250.0, 3350750.0], [392500.0, 3350750.0], [392500.0, 3350500.0], [392250.0, 3350500.0], [392000.0, 3350500.0], [391750.0, 3350500.0], [391500.0, 3350500.0], [391250.0, 3350500.0], [391250.0, 3350750.0]]]}, "properties": {"method_version": "q4_amenity_hub_grid_v1", "candidate_version": "grid_250m_min_20", "candidate_status": "selected_for_workbench", "recommended_for_review": true, "cbsa_code": "27260", "market_slug": "jacksonville_fl", "amenity_hub_id": "27260_grid_250m_min_20_002", "cell_size_meters": 250, "min_pois_per_cell": 20, "cell_count": 5, "cluster_area_sq_km": 0.3125, "poi_count": 154, "category_count": 15, "sub_category_count": 51, "centroid_longitude": -82.1237861986958, "centroid_latitude": 30.282264512356676, "poi_density_per_sq_km": 492.8}}, {"type": "Feature", "geometry": {"type": "Polygon", "coordinates": [[[392000.0, 3348500.0], [392000.0, 3348750.0], [391750.0, 3348750.0], [391750.0, 3348500.0], [392000.0, 3348500.0]]]}, "properties": {"method_version": "q4_amenity_hub_grid_v1", "candidate_version": "grid_250m_min_20", "candidate_status": "selected_for_workbench", "recommended_for_review": true, "cbsa_code": "27260", "market_slug": "jacksonville_fl", "amenity_hub_id": "27260_grid_250m_min_20_003", "cell_size_meters": 250, "min_pois_per_cell": 20, "cell_count": 1, "cluster_area_sq_km": 0.0625, "poi_count": 26, "category_count": 8, "sub_category_count": 16, "centroid_longitude": -82.1237083986282, "centroid_latitude": 30.264612061937967, "poi_density_per_sq_km": 416.0}}, {"type": "Feature", "geometry": {"type": "Polygon", "coordinates": [[[392250.0, 3349750.0], [392250.0, 3350000.0], [392000.0, 3350000.0], [392000.0, 3349750.0], [392250.0, 3349750.0]]]}, "properties": {"method_version": "q4_amenity_hub_grid_v1", "candidate_version": "grid_250m_min_20", "candidate_status": "selected_for_workbench", "recommended_for_review": true, "cbsa_code": "27260", "market_slug": "jacksonville_fl", "amenity_hub_id": "27260_grid_250m_min_20_004", "cell_size_meters": 250, "min_pois_per_cell": 20, "cell_count": 1, "cluster_area_sq_km": 0.0625, "poi_count": 37, "category_count": 11, "sub_category_count": 21, "centroid_longitude": -82.12195883527855, "centroid_latitude": 30.275719915399147, "poi_density_per_sq_km": 592.0}}, {"type": "Feature", "geometry": {"type": "Polygon", "coordinates": [[[399500.0, 3296000.0], [399500.0, 3296250.0], [399250.0, 3296250.0], [399250.0, 3296000.0], [399500.0, 3296000.0]]]}, "properties": {"method_version": "q4_amenity_hub_grid_v1", "candidate_version": "grid_250m_min_20", "candidate_status": "selected_for_workbench", "recommended_for_review": true, "cbsa_code": "27260", "market_slug": "jacksonville_fl", "amenity_hub_id": "27260_grid_250m_min_20_005", "cell_size_meters": 250, "min_pois_per_cell": 20, "cell_count": 1, "cluster_area_sq_km": 0.0625, "poi_count": 21, "category_count": 8, "sub_category_count": 12, "centroid_longitude": -82.04158203456862, "centroid_latitude": 29.790899556483662, "poi_density_per_sq_km": 336.0}}, {"type": "Feature", "geometry": {"type": "Polygon", "coordinates": [[[400500.0, 3295000.0], [400250.0, 3295000.0], [400250.0, 3295250.0], [400250.0, 3295500.0], [400500.0, 3295500.0], [400500.0, 3295250.0], [400500.0, 3295000.0]]]}, "properties": {"method_version": "q4_amenity_hub_grid_v1", "candidate_version": "grid_250m_min_20", "candidate_status": "selected_for_workbench", "recommended_for_review": true, "cbsa_code": "27260", "market_slug": "jacksonville_fl", "amenity_hub_id": "27260_grid_250m_min_20_006", "cell_size_meters": 250, "min_pois_per_cell": 20, "cell_count": 2, "cluster_area_sq_km": 0.125, "poi_count": 98, "category_count": 14, "sub_category_count": 41, "centroid_longitude": -82.03093441582081, "centroid_latitude": 29.783982536089024, "poi_density_per_sq_km": 784.0}}, {"type": "Feature", "geometry": {"type": "Polygon", "coordinates": [[[412250.0, 3395500.0], [412250.0, 3395750.0], [412000.0, 3395750.0], [412000.0, 3395500.0], [412250.0, 3395500.0]]]}, "properties": {"method_version": "q4_amenity_hub_grid_v1", "candidate_version": "grid_250m_min_20", "candidate_status": "selected_for_workbench", "recommended_for_review": true, "cbsa_code": "27260", "market_slug": "jacksonville_fl", "amenity_hub_id": "27260_grid_250m_min_20_007", "cell_size_meters": 250, "min_pois_per_cell": 20, "cell_count": 1, "cluster_area_sq_km": 0.0625, "poi_count": 27, "category_count": 10, "sub_category_count": 21, "centroid_longitude": -81.91748782413282, "centroid_latitude": 30.690269173632974, "poi_density_per_sq_km": 432.0}}, {"type": "Feature", "geometry": {"type": "Polygon", "coordinates": [[[415500.0, 3325500.0], [415250.0, 3325500.0], [415250.0, 3325750.0], [415250.0, 3326000.0], [415500.0, 3326000.0], [415500.0, 3325750.0], [415500.0, 3325500.0]]]}, "properties": {"method_version": "q4_amenity_hub_grid_v1", "candidate_version": "grid_250m_min_20", "candidate_status": "selected_for_workbench", "recommended_for_review": true, "cbsa_code": "27260", "market_slug": "jacksonville_fl", "amenity_hub_id": "27260_grid_250m_min_20_008", "cell_size_meters": 250, "min_pois_per_cell": 20, "cell_count": 2, "cluster_area_sq_km": 0.125, "poi_count": 50, "category_count": 11, "sub_category_count": 32, "centroid_longitude": -81.87811487096683, "centroid_latitude": 30.060094721876588, "poi_density_per_sq_km": 400.0}}, {"type": "Feature", "geometry": {"type": "Polygon", "coordinates": [[[416250.0, 3326250.0], [416250.0, 3326500.0], [416000.0, 3326500.0], [416000.0, 3326250.0], [416250.0, 3326250.0]]]}, "properties": {"method_version": "q4_amenity_hub_grid_v1", "candidate_version": "grid_250m_min_20", "candidate_status": "selected_for_workbench", "recommended_for_review": true, "cbsa_code": "27260", "market_slug": "jacksonville_fl", "amenity_hub_id": "27260_grid_250m_min_20_009", "cell_size_meters": 250, "min_pois_per_cell": 20, "cell_count": 1, "cluster_area_sq_km": 0.0625, "poi_count": 25, "category_count": 8, "sub_category_count": 19, "centroid_longitude": -81.87063253770398, "centroid_latitude": 30.06548073809878, "poi_density_per_sq_km": 400.0}}, {"type": "Feature", "geometry": {"type": "Polygon", "coordinates": [[[416500.0, 3326500.0], [416500.0, 3326750.0], [416250.0, 3326750.0], [416250.0, 3326500.0], [416500.0, 3326500.0]]]}, "properties": {"method_version": "q4_amenity_hub_grid_v1", "candidate_version": "grid_250m_min_20", "candidate_status": "selected_for_workbench", "recommended_for_review": true, "cbsa_code": "27260", "market_slug": "jacksonville_fl", "amenity_hub_id": "27260_grid_250m_min_20_010", "cell_size_meters": 250, "min_pois_per_cell": 20, "cell_count": 1, "cluster_area_sq_km": 0.0625, "poi_count": 31, "category_count": 9, "sub_category_count": 19, "centroid_longitude": -81.86697192191521, "centroid_latitude": 30.06749065876442, "poi_density_per_sq_km": 496.0}}, {"type": "Feature", "geometry": {"type": "Polygon", "coordinates": [[[416750.0, 3327000.0], [416750.0, 3327250.0], [416500.0, 3327250.0], [416500.0, 3327000.0], [416750.0, 3327000.0]]]}, "properties": {"method_version": "q4_amenity_hub_grid_v1", "candidate_version": "grid_250m_min_20", "candidate_status": "selected_for_workbench", "recommended_for_review": true, "cbsa_code": "27260", "market_slug": "jacksonville_fl", "amenity_hub_id": "27260_grid_250m_min_20_011", "cell_size_meters": 250, "min_pois_per_cell": 20, "cell_count": 1, "cluster_area_sq_km": 0.0625, "poi_count": 35, "category_count": 9, "sub_category_count": 19, "centroid_longitude": -81.86492062328522, "centroid_latitude": 30.0722149121839, "poi_density_per_sq_km": 560.0}}, {"type": "Feature", "geometry": {"type": "Polygon", "coordinates": [[[418500.0, 3351500.0], [418500.0, 3351750.0], [418250.0, 3351750.0], [418250.0, 3351500.0], [418500.0, 3351500.0]]]}, "properties": {"method_version": "q4_amenity_hub_grid_v1", "candidate_version": "grid_250m_min_20", "candidate_status": "selected_for_workbench", "recommended_for_review": true, "cbsa_code": "27260", "market_slug": "jacksonville_fl", "amenity_hub_id": "27260_grid_250m_min_20_012", "cell_size_meters": 250, "min_pois_per_cell": 20, "cell_count": 1, "cluster_area_sq_km": 0.0625, "poi_count": 23, "category_count": 7, "sub_category_count": 16, "centroid_longitude": -81.84790877809378, "centroid_latitude": 30.292966958227755, "poi_density_per_sq_km": 368.0}}, {"type": "Feature", "geometry": {"type": "Polygon", "coordinates": [[[418750.0, 3352750.0], [418750.0, 3353000.0], [418500.0, 3353000.0], [418500.0, 3352750.0], [418750.0, 3352750.0]]]}, "properties": {"method_version": "q4_amenity_hub_grid_v1", "candidate_version": "grid_250m_min_20", "candidate_status": "selected_for_workbench", "recommended_for_review": true, "cbsa_code": "27260", "market_slug": "jacksonville_fl", "amenity_hub_id": "27260_grid_250m_min_20_013", "cell_size_meters": 250, "min_pois_per_cell": 20, "cell_count": 1, "cluster_area_sq_km": 0.0625, "poi_count": 24, "category_count": 7, "sub_category_count": 16, "centroid_longitude": -81.84621279231065, "centroid_latitude": 30.305519107915757, "poi_density_per_sq_km": 384.0}}, {"type": "Feature", "geometry": {"type": "Polygon", "coordinates": [[[419750.0, 3336750.0], [419750.0, 3337000.0], [419500.0, 3337000.0], [419500.0, 3336750.0], [419750.0, 3336750.0]]]}, "properties": {"method_version": "q4_amenity_hub_grid_v1", "candidate_version": "grid_250m_min_20", "candidate_status": "selected_for_workbench", "recommended_for_review": true, "cbsa_code": "27260", "market_slug": "jacksonville_fl", "amenity_hub_id": "27260_grid_250m_min_20_014", "cell_size_meters": 250, "min_pois_per_cell": 20, "cell_count": 1, "cluster_area_sq_km": 0.0625, "poi_count": 24, "category_count": 8, "sub_category_count": 16, "centroid_longitude": -81.8355298935356, "centroid_latitude": 30.161218066053166, "poi_density_per_sq_km": 384.0}}, {"type": "Feature", "geometry": {"type": "Polygon", "coordinates": [[[420000.0, 3331000.0], [420000.0, 3331250.0], [419750.0, 3331250.0], [419750.0, 3331000.0], [420000.0, 3331000.0]]]}, "properties": {"method_version": "q4_amenity_hub_grid_v1", "candidate_version": "grid_250m_min_20", "candidate_status": "selected_for_workbench", "recommended_for_review": true, "cbsa_code": "27260", "market_slug": "jacksonville_fl", "amenity_hub_id": "27260_grid_250m_min_20_015", "cell_size_meters": 250, "min_pois_per_cell": 20, "cell_count": 1, "cluster_area_sq_km": 0.0625, "poi_count": 43, "category_count": 3, "sub_category_count": 6, "centroid_longitude": -81.83237005581654, "centroid_latitude": 30.1091276790246, "poi_density_per_sq_km": 688.0}}, {"type": "Feature", "geometry": {"type": "Polygon", "coordinates": [[[420250.0, 3330750.0], [420250.0, 3331000.0], [420000.0, 3331000.0], [420000.0, 3330750.0], [420250.0, 3330750.0]]]}, "properties": {"method_version": "q4_amenity_hub_grid_v1", "candidate_version": "grid_250m_min_20", "candidate_status": "selected_for_workbench", "recommended_for_review": true, "cbsa_code": "27260", "market_slug": "jacksonville_fl", "amenity_hub_id": "27260_grid_250m_min_20_016", "cell_size_meters": 250, "min_pois_per_cell": 20, "cell_count": 1, "cluster_area_sq_km": 0.0625, "poi_count": 27, "category_count": 5, "sub_category_count": 14, "centroid_longitude": -81.82921222368681, "centroid_latitude": 30.10685266655342, "poi_density_per_sq_km": 432.0}}, {"type": "Feature", "geometry": {"type": "Polygon", "coordinates": [[[420000.0, 3340750.0], [420250.0, 3340750.0], [420250.0, 3341000.0], [420500.0, 3341000.0], [420500.0, 3340750.0], [420750.0, 3340750.0], [420750.0, 3340500.0], [420500.0, 3340500.0], [420250.0, 3340500.0], [420000.0, 3340500.0], [420000.0, 3340750.0]]]}, "properties": {"method_version": "q4_amenity_hub_grid_v1", "candidate_version": "grid_250m_min_20", "candidate_status": "selected_for_workbench", "recommended_for_review": true, "cbsa_code": "27260", "market_slug": "jacksonville_fl", "amenity_hub_id": "27260_grid_250m_min_20_017", "cell_size_meters": 250, "min_pois_per_cell": 20, "cell_count": 4, "cluster_area_sq_km": 0.25, "poi_count": 129, "category_count": 12, "sub_category_count": 43, "centroid_longitude": -81.82728863964739, "centroid_latitude": 30.195243424808172, "poi_density_per_sq_km": 516.0}}, {"type": "Feature", "geometry": {"type": "Polygon", "coordinates": [[[420500.0, 3381250.0], [420250.0, 3381250.0], [420250.0, 3381500.0], [420250.0, 3381750.0], [420500.0, 3381750.0], [420500.0, 3381500.0], [420500.0, 3381250.0]]]}, "properties": {"method_version": "q4_amenity_hub_grid_v1", "candidate_version": "grid_250m_min_20", "candidate_status": "selected_for_workbench", "recommended_for_review": true, "cbsa_code": "27260", "market_slug": "jacksonville_fl", "amenity_hub_id": "27260_grid_250m_min_20_018", "cell_size_meters": 250, "min_pois_per_cell": 20, "cell_count": 2, "cluster_area_sq_km": 0.125, "poi_count": 51, "category_count": 14, "sub_category_count": 28, "centroid_longitude": -81.83048911130462, "centroid_latitude": 30.563120092334557, "poi_density_per_sq_km": 408.0}}, {"type": "Feature", "geometry": {"type": "Polygon", "coordinates": [[[420750.0, 3341000.0], [420750.0, 3341250.0], [420500.0, 3341250.0], [420500.0, 3341000.0], [420750.0, 3341000.0]]]}, "properties": {"method_version": "q4_amenity_hub_grid_v1", "candidate_version": "grid_250m_min_20", "candidate_status": "selected_for_workbench", "recommended_for_review": true, "cbsa_code": "27260", "market_slug": "jacksonville_fl", "amenity_hub_id": "27260_grid_250m_min_20_019", "cell_size_meters": 250, "min_pois_per_cell": 20, "cell_count": 1, "cluster_area_sq_km": 0.0625, "poi_count": 20, "category_count": 6, "sub_category_count": 13, "centroid_longitude": -81.82445078058937, "centroid_latitude": 30.198938168340266, "poi_density_per_sq_km": 320.0}}, {"type": "Feature", "geometry": {"type": "Polygon", "coordinates": [[[420750.0, 3381750.0], [420500.0, 3381750.0], [420500.0, 3382000.0], [420500.0, 3382250.0], [420750.0, 3382250.0], [420750.0, 3382000.0], [420750.0, 3381750.0]]]}, "properties": {"method_version": "q4_amenity_hub_grid_v1", "candidate_version": "grid_250m_min_20", "candidate_status": "selected_for_workbench", "recommended_for_review": true, "cbsa_code": "27260", "market_slug": "jacksonville_fl", "amenity_hub_id": "27260_grid_250m_min_20_020", "cell_size_meters": 250, "min_pois_per_cell": 20, "cell_count": 2, "cluster_area_sq_km": 0.125, "poi_count": 41, "category_count": 12, "sub_category_count": 25, "centroid_longitude": -81.82718836917333, "centroid_latitude": 30.567532785956658, "poi_density_per_sq_km": 328.0}}, {"type": "Feature", "geometry": {"type": "Polygon", "coordinates": [[[421000.0, 3381000.0], [421000.0, 3381250.0], [420750.0, 3381250.0], [420750.0, 3381000.0], [421000.0, 3381000.0]]]}, "properties": {"method_version": "q4_amenity_hub_grid_v1", "candidate_version": "grid_250m_min_20", "candidate_status": "selected_for_workbench", "recommended_for_review": true, "cbsa_code": "27260", "market_slug": "jacksonville_fl", "amenity_hub_id": "27260_grid_250m_min_20_021", "cell_size_meters": 250, "min_pois_per_cell": 20, "cell_count": 1, "cluster_area_sq_km": 0.0625, "poi_count": 23, "category_count": 7, "sub_category_count": 17, "centroid_longitude": -81.82526719383914, "centroid_latitude": 30.560351558573917, "poi_density_per_sq_km": 368.0}}, {"type": "Feature", "geometry": {"type": "Polygon", "coordinates": [[[423250.0, 3332500.0], [423000.0, 3332500.0], [423000.0, 3332750.0], [423000.0, 3333000.0], [423250.0, 3333000.0], [423500.0, 3333000.0], [423500.0, 3332750.0], [423250.0, 3332750.0], [423250.0, 3332500.0]]]}, "properties": {"method_version": "q4_amenity_hub_grid_v1", "candidate_version": "grid_250m_min_20", "candidate_status": "selected_for_workbench", "recommended_for_review": true, "cbsa_code": "27260", "market_slug": "jacksonville_fl", "amenity_hub_id": "27260_grid_250m_min_20_022", "cell_size_meters": 250, "min_pois_per_cell": 20, "cell_count": 3, "cluster_area_sq_km": 0.1875, "poi_count": 73, "category_count": 10, "sub_category_count": 27, "centroid_longitude": -81.79737162414719, "centroid_latitude": 30.123660932169077, "poi_density_per_sq_km": 389.3333333333333}}, {"type": "Feature", "geometry": {"type": "Polygon", "coordinates": [[[423750.0, 3333000.0], [423750.0, 3333250.0], [423500.0, 3333250.0], [423500.0, 3333000.0], [423750.0, 3333000.0]]]}, "properties": {"method_version": "q4_amenity_hub_grid_v1", "candidate_version": "grid_250m_min_20", "candidate_status": "selected_for_workbench", "recommended_for_review": true, "cbsa_code": "27260", "market_slug": "jacksonville_fl", "amenity_hub_id": "27260_grid_250m_min_20_023", "cell_size_meters": 250, "min_pois_per_cell": 20, "cell_count": 1, "cluster_area_sq_km": 0.0625, "poi_count": 27, "category_count": 11, "sub_category_count": 20, "centroid_longitude": -81.79206787542067, "centroid_latitude": 30.126836207375792, "poi_density_per_sq_km": 432.0}}, {"type": "Feature", "geometry": {"type": "Polygon", "coordinates": [[[424250.0, 3333500.0], [424250.0, 3333750.0], [424500.0, 3333750.0], [424750.0, 3333750.0], [424750.0, 3333500.0], [424500.0, 3333500.0], [424250.0, 3333500.0]]]}, "properties": {"method_version": "q4_amenity_hub_grid_v1", "candidate_version": "grid_250m_min_20", "candidate_status": "selected_for_workbench", "recommended_for_review": true, "cbsa_code": "27260", "market_slug": "jacksonville_fl", "amenity_hub_id": "27260_grid_250m_min_20_024", "cell_size_meters": 250, "min_pois_per_cell": 20, "cell_count": 2, "cluster_area_sq_km": 0.125, "poi_count": 42, "category_count": 12, "sub_category_count": 27, "centroid_longitude": -81.78389614157828, "centroid_latitude": 30.131402410556834, "poi_density_per_sq_km": 336.0}}, {"type": "Feature", "geometry": {"type": "Polygon", "coordinates": [[[424500.0, 3346500.0], [424500.0, 3346750.0], [424250.0, 3346750.0], [424250.0, 3346500.0], [424500.0, 3346500.0]]]}, "properties": {"method_version": "q4_amenity_hub_grid_v1", "candidate_version": "grid_250m_min_20", "candidate_status": "selected_for_workbench", "recommended_for_review": true, "cbsa_code": "27260", "market_slug": "jacksonville_fl", "amenity_hub_id": "27260_grid_250m_min_20_025", "cell_size_meters": 250, "min_pois_per_cell": 20, "cell_count": 1, "cluster_area_sq_km": 0.0625, "poi_count": 26, "category_count": 8, "sub_category_count": 14, "centroid_longitude": -81.78598754042787, "centroid_latitude": 30.248359465345672, "poi_density_per_sq_km": 416.0}}, {"type": "Feature", "geometry": {"type": "Polygon", "coordinates": [[[424750.0, 3351250.0], [424750.0, 3351500.0], [424500.0, 3351500.0], [424500.0, 3351250.0], [424750.0, 3351250.0]]]}, "properties": {"method_version": "q4_amenity_hub_grid_v1", "candidate_version": "grid_250m_min_20", "candidate_status": "selected_for_workbench", "recommended_for_review": true, "cbsa_code": "27260", "market_slug": "jacksonville_fl", "amenity_hub_id": "27260_grid_250m_min_20_026", "cell_size_meters": 250, "min_pois_per_cell": 20, "cell_count": 1, "cluster_area_sq_km": 0.0625, "poi_count": 24, "category_count": 11, "sub_category_count": 21, "centroid_longitude": -81.78331966214931, "centroid_latitude": 30.29203217181747, "poi_density_per_sq_km": 384.0}}, {"type": "Feature", "geometry": {"type": "Polygon", "coordinates": [[[425000.0, 3333750.0], [425000.0, 3334000.0], [424750.0, 3334000.0], [424750.0, 3333750.0], [425000.0, 3333750.0]]]}, "properties": {"method_version": "q4_amenity_hub_grid_v1", "candidate_version": "grid_250m_min_20", "candidate_status": "selected_for_workbench", "recommended_for_review": true, "cbsa_code": "27260", "market_slug": "jacksonville_fl", "amenity_hub_id": "27260_grid_250m_min_20_027", "cell_size_meters": 250, "min_pois_per_cell": 20, "cell_count": 1, "cluster_area_sq_km": 0.0625, "poi_count": 31, "category_count": 8, "sub_category_count": 15, "centroid_longitude": -81.77944796856839, "centroid_latitude": 30.13403569544657, "poi_density_per_sq_km": 496.0}}, {"type": "Feature", "geometry": {"type": "Polygon", "coordinates": [[[425000.0, 3340500.0], [425000.0, 3340750.0], [424750.0, 3340750.0], [424750.0, 3340500.0], [425000.0, 3340500.0]]]}, "properties": {"method_version": "q4_amenity_hub_grid_v1", "candidate_version": "grid_250m_min_20", "candidate_status": "selected_for_workbench", "recommended_for_review": true, "cbsa_code": "27260", "market_slug": "jacksonville_fl", "amenity_hub_id": "27260_grid_250m_min_20_028", "cell_size_meters": 250, "min_pois_per_cell": 20, "cell_count": 1, "cluster_area_sq_km": 0.0625, "poi_count": 24, "category_count": 5, "sub_category_count": 11, "centroid_longitude": -81.78005839166667, "centroid_latitude": 30.19576947125, "poi_density_per_sq_km": 384.0}}, {"type": "Feature", "geometry": {"type": "Polygon", "coordinates": [[[424750.0, 3351500.0], [424750.0, 3351750.0], [425000.0, 3351750.0], [425250.0, 3351750.0], [425250.0, 3351500.0], [425000.0, 3351500.0], [424750.0, 3351500.0]]]}, "properties": {"method_version": "q4_amenity_hub_grid_v1", "candidate_version": "grid_250m_min_20", "candidate_status": "selected_for_workbench", "recommended_for_review": true, "cbsa_code": "27260", "market_slug": "jacksonville_fl", "amenity_hub_id": "27260_grid_250m_min_20_029", "cell_size_meters": 250, "min_pois_per_cell": 20, "cell_count": 2, "cluster_area_sq_km": 0.125, "poi_count": 43, "category_count": 9, "sub_category_count": 21, "centroid_longitude": -81.77940437790605, "centroid_latitude": 30.294061883264018, "poi_density_per_sq_km": 344.0}}, {"type": "Feature", "geometry": {"type": "Polygon", "coordinates": [[[425250.0, 3331000.0], [425250.0, 3331250.0], [425000.0, 3331250.0], [425000.0, 3331000.0], [425250.0, 3331000.0]]]}, "properties": {"method_version": "q4_amenity_hub_grid_v1", "candidate_version": "grid_250m_min_20", "candidate_status": "selected_for_workbench", "recommended_for_review": true, "cbsa_code": "27260", "market_slug": "jacksonville_fl", "amenity_hub_id": "27260_grid_250m_min_20_030", "cell_size_meters": 250, "min_pois_per_cell": 20, "cell_count": 1, "cluster_area_sq_km": 0.0625, "poi_count": 28, "category_count": 9, "sub_category_count": 18, "centroid_longitude": -81.77676711576667, "centroid_latitude": 30.109369029025554, "poi_density_per_sq_km": 448.0}}, {"type": "Feature", "geometry": {"type": "Polygon", "coordinates": [[[425000.0, 3334250.0], [425250.0, 3334250.0], [425250.0, 3334500.0], [425500.0, 3334500.0], [425750.0, 3334500.0], [426000.0, 3334500.0], [426000.0, 3334250.0], [425750.0, 3334250.0], [425500.0, 3334250.0], [425500.0, 3334000.0], [425250.0, 3334000.0], [425000.0, 3334000.0], [425000.0, 3334250.0]]]}, "properties": {"method_version": "q4_amenity_hub_grid_v1", "candidate_version": "grid_250m_min_20", "candidate_status": "selected_for_workbench", "recommended_for_review": true, "cbsa_code": "27260", "market_slug": "jacksonville_fl", "amenity_hub_id": "27260_grid_250m_min_20_031", "cell_size_meters": 250, "min_pois_per_cell": 20, "cell_count": 5, "cluster_area_sq_km": 0.3125, "poi_count": 145, "category_count": 14, "sub_category_count": 46, "centroid_longitude": -81.77416672096294, "centroid_latitude": 30.137429904487444, "poi_density_per_sq_km": 464.0}}, {"type": "Feature", "geometry": {"type": "Polygon", "coordinates": [[[425000.0, 3346250.0], [425000.0, 3346500.0], [425250.0, 3346500.0], [425500.0, 3346500.0], [425500.0, 3346250.0], [425250.0, 3346250.0], [425000.0, 3346250.0]]]}, "properties": {"method_version": "q4_amenity_hub_grid_v1", "candidate_version": "grid_250m_min_20", "candidate_status": "selected_for_workbench", "recommended_for_review": true, "cbsa_code": "27260", "market_slug": "jacksonville_fl", "amenity_hub_id": "27260_grid_250m_min_20_032", "cell_size_meters": 250, "min_pois_per_cell": 20, "cell_count": 2, "cluster_area_sq_km": 0.125, "poi_count": 46, "category_count": 11, "sub_category_count": 27, "centroid_longitude": -81.7767654007638, "centroid_latitude": 30.24723922129365, "poi_density_per_sq_km": 368.0}}, {"type": "Feature", "geometry": {"type": "Polygon", "coordinates": [[[425500.0, 3330000.0], [425500.0, 3330250.0], [425250.0, 3330250.0], [425250.0, 3330000.0], [425500.0, 3330000.0]]]}, "properties": {"method_version": "q4_amenity_hub_grid_v1", "candidate_version": "grid_250m_min_20", "candidate_status": "selected_for_workbench", "recommended_for_review": true, "cbsa_code": "27260", "market_slug": "jacksonville_fl", "amenity_hub_id": "27260_grid_250m_min_20_033", "cell_size_meters": 250, "min_pois_per_cell": 20, "cell_count": 1, "cluster_area_sq_km": 0.0625, "poi_count": 40, "category_count": 9, "sub_category_count": 24, "centroid_longitude": -81.774531037093, "centroid_latitude": 30.10003792070561, "poi_density_per_sq_km": 640.0}}, {"type": "Feature", "geometry": {"type": "Polygon", "coordinates": [[[425250.0, 3332750.0], [425250.0, 3333000.0], [425250.0, 3333250.0], [425250.0, 3333500.0], [425250.0, 3333750.0], [425500.0, 3333750.0], [425500.0, 3333500.0], [425500.0, 3333250.0], [425500.0, 3333000.0], [425500.0, 3332750.0], [425250.0, 3332750.0]]]}, "properties": {"method_version": "q4_amenity_hub_grid_v1", "candidate_version": "grid_250m_min_20", "candidate_status": "selected_for_workbench", "recommended_for_review": true, "cbsa_code": "27260", "market_slug": "jacksonville_fl", "amenity_hub_id": "27260_grid_250m_min_20_034", "cell_size_meters": 250, "min_pois_per_cell": 20, "cell_count": 4, "cluster_area_sq_km": 0.25, "poi_count": 116, "category_count": 12, "sub_category_count": 38, "centroid_longitude": -81.77485690067888, "centroid_latitude": 30.128635426281072, "poi_density_per_sq_km": 464.0}}, {"type": "Feature", "geometry": {"type": "Polygon", "coordinates": [[[425500.0, 3351750.0], [425500.0, 3352000.0], [425250.0, 3352000.0], [425250.0, 3351750.0], [425500.0, 3351750.0]]]}, "properties": {"method_version": "q4_amenity_hub_grid_v1", "candidate_version": "grid_250m_min_20", "candidate_status": "selected_for_workbench", "recommended_for_review": true, "cbsa_code": "27260", "market_slug": "jacksonville_fl", "amenity_hub_id": "27260_grid_250m_min_20_035", "cell_size_meters": 250, "min_pois_per_cell": 20, "cell_count": 1, "cluster_area_sq_km": 0.0625, "poi_count": 43, "category_count": 9, "sub_category_count": 23, "centroid_longitude": -81.7756011614344, "centroid_latitude": 30.296793235406884, "poi_density_per_sq_km": 688.0}}, {"type": "Feature", "geometry": {"type": "Polygon", "coordinates": [[[426000.0, 3346250.0], [425750.0, 3346250.0], [425750.0, 3346500.0], [425500.0, 3346500.0], [425500.0, 3346750.0], [425750.0, 3346750.0], [426000.0, 3346750.0], [426250.0, 3346750.0], [426500.0, 3346750.0], [426500.0, 3346500.0], [426250.0, 3346500.0], [426000.0, 3346500.0], [426000.0, 3346250.0]]]}, "properties": {"method_version": "q4_amenity_hub_grid_v1", "candidate_version": "grid_250m_min_20", "candidate_status": "selected_for_workbench", "recommended_for_review": true, "cbsa_code": "27260", "market_slug": "jacksonville_fl", "amenity_hub_id": "27260_grid_250m_min_20_036", "cell_size_meters": 250, "min_pois_per_cell": 20, "cell_count": 5, "cluster_area_sq_km": 0.3125, "poi_count": 141, "category_count": 14, "sub_category_count": 44, "centroid_longitude": -81.76971329047815, "centroid_latitude": 30.24828805980246, "poi_density_per_sq_km": 451.2}}, {"type": "Feature", "geometry": {"type": "Polygon", "coordinates": [[[426000.0, 3334750.0], [426000.0, 3335000.0], [426250.0, 3335000.0], [426500.0, 3335000.0], [426500.0, 3334750.0], [426250.0, 3334750.0], [426000.0, 3334750.0]]]}, "properties": {"method_version": "q4_amenity_hub_grid_v1", "candidate_version": "grid_250m_min_20", "candidate_status": "selected_for_workbench", "recommended_for_review": true, "cbsa_code": "27260", "market_slug": "jacksonville_fl", "amenity_hub_id": "27260_grid_250m_min_20_037", "cell_size_meters": 250, "min_pois_per_cell": 20, "cell_count": 2, "cluster_area_sq_km": 0.125, "poi_count": 71, "category_count": 10, "sub_category_count": 28, "centroid_longitude": -81.76542465126319, "centroid_latitude": 30.143282170376942, "poi_density_per_sq_km": 568.0}}, {"type": "Feature", "geometry": {"type": "Polygon", "coordinates": [[[426500.0, 3352000.0], [426250.0, 3352000.0], [426250.0, 3352250.0], [426250.0, 3352500.0], [426500.0, 3352500.0], [426500.0, 3352250.0], [426500.0, 3352000.0]]]}, "properties": {"method_version": "q4_amenity_hub_grid_v1", "candidate_version": "grid_250m_min_20", "candidate_status": "selected_for_workbench", "recommended_for_review": true, "cbsa_code": "27260", "market_slug": "jacksonville_fl", "amenity_hub_id": "27260_grid_250m_min_20_038", "cell_size_meters": 250, "min_pois_per_cell": 20, "cell_count": 2, "cluster_area_sq_km": 0.125, "poi_count": 53, "category_count": 8, "sub_category_count": 25, "centroid_longitude": -81.76557916763664, "centroid_latitude": 30.29982049867209, "poi_density_per_sq_km": 424.0}}, {"type": "Feature", "geometry": {"type": "Polygon", "coordinates": [[[426750.0, 3335000.0], [426750.0, 3335250.0], [426500.0, 3335250.0], [426500.0, 3335000.0], [426750.0, 3335000.0]]]}, "properties": {"method_version": "q4_amenity_hub_grid_v1", "candidate_version": "grid_250m_min_20", "candidate_status": "selected_for_workbench", "recommended_for_review": true, "cbsa_code": "27260", "market_slug": "jacksonville_fl", "amenity_hub_id": "27260_grid_250m_min_20_039", "cell_size_meters": 250, "min_pois_per_cell": 20, "cell_count": 1, "cluster_area_sq_km": 0.0625, "poi_count": 51, "category_count": 9, "sub_category_count": 24, "centroid_longitude": -81.76177919900321, "centroid_latitude": 30.14533348146748, "poi_density_per_sq_km": 816.0}}, {"type": "Feature", "geometry": {"type": "Polygon", "coordinates": [[[426750.0, 3356250.0], [426750.0, 3356500.0], [426500.0, 3356500.0], [426500.0, 3356250.0], [426750.0, 3356250.0]]]}, "properties": {"method_version": "q4_amenity_hub_grid_v1", "candidate_version": "grid_250m_min_20", "candidate_status": "selected_for_workbench", "recommended_for_review": true, "cbsa_code": "27260", "market_slug": "jacksonville_fl", "amenity_hub_id": "27260_grid_250m_min_20_040", "cell_size_meters": 250, "min_pois_per_cell": 20, "cell_count": 1, "cluster_area_sq_km": 0.0625, "poi_count": 35, "category_count": 12, "sub_category_count": 23, "centroid_longitude": -81.76332121593533, "centroid_latitude": 30.337202202858847, "poi_density_per_sq_km": 560.0}}, {"type": "Feature", "geometry": {"type": "Polygon", "coordinates": [[[427000.0, 3341750.0], [427000.0, 3342000.0], [426750.0, 3342000.0], [426750.0, 3341750.0], [427000.0, 3341750.0]]]}, "properties": {"method_version": "q4_amenity_hub_grid_v1", "candidate_version": "grid_250m_min_20", "candidate_status": "selected_for_workbench", "recommended_for_review": true, "cbsa_code": "27260", "market_slug": "jacksonville_fl", "amenity_hub_id": "27260_grid_250m_min_20_041", "cell_size_meters": 250, "min_pois_per_cell": 20, "cell_count": 1, "cluster_area_sq_km": 0.0625, "poi_count": 24, "category_count": 8, "sub_category_count": 18, "centroid_longitude": -81.76026656243099, "centroid_latitude": 30.20640848078075, "poi_density_per_sq_km": 384.0}}, {"type": "Feature", "geometry": {"type": "Polygon", "coordinates": [[[427000.0, 3346500.0], [427000.0, 3346750.0], [426750.0, 3346750.0], [426750.0, 3346500.0], [427000.0, 3346500.0]]]}, "properties": {"method_version": "q4_amenity_hub_grid_v1", "candidate_version": "grid_250m_min_20", "candidate_status": "selected_for_workbench", "recommended_for_review": true, "cbsa_code": "27260", "market_slug": "jacksonville_fl", "amenity_hub_id": "27260_grid_250m_min_20_042", "cell_size_meters": 250, "min_pois_per_cell": 20, "cell_count": 1, "cluster_area_sq_km": 0.0625, "poi_count": 25, "category_count": 12, "sub_category_count": 17, "centroid_longitude": -81.76016268379718, "centroid_latitude": 30.24874965300134, "poi_density_per_sq_km": 400.0}}, {"type": "Feature", "geometry": {"type": "Polygon", "coordinates": [[[427000.0, 3352000.0], [427000.0, 3352250.0], [426750.0, 3352250.0], [426750.0, 3352000.0], [427000.0, 3352000.0]]]}, "properties": {"method_version": "q4_amenity_hub_grid_v1", "candidate_version": "grid_250m_min_20", "candidate_status": "selected_for_workbench", "recommended_for_review": true, "cbsa_code": "27260", "market_slug": "jacksonville_fl", "amenity_hub_id": "27260_grid_250m_min_20_043", "cell_size_meters": 250, "min_pois_per_cell": 20, "cell_count": 1, "cluster_area_sq_km": 0.0625, "poi_count": 28, "category_count": 7, "sub_category_count": 13, "centroid_longitude": -81.75968467406861, "centroid_latitude": 30.29954347270093, "poi_density_per_sq_km": 448.0}}, {"type": "Feature", "geometry": {"type": "Polygon", "coordinates": [[[427250.0, 3330000.0], [427250.0, 3330250.0], [427000.0, 3330250.0], [427000.0, 3330000.0], [427250.0, 3330000.0]]]}, "properties": {"method_version": "q4_amenity_hub_grid_v1", "candidate_version": "grid_250m_min_20", "candidate_status": "selected_for_workbench", "recommended_for_review": true, "cbsa_code": "27260", "market_slug": "jacksonville_fl", "amenity_hub_id": "27260_grid_250m_min_20_044", "cell_size_meters": 250, "min_pois_per_cell": 20, "cell_count": 1, "cluster_area_sq_km": 0.0625, "poi_count": 48, "category_count": 11, "sub_category_count": 24, "centroid_longitude": -81.7564748497271, "centroid_latitude": 30.099667965428782, "poi_density_per_sq_km": 768.0}}, {"type": "Feature", "geometry": {"type": "Polygon", "coordinates": [[[427250.0, 3349000.0], [427250.0, 3349250.0], [427000.0, 3349250.0], [427000.0, 3349000.0], [427250.0, 3349000.0]]]}, "properties": {"method_version": "q4_amenity_hub_grid_v1", "candidate_version": "grid_250m_min_20", "candidate_status": "selected_for_workbench", "recommended_for_review": true, "cbsa_code": "27260", "market_slug": "jacksonville_fl", "amenity_hub_id": "27260_grid_250m_min_20_045", "cell_size_meters": 250, "min_pois_per_cell": 20, "cell_count": 1, "cluster_area_sq_km": 0.0625, "poi_count": 20, "category_count": 5, "sub_category_count": 13, "centroid_longitude": -81.75730648767646, "centroid_latitude": 30.271345289057052, "poi_density_per_sq_km": 320.0}}, {"type": "Feature", "geometry": {"type": "Polygon", "coordinates": [[[427250.0, 3346500.0], [427250.0, 3346750.0], [427500.0, 3346750.0], [427750.0, 3346750.0], [427750.0, 3346500.0], [427500.0, 3346500.0], [427250.0, 3346500.0]]]}, "properties": {"method_version": "q4_amenity_hub_grid_v1", "candidate_version": "grid_250m_min_20", "candidate_status": "selected_for_workbench", "recommended_for_review": true, "cbsa_code": "27260", "market_slug": "jacksonville_fl", "amenity_hub_id": "27260_grid_250m_min_20_046", "cell_size_meters": 250, "min_pois_per_cell": 20, "cell_count": 2, "cluster_area_sq_km": 0.125, "poi_count": 56, "category_count": 9, "sub_category_count": 26, "centroid_longitude": -81.75417286157459, "centroid_latitude": 30.248926785050553, "poi_density_per_sq_km": 448.0}}, {"type": "Feature", "geometry": {"type": "Polygon", "coordinates": [[[427500.0, 3350250.0], [427250.0, 3350250.0], [427250.0, 3350500.0], [427250.0, 3350750.0], [427500.0, 3350750.0], [427500.0, 3350500.0], [427500.0, 3350250.0]]]}, "properties": {"method_version": "q4_amenity_hub_grid_v1", "candidate_version": "grid_250m_min_20", "candidate_status": "selected_for_workbench", "recommended_for_review": true, "cbsa_code": "27260", "market_slug": "jacksonville_fl", "amenity_hub_id": "27260_grid_250m_min_20_047", "cell_size_meters": 250, "min_pois_per_cell": 20, "cell_count": 2, "cluster_area_sq_km": 0.125, "poi_count": 50, "category_count": 11, "sub_category_count": 23, "centroid_longitude": -81.75502390681999, "centroid_latitude": 30.28407737081411, "poi_density_per_sq_km": 400.0}}, {"type": "Feature", "geometry": {"type": "Polygon", "coordinates": [[[428000.0, 3336750.0], [427750.0, 3336750.0], [427750.0, 3337000.0], [427500.0, 3337000.0], [427500.0, 3337250.0], [427750.0, 3337250.0], [428000.0, 3337250.0], [428000.0, 3337000.0], [428000.0, 3336750.0]]]}, "properties": {"method_version": "q4_amenity_hub_grid_v1", "candidate_version": "grid_250m_min_20", "candidate_status": "selected_for_workbench", "recommended_for_review": true, "cbsa_code": "27260", "market_slug": "jacksonville_fl", "amenity_hub_id": "27260_grid_250m_min_20_048", "cell_size_meters": 250, "min_pois_per_cell": 20, "cell_count": 3, "cluster_area_sq_km": 0.1875, "poi_count": 108, "category_count": 16, "sub_category_count": 35, "centroid_longitude": -81.74927739244731, "centroid_latitude": 30.162602772179145, "poi_density_per_sq_km": 576.0}}, {"type": "Feature", "geometry": {"type": "Polygon", "coordinates": [[[427750.0, 3340250.0], [427750.0, 3340500.0], [427500.0, 3340500.0], [427500.0, 3340250.0], [427750.0, 3340250.0]]]}, "properties": {"method_version": "q4_amenity_hub_grid_v1", "candidate_version": "grid_250m_min_20", "candidate_status": "selected_for_workbench", "recommended_for_review": true, "cbsa_code": "27260", "market_slug": "jacksonville_fl", "amenity_hub_id": "27260_grid_250m_min_20_049", "cell_size_meters": 250, "min_pois_per_cell": 20, "cell_count": 1, "cluster_area_sq_km": 0.0625, "poi_count": 40, "category_count": 12, "sub_category_count": 25, "centroid_longitude": -81.75194423511577, "centroid_latitude": 30.193210387837155, "poi_density_per_sq_km": 640.0}}, {"type": "Feature", "geometry": {"type": "Polygon", "coordinates": [[[428000.0, 3352250.0], [428000.0, 3352500.0], [427750.0, 3352500.0], [427750.0, 3352250.0], [428000.0, 3352250.0]]]}, "properties": {"method_version": "q4_amenity_hub_grid_v1", "candidate_version": "grid_250m_min_20", "candidate_status": "selected_for_workbench", "recommended_for_review": true, "cbsa_code": "27260", "market_slug": "jacksonville_fl", "amenity_hub_id": "27260_grid_250m_min_20_050", "cell_size_meters": 250, "min_pois_per_cell": 20, "cell_count": 1, "cluster_area_sq_km": 0.0625, "poi_count": 35, "category_count": 10, "sub_category_count": 21, "centroid_longitude": -81.75115668968476, "centroid_latitude": 30.300935961006825, "poi_density_per_sq_km": 560.0}}, {"type": "Feature", "geometry": {"type": "Polygon", "coordinates": [[[428000.0, 3352750.0], [427750.0, 3352750.0], [427750.0, 3353000.0], [427750.0, 3353250.0], [428000.0, 3353250.0], [428000.0, 3353000.0], [428000.0, 3352750.0]]]}, "properties": {"method_version": "q4_amenity_hub_grid_v1", "candidate_version": "grid_250m_min_20", "candidate_status": "selected_for_workbench", "recommended_for_review": true, "cbsa_code": "27260", "market_slug": "jacksonville_fl", "amenity_hub_id": "27260_grid_250m_min_20_051", "cell_size_meters": 250, "min_pois_per_cell": 20, "cell_count": 2, "cluster_area_sq_km": 0.125, "poi_count": 66, "category_count": 10, "sub_category_count": 28, "centroid_longitude": -81.75010498958471, "centroid_latitude": 30.306522661151593, "poi_density_per_sq_km": 528.0}}, {"type": "Feature", "geometry": {"type": "Polygon", "coordinates": [[[429500.0, 3337000.0], [429250.0, 3337000.0], [429250.0, 3337250.0], [429000.0, 3337250.0], [428750.0, 3337250.0], [428750.0, 3337000.0], [428500.0, 3337000.0], [428500.0, 3337250.0], [428250.0, 3337250.0], [428000.0, 3337250.0], [428000.0, 3337500.0], [428250.0, 3337500.0], [428500.0, 3337500.0], [428750.0, 3337500.0], [429000.0, 3337500.0], [429250.0, 3337500.0], [429500.0, 3337500.0], [429750.0, 3337500.0], [430000.0, 3337500.0], [430250.0, 3337500.0], [430500.0, 3337500.0], [430750.0, 3337500.0], [430750.0, 3337250.0], [430500.0, 3337250.0], [430250.0, 3337250.0], [430000.0, 3337250.0], [430000.0, 3337000.0], [429750.0, 3337000.0], [429750.0, 3337250.0], [429500.0, 3337250.0], [429500.0, 3337000.0]]]}, "properties": {"method_version": "q4_amenity_hub_grid_v1", "candidate_version": "grid_250m_min_20", "candidate_status": "selected_for_workbench", "recommended_for_review": true, "cbsa_code": "27260", "market_slug": "jacksonville_fl", "amenity_hub_id": "27260_grid_250m_min_20_052", "cell_size_meters": 250, "min_pois_per_cell": 20, "cell_count": 14, "cluster_area_sq_km": 0.875, "poi_count": 565, "category_count": 16, "sub_category_count": 55, "centroid_longitude": -81.7328010332856, "centroid_latitude": 30.165492363836947, "poi_density_per_sq_km": 645.7142857142857}}, {"type": "Feature", "geometry": {"type": "Polygon", "coordinates": [[[428250.0, 3337750.0], [428000.0, 3337750.0], [428000.0, 3338000.0], [428000.0, 3338250.0], [428250.0, 3338250.0], [428250.0, 3338000.0], [428250.0, 3337750.0]]]}, "properties": {"method_version": "q4_amenity_hub_grid_v1", "candidate_version": "grid_250m_min_20", "candidate_status": "selected_for_workbench", "recommended_for_review": true, "cbsa_code": "27260", "market_slug": "jacksonville_fl", "amenity_hub_id": "27260_grid_250m_min_20_053", "cell_size_meters": 250, "min_pois_per_cell": 20, "cell_count": 2, "cluster_area_sq_km": 0.125, "poi_count": 58, "category_count": 10, "sub_category_count": 26, "centroid_longitude": -81.74650968631026, "centroid_latitude": 30.17107718521634, "poi_density_per_sq_km": 464.0}}, {"type": "Feature", "geometry": {"type": "Polygon", "coordinates": [[[428250.0, 3340000.0], [428250.0, 3340250.0], [428000.0, 3340250.0], [428000.0, 3340000.0], [428250.0, 3340000.0]]]}, "properties": {"method_version": "q4_amenity_hub_grid_v1", "candidate_version": "grid_250m_min_20", "candidate_status": "selected_for_workbench", "recommended_for_review": true, "cbsa_code": "27260", "market_slug": "jacksonville_fl", "amenity_hub_id": "27260_grid_250m_min_20_054", "cell_size_meters": 250, "min_pois_per_cell": 20, "cell_count": 1, "cluster_area_sq_km": 0.0625, "poi_count": 26, "category_count": 5, "sub_category_count": 11, "centroid_longitude": -81.74598773975097, "centroid_latitude": 30.191017956328572, "poi_density_per_sq_km": 416.0}}, {"type": "Feature", "geometry": {"type": "Polygon", "coordinates": [[[428750.0, 3346250.0], [428500.0, 3346250.0], [428250.0, 3346250.0], [428250.0, 3346500.0], [428000.0, 3346500.0], [428000.0, 3346750.0], [428250.0, 3346750.0], [428250.0, 3347000.0], [428500.0, 3347000.0], [428500.0, 3346750.0], [428750.0, 3346750.0], [429000.0, 3346750.0], [429000.0, 3346500.0], [428750.0, 3346500.0], [428750.0, 3346250.0]]]}, "properties": {"method_version": "q4_amenity_hub_grid_v1", "candidate_version": "grid_250m_min_20", "candidate_status": "selected_for_workbench", "recommended_for_review": true, "cbsa_code": "27260", "market_slug": "jacksonville_fl", "amenity_hub_id": "27260_grid_250m_min_20_055", "cell_size_meters": 250, "min_pois_per_cell": 20, "cell_count": 7, "cluster_area_sq_km": 0.4375, "poi_count": 183, "category_count": 15, "sub_category_count": 49, "centroid_longitude": -81.74349763349667, "centroid_latitude": 30.248916393238474, "poi_density_per_sq_km": 418.2857142857143}}, {"type": "Feature", "geometry": {"type": "Polygon", "coordinates": [[[428250.0, 3350000.0], [428250.0, 3350250.0], [428000.0, 3350250.0], [428000.0, 3350000.0], [428250.0, 3350000.0]]]}, "properties": {"method_version": "q4_amenity_hub_grid_v1", "candidate_version": "grid_250m_min_20", "candidate_status": "selected_for_workbench", "recommended_for_review": true, "cbsa_code": "27260", "market_slug": "jacksonville_fl", "amenity_hub_id": "27260_grid_250m_min_20_056", "cell_size_meters": 250, "min_pois_per_cell": 20, "cell_count": 1, "cluster_area_sq_km": 0.0625, "poi_count": 40, "category_count": 10, "sub_category_count": 23, "centroid_longitude": -81.74731006437958, "centroid_latitude": 30.281316623888415, "poi_density_per_sq_km": 640.0}}, {"type": "Feature", "geometry": {"type": "Polygon", "coordinates": [[[428250.0, 3338500.0], [428250.0, 3338750.0], [428500.0, 3338750.0], [428750.0, 3338750.0], [428750.0, 3338500.0], [428500.0, 3338500.0], [428250.0, 3338500.0]]]}, "properties": {"method_version": "q4_amenity_hub_grid_v1", "candidate_version": "grid_250m_min_20", "candidate_status": "selected_for_workbench", "recommended_for_review": true, "cbsa_code": "27260", "market_slug": "jacksonville_fl", "amenity_hub_id": "27260_grid_250m_min_20_057", "cell_size_meters": 250, "min_pois_per_cell": 20, "cell_count": 2, "cluster_area_sq_km": 0.125, "poi_count": 50, "category_count": 10, "sub_category_count": 23, "centroid_longitude": -81.74276149695388, "centroid_latitude": 30.17706852967814, "poi_density_per_sq_km": 400.0}}, {"type": "Feature", "geometry": {"type": "Polygon", "coordinates": [[[428500.0, 3340250.0], [428250.0, 3340250.0], [428250.0, 3340500.0], [428250.0, 3340750.0], [428500.0, 3340750.0], [428500.0, 3340500.0], [428500.0, 3340250.0]]]}, "properties": {"method_version": "q4_amenity_hub_grid_v1", "candidate_version": "grid_250m_min_20", "candidate_status": "selected_for_workbench", "recommended_for_review": true, "cbsa_code": "27260", "market_slug": "jacksonville_fl", "amenity_hub_id": "27260_grid_250m_min_20_058", "cell_size_meters": 250, "min_pois_per_cell": 20, "cell_count": 2, "cluster_area_sq_km": 0.125, "poi_count": 59, "category_count": 10, "sub_category_count": 24, "centroid_longitude": -81.74337511920088, "centroid_latitude": 30.1936521029185, "poi_density_per_sq_km": 472.0}}, {"type": "Feature", "geometry": {"type": "Polygon", "coordinates": [[[428750.0, 3339750.0], [428750.0, 3340000.0], [428500.0, 3340000.0], [428500.0, 3339750.0], [428750.0, 3339750.0]]]}, "properties": {"method_version": "q4_amenity_hub_grid_v1", "candidate_version": "grid_250m_min_20", "candidate_status": "selected_for_workbench", "recommended_for_review": true, "cbsa_code": "27260", "market_slug": "jacksonville_fl", "amenity_hub_id": "27260_grid_250m_min_20_059", "cell_size_meters": 250, "min_pois_per_cell": 20, "cell_count": 1, "cluster_area_sq_km": 0.0625, "poi_count": 44, "category_count": 8, "sub_category_count": 21, "centroid_longitude": -81.74048271685913, "centroid_latitude": 30.188207416647025, "poi_density_per_sq_km": 704.0}}, {"type": "Feature", "geometry": {"type": "Polygon", "coordinates": [[[428750.0, 3341000.0], [428500.0, 3341000.0], [428500.0, 3341250.0], [428500.0, 3341500.0], [428750.0, 3341500.0], [428750.0, 3341250.0], [428750.0, 3341000.0]]]}, "properties": {"method_version": "q4_amenity_hub_grid_v1", "candidate_version": "grid_250m_min_20", "candidate_status": "selected_for_workbench", "recommended_for_review": true, "cbsa_code": "27260", "market_slug": "jacksonville_fl", "amenity_hub_id": "27260_grid_250m_min_20_060", "cell_size_meters": 250, "min_pois_per_cell": 20, "cell_count": 2, "cluster_area_sq_km": 0.125, "poi_count": 54, "category_count": 10, "sub_category_count": 24, "centroid_longitude": -81.74138371186554, "centroid_latitude": 30.200701126204276, "poi_density_per_sq_km": 432.0}}, {"type": "Feature", "geometry": {"type": "Polygon", "coordinates": [[[428750.0, 3347250.0], [428750.0, 3347500.0], [428500.0, 3347500.0], [428500.0, 3347250.0], [428750.0, 3347250.0]]]}, "properties": {"method_version": "q4_amenity_hub_grid_v1", "candidate_version": "grid_250m_min_20", "candidate_status": "selected_for_workbench", "recommended_for_review": true, "cbsa_code": "27260", "market_slug": "jacksonville_fl", "amenity_hub_id": "27260_grid_250m_min_20_061", "cell_size_meters": 250, "min_pois_per_cell": 20, "cell_count": 1, "cluster_area_sq_km": 0.0625, "poi_count": 23, "category_count": 6, "sub_category_count": 10, "centroid_longitude": -81.74249474317712, "centroid_latitude": 30.255576653331815, "poi_density_per_sq_km": 368.0}}, {"type": "Feature", "geometry": {"type": "Polygon", "coordinates": [[[429000.0, 3338750.0], [429000.0, 3339000.0], [428750.0, 3339000.0], [428750.0, 3338750.0], [429000.0, 3338750.0]]]}, "properties": {"method_version": "q4_amenity_hub_grid_v1", "candidate_version": "grid_250m_min_20", "candidate_status": "selected_for_workbench", "recommended_for_review": true, "cbsa_code": "27260", "market_slug": "jacksonville_fl", "amenity_hub_id": "27260_grid_250m_min_20_062", "cell_size_meters": 250, "min_pois_per_cell": 20, "cell_count": 1, "cluster_area_sq_km": 0.0625, "poi_count": 28, "category_count": 8, "sub_category_count": 13, "centroid_longitude": -81.73980954785713, "centroid_latitude": 30.179287318928573, "poi_density_per_sq_km": 448.0}}, {"type": "Feature", "geometry": {"type": "Polygon", "coordinates": [[[428750.0, 3339500.0], [429000.0, 3339500.0], [429000.0, 3339750.0], [429250.0, 3339750.0], [429500.0, 3339750.0], [429500.0, 3339500.0], [429500.0, 3339250.0], [429250.0, 3339250.0], [429000.0, 3339250.0], [428750.0, 3339250.0], [428750.0, 3339500.0]]]}, "properties": {"method_version": "q4_amenity_hub_grid_v1", "candidate_version": "grid_250m_min_20", "candidate_status": "selected_for_workbench", "recommended_for_review": true, "cbsa_code": "27260", "market_slug": "jacksonville_fl", "amenity_hub_id": "27260_grid_250m_min_20_063", "cell_size_meters": 250, "min_pois_per_cell": 20, "cell_count": 5, "cluster_area_sq_km": 0.3125, "poi_count": 209, "category_count": 15, "sub_category_count": 33, "centroid_longitude": -81.73518719103076, "centroid_latitude": 30.184926560252894, "poi_density_per_sq_km": 668.8}}, {"type": "Feature", "geometry": {"type": "Polygon", "coordinates": [[[429250.0, 3348500.0], [429000.0, 3348500.0], [429000.0, 3348750.0], [429000.0, 3349000.0], [429250.0, 3349000.0], [429250.0, 3348750.0], [429250.0, 3348500.0]]]}, "properties": {"method_version": "q4_amenity_hub_grid_v1", "candidate_version": "grid_250m_min_20", "candidate_status": "selected_for_workbench", "recommended_for_review": true, "cbsa_code": "27260", "market_slug": "jacksonville_fl", "amenity_hub_id": "27260_grid_250m_min_20_064", "cell_size_meters": 250, "min_pois_per_cell": 20, "cell_count": 2, "cluster_area_sq_km": 0.125, "poi_count": 78, "category_count": 13, "sub_category_count": 40, "centroid_longitude": -81.7370857245194, "centroid_latitude": 30.268563354413544, "poi_density_per_sq_km": 624.0}}, {"type": "Feature", "geometry": {"type": "Polygon", "coordinates": [[[429000.0, 3353500.0], [429250.0, 3353500.0], [429250.0, 3353750.0], [429500.0, 3353750.0], [429500.0, 3353500.0], [429750.0, 3353500.0], [429750.0, 3353250.0], [429500.0, 3353250.0], [429250.0, 3353250.0], [429000.0, 3353250.0], [429000.0, 3353500.0]]]}, "properties": {"method_version": "q4_amenity_hub_grid_v1", "candidate_version": "grid_250m_min_20", "candidate_status": "selected_for_workbench", "recommended_for_review": true, "cbsa_code": "27260", "market_slug": "jacksonville_fl", "amenity_hub_id": "27260_grid_250m_min_20_065", "cell_size_meters": 250, "min_pois_per_cell": 20, "cell_count": 4, "cluster_area_sq_km": 0.25, "poi_count": 113, "category_count": 13, "sub_category_count": 43, "centroid_longitude": -81.73459015351264, "centroid_latitude": 30.310704138004173, "poi_density_per_sq_km": 452.0}}, {"type": "Feature", "geometry": {"type": "Polygon", "coordinates": [[[429750.0, 3339750.0], [429750.0, 3340000.0], [429500.0, 3340000.0], [429500.0, 3339750.0], [429750.0, 3339750.0]]]}, "properties": {"method_version": "q4_amenity_hub_grid_v1", "candidate_version": "grid_250m_min_20", "candidate_status": "selected_for_workbench", "recommended_for_review": true, "cbsa_code": "27260", "market_slug": "jacksonville_fl", "amenity_hub_id": "27260_grid_250m_min_20_066", "cell_size_meters": 250, "min_pois_per_cell": 20, "cell_count": 1, "cluster_area_sq_km": 0.0625, "poi_count": 50, "category_count": 10, "sub_category_count": 20, "centroid_longitude": -81.7309488620965, "centroid_latitude": 30.187476877486514, "poi_density_per_sq_km": 800.0}}, {"type": "Feature", "geometry": {"type": "Polygon", "coordinates": [[[429750.0, 3355500.0], [429750.0, 3355750.0], [429500.0, 3355750.0], [429500.0, 3355500.0], [429750.0, 3355500.0]]]}, "properties": {"method_version": "q4_amenity_hub_grid_v1", "candidate_version": "grid_250m_min_20", "candidate_status": "selected_for_workbench", "recommended_for_review": true, "cbsa_code": "27260", "market_slug": "jacksonville_fl", "amenity_hub_id": "27260_grid_250m_min_20_067", "cell_size_meters": 250, "min_pois_per_cell": 20, "cell_count": 1, "cluster_area_sq_km": 0.0625, "poi_count": 22, "category_count": 7, "sub_category_count": 14, "centroid_longitude": -81.73195526914635, "centroid_latitude": 30.330515105543068, "poi_density_per_sq_km": 352.0}}, {"type": "Feature", "geometry": {"type": "Polygon", "coordinates": [[[429750.0, 3356250.0], [429750.0, 3356500.0], [429500.0, 3356500.0], [429500.0, 3356250.0], [429750.0, 3356250.0]]]}, "properties": {"method_version": "q4_amenity_hub_grid_v1", "candidate_version": "grid_250m_min_20", "candidate_status": "selected_for_workbench", "recommended_for_review": true, "cbsa_code": "27260", "market_slug": "jacksonville_fl", "amenity_hub_id": "27260_grid_250m_min_20_068", "cell_size_meters": 250, "min_pois_per_cell": 20, "cell_count": 1, "cluster_area_sq_km": 0.0625, "poi_count": 22, "category_count": 9, "sub_category_count": 18, "centroid_longitude": -81.73214006712138, "centroid_latitude": 30.33746991093329, "poi_density_per_sq_km": 352.0}}, {"type": "Feature", "geometry": {"type": "Polygon", "coordinates": [[[430000.0, 3346250.0], [430000.0, 3346500.0], [429750.0, 3346500.0], [429750.0, 3346250.0], [430000.0, 3346250.0]]]}, "properties": {"method_version": "q4_amenity_hub_grid_v1", "candidate_version": "grid_250m_min_20", "candidate_status": "selected_for_workbench", "recommended_for_review": true, "cbsa_code": "27260", "market_slug": "jacksonville_fl", "amenity_hub_id": "27260_grid_250m_min_20_069", "cell_size_meters": 250, "min_pois_per_cell": 20, "cell_count": 1, "cluster_area_sq_km": 0.0625, "poi_count": 40, "category_count": 9, "sub_category_count": 20, "centroid_longitude": -81.72871960667517, "centroid_latitude": 30.247282779025767, "poi_density_per_sq_km": 640.0}}, {"type": "Feature", "geometry": {"type": "Polygon", "coordinates": [[[430000.0, 3351750.0], [430000.0, 3352000.0], [429750.0, 3352000.0], [429750.0, 3351750.0], [430000.0, 3351750.0]]]}, "properties": {"method_version": "q4_amenity_hub_grid_v1", "candidate_version": "grid_250m_min_20", "candidate_status": "selected_for_workbench", "recommended_for_review": true, "cbsa_code": "27260", "market_slug": "jacksonville_fl", "amenity_hub_id": "27260_grid_250m_min_20_070", "cell_size_meters": 250, "min_pois_per_cell": 20, "cell_count": 1, "cluster_area_sq_km": 0.0625, "poi_count": 22, "category_count": 9, "sub_category_count": 17, "centroid_longitude": -81.73005991529652, "centroid_latitude": 30.29653650258837, "poi_density_per_sq_km": 352.0}}, {"type": "Feature", "geometry": {"type": "Polygon", "coordinates": [[[430000.0, 3354250.0], [430000.0, 3354500.0], [429750.0, 3354500.0], [429750.0, 3354250.0], [430000.0, 3354250.0]]]}, "properties": {"method_version": "q4_amenity_hub_grid_v1", "candidate_version": "grid_250m_min_20", "candidate_status": "selected_for_workbench", "recommended_for_review": true, "cbsa_code": "27260", "market_slug": "jacksonville_fl", "amenity_hub_id": "27260_grid_250m_min_20_071", "cell_size_meters": 250, "min_pois_per_cell": 20, "cell_count": 1, "cluster_area_sq_km": 0.0625, "poi_count": 34, "category_count": 8, "sub_category_count": 17, "centroid_longitude": -81.7298134066374, "centroid_latitude": 30.31904605967365, "poi_density_per_sq_km": 544.0}}, {"type": "Feature", "geometry": {"type": "Polygon", "coordinates": [[[430250.0, 3339500.0], [430250.0, 3339750.0], [430000.0, 3339750.0], [430000.0, 3339500.0], [430250.0, 3339500.0]]]}, "properties": {"method_version": "q4_amenity_hub_grid_v1", "candidate_version": "grid_250m_min_20", "candidate_status": "selected_for_workbench", "recommended_for_review": true, "cbsa_code": "27260", "market_slug": "jacksonville_fl", "amenity_hub_id": "27260_grid_250m_min_20_072", "cell_size_meters": 250, "min_pois_per_cell": 20, "cell_count": 1, "cluster_area_sq_km": 0.0625, "poi_count": 36, "category_count": 9, "sub_category_count": 19, "centroid_longitude": -81.72576943828615, "centroid_latitude": 30.186029630546457, "poi_density_per_sq_km": 576.0}}, {"type": "Feature", "geometry": {"type": "Polygon", "coordinates": [[[430000.0, 3350500.0], [430250.0, 3350500.0], [430250.0, 3350750.0], [430250.0, 3351000.0], [430500.0, 3351000.0], [430500.0, 3351250.0], [430750.0, 3351250.0], [430750.0, 3351000.0], [430750.0, 3350750.0], [430750.0, 3350500.0], [430750.0, 3350250.0], [431000.0, 3350250.0], [431000.0, 3350000.0], [430750.0, 3350000.0], [430500.0, 3350000.0], [430500.0, 3350250.0], [430250.0, 3350250.0], [430250.0, 3350000.0], [430000.0, 3350000.0], [430000.0, 3350250.0], [430000.0, 3350500.0]]]}, "properties": {"method_version": "q4_amenity_hub_grid_v1", "candidate_version": "grid_250m_min_20", "candidate_status": "selected_for_workbench", "recommended_for_review": true, "cbsa_code": "27260", "market_slug": "jacksonville_fl", "amenity_hub_id": "27260_grid_250m_min_20_073", "cell_size_meters": 250, "min_pois_per_cell": 20, "cell_count": 11, "cluster_area_sq_km": 0.6875, "poi_count": 360, "category_count": 17, "sub_category_count": 66, "centroid_longitude": -81.72252531438693, "centroid_latitude": 30.2840994099508, "poi_density_per_sq_km": 523.6363636363636}}, {"type": "Feature", "geometry": {"type": "Polygon", "coordinates": [[[430500.0, 3354000.0], [430500.0, 3354250.0], [430250.0, 3354250.0], [430250.0, 3354000.0], [430500.0, 3354000.0]]]}, "properties": {"method_version": "q4_amenity_hub_grid_v1", "candidate_version": "grid_250m_min_20", "candidate_status": "selected_for_workbench", "recommended_for_review": true, "cbsa_code": "27260", "market_slug": "jacksonville_fl", "amenity_hub_id": "27260_grid_250m_min_20_074", "cell_size_meters": 250, "min_pois_per_cell": 20, "cell_count": 1, "cluster_area_sq_km": 0.0625, "poi_count": 23, "category_count": 5, "sub_category_count": 12, "centroid_longitude": -81.72364633704909, "centroid_latitude": 30.317024506654207, "poi_density_per_sq_km": 368.0}}, {"type": "Feature", "geometry": {"type": "Polygon", "coordinates": [[[430500.0, 3339750.0], [430500.0, 3340000.0], [430750.0, 3340000.0], [431000.0, 3340000.0], [431000.0, 3339750.0], [430750.0, 3339750.0], [430500.0, 3339750.0]]]}, "properties": {"method_version": "q4_amenity_hub_grid_v1", "candidate_version": "grid_250m_min_20", "candidate_status": "selected_for_workbench", "recommended_for_review": true, "cbsa_code": "27260", "market_slug": "jacksonville_fl", "amenity_hub_id": "27260_grid_250m_min_20_075", "cell_size_meters": 250, "min_pois_per_cell": 20, "cell_count": 2, "cluster_area_sq_km": 0.125, "poi_count": 61, "category_count": 10, "sub_category_count": 30, "centroid_longitude": -81.71990936276504, "centroid_latitude": 30.18878865081468, "poi_density_per_sq_km": 488.0}}, {"type": "Feature", "geometry": {"type": "Polygon", "coordinates": [[[430750.0, 3353750.0], [430750.0, 3354000.0], [430500.0, 3354000.0], [430500.0, 3353750.0], [430750.0, 3353750.0]]]}, "properties": {"method_version": "q4_amenity_hub_grid_v1", "candidate_version": "grid_250m_min_20", "candidate_status": "selected_for_workbench", "recommended_for_review": true, "cbsa_code": "27260", "market_slug": "jacksonville_fl", "amenity_hub_id": "27260_grid_250m_min_20_076", "cell_size_meters": 250, "min_pois_per_cell": 20, "cell_count": 1, "cluster_area_sq_km": 0.0625, "poi_count": 22, "category_count": 10, "sub_category_count": 18, "centroid_longitude": -81.72119522575633, "centroid_latitude": 30.314760902754426, "poi_density_per_sq_km": 352.0}}, {"type": "Feature", "geometry": {"type": "Polygon", "coordinates": [[[431000.0, 3330000.0], [431000.0, 3330250.0], [430750.0, 3330250.0], [430750.0, 3330000.0], [431000.0, 3330000.0]]]}, "properties": {"method_version": "q4_amenity_hub_grid_v1", "candidate_version": "grid_250m_min_20", "candidate_status": "selected_for_workbench", "recommended_for_review": true, "cbsa_code": "27260", "market_slug": "jacksonville_fl", "amenity_hub_id": "27260_grid_250m_min_20_077", "cell_size_meters": 250, "min_pois_per_cell": 20, "cell_count": 1, "cluster_area_sq_km": 0.0625, "poi_count": 52, "category_count": 7, "sub_category_count": 15, "centroid_longitude": -81.71729860571563, "centroid_latitude": 30.100658127605698, "poi_density_per_sq_km": 832.0}}, {"type": "Feature", "geometry": {"type": "Polygon", "coordinates": [[[431000.0, 3353500.0], [431000.0, 3353750.0], [430750.0, 3353750.0], [430750.0, 3353500.0], [431000.0, 3353500.0]]]}, "properties": {"method_version": "q4_amenity_hub_grid_v1", "candidate_version": "grid_250m_min_20", "candidate_status": "selected_for_workbench", "recommended_for_review": true, "cbsa_code": "27260", "market_slug": "jacksonville_fl", "amenity_hub_id": "27260_grid_250m_min_20_078", "cell_size_meters": 250, "min_pois_per_cell": 20, "cell_count": 1, "cluster_area_sq_km": 0.0625, "poi_count": 52, "category_count": 13, "sub_category_count": 28, "centroid_longitude": -81.71860573930213, "centroid_latitude": 30.312625169068898, "poi_density_per_sq_km": 832.0}}, {"type": "Feature", "geometry": {"type": "Polygon", "coordinates": [[[431250.0, 3328250.0], [431250.0, 3328500.0], [431000.0, 3328500.0], [431000.0, 3328250.0], [431250.0, 3328250.0]]]}, "properties": {"method_version": "q4_amenity_hub_grid_v1", "candidate_version": "grid_250m_min_20", "candidate_status": "selected_for_workbench", "recommended_for_review": true, "cbsa_code": "27260", "market_slug": "jacksonville_fl", "amenity_hub_id": "27260_grid_250m_min_20_079", "cell_size_meters": 250, "min_pois_per_cell": 20, "cell_count": 1, "cluster_area_sq_km": 0.0625, "poi_count": 25, "category_count": 10, "sub_category_count": 16, "centroid_longitude": -81.71420410728474, "centroid_latitude": 30.084659103843634, "poi_density_per_sq_km": 400.0}}, {"type": "Feature", "geometry": {"type": "Polygon", "coordinates": [[[431000.0, 3330500.0], [431250.0, 3330500.0], [431250.0, 3330750.0], [431500.0, 3330750.0], [431750.0, 3330750.0], [431750.0, 3330500.0], [431500.0, 3330500.0], [431500.0, 3330250.0], [431250.0, 3330250.0], [431000.0, 3330250.0], [431000.0, 3330500.0]]]}, "properties": {"method_version": "q4_amenity_hub_grid_v1", "candidate_version": "grid_250m_min_20", "candidate_status": "selected_for_workbench", "recommended_for_review": true, "cbsa_code": "27260", "market_slug": "jacksonville_fl", "amenity_hub_id": "27260_grid_250m_min_20_080", "cell_size_meters": 250, "min_pois_per_cell": 20, "cell_count": 4, "cluster_area_sq_km": 0.25, "poi_count": 166, "category_count": 14, "sub_category_count": 44, "centroid_longitude": -81.71269929232501, "centroid_latitude": 30.10337336882882, "poi_density_per_sq_km": 664.0}}, {"type": "Feature", "geometry": {"type": "Polygon", "coordinates": [[[431250.0, 3346250.0], [431250.0, 3346500.0], [431000.0, 3346500.0], [431000.0, 3346250.0], [431250.0, 3346250.0]]]}, "properties": {"method_version": "q4_amenity_hub_grid_v1", "candidate_version": "grid_250m_min_20", "candidate_status": "selected_for_workbench", "recommended_for_review": true, "cbsa_code": "27260", "market_slug": "jacksonville_fl", "amenity_hub_id": "27260_grid_250m_min_20_081", "cell_size_meters": 250, "min_pois_per_cell": 20, "cell_count": 1, "cluster_area_sq_km": 0.0625, "poi_count": 33, "category_count": 11, "sub_category_count": 21, "centroid_longitude": -81.71614433658101, "centroid_latitude": 30.247464601830206, "poi_density_per_sq_km": 528.0}}, {"type": "Feature", "geometry": {"type": "Polygon", "coordinates": [[[431250.0, 3353250.0], [431250.0, 3353500.0], [431000.0, 3353500.0], [431000.0, 3353250.0], [431250.0, 3353250.0]]]}, "properties": {"method_version": "q4_amenity_hub_grid_v1", "candidate_version": "grid_250m_min_20", "candidate_status": "selected_for_workbench", "recommended_for_review": true, "cbsa_code": "27260", "market_slug": "jacksonville_fl", "amenity_hub_id": "27260_grid_250m_min_20_082", "cell_size_meters": 250, "min_pois_per_cell": 20, "cell_count": 1, "cluster_area_sq_km": 0.0625, "poi_count": 39, "category_count": 10, "sub_category_count": 25, "centroid_longitude": -81.71621998726975, "centroid_latitude": 30.31030122787069, "poi_density_per_sq_km": 624.0}}, {"type": "Feature", "geometry": {"type": "Polygon", "coordinates": [[[431500.0, 3328000.0], [431500.0, 3328250.0], [431250.0, 3328250.0], [431250.0, 3328000.0], [431500.0, 3328000.0]]]}, "properties": {"method_version": "q4_amenity_hub_grid_v1", "candidate_version": "grid_250m_min_20", "candidate_status": "selected_for_workbench", "recommended_for_review": true, "cbsa_code": "27260", "market_slug": "jacksonville_fl", "amenity_hub_id": "27260_grid_250m_min_20_083", "cell_size_meters": 250, "min_pois_per_cell": 20, "cell_count": 1, "cluster_area_sq_km": 0.0625, "poi_count": 20, "category_count": 4, "sub_category_count": 6, "centroid_longitude": -81.71161457992991, "centroid_latitude": 30.081900654582192, "poi_density_per_sq_km": 320.0}}, {"type": "Feature", "geometry": {"type": "Polygon", "coordinates": [[[431250.0, 3329250.0], [431250.0, 3329500.0], [431250.0, 3329750.0], [431250.0, 3330000.0], [431500.0, 3330000.0], [431500.0, 3329750.0], [431750.0, 3329750.0], [431750.0, 3329500.0], [431500.0, 3329500.0], [431500.0, 3329250.0], [431250.0, 3329250.0]]]}, "properties": {"method_version": "q4_amenity_hub_grid_v1", "candidate_version": "grid_250m_min_20", "candidate_status": "selected_for_workbench", "recommended_for_review": true, "cbsa_code": "27260", "market_slug": "jacksonville_fl", "amenity_hub_id": "27260_grid_250m_min_20_084", "cell_size_meters": 250, "min_pois_per_cell": 20, "cell_count": 4, "cluster_area_sq_km": 0.25, "poi_count": 108, "category_count": 12, "sub_category_count": 33, "centroid_longitude": -81.71094043046807, "centroid_latitude": 30.096205220211548, "poi_density_per_sq_km": 432.0}}, {"type": "Feature", "geometry": {"type": "Polygon", "coordinates": [[[431500.0, 3339000.0], [431500.0, 3339250.0], [431250.0, 3339250.0], [431250.0, 3339000.0], [431500.0, 3339000.0]]]}, "properties": {"method_version": "q4_amenity_hub_grid_v1", "candidate_version": "grid_250m_min_20", "candidate_status": "selected_for_workbench", "recommended_for_review": true, "cbsa_code": "27260", "market_slug": "jacksonville_fl", "amenity_hub_id": "27260_grid_250m_min_20_085", "cell_size_meters": 250, "min_pois_per_cell": 20, "cell_count": 1, "cluster_area_sq_km": 0.0625, "poi_count": 20, "category_count": 4, "sub_category_count": 8, "centroid_longitude": -81.71238275753126, "centroid_latitude": 30.18171233270781, "poi_density_per_sq_km": 320.0}}, {"type": "Feature", "geometry": {"type": "Polygon", "coordinates": [[[431500.0, 3339750.0], [431500.0, 3340000.0], [431250.0, 3340000.0], [431250.0, 3339750.0], [431500.0, 3339750.0]]]}, "properties": {"method_version": "q4_amenity_hub_grid_v1", "candidate_version": "grid_250m_min_20", "candidate_status": "selected_for_workbench", "recommended_for_review": true, "cbsa_code": "27260", "market_slug": "jacksonville_fl", "amenity_hub_id": "27260_grid_250m_min_20_086", "cell_size_meters": 250, "min_pois_per_cell": 20, "cell_count": 1, "cluster_area_sq_km": 0.0625, "poi_count": 23, "category_count": 4, "sub_category_count": 7, "centroid_longitude": -81.71319641633488, "centroid_latitude": 30.188866239911498, "poi_density_per_sq_km": 368.0}}, {"type": "Feature", "geometry": {"type": "Polygon", "coordinates": [[[431500.0, 3350250.0], [431500.0, 3350500.0], [431250.0, 3350500.0], [431250.0, 3350250.0], [431500.0, 3350250.0]]]}, "properties": {"method_version": "q4_amenity_hub_grid_v1", "candidate_version": "grid_250m_min_20", "candidate_status": "selected_for_workbench", "recommended_for_review": true, "cbsa_code": "27260", "market_slug": "jacksonville_fl", "amenity_hub_id": "27260_grid_250m_min_20_087", "cell_size_meters": 250, "min_pois_per_cell": 20, "cell_count": 1, "cluster_area_sq_km": 0.0625, "poi_count": 31, "category_count": 11, "sub_category_count": 16, "centroid_longitude": -81.71355758740472, "centroid_latitude": 30.283344294973446, "poi_density_per_sq_km": 496.0}}, {"type": "Feature", "geometry": {"type": "Polygon", "coordinates": [[[431500.0, 3350750.0], [431250.0, 3350750.0], [431250.0, 3351000.0], [431250.0, 3351250.0], [431500.0, 3351250.0], [431500.0, 3351000.0], [431500.0, 3350750.0]]]}, "properties": {"method_version": "q4_amenity_hub_grid_v1", "candidate_version": "grid_250m_min_20", "candidate_status": "selected_for_workbench", "recommended_for_review": true, "cbsa_code": "27260", "market_slug": "jacksonville_fl", "amenity_hub_id": "27260_grid_250m_min_20_088", "cell_size_meters": 250, "min_pois_per_cell": 20, "cell_count": 2, "cluster_area_sq_km": 0.125, "poi_count": 82, "category_count": 12, "sub_category_count": 33, "centroid_longitude": -81.71372392288288, "centroid_latitude": 30.28884796139917, "poi_density_per_sq_km": 656.0}}, {"type": "Feature", "geometry": {"type": "Polygon", "coordinates": [[[431500.0, 3353000.0], [431500.0, 3353250.0], [431250.0, 3353250.0], [431250.0, 3353000.0], [431500.0, 3353000.0]]]}, "properties": {"method_version": "q4_amenity_hub_grid_v1", "candidate_version": "grid_250m_min_20", "candidate_status": "selected_for_workbench", "recommended_for_review": true, "cbsa_code": "27260", "market_slug": "jacksonville_fl", "amenity_hub_id": "27260_grid_250m_min_20_089", "cell_size_meters": 250, "min_pois_per_cell": 20, "cell_count": 1, "cluster_area_sq_km": 0.0625, "poi_count": 36, "category_count": 8, "sub_category_count": 19, "centroid_longitude": -81.71400884789719, "centroid_latitude": 30.308492212280385, "poi_density_per_sq_km": 576.0}}, {"type": "Feature", "geometry": {"type": "Polygon", "coordinates": [[[431750.0, 3327500.0], [431500.0, 3327500.0], [431500.0, 3327750.0], [431500.0, 3328000.0], [431750.0, 3328000.0], [431750.0, 3327750.0], [431750.0, 3327500.0]]]}, "properties": {"method_version": "q4_amenity_hub_grid_v1", "candidate_version": "grid_250m_min_20", "candidate_status": "selected_for_workbench", "recommended_for_review": true, "cbsa_code": "27260", "market_slug": "jacksonville_fl", "amenity_hub_id": "27260_grid_250m_min_20_090", "cell_size_meters": 250, "min_pois_per_cell": 20, "cell_count": 2, "cluster_area_sq_km": 0.125, "poi_count": 56, "category_count": 7, "sub_category_count": 16, "centroid_longitude": -81.70929253035305, "centroid_latitude": 30.079580731501615, "poi_density_per_sq_km": 448.0}}, {"type": "Feature", "geometry": {"type": "Polygon", "coordinates": [[[431750.0, 3330000.0], [431750.0, 3330250.0], [431500.0, 3330250.0], [431500.0, 3330000.0], [431750.0, 3330000.0]]]}, "properties": {"method_version": "q4_amenity_hub_grid_v1", "candidate_version": "grid_250m_min_20", "candidate_status": "selected_for_workbench", "recommended_for_review": true, "cbsa_code": "27260", "market_slug": "jacksonville_fl", "amenity_hub_id": "27260_grid_250m_min_20_091", "cell_size_meters": 250, "min_pois_per_cell": 20, "cell_count": 1, "cluster_area_sq_km": 0.0625, "poi_count": 23, "category_count": 6, "sub_category_count": 14, "centroid_longitude": -81.71033484736029, "centroid_latitude": 30.100347338713984, "poi_density_per_sq_km": 368.0}}, {"type": "Feature", "geometry": {"type": "Polygon", "coordinates": [[[432250.0, 3337000.0], [432250.0, 3337250.0], [432000.0, 3337250.0], [431750.0, 3337250.0], [431500.0, 3337250.0], [431500.0, 3337500.0], [431750.0, 3337500.0], [432000.0, 3337500.0], [432250.0, 3337500.0], [432250.0, 3337750.0], [432250.0, 3338000.0], [432250.0, 3338250.0], [432500.0, 3338250.0], [432500.0, 3338000.0], [432500.0, 3337750.0], [432500.0, 3337500.0], [432750.0, 3337500.0], [432750.0, 3337250.0], [432750.0, 3337000.0], [432750.0, 3336750.0], [432500.0, 3336750.0], [432250.0, 3336750.0], [432250.0, 3337000.0]]]}, "properties": {"method_version": "q4_amenity_hub_grid_v1", "candidate_version": "grid_250m_min_20", "candidate_status": "selected_for_workbench", "recommended_for_review": true, "cbsa_code": "27260", "market_slug": "jacksonville_fl", "amenity_hub_id": "27260_grid_250m_min_20_092", "cell_size_meters": 250, "min_pois_per_cell": 20, "cell_count": 12, "cluster_area_sq_km": 0.75, "poi_count": 457, "category_count": 16, "sub_category_count": 59, "centroid_longitude": -81.70292811713682, "centroid_latitude": 30.165562365371464, "poi_density_per_sq_km": 609.3333333333334}}, {"type": "Feature", "geometry": {"type": "Polygon", "coordinates": [[[431750.0, 3352250.0], [431750.0, 3352500.0], [431500.0, 3352500.0], [431500.0, 3352250.0], [431750.0, 3352250.0]]]}, "properties": {"method_version": "q4_amenity_hub_grid_v1", "candidate_version": "grid_250m_min_20", "candidate_status": "selected_for_workbench", "recommended_for_review": true, "cbsa_code": "27260", "market_slug": "jacksonville_fl", "amenity_hub_id": "27260_grid_250m_min_20_093", "cell_size_meters": 250, "min_pois_per_cell": 20, "cell_count": 1, "cluster_area_sq_km": 0.0625, "poi_count": 24, "category_count": 7, "sub_category_count": 13, "centroid_longitude": -81.71049323581586, "centroid_latitude": 30.300390618715426, "poi_density_per_sq_km": 384.0}}, {"type": "Feature", "geometry": {"type": "Polygon", "coordinates": [[[432000.0, 3326500.0], [432000.0, 3326750.0], [431750.0, 3326750.0], [431750.0, 3326500.0], [432000.0, 3326500.0]]]}, "properties": {"method_version": "q4_amenity_hub_grid_v1", "candidate_version": "grid_250m_min_20", "candidate_status": "selected_for_workbench", "recommended_for_review": true, "cbsa_code": "27260", "market_slug": "jacksonville_fl", "amenity_hub_id": "27260_grid_250m_min_20_094", "cell_size_meters": 250, "min_pois_per_cell": 20, "cell_count": 1, "cluster_area_sq_km": 0.0625, "poi_count": 21, "category_count": 7, "sub_category_count": 14, "centroid_longitude": -81.70652521619593, "centroid_latitude": 30.06927086375973, "poi_density_per_sq_km": 336.0}}, {"type": "Feature", "geometry": {"type": "Polygon", "coordinates": [[[432250.0, 3330000.0], [432250.0, 3330250.0], [432000.0, 3330250.0], [432000.0, 3330000.0], [432250.0, 3330000.0]]]}, "properties": {"method_version": "q4_amenity_hub_grid_v1", "candidate_version": "grid_250m_min_20", "candidate_status": "selected_for_workbench", "recommended_for_review": true, "cbsa_code": "27260", "market_slug": "jacksonville_fl", "amenity_hub_id": "27260_grid_250m_min_20_095", "cell_size_meters": 250, "min_pois_per_cell": 20, "cell_count": 1, "cluster_area_sq_km": 0.0625, "poi_count": 39, "category_count": 3, "sub_category_count": 9, "centroid_longitude": -81.70402544132806, "centroid_latitude": 30.10054463223605, "poi_density_per_sq_km": 624.0}}, {"type": "Feature", "geometry": {"type": "Polygon", "coordinates": [[[432250.0, 3331000.0], [432000.0, 3331000.0], [432000.0, 3331250.0], [432000.0, 3331500.0], [432250.0, 3331500.0], [432250.0, 3331250.0], [432250.0, 3331000.0]]]}, "properties": {"method_version": "q4_amenity_hub_grid_v1", "candidate_version": "grid_250m_min_20", "candidate_status": "selected_for_workbench", "recommended_for_review": true, "cbsa_code": "27260", "market_slug": "jacksonville_fl", "amenity_hub_id": "27260_grid_250m_min_20_096", "cell_size_meters": 250, "min_pois_per_cell": 20, "cell_count": 2, "cluster_area_sq_km": 0.125, "poi_count": 82, "category_count": 7, "sub_category_count": 21, "centroid_longitude": -81.704037016505, "centroid_latitude": 30.110823002182155, "poi_density_per_sq_km": 656.0}}, {"type": "Feature", "geometry": {"type": "Polygon", "coordinates": [[[432250.0, 3331750.0], [432000.0, 3331750.0], [432000.0, 3332000.0], [432000.0, 3332250.0], [432250.0, 3332250.0], [432250.0, 3332000.0], [432250.0, 3331750.0]]]}, "properties": {"method_version": "q4_amenity_hub_grid_v1", "candidate_version": "grid_250m_min_20", "candidate_status": "selected_for_workbench", "recommended_for_review": true, "cbsa_code": "27260", "market_slug": "jacksonville_fl", "amenity_hub_id": "27260_grid_250m_min_20_097", "cell_size_meters": 250, "min_pois_per_cell": 20, "cell_count": 2, "cluster_area_sq_km": 0.125, "poi_count": 84, "category_count": 7, "sub_category_count": 16, "centroid_longitude": -81.70384376247554, "centroid_latitude": 30.117583812872784, "poi_density_per_sq_km": 672.0}}, {"type": "Feature", "geometry": {"type": "Polygon", "coordinates": [[[432250.0, 3339750.0], [432250.0, 3340000.0], [432000.0, 3340000.0], [432000.0, 3339750.0], [432250.0, 3339750.0]]]}, "properties": {"method_version": "q4_amenity_hub_grid_v1", "candidate_version": "grid_250m_min_20", "candidate_status": "selected_for_workbench", "recommended_for_review": true, "cbsa_code": "27260", "market_slug": "jacksonville_fl", "amenity_hub_id": "27260_grid_250m_min_20_098", "cell_size_meters": 250, "min_pois_per_cell": 20, "cell_count": 1, "cluster_area_sq_km": 0.0625, "poi_count": 24, "category_count": 8, "sub_category_count": 17, "centroid_longitude": -81.7051370205133, "centroid_latitude": 30.18833120327739, "poi_density_per_sq_km": 384.0}}, {"type": "Feature", "geometry": {"type": "Polygon", "coordinates": [[[432000.0, 3351750.0], [432000.0, 3352000.0], [432250.0, 3352000.0], [432500.0, 3352000.0], [432500.0, 3351750.0], [432250.0, 3351750.0], [432000.0, 3351750.0]]]}, "properties": {"method_version": "q4_amenity_hub_grid_v1", "candidate_version": "grid_250m_min_20", "candidate_status": "selected_for_workbench", "recommended_for_review": true, "cbsa_code": "27260", "market_slug": "jacksonville_fl", "amenity_hub_id": "27260_grid_250m_min_20_099", "cell_size_meters": 250, "min_pois_per_cell": 20, "cell_count": 2, "cluster_area_sq_km": 0.125, "poi_count": 144, "category_count": 9, "sub_category_count": 26, "centroid_longitude": -81.7041369369078, "centroid_latitude": 30.296504190110486, "poi_density_per_sq_km": 1152.0}}, {"type": "Feature", "geometry": {"type": "Polygon", "coordinates": [[[432250.0, 3354500.0], [432250.0, 3354750.0], [432000.0, 3354750.0], [432000.0, 3354500.0], [432250.0, 3354500.0]]]}, "properties": {"method_version": "q4_amenity_hub_grid_v1", "candidate_version": "grid_250m_min_20", "candidate_status": "selected_for_workbench", "recommended_for_review": true, "cbsa_code": "27260", "market_slug": "jacksonville_fl", "amenity_hub_id": "27260_grid_250m_min_20_100", "cell_size_meters": 250, "min_pois_per_cell": 20, "cell_count": 1, "cluster_area_sq_km": 0.0625, "poi_count": 23, "category_count": 9, "sub_category_count": 14, "centroid_longitude": -81.70570671946558, "centroid_latitude": 30.321865493119684, "poi_density_per_sq_km": 368.0}}, {"type": "Feature", "geometry": {"type": "Polygon", "coordinates": [[[432250.0, 3368750.0], [432250.0, 3369000.0], [432000.0, 3369000.0], [432000.0, 3368750.0], [432250.0, 3368750.0]]]}, "properties": {"method_version": "q4_amenity_hub_grid_v1", "candidate_version": "grid_250m_min_20", "candidate_status": "selected_for_workbench", "recommended_for_review": true, "cbsa_code": "27260", "market_slug": "jacksonville_fl", "amenity_hub_id": "27260_grid_250m_min_20_101", "cell_size_meters": 250, "min_pois_per_cell": 20, "cell_count": 1, "cluster_area_sq_km": 0.0625, "poi_count": 25, "category_count": 8, "sub_category_count": 19, "centroid_longitude": -81.70675606527604, "centroid_latitude": 30.45058287647717, "poi_density_per_sq_km": 400.0}}, {"type": "Feature", "geometry": {"type": "Polygon", "coordinates": [[[432500.0, 3334000.0], [432500.0, 3334250.0], [432250.0, 3334250.0], [432250.0, 3334000.0], [432500.0, 3334000.0]]]}, "properties": {"method_version": "q4_amenity_hub_grid_v1", "candidate_version": "grid_250m_min_20", "candidate_status": "selected_for_workbench", "recommended_for_review": true, "cbsa_code": "27260", "market_slug": "jacksonville_fl", "amenity_hub_id": "27260_grid_250m_min_20_102", "cell_size_meters": 250, "min_pois_per_cell": 20, "cell_count": 1, "cluster_area_sq_km": 0.0625, "poi_count": 38, "category_count": 8, "sub_category_count": 17, "centroid_longitude": -81.70144731258661, "centroid_latitude": 30.136262891813484, "poi_density_per_sq_km": 608.0}}, {"type": "Feature", "geometry": {"type": "Polygon", "coordinates": [[[432500.0, 3338500.0], [432500.0, 3338750.0], [432250.0, 3338750.0], [432250.0, 3338500.0], [432500.0, 3338500.0]]]}, "properties": {"method_version": "q4_amenity_hub_grid_v1", "candidate_version": "grid_250m_min_20", "candidate_status": "selected_for_workbench", "recommended_for_review": true, "cbsa_code": "27260", "market_slug": "jacksonville_fl", "amenity_hub_id": "27260_grid_250m_min_20_103", "cell_size_meters": 250, "min_pois_per_cell": 20, "cell_count": 1, "cluster_area_sq_km": 0.0625, "poi_count": 28, "category_count": 6, "sub_category_count": 15, "centroid_longitude": -81.7018116777444, "centroid_latitude": 30.176839888163364, "poi_density_per_sq_km": 448.0}}, {"type": "Feature", "geometry": {"type": "Polygon", "coordinates": [[[432500.0, 3339000.0], [432500.0, 3339250.0], [432250.0, 3339250.0], [432250.0, 3339000.0], [432500.0, 3339000.0]]]}, "properties": {"method_version": "q4_amenity_hub_grid_v1", "candidate_version": "grid_250m_min_20", "candidate_status": "selected_for_workbench", "recommended_for_review": true, "cbsa_code": "27260", "market_slug": "jacksonville_fl", "amenity_hub_id": "27260_grid_250m_min_20_104", "cell_size_meters": 250, "min_pois_per_cell": 20, "cell_count": 1, "cluster_area_sq_km": 0.0625, "poi_count": 21, "category_count": 8, "sub_category_count": 16, "centroid_longitude": -81.70200959061852, "centroid_latitude": 30.18136500426843, "poi_density_per_sq_km": 336.0}}, {"type": "Feature", "geometry": {"type": "Polygon", "coordinates": [[[432500.0, 3349000.0], [432500.0, 3349250.0], [432250.0, 3349250.0], [432250.0, 3349000.0], [432500.0, 3349000.0]]]}, "properties": {"method_version": "q4_amenity_hub_grid_v1", "candidate_version": "grid_250m_min_20", "candidate_status": "selected_for_workbench", "recommended_for_review": true, "cbsa_code": "27260", "market_slug": "jacksonville_fl", "amenity_hub_id": "27260_grid_250m_min_20_105", "cell_size_meters": 250, "min_pois_per_cell": 20, "cell_count": 1, "cluster_area_sq_km": 0.0625, "poi_count": 27, "category_count": 10, "sub_category_count": 19, "centroid_longitude": -81.70362931148485, "centroid_latitude": 30.272147596135454, "poi_density_per_sq_km": 432.0}}, {"type": "Feature", "geometry": {"type": "Polygon", "coordinates": [[[432500.0, 3367500.0], [432500.0, 3367750.0], [432250.0, 3367750.0], [432250.0, 3367500.0], [432500.0, 3367500.0]]]}, "properties": {"method_version": "q4_amenity_hub_grid_v1", "candidate_version": "grid_250m_min_20", "candidate_status": "selected_for_workbench", "recommended_for_review": true, "cbsa_code": "27260", "market_slug": "jacksonville_fl", "amenity_hub_id": "27260_grid_250m_min_20_106", "cell_size_meters": 250, "min_pois_per_cell": 20, "cell_count": 1, "cluster_area_sq_km": 0.0625, "poi_count": 29, "category_count": 8, "sub_category_count": 19, "centroid_longitude": -81.70341722911428, "centroid_latitude": 30.438584562466193, "poi_density_per_sq_km": 464.0}}, {"type": "Feature", "geometry": {"type": "Polygon", "coordinates": [[[432750.0, 3338250.0], [432750.0, 3338500.0], [432500.0, 3338500.0], [432500.0, 3338250.0], [432750.0, 3338250.0]]]}, "properties": {"method_version": "q4_amenity_hub_grid_v1", "candidate_version": "grid_250m_min_20", "candidate_status": "selected_for_workbench", "recommended_for_review": true, "cbsa_code": "27260", "market_slug": "jacksonville_fl", "amenity_hub_id": "27260_grid_250m_min_20_107", "cell_size_meters": 250, "min_pois_per_cell": 20, "cell_count": 1, "cluster_area_sq_km": 0.0625, "poi_count": 24, "category_count": 10, "sub_category_count": 15, "centroid_longitude": -81.70098740175823, "centroid_latitude": 30.175478573116095, "poi_density_per_sq_km": 384.0}}, {"type": "Feature", "geometry": {"type": "Polygon", "coordinates": [[[433000.0, 3346250.0], [432750.0, 3346250.0], [432750.0, 3346500.0], [432750.0, 3346750.0], [432750.0, 3347000.0], [433000.0, 3347000.0], [433000.0, 3346750.0], [433000.0, 3346500.0], [433000.0, 3346250.0]]]}, "properties": {"method_version": "q4_amenity_hub_grid_v1", "candidate_version": "grid_250m_min_20", "candidate_status": "selected_for_workbench", "recommended_for_review": true, "cbsa_code": "27260", "market_slug": "jacksonville_fl", "amenity_hub_id": "27260_grid_250m_min_20_108", "cell_size_meters": 250, "min_pois_per_cell": 20, "cell_count": 3, "cluster_area_sq_km": 0.1875, "poi_count": 96, "category_count": 12, "sub_category_count": 39, "centroid_longitude": -81.69757657855074, "centroid_latitude": 30.249401492541825, "poi_density_per_sq_km": 512.0}}, {"type": "Feature", "geometry": {"type": "Polygon", "coordinates": [[[433000.0, 3361000.0], [433000.0, 3361250.0], [432750.0, 3361250.0], [432750.0, 3361000.0], [433000.0, 3361000.0]]]}, "properties": {"method_version": "q4_amenity_hub_grid_v1", "candidate_version": "grid_250m_min_20", "candidate_status": "selected_for_workbench", "recommended_for_review": true, "cbsa_code": "27260", "market_slug": "jacksonville_fl", "amenity_hub_id": "27260_grid_250m_min_20_109", "cell_size_meters": 250, "min_pois_per_cell": 20, "cell_count": 1, "cluster_area_sq_km": 0.0625, "poi_count": 24, "category_count": 7, "sub_category_count": 15, "centroid_longitude": -81.69823547991867, "centroid_latitude": 30.379942817174825, "poi_density_per_sq_km": 384.0}}, {"type": "Feature", "geometry": {"type": "Polygon", "coordinates": [[[433000.0, 3367250.0], [433000.0, 3367500.0], [432750.0, 3367500.0], [432750.0, 3367250.0], [433000.0, 3367250.0]]]}, "properties": {"method_version": "q4_amenity_hub_grid_v1", "candidate_version": "grid_250m_min_20", "candidate_status": "selected_for_workbench", "recommended_for_review": true, "cbsa_code": "27260", "market_slug": "jacksonville_fl", "amenity_hub_id": "27260_grid_250m_min_20_110", "cell_size_meters": 250, "min_pois_per_cell": 20, "cell_count": 1, "cluster_area_sq_km": 0.0625, "poi_count": 26, "category_count": 8, "sub_category_count": 15, "centroid_longitude": -81.69942224693735, "centroid_latitude": 30.436680850582686, "poi_density_per_sq_km": 416.0}}, {"type": "Feature", "geometry": {"type": "Polygon", "coordinates": [[[433250.0, 3319500.0], [433250.0, 3319750.0], [433000.0, 3319750.0], [433000.0, 3319500.0], [433250.0, 3319500.0]]]}, "properties": {"method_version": "q4_amenity_hub_grid_v1", "candidate_version": "grid_250m_min_20", "candidate_status": "selected_for_workbench", "recommended_for_review": true, "cbsa_code": "27260", "market_slug": "jacksonville_fl", "amenity_hub_id": "27260_grid_250m_min_20_111", "cell_size_meters": 250, "min_pois_per_cell": 20, "cell_count": 1, "cluster_area_sq_km": 0.0625, "poi_count": 28, "category_count": 8, "sub_category_count": 17, "centroid_longitude": -81.69333403056507, "centroid_latitude": 30.006416971947992, "poi_density_per_sq_km": 448.0}}, {"type": "Feature", "geometry": {"type": "Polygon", "coordinates": [[[433250.0, 3345750.0], [433250.0, 3346000.0], [433000.0, 3346000.0], [433000.0, 3345750.0], [433250.0, 3345750.0]]]}, "properties": {"method_version": "q4_amenity_hub_grid_v1", "candidate_version": "grid_250m_min_20", "candidate_status": "selected_for_workbench", "recommended_for_review": true, "cbsa_code": "27260", "market_slug": "jacksonville_fl", "amenity_hub_id": "27260_grid_250m_min_20_112", "cell_size_meters": 250, "min_pois_per_cell": 20, "cell_count": 1, "cluster_area_sq_km": 0.0625, "poi_count": 20, "category_count": 5, "sub_category_count": 12, "centroid_longitude": -81.69593163368651, "centroid_latitude": 30.242892165550593, "poi_density_per_sq_km": 320.0}}, {"type": "Feature", "geometry": {"type": "Polygon", "coordinates": [[[433500.0, 3353000.0], [433250.0, 3353000.0], [433250.0, 3353250.0], [433000.0, 3353250.0], [433000.0, 3353500.0], [433000.0, 3353750.0], [433000.0, 3354000.0], [433250.0, 3354000.0], [433250.0, 3353750.0], [433250.0, 3353500.0], [433500.0, 3353500.0], [433750.0, 3353500.0], [433750.0, 3353750.0], [434000.0, 3353750.0], [434250.0, 3353750.0], [434250.0, 3354000.0], [434250.0, 3354250.0], [434500.0, 3354250.0], [434500.0, 3354500.0], [434750.0, 3354500.0], [435000.0, 3354500.0], [435000.0, 3354750.0], [435250.0, 3354750.0], [435250.0, 3355000.0], [435500.0, 3355000.0], [435500.0, 3354750.0], [435500.0, 3354500.0], [435250.0, 3354500.0], [435250.0, 3354250.0], [435000.0, 3354250.0], [435000.0, 3354000.0], [435000.0, 3353750.0], [435000.0, 3353500.0], [434750.0, 3353500.0], [434750.0, 3353250.0], [434500.0, 3353250.0], [434250.0, 3353250.0], [434000.0, 3353250.0], [434000.0, 3353000.0], [433750.0, 3353000.0], [433500.0, 3353000.0]], [[434500.0, 3354000.0], [434750.0, 3354000.0], [434750.0, 3354250.0], [434500.0, 3354250.0], [434500.0, 3354000.0]]]}, "properties": {"method_version": "q4_amenity_hub_grid_v1", "candidate_version": "grid_250m_min_20", "candidate_status": "selected_for_workbench", "recommended_for_review": true, "cbsa_code": "27260", "market_slug": "jacksonville_fl", "amenity_hub_id": "27260_grid_250m_min_20_113", "cell_size_meters": 250, "min_pois_per_cell": 20, "cell_count": 28, "cluster_area_sq_km": 1.75, "poi_count": 1397, "category_count": 21, "sub_category_count": 85, "centroid_longitude": -81.68420618044051, "centroid_latitude": 30.313159318378723, "poi_density_per_sq_km": 798.2857142857143}}, {"type": "Feature", "geometry": {"type": "Polygon", "coordinates": [[[433250.0, 3354250.0], [433250.0, 3354500.0], [433000.0, 3354500.0], [433000.0, 3354250.0], [433250.0, 3354250.0]]]}, "properties": {"method_version": "q4_amenity_hub_grid_v1", "candidate_version": "grid_250m_min_20", "candidate_status": "selected_for_workbench", "recommended_for_review": true, "cbsa_code": "27260", "market_slug": "jacksonville_fl", "amenity_hub_id": "27260_grid_250m_min_20_114", "cell_size_meters": 250, "min_pois_per_cell": 20, "cell_count": 1, "cluster_area_sq_km": 0.0625, "poi_count": 37, "category_count": 10, "sub_category_count": 20, "centroid_longitude": -81.69555602902162, "centroid_latitude": 30.319343500003807, "poi_density_per_sq_km": 592.0}}, {"type": "Feature", "geometry": {"type": "Polygon", "coordinates": [[[433750.0, 3353750.0], [433750.0, 3354000.0], [433500.0, 3354000.0], [433500.0, 3353750.0], [433750.0, 3353750.0]]]}, "properties": {"method_version": "q4_amenity_hub_grid_v1", "candidate_version": "grid_250m_min_20", "candidate_status": "selected_for_workbench", "recommended_for_review": true, "cbsa_code": "27260", "market_slug": "jacksonville_fl", "amenity_hub_id": "27260_grid_250m_min_20_115", "cell_size_meters": 250, "min_pois_per_cell": 20, "cell_count": 1, "cluster_area_sq_km": 0.0625, "poi_count": 23, "category_count": 8, "sub_category_count": 14, "centroid_longitude": -81.68934274394951, "centroid_latitude": 30.315296075440756, "poi_density_per_sq_km": 368.0}}, {"type": "Feature", "geometry": {"type": "Polygon", "coordinates": [[[434000.0, 3319250.0], [434000.0, 3319500.0], [433750.0, 3319500.0], [433750.0, 3319250.0], [434000.0, 3319250.0]]]}, "properties": {"method_version": "q4_amenity_hub_grid_v1", "candidate_version": "grid_250m_min_20", "candidate_status": "selected_for_workbench", "recommended_for_review": true, "cbsa_code": "27260", "market_slug": "jacksonville_fl", "amenity_hub_id": "27260_grid_250m_min_20_116", "cell_size_meters": 250, "min_pois_per_cell": 20, "cell_count": 1, "cluster_area_sq_km": 0.0625, "poi_count": 22, "category_count": 9, "sub_category_count": 18, "centroid_longitude": -81.68545886696755, "centroid_latitude": 30.003007479367703, "poi_density_per_sq_km": 352.0}}, {"type": "Feature", "geometry": {"type": "Polygon", "coordinates": [[[434000.0, 3364250.0], [434000.0, 3364500.0], [433750.0, 3364500.0], [433750.0, 3364250.0], [434000.0, 3364250.0]]]}, "properties": {"method_version": "q4_amenity_hub_grid_v1", "candidate_version": "grid_250m_min_20", "candidate_status": "selected_for_workbench", "recommended_for_review": true, "cbsa_code": "27260", "market_slug": "jacksonville_fl", "amenity_hub_id": "27260_grid_250m_min_20_117", "cell_size_meters": 250, "min_pois_per_cell": 20, "cell_count": 1, "cluster_area_sq_km": 0.0625, "poi_count": 37, "category_count": 9, "sub_category_count": 22, "centroid_longitude": -81.6884621202497, "centroid_latitude": 30.40971950451583, "poi_density_per_sq_km": 592.0}}, {"type": "Feature", "geometry": {"type": "Polygon", "coordinates": [[[434250.0, 3342000.0], [434250.0, 3342250.0], [434000.0, 3342250.0], [434000.0, 3342000.0], [434250.0, 3342000.0]]]}, "properties": {"method_version": "q4_amenity_hub_grid_v1", "candidate_version": "grid_250m_min_20", "candidate_status": "selected_for_workbench", "recommended_for_review": true, "cbsa_code": "27260", "market_slug": "jacksonville_fl", "amenity_hub_id": "27260_grid_250m_min_20_118", "cell_size_meters": 250, "min_pois_per_cell": 20, "cell_count": 1, "cluster_area_sq_km": 0.0625, "poi_count": 45, "category_count": 1, "sub_category_count": 5, "centroid_longitude": -81.68345837390902, "centroid_latitude": 30.208928107430513, "poi_density_per_sq_km": 720.0}}, {"type": "Feature", "geometry": {"type": "Polygon", "coordinates": [[[434250.0, 3354250.0], [434250.0, 3354500.0], [434000.0, 3354500.0], [434000.0, 3354250.0], [434250.0, 3354250.0]]]}, "properties": {"method_version": "q4_amenity_hub_grid_v1", "candidate_version": "grid_250m_min_20", "candidate_status": "selected_for_workbench", "recommended_for_review": true, "cbsa_code": "27260", "market_slug": "jacksonville_fl", "amenity_hub_id": "27260_grid_250m_min_20_119", "cell_size_meters": 250, "min_pois_per_cell": 20, "cell_count": 1, "cluster_area_sq_km": 0.0625, "poi_count": 23, "category_count": 6, "sub_category_count": 15, "centroid_longitude": -81.68500313865026, "centroid_latitude": 30.31973888281991, "poi_density_per_sq_km": 368.0}}, {"type": "Feature", "geometry": {"type": "Polygon", "coordinates": [[[434250.0, 3363750.0], [434250.0, 3364000.0], [434000.0, 3364000.0], [434000.0, 3363750.0], [434250.0, 3363750.0]]]}, "properties": {"method_version": "q4_amenity_hub_grid_v1", "candidate_version": "grid_250m_min_20", "candidate_status": "selected_for_workbench", "recommended_for_review": true, "cbsa_code": "27260", "market_slug": "jacksonville_fl", "amenity_hub_id": "27260_grid_250m_min_20_120", "cell_size_meters": 250, "min_pois_per_cell": 20, "cell_count": 1, "cluster_area_sq_km": 0.0625, "poi_count": 21, "category_count": 7, "sub_category_count": 13, "centroid_longitude": -81.68590226502559, "centroid_latitude": 30.404988803537787, "poi_density_per_sq_km": 336.0}}, {"type": "Feature", "geometry": {"type": "Polygon", "coordinates": [[[434000.0, 3367500.0], [434000.0, 3367750.0], [434250.0, 3367750.0], [434500.0, 3367750.0], [434500.0, 3367500.0], [434250.0, 3367500.0], [434000.0, 3367500.0]]]}, "properties": {"method_version": "q4_amenity_hub_grid_v1", "candidate_version": "grid_250m_min_20", "candidate_status": "selected_for_workbench", "recommended_for_review": true, "cbsa_code": "27260", "market_slug": "jacksonville_fl", "amenity_hub_id": "27260_grid_250m_min_20_121", "cell_size_meters": 250, "min_pois_per_cell": 20, "cell_count": 2, "cluster_area_sq_km": 0.125, "poi_count": 72, "category_count": 10, "sub_category_count": 27, "centroid_longitude": -81.68386311446065, "centroid_latitude": 30.43927795236919, "poi_density_per_sq_km": 576.0}}, {"type": "Feature", "geometry": {"type": "Polygon", "coordinates": [[[434250.0, 3318000.0], [434250.0, 3318250.0], [434250.0, 3318500.0], [434500.0, 3318500.0], [434500.0, 3318250.0], [434750.0, 3318250.0], [434750.0, 3318000.0], [434500.0, 3318000.0], [434250.0, 3318000.0]]]}, "properties": {"method_version": "q4_amenity_hub_grid_v1", "candidate_version": "grid_250m_min_20", "candidate_status": "selected_for_workbench", "recommended_for_review": true, "cbsa_code": "27260", "market_slug": "jacksonville_fl", "amenity_hub_id": "27260_grid_250m_min_20_122", "cell_size_meters": 250, "min_pois_per_cell": 20, "cell_count": 3, "cluster_area_sq_km": 0.1875, "poi_count": 146, "category_count": 16, "sub_category_count": 56, "centroid_longitude": -81.67951121686053, "centroid_latitude": 29.99312491032257, "poi_density_per_sq_km": 778.6666666666666}}, {"type": "Feature", "geometry": {"type": "Polygon", "coordinates": [[[434500.0, 3373250.0], [434500.0, 3373500.0], [434250.0, 3373500.0], [434250.0, 3373250.0], [434500.0, 3373250.0]]]}, "properties": {"method_version": "q4_amenity_hub_grid_v1", "candidate_version": "grid_250m_min_20", "candidate_status": "selected_for_workbench", "recommended_for_review": true, "cbsa_code": "27260", "market_slug": "jacksonville_fl", "amenity_hub_id": "27260_grid_250m_min_20_123", "cell_size_meters": 250, "min_pois_per_cell": 20, "cell_count": 1, "cluster_area_sq_km": 0.0625, "poi_count": 34, "category_count": 6, "sub_category_count": 10, "centroid_longitude": -81.68396172694341, "centroid_latitude": 30.491462582515904, "poi_density_per_sq_km": 544.0}}, {"type": "Feature", "geometry": {"type": "Polygon", "coordinates": [[[434500.0, 3362250.0], [434500.0, 3362500.0], [434750.0, 3362500.0], [435000.0, 3362500.0], [435000.0, 3362250.0], [435000.0, 3362000.0], [434750.0, 3362000.0], [434500.0, 3362000.0], [434500.0, 3362250.0]]]}, "properties": {"method_version": "q4_amenity_hub_grid_v1", "candidate_version": "grid_250m_min_20", "candidate_status": "selected_for_workbench", "recommended_for_review": true, "cbsa_code": "27260", "market_slug": "jacksonville_fl", "amenity_hub_id": "27260_grid_250m_min_20_124", "cell_size_meters": 250, "min_pois_per_cell": 20, "cell_count": 4, "cluster_area_sq_km": 0.25, "poi_count": 110, "category_count": 16, "sub_category_count": 35, "centroid_longitude": -81.67943588765584, "centroid_latitude": 30.39061183564836, "poi_density_per_sq_km": 440.0}}, {"type": "Feature", "geometry": {"type": "Polygon", "coordinates": [[[435250.0, 3356000.0], [435000.0, 3356000.0], [435000.0, 3356250.0], [435000.0, 3356500.0], [435000.0, 3356750.0], [435250.0, 3356750.0], [435250.0, 3356500.0], [435250.0, 3356250.0], [435250.0, 3356000.0]]]}, "properties": {"method_version": "q4_amenity_hub_grid_v1", "candidate_version": "grid_250m_min_20", "candidate_status": "selected_for_workbench", "recommended_for_review": true, "cbsa_code": "27260", "market_slug": "jacksonville_fl", "amenity_hub_id": "27260_grid_250m_min_20_125", "cell_size_meters": 250, "min_pois_per_cell": 20, "cell_count": 3, "cluster_area_sq_km": 0.1875, "poi_count": 85, "category_count": 14, "sub_category_count": 36, "centroid_longitude": -81.67492083426939, "centroid_latitude": 30.337147471989898, "poi_density_per_sq_km": 453.3333333333333}}, {"type": "Feature", "geometry": {"type": "Polygon", "coordinates": [[[435250.0, 3358250.0], [435250.0, 3358500.0], [435000.0, 3358500.0], [435000.0, 3358250.0], [435250.0, 3358250.0]]]}, "properties": {"method_version": "q4_amenity_hub_grid_v1", "candidate_version": "grid_250m_min_20", "candidate_status": "selected_for_workbench", "recommended_for_review": true, "cbsa_code": "27260", "market_slug": "jacksonville_fl", "amenity_hub_id": "27260_grid_250m_min_20_126", "cell_size_meters": 250, "min_pois_per_cell": 20, "cell_count": 1, "cluster_area_sq_km": 0.0625, "poi_count": 20, "category_count": 7, "sub_category_count": 13, "centroid_longitude": -81.67512204285391, "centroid_latitude": 30.356248830682688, "poi_density_per_sq_km": 320.0}}, {"type": "Feature", "geometry": {"type": "Polygon", "coordinates": [[[436750.0, 3366250.0], [436500.0, 3366250.0], [436250.0, 3366250.0], [436250.0, 3366500.0], [436000.0, 3366500.0], [435750.0, 3366500.0], [435500.0, 3366500.0], [435250.0, 3366500.0], [435250.0, 3366750.0], [435500.0, 3366750.0], [435750.0, 3366750.0], [436000.0, 3366750.0], [436250.0, 3366750.0], [436500.0, 3366750.0], [436750.0, 3366750.0], [436750.0, 3366500.0], [436750.0, 3366250.0]]]}, "properties": {"method_version": "q4_amenity_hub_grid_v1", "candidate_version": "grid_250m_min_20", "candidate_status": "selected_for_workbench", "recommended_for_review": true, "cbsa_code": "27260", "market_slug": "jacksonville_fl", "amenity_hub_id": "27260_grid_250m_min_20_127", "cell_size_meters": 250, "min_pois_per_cell": 20, "cell_count": 8, "cluster_area_sq_km": 0.5, "poi_count": 263, "category_count": 17, "sub_category_count": 54, "centroid_longitude": -81.6658304110352, "centroid_latitude": 30.429510154579365, "poi_density_per_sq_km": 526.0}}, {"type": "Feature", "geometry": {"type": "Polygon", "coordinates": [[[435750.0, 3355500.0], [435750.0, 3355750.0], [435500.0, 3355750.0], [435500.0, 3355500.0], [435750.0, 3355500.0]]]}, "properties": {"method_version": "q4_amenity_hub_grid_v1", "candidate_version": "grid_250m_min_20", "candidate_status": "selected_for_workbench", "recommended_for_review": true, "cbsa_code": "27260", "market_slug": "jacksonville_fl", "amenity_hub_id": "27260_grid_250m_min_20_128", "cell_size_meters": 250, "min_pois_per_cell": 20, "cell_count": 1, "cluster_area_sq_km": 0.0625, "poi_count": 27, "category_count": 7, "sub_category_count": 11, "centroid_longitude": -81.66890903408787, "centroid_latitude": 30.331155366130375, "poi_density_per_sq_km": 432.0}}, {"type": "Feature", "geometry": {"type": "Polygon", "coordinates": [[[436750.0, 3352500.0], [436750.0, 3352750.0], [437000.0, 3352750.0], [437000.0, 3353000.0], [437000.0, 3353250.0], [436750.0, 3353250.0], [436750.0, 3353000.0], [436500.0, 3353000.0], [436250.0, 3353000.0], [436250.0, 3353250.0], [436250.0, 3353500.0], [436000.0, 3353500.0], [436000.0, 3353750.0], [436000.0, 3354000.0], [436000.0, 3354250.0], [436250.0, 3354250.0], [436500.0, 3354250.0], [436500.0, 3354500.0], [436750.0, 3354500.0], [437000.0, 3354500.0], [437000.0, 3354250.0], [437250.0, 3354250.0], [437250.0, 3354000.0], [437500.0, 3354000.0], [437500.0, 3353750.0], [437250.0, 3353750.0], [437250.0, 3353500.0], [437250.0, 3353250.0], [437250.0, 3353000.0], [437500.0, 3353000.0], [437500.0, 3353250.0], [437750.0, 3353250.0], [437750.0, 3353000.0], [437750.0, 3352750.0], [437500.0, 3352750.0], [437500.0, 3352500.0], [437250.0, 3352500.0], [437000.0, 3352500.0], [436750.0, 3352500.0]], [[436500.0, 3354000.0], [436500.0, 3353750.0], [436750.0, 3353750.0], [436750.0, 3353500.0], [437000.0, 3353500.0], [437000.0, 3353750.0], [437000.0, 3354000.0], [436750.0, 3354000.0], [436500.0, 3354000.0]]]}, "properties": {"method_version": "q4_amenity_hub_grid_v1", "candidate_version": "grid_250m_min_20", "candidate_status": "selected_for_workbench", "recommended_for_review": true, "cbsa_code": "27260", "market_slug": "jacksonville_fl", "amenity_hub_id": "27260_grid_250m_min_20_129", "cell_size_meters": 250, "min_pois_per_cell": 20, "cell_count": 29, "cluster_area_sq_km": 1.8125, "poi_count": 1530, "category_count": 19, "sub_category_count": 86, "centroid_longitude": -81.65843249580305, "centroid_latitude": 30.312989150666077, "poi_density_per_sq_km": 844.1379310344828}}, {"type": "Feature", "geometry": {"type": "Polygon", "coordinates": [[[436250.0, 3355250.0], [436000.0, 3355250.0], [436000.0, 3355500.0], [436000.0, 3355750.0], [436250.0, 3355750.0], [436500.0, 3355750.0], [436750.0, 3355750.0], [436750.0, 3356000.0], [437000.0, 3356000.0], [437250.0, 3356000.0], [437250.0, 3355750.0], [437500.0, 3355750.0], [437500.0, 3355500.0], [437500.0, 3355250.0], [437500.0, 3355000.0], [437250.0, 3355000.0], [437000.0, 3355000.0], [437000.0, 3354750.0], [436750.0, 3354750.0], [436500.0, 3354750.0], [436500.0, 3355000.0], [436250.0, 3355000.0], [436250.0, 3355250.0]]]}, "properties": {"method_version": "q4_amenity_hub_grid_v1", "candidate_version": "grid_250m_min_20", "candidate_status": "selected_for_workbench", "recommended_for_review": true, "cbsa_code": "27260", "market_slug": "jacksonville_fl", "amenity_hub_id": "27260_grid_250m_min_20_130", "cell_size_meters": 250, "min_pois_per_cell": 20, "cell_count": 21, "cluster_area_sq_km": 1.3125, "poi_count": 1552, "category_count": 20, "sub_category_count": 89, "centroid_longitude": -81.65775972470051, "centroid_latitude": 30.327818589473267, "poi_density_per_sq_km": 1182.4761904761904}}, {"type": "Feature", "geometry": {"type": "Polygon", "coordinates": [[[436250.0, 3356000.0], [436250.0, 3356250.0], [436000.0, 3356250.0], [436000.0, 3356000.0], [436250.0, 3356000.0]]]}, "properties": {"method_version": "q4_amenity_hub_grid_v1", "candidate_version": "grid_250m_min_20", "candidate_status": "selected_for_workbench", "recommended_for_review": true, "cbsa_code": "27260", "market_slug": "jacksonville_fl", "amenity_hub_id": "27260_grid_250m_min_20_131", "cell_size_meters": 250, "min_pois_per_cell": 20, "cell_count": 1, "cluster_area_sq_km": 0.0625, "poi_count": 20, "category_count": 5, "sub_category_count": 10, "centroid_longitude": -81.66462402681367, "centroid_latitude": 30.335476856232948, "poi_density_per_sq_km": 320.0}}, {"type": "Feature", "geometry": {"type": "Polygon", "coordinates": [[[436500.0, 3357000.0], [436250.0, 3357000.0], [436250.0, 3357250.0], [436000.0, 3357250.0], [436000.0, 3357500.0], [436000.0, 3357750.0], [436250.0, 3357750.0], [436250.0, 3357500.0], [436500.0, 3357500.0], [436750.0, 3357500.0], [436750.0, 3357250.0], [436500.0, 3357250.0], [436500.0, 3357000.0]]]}, "properties": {"method_version": "q4_amenity_hub_grid_v1", "candidate_version": "grid_250m_min_20", "candidate_status": "selected_for_workbench", "recommended_for_review": true, "cbsa_code": "27260", "market_slug": "jacksonville_fl", "amenity_hub_id": "27260_grid_250m_min_20_132", "cell_size_meters": 250, "min_pois_per_cell": 20, "cell_count": 5, "cluster_area_sq_km": 0.3125, "poi_count": 305, "category_count": 13, "sub_category_count": 33, "centroid_longitude": -81.66350183452653, "centroid_latitude": 30.347277093311384, "poi_density_per_sq_km": 976.0}}, {"type": "Feature", "geometry": {"type": "Polygon", "coordinates": [[[436250.0, 3360000.0], [436000.0, 3360000.0], [436000.0, 3360250.0], [436000.0, 3360500.0], [436250.0, 3360500.0], [436250.0, 3360250.0], [436250.0, 3360000.0]]]}, "properties": {"method_version": "q4_amenity_hub_grid_v1", "candidate_version": "grid_250m_min_20", "candidate_status": "selected_for_workbench", "recommended_for_review": true, "cbsa_code": "27260", "market_slug": "jacksonville_fl", "amenity_hub_id": "27260_grid_250m_min_20_133", "cell_size_meters": 250, "min_pois_per_cell": 20, "cell_count": 2, "cluster_area_sq_km": 0.125, "poi_count": 70, "category_count": 13, "sub_category_count": 34, "centroid_longitude": -81.6648756960141, "centroid_latitude": 30.37254938841333, "poi_density_per_sq_km": 560.0}}, {"type": "Feature", "geometry": {"type": "Polygon", "coordinates": [[[437000.0, 3360000.0], [437000.0, 3360250.0], [436750.0, 3360250.0], [436750.0, 3360000.0], [437000.0, 3360000.0]]]}, "properties": {"method_version": "q4_amenity_hub_grid_v1", "candidate_version": "grid_250m_min_20", "candidate_status": "selected_for_workbench", "recommended_for_review": true, "cbsa_code": "27260", "market_slug": "jacksonville_fl", "amenity_hub_id": "27260_grid_250m_min_20_134", "cell_size_meters": 250, "min_pois_per_cell": 20, "cell_count": 1, "cluster_area_sq_km": 0.0625, "poi_count": 26, "category_count": 9, "sub_category_count": 17, "centroid_longitude": -81.65751479067977, "centroid_latitude": 30.37174460355682, "poi_density_per_sq_km": 416.0}}, {"type": "Feature", "geometry": {"type": "Polygon", "coordinates": [[[437000.0, 3356500.0], [437000.0, 3356750.0], [437000.0, 3357000.0], [437000.0, 3357250.0], [437000.0, 3357500.0], [437250.0, 3357500.0], [437500.0, 3357500.0], [437500.0, 3357250.0], [437250.0, 3357250.0], [437250.0, 3357000.0], [437250.0, 3356750.0], [437250.0, 3356500.0], [437000.0, 3356500.0]]]}, "properties": {"method_version": "q4_amenity_hub_grid_v1", "candidate_version": "grid_250m_min_20", "candidate_status": "selected_for_workbench", "recommended_for_review": true, "cbsa_code": "27260", "market_slug": "jacksonville_fl", "amenity_hub_id": "27260_grid_250m_min_20_135", "cell_size_meters": 250, "min_pois_per_cell": 20, "cell_count": 5, "cluster_area_sq_km": 0.3125, "poi_count": 189, "category_count": 16, "sub_category_count": 53, "centroid_longitude": -81.65376112587934, "centroid_latitude": 30.34376262196227, "poi_density_per_sq_km": 604.8}}, {"type": "Feature", "geometry": {"type": "Polygon", "coordinates": [[[437250.0, 3358000.0], [437250.0, 3358250.0], [437000.0, 3358250.0], [437000.0, 3358000.0], [437250.0, 3358000.0]]]}, "properties": {"method_version": "q4_amenity_hub_grid_v1", "candidate_version": "grid_250m_min_20", "candidate_status": "selected_for_workbench", "recommended_for_review": true, "cbsa_code": "27260", "market_slug": "jacksonville_fl", "amenity_hub_id": "27260_grid_250m_min_20_136", "cell_size_meters": 250, "min_pois_per_cell": 20, "cell_count": 1, "cluster_area_sq_km": 0.0625, "poi_count": 21, "category_count": 10, "sub_category_count": 16, "centroid_longitude": -81.65423406479178, "centroid_latitude": 30.35331008474458, "poi_density_per_sq_km": 336.0}}, {"type": "Feature", "geometry": {"type": "Polygon", "coordinates": [[[437250.0, 3358500.0], [437250.0, 3358750.0], [437000.0, 3358750.0], [437000.0, 3358500.0], [437250.0, 3358500.0]]]}, "properties": {"method_version": "q4_amenity_hub_grid_v1", "candidate_version": "grid_250m_min_20", "candidate_status": "selected_for_workbench", "recommended_for_review": true, "cbsa_code": "27260", "market_slug": "jacksonville_fl", "amenity_hub_id": "27260_grid_250m_min_20_137", "cell_size_meters": 250, "min_pois_per_cell": 20, "cell_count": 1, "cluster_area_sq_km": 0.0625, "poi_count": 23, "category_count": 7, "sub_category_count": 14, "centroid_longitude": -81.65375144130435, "centroid_latitude": 30.35774344130435, "poi_density_per_sq_km": 368.0}}, {"type": "Feature", "geometry": {"type": "Polygon", "coordinates": [[[437250.0, 3360500.0], [437250.0, 3360750.0], [437000.0, 3360750.0], [437000.0, 3360500.0], [437250.0, 3360500.0]]]}, "properties": {"method_version": "q4_amenity_hub_grid_v1", "candidate_version": "grid_250m_min_20", "candidate_status": "selected_for_workbench", "recommended_for_review": true, "cbsa_code": "27260", "market_slug": "jacksonville_fl", "amenity_hub_id": "27260_grid_250m_min_20_138", "cell_size_meters": 250, "min_pois_per_cell": 20, "cell_count": 1, "cluster_area_sq_km": 0.0625, "poi_count": 20, "category_count": 7, "sub_category_count": 13, "centroid_longitude": -81.65475684807308, "centroid_latitude": 30.376275292171766, "poi_density_per_sq_km": 320.0}}, {"type": "Feature", "geometry": {"type": "Polygon", "coordinates": [[[437500.0, 3349250.0], [437500.0, 3349500.0], [437250.0, 3349500.0], [437250.0, 3349250.0], [437500.0, 3349250.0]]]}, "properties": {"method_version": "q4_amenity_hub_grid_v1", "candidate_version": "grid_250m_min_20", "candidate_status": "selected_for_workbench", "recommended_for_review": true, "cbsa_code": "27260", "market_slug": "jacksonville_fl", "amenity_hub_id": "27260_grid_250m_min_20_139", "cell_size_meters": 250, "min_pois_per_cell": 20, "cell_count": 1, "cluster_area_sq_km": 0.0625, "poi_count": 51, "category_count": 10, "sub_category_count": 24, "centroid_longitude": -81.65082772542978, "centroid_latitude": 30.275013132172525, "poi_density_per_sq_km": 816.0}}, {"type": "Feature", "geometry": {"type": "Polygon", "coordinates": [[[437500.0, 3350250.0], [437500.0, 3350500.0], [437250.0, 3350500.0], [437250.0, 3350250.0], [437500.0, 3350250.0]]]}, "properties": {"method_version": "q4_amenity_hub_grid_v1", "candidate_version": "grid_250m_min_20", "candidate_status": "selected_for_workbench", "recommended_for_review": true, "cbsa_code": "27260", "market_slug": "jacksonville_fl", "amenity_hub_id": "27260_grid_250m_min_20_140", "cell_size_meters": 250, "min_pois_per_cell": 20, "cell_count": 1, "cluster_area_sq_km": 0.0625, "poi_count": 25, "category_count": 8, "sub_category_count": 19, "centroid_longitude": -81.65074801743647, "centroid_latitude": 30.283432130230402, "poi_density_per_sq_km": 400.0}}, {"type": "Feature", "geometry": {"type": "Polygon", "coordinates": [[[437750.0, 3347750.0], [437750.0, 3348000.0], [437750.0, 3348250.0], [438000.0, 3348250.0], [438000.0, 3348000.0], [438250.0, 3348000.0], [438250.0, 3347750.0], [438000.0, 3347750.0], [437750.0, 3347750.0]]]}, "properties": {"method_version": "q4_amenity_hub_grid_v1", "candidate_version": "grid_250m_min_20", "candidate_status": "selected_for_workbench", "recommended_for_review": true, "cbsa_code": "27260", "market_slug": "jacksonville_fl", "amenity_hub_id": "27260_grid_250m_min_20_141", "cell_size_meters": 250, "min_pois_per_cell": 20, "cell_count": 3, "cluster_area_sq_km": 0.1875, "poi_count": 134, "category_count": 10, "sub_category_count": 32, "centroid_longitude": -81.64477782247157, "centroid_latitude": 30.261309146422324, "poi_density_per_sq_km": 714.6666666666666}}, {"type": "Feature", "geometry": {"type": "Polygon", "coordinates": [[[438000.0, 3355500.0], [438000.0, 3355750.0], [437750.0, 3355750.0], [437750.0, 3355500.0], [438000.0, 3355500.0]]]}, "properties": {"method_version": "q4_amenity_hub_grid_v1", "candidate_version": "grid_250m_min_20", "candidate_status": "selected_for_workbench", "recommended_for_review": true, "cbsa_code": "27260", "market_slug": "jacksonville_fl", "amenity_hub_id": "27260_grid_250m_min_20_142", "cell_size_meters": 250, "min_pois_per_cell": 20, "cell_count": 1, "cluster_area_sq_km": 0.0625, "poi_count": 27, "category_count": 8, "sub_category_count": 18, "centroid_longitude": -81.64683896186372, "centroid_latitude": 30.330534031055915, "poi_density_per_sq_km": 432.0}}, {"type": "Feature", "geometry": {"type": "Polygon", "coordinates": [[[438000.0, 3372250.0], [438000.0, 3372500.0], [437750.0, 3372500.0], [437750.0, 3372250.0], [438000.0, 3372250.0]]]}, "properties": {"method_version": "q4_amenity_hub_grid_v1", "candidate_version": "grid_250m_min_20", "candidate_status": "selected_for_workbench", "recommended_for_review": true, "cbsa_code": "27260", "market_slug": "jacksonville_fl", "amenity_hub_id": "27260_grid_250m_min_20_143", "cell_size_meters": 250, "min_pois_per_cell": 20, "cell_count": 1, "cluster_area_sq_km": 0.0625, "poi_count": 21, "category_count": 8, "sub_category_count": 11, "centroid_longitude": -81.64734433620754, "centroid_latitude": 30.482105992531782, "poi_density_per_sq_km": 336.0}}, {"type": "Feature", "geometry": {"type": "Polygon", "coordinates": [[[438250.0, 3350250.0], [438000.0, 3350250.0], [438000.0, 3350500.0], [438000.0, 3350750.0], [438000.0, 3351000.0], [438250.0, 3351000.0], [438250.0, 3350750.0], [438250.0, 3350500.0], [438250.0, 3350250.0]]]}, "properties": {"method_version": "q4_amenity_hub_grid_v1", "candidate_version": "grid_250m_min_20", "candidate_status": "selected_for_workbench", "recommended_for_review": true, "cbsa_code": "27260", "market_slug": "jacksonville_fl", "amenity_hub_id": "27260_grid_250m_min_20_144", "cell_size_meters": 250, "min_pois_per_cell": 20, "cell_count": 3, "cluster_area_sq_km": 0.1875, "poi_count": 86, "category_count": 12, "sub_category_count": 28, "centroid_longitude": -81.64372151107246, "centroid_latitude": 30.2858020694635, "poi_density_per_sq_km": 458.6666666666667}}, {"type": "Feature", "geometry": {"type": "Polygon", "coordinates": [[[438250.0, 3354750.0], [438250.0, 3355000.0], [438000.0, 3355000.0], [438000.0, 3354750.0], [438250.0, 3354750.0]]]}, "properties": {"method_version": "q4_amenity_hub_grid_v1", "candidate_version": "grid_250m_min_20", "candidate_status": "selected_for_workbench", "recommended_for_review": true, "cbsa_code": "27260", "market_slug": "jacksonville_fl", "amenity_hub_id": "27260_grid_250m_min_20_145", "cell_size_meters": 250, "min_pois_per_cell": 20, "cell_count": 1, "cluster_area_sq_km": 0.0625, "poi_count": 37, "category_count": 9, "sub_category_count": 15, "centroid_longitude": -81.64366390710964, "centroid_latitude": 30.324235869416828, "poi_density_per_sq_km": 592.0}}, {"type": "Feature", "geometry": {"type": "Polygon", "coordinates": [[[438500.0, 3328000.0], [438500.0, 3328250.0], [438250.0, 3328250.0], [438250.0, 3328000.0], [438500.0, 3328000.0]]]}, "properties": {"method_version": "q4_amenity_hub_grid_v1", "candidate_version": "grid_250m_min_20", "candidate_status": "selected_for_workbench", "recommended_for_review": true, "cbsa_code": "27260", "market_slug": "jacksonville_fl", "amenity_hub_id": "27260_grid_250m_min_20_146", "cell_size_meters": 250, "min_pois_per_cell": 20, "cell_count": 1, "cluster_area_sq_km": 0.0625, "poi_count": 22, "category_count": 10, "sub_category_count": 16, "centroid_longitude": -81.63981713815888, "centroid_latitude": 30.08237981983966, "poi_density_per_sq_km": 352.0}}, {"type": "Feature", "geometry": {"type": "Polygon", "coordinates": [[[438250.0, 3349250.0], [438250.0, 3349500.0], [438500.0, 3349500.0], [438750.0, 3349500.0], [438750.0, 3349250.0], [438500.0, 3349250.0], [438250.0, 3349250.0]]]}, "properties": {"method_version": "q4_amenity_hub_grid_v1", "candidate_version": "grid_250m_min_20", "candidate_status": "selected_for_workbench", "recommended_for_review": true, "cbsa_code": "27260", "market_slug": "jacksonville_fl", "amenity_hub_id": "27260_grid_250m_min_20_147", "cell_size_meters": 250, "min_pois_per_cell": 20, "cell_count": 2, "cluster_area_sq_km": 0.125, "poi_count": 66, "category_count": 6, "sub_category_count": 17, "centroid_longitude": -81.63933382929683, "centroid_latitude": 30.274388253349933, "poi_density_per_sq_km": 528.0}}, {"type": "Feature", "geometry": {"type": "Polygon", "coordinates": [[[438250.0, 3371500.0], [438250.0, 3371750.0], [438250.0, 3372000.0], [438500.0, 3372000.0], [438500.0, 3372250.0], [438750.0, 3372250.0], [438750.0, 3372000.0], [438750.0, 3371750.0], [438500.0, 3371750.0], [438500.0, 3371500.0], [438250.0, 3371500.0]]]}, "properties": {"method_version": "q4_amenity_hub_grid_v1", "candidate_version": "grid_250m_min_20", "candidate_status": "selected_for_workbench", "recommended_for_review": true, "cbsa_code": "27260", "market_slug": "jacksonville_fl", "amenity_hub_id": "27260_grid_250m_min_20_148", "cell_size_meters": 250, "min_pois_per_cell": 20, "cell_count": 4, "cluster_area_sq_km": 0.25, "poi_count": 107, "category_count": 10, "sub_category_count": 29, "centroid_longitude": -81.64048837543598, "centroid_latitude": 30.477856941282813, "poi_density_per_sq_km": 428.0}}, {"type": "Feature", "geometry": {"type": "Polygon", "coordinates": [[[439000.0, 3334000.0], [439000.0, 3334250.0], [439000.0, 3334500.0], [439000.0, 3334750.0], [439000.0, 3335000.0], [438750.0, 3335000.0], [438500.0, 3335000.0], [438500.0, 3335250.0], [438750.0, 3335250.0], [439000.0, 3335250.0], [439250.0, 3335250.0], [439250.0, 3335000.0], [439250.0, 3334750.0], [439250.0, 3334500.0], [439250.0, 3334250.0], [439250.0, 3334000.0], [439250.0, 3333750.0], [439000.0, 3333750.0], [439000.0, 3334000.0]]]}, "properties": {"method_version": "q4_amenity_hub_grid_v1", "candidate_version": "grid_250m_min_20", "candidate_status": "selected_for_workbench", "recommended_for_review": true, "cbsa_code": "27260", "market_slug": "jacksonville_fl", "amenity_hub_id": "27260_grid_250m_min_20_149", "cell_size_meters": 250, "min_pois_per_cell": 20, "cell_count": 8, "cluster_area_sq_km": 0.5, "poi_count": 446, "category_count": 16, "sub_category_count": 52, "centroid_longitude": -81.63295881696733, "centroid_latitude": 30.141346782001822, "poi_density_per_sq_km": 892.0}}, {"type": "Feature", "geometry": {"type": "Polygon", "coordinates": [[[439500.0, 3347250.0], [439500.0, 3347500.0], [439750.0, 3347500.0], [439750.0, 3347750.0], [439500.0, 3347750.0], [439250.0, 3347750.0], [439000.0, 3347750.0], [438750.0, 3347750.0], [438500.0, 3347750.0], [438500.0, 3348000.0], [438750.0, 3348000.0], [439000.0, 3348000.0], [439250.0, 3348000.0], [439250.0, 3348250.0], [439500.0, 3348250.0], [439500.0, 3348000.0], [439750.0, 3348000.0], [439750.0, 3348250.0], [439750.0, 3348500.0], [440000.0, 3348500.0], [440000.0, 3348250.0], [440250.0, 3348250.0], [440250.0, 3348000.0], [440500.0, 3348000.0], [440500.0, 3347750.0], [440750.0, 3347750.0], [440750.0, 3347500.0], [440500.0, 3347500.0], [440250.0, 3347500.0], [440250.0, 3347250.0], [440000.0, 3347250.0], [439750.0, 3347250.0], [439500.0, 3347250.0]], [[440250.0, 3347750.0], [440000.0, 3347750.0], [440000.0, 3347500.0], [440250.0, 3347500.0], [440250.0, 3347750.0]]]}, "properties": {"method_version": "q4_amenity_hub_grid_v1", "candidate_version": "grid_250m_min_20", "candidate_status": "selected_for_workbench", "recommended_for_review": true, "cbsa_code": "27260", "market_slug": "jacksonville_fl", "amenity_hub_id": "27260_grid_250m_min_20_150", "cell_size_meters": 250, "min_pois_per_cell": 20, "cell_count": 18, "cluster_area_sq_km": 1.125, "poi_count": 675, "category_count": 18, "sub_category_count": 66, "centroid_longitude": -81.62579282485527, "centroid_latitude": 30.260373557423737, "poi_density_per_sq_km": 600.0}}, {"type": "Feature", "geometry": {"type": "Polygon", "coordinates": [[[438750.0, 3368250.0], [438750.0, 3368500.0], [438500.0, 3368500.0], [438500.0, 3368250.0], [438750.0, 3368250.0]]]}, "properties": {"method_version": "q4_amenity_hub_grid_v1", "candidate_version": "grid_250m_min_20", "candidate_status": "selected_for_workbench", "recommended_for_review": true, "cbsa_code": "27260", "market_slug": "jacksonville_fl", "amenity_hub_id": "27260_grid_250m_min_20_151", "cell_size_meters": 250, "min_pois_per_cell": 20, "cell_count": 1, "cluster_area_sq_km": 0.0625, "poi_count": 23, "category_count": 7, "sub_category_count": 11, "centroid_longitude": -81.63912582115408, "centroid_latitude": 30.44596743735662, "poi_density_per_sq_km": 368.0}}, {"type": "Feature", "geometry": {"type": "Polygon", "coordinates": [[[438750.0, 3335500.0], [438750.0, 3335750.0], [439000.0, 3335750.0], [439250.0, 3335750.0], [439250.0, 3335500.0], [439000.0, 3335500.0], [438750.0, 3335500.0]]]}, "properties": {"method_version": "q4_amenity_hub_grid_v1", "candidate_version": "grid_250m_min_20", "candidate_status": "selected_for_workbench", "recommended_for_review": true, "cbsa_code": "27260", "market_slug": "jacksonville_fl", "amenity_hub_id": "27260_grid_250m_min_20_152", "cell_size_meters": 250, "min_pois_per_cell": 20, "cell_count": 2, "cluster_area_sq_km": 0.125, "poi_count": 66, "category_count": 10, "sub_category_count": 21, "centroid_longitude": -81.63359220220778, "centroid_latitude": 30.15088098118706, "poi_density_per_sq_km": 528.0}}, {"type": "Feature", "geometry": {"type": "Polygon", "coordinates": [[[439000.0, 3337000.0], [439000.0, 3337250.0], [439000.0, 3337500.0], [439000.0, 3337750.0], [439250.0, 3337750.0], [439250.0, 3338000.0], [439250.0, 3338250.0], [439250.0, 3338500.0], [439250.0, 3338750.0], [439250.0, 3339000.0], [439500.0, 3339000.0], [439500.0, 3338750.0], [439750.0, 3338750.0], [439750.0, 3338500.0], [439750.0, 3338250.0], [440000.0, 3338250.0], [440000.0, 3338000.0], [439750.0, 3338000.0], [439500.0, 3338000.0], [439500.0, 3337750.0], [439500.0, 3337500.0], [439250.0, 3337500.0], [439250.0, 3337250.0], [439250.0, 3337000.0], [439250.0, 3336750.0], [439250.0, 3336500.0], [439000.0, 3336500.0], [438750.0, 3336500.0], [438750.0, 3336750.0], [439000.0, 3336750.0], [439000.0, 3337000.0]]]}, "properties": {"method_version": "q4_amenity_hub_grid_v1", "candidate_version": "grid_250m_min_20", "candidate_status": "selected_for_workbench", "recommended_for_review": true, "cbsa_code": "27260", "market_slug": "jacksonville_fl", "amenity_hub_id": "27260_grid_250m_min_20_153", "cell_size_meters": 250, "min_pois_per_cell": 20, "cell_count": 16, "cluster_area_sq_km": 1.0, "poi_count": 658, "category_count": 16, "sub_category_count": 64, "centroid_longitude": -81.63012803480451, "centroid_latitude": 30.170375236503954, "poi_density_per_sq_km": 658.0}}, {"type": "Feature", "geometry": {"type": "Polygon", "coordinates": [[[439000.0, 3372250.0], [439000.0, 3372500.0], [438750.0, 3372500.0], [438750.0, 3372250.0], [439000.0, 3372250.0]]]}, "properties": {"method_version": "q4_amenity_hub_grid_v1", "candidate_version": "grid_250m_min_20", "candidate_status": "selected_for_workbench", "recommended_for_review": true, "cbsa_code": "27260", "market_slug": "jacksonville_fl", "amenity_hub_id": "27260_grid_250m_min_20_154", "cell_size_meters": 250, "min_pois_per_cell": 20, "cell_count": 1, "cluster_area_sq_km": 0.0625, "poi_count": 20, "category_count": 7, "sub_category_count": 13, "centroid_longitude": -81.63686078302425, "centroid_latitude": 30.481751166909845, "poi_density_per_sq_km": 320.0}}, {"type": "Feature", "geometry": {"type": "Polygon", "coordinates": [[[439000.0, 3376000.0], [439000.0, 3376250.0], [438750.0, 3376250.0], [438750.0, 3376000.0], [439000.0, 3376000.0]]]}, "properties": {"method_version": "q4_amenity_hub_grid_v1", "candidate_version": "grid_250m_min_20", "candidate_status": "selected_for_workbench", "recommended_for_review": true, "cbsa_code": "27260", "market_slug": "jacksonville_fl", "amenity_hub_id": "27260_grid_250m_min_20_155", "cell_size_meters": 250, "min_pois_per_cell": 20, "cell_count": 1, "cluster_area_sq_km": 0.0625, "poi_count": 29, "category_count": 5, "sub_category_count": 12, "centroid_longitude": -81.63709654615094, "centroid_latitude": 30.516025367595567, "poi_density_per_sq_km": 464.0}}, {"type": "Feature", "geometry": {"type": "Polygon", "coordinates": [[[439250.0, 3336000.0], [439250.0, 3336250.0], [439000.0, 3336250.0], [439000.0, 3336000.0], [439250.0, 3336000.0]]]}, "properties": {"method_version": "q4_amenity_hub_grid_v1", "candidate_version": "grid_250m_min_20", "candidate_status": "selected_for_workbench", "recommended_for_review": true, "cbsa_code": "27260", "market_slug": "jacksonville_fl", "amenity_hub_id": "27260_grid_250m_min_20_156", "cell_size_meters": 250, "min_pois_per_cell": 20, "cell_count": 1, "cluster_area_sq_km": 0.0625, "poi_count": 23, "category_count": 5, "sub_category_count": 10, "centroid_longitude": -81.6320721798224, "centroid_latitude": 30.15469223198756, "poi_density_per_sq_km": 368.0}}, {"type": "Feature", "geometry": {"type": "Polygon", "coordinates": [[[439250.0, 3348500.0], [439250.0, 3348750.0], [439000.0, 3348750.0], [439000.0, 3348500.0], [439250.0, 3348500.0]]]}, "properties": {"method_version": "q4_amenity_hub_grid_v1", "candidate_version": "grid_250m_min_20", "candidate_status": "selected_for_workbench", "recommended_for_review": true, "cbsa_code": "27260", "market_slug": "jacksonville_fl", "amenity_hub_id": "27260_grid_250m_min_20_157", "cell_size_meters": 250, "min_pois_per_cell": 20, "cell_count": 1, "cluster_area_sq_km": 0.0625, "poi_count": 20, "category_count": 5, "sub_category_count": 9, "centroid_longitude": -81.63262217330185, "centroid_latitude": 30.268003885333645, "poi_density_per_sq_km": 320.0}}, {"type": "Feature", "geometry": {"type": "Polygon", "coordinates": [[[439250.0, 3350500.0], [439250.0, 3350750.0], [439000.0, 3350750.0], [439000.0, 3350500.0], [439250.0, 3350500.0]]]}, "properties": {"method_version": "q4_amenity_hub_grid_v1", "candidate_version": "grid_250m_min_20", "candidate_status": "selected_for_workbench", "recommended_for_review": true, "cbsa_code": "27260", "market_slug": "jacksonville_fl", "amenity_hub_id": "27260_grid_250m_min_20_158", "cell_size_meters": 250, "min_pois_per_cell": 20, "cell_count": 1, "cluster_area_sq_km": 0.0625, "poi_count": 32, "category_count": 7, "sub_category_count": 13, "centroid_longitude": -81.63309548864123, "centroid_latitude": 30.2856571228079, "poi_density_per_sq_km": 512.0}}, {"type": "Feature", "geometry": {"type": "Polygon", "coordinates": [[[439000.0, 3352500.0], [439000.0, 3352750.0], [439000.0, 3353000.0], [439250.0, 3353000.0], [439250.0, 3352750.0], [439500.0, 3352750.0], [439500.0, 3352500.0], [439250.0, 3352500.0], [439000.0, 3352500.0]]]}, "properties": {"method_version": "q4_amenity_hub_grid_v1", "candidate_version": "grid_250m_min_20", "candidate_status": "selected_for_workbench", "recommended_for_review": true, "cbsa_code": "27260", "market_slug": "jacksonville_fl", "amenity_hub_id": "27260_grid_250m_min_20_159", "cell_size_meters": 250, "min_pois_per_cell": 20, "cell_count": 3, "cluster_area_sq_km": 0.1875, "poi_count": 78, "category_count": 15, "sub_category_count": 34, "centroid_longitude": -81.63227907948745, "centroid_latitude": 30.30447074124543, "poi_density_per_sq_km": 416.0}}, {"type": "Feature", "geometry": {"type": "Polygon", "coordinates": [[[439250.0, 3370000.0], [439250.0, 3370250.0], [439000.0, 3370250.0], [439000.0, 3370000.0], [439250.0, 3370000.0]]]}, "properties": {"method_version": "q4_amenity_hub_grid_v1", "candidate_version": "grid_250m_min_20", "candidate_status": "selected_for_workbench", "recommended_for_review": true, "cbsa_code": "27260", "market_slug": "jacksonville_fl", "amenity_hub_id": "27260_grid_250m_min_20_160", "cell_size_meters": 250, "min_pois_per_cell": 20, "cell_count": 1, "cluster_area_sq_km": 0.0625, "poi_count": 21, "category_count": 9, "sub_category_count": 15, "centroid_longitude": -81.63359451183858, "centroid_latitude": 30.46198232066549, "poi_density_per_sq_km": 336.0}}, {"type": "Feature", "geometry": {"type": "Polygon", "coordinates": [[[439250.0, 3371750.0], [439250.0, 3372000.0], [439000.0, 3372000.0], [439000.0, 3371750.0], [439250.0, 3371750.0]]]}, "properties": {"method_version": "q4_amenity_hub_grid_v1", "candidate_version": "grid_250m_min_20", "candidate_status": "selected_for_workbench", "recommended_for_review": true, "cbsa_code": "27260", "market_slug": "jacksonville_fl", "amenity_hub_id": "27260_grid_250m_min_20_161", "cell_size_meters": 250, "min_pois_per_cell": 20, "cell_count": 1, "cluster_area_sq_km": 0.0625, "poi_count": 26, "category_count": 9, "sub_category_count": 16, "centroid_longitude": -81.63446627400275, "centroid_latitude": 30.47727679973478, "poi_density_per_sq_km": 416.0}}, {"type": "Feature", "geometry": {"type": "Polygon", "coordinates": [[[439250.0, 3372500.0], [439250.0, 3372750.0], [439000.0, 3372750.0], [439000.0, 3372500.0], [439250.0, 3372500.0]]]}, "properties": {"method_version": "q4_amenity_hub_grid_v1", "candidate_version": "grid_250m_min_20", "candidate_status": "selected_for_workbench", "recommended_for_review": true, "cbsa_code": "27260", "market_slug": "jacksonville_fl", "amenity_hub_id": "27260_grid_250m_min_20_162", "cell_size_meters": 250, "min_pois_per_cell": 20, "cell_count": 1, "cluster_area_sq_km": 0.0625, "poi_count": 59, "category_count": 1, "sub_category_count": 5, "centroid_longitude": -81.63356261692702, "centroid_latitude": 30.484123865581754, "poi_density_per_sq_km": 944.0}}, {"type": "Feature", "geometry": {"type": "Polygon", "coordinates": [[[439250.0, 3339500.0], [439250.0, 3339750.0], [439500.0, 3339750.0], [439500.0, 3340000.0], [439500.0, 3340250.0], [439750.0, 3340250.0], [439750.0, 3340000.0], [439750.0, 3339750.0], [439750.0, 3339500.0], [439750.0, 3339250.0], [439500.0, 3339250.0], [439250.0, 3339250.0], [439250.0, 3339500.0]]]}, "properties": {"method_version": "q4_amenity_hub_grid_v1", "candidate_version": "grid_250m_min_20", "candidate_status": "selected_for_workbench", "recommended_for_review": true, "cbsa_code": "27260", "market_slug": "jacksonville_fl", "amenity_hub_id": "27260_grid_250m_min_20_163", "cell_size_meters": 250, "min_pois_per_cell": 20, "cell_count": 6, "cluster_area_sq_km": 0.375, "poi_count": 211, "category_count": 17, "sub_category_count": 55, "centroid_longitude": -81.62812962608837, "centroid_latitude": 30.186855661685467, "poi_density_per_sq_km": 562.6666666666666}}, {"type": "Feature", "geometry": {"type": "Polygon", "coordinates": [[[439500.0, 3370500.0], [439500.0, 3370750.0], [439250.0, 3370750.0], [439250.0, 3370500.0], [439500.0, 3370500.0]]]}, "properties": {"method_version": "q4_amenity_hub_grid_v1", "candidate_version": "grid_250m_min_20", "candidate_status": "selected_for_workbench", "recommended_for_review": true, "cbsa_code": "27260", "market_slug": "jacksonville_fl", "amenity_hub_id": "27260_grid_250m_min_20_164", "cell_size_meters": 250, "min_pois_per_cell": 20, "cell_count": 1, "cluster_area_sq_km": 0.0625, "poi_count": 21, "category_count": 8, "sub_category_count": 16, "centroid_longitude": -81.6318649879146, "centroid_latitude": 30.46645189297946, "poi_density_per_sq_km": 336.0}}, {"type": "Feature", "geometry": {"type": "Polygon", "coordinates": [[[439750.0, 3331250.0], [439750.0, 3331500.0], [439500.0, 3331500.0], [439500.0, 3331250.0], [439750.0, 3331250.0]]]}, "properties": {"method_version": "q4_amenity_hub_grid_v1", "candidate_version": "grid_250m_min_20", "candidate_status": "selected_for_workbench", "recommended_for_review": true, "cbsa_code": "27260", "market_slug": "jacksonville_fl", "amenity_hub_id": "27260_grid_250m_min_20_165", "cell_size_meters": 250, "min_pois_per_cell": 20, "cell_count": 1, "cluster_area_sq_km": 0.0625, "poi_count": 22, "category_count": 6, "sub_category_count": 12, "centroid_longitude": -81.62692509851587, "centroid_latitude": 30.11213796263876, "poi_density_per_sq_km": 352.0}}, {"type": "Feature", "geometry": {"type": "Polygon", "coordinates": [[[439500.0, 3331750.0], [439500.0, 3332000.0], [439500.0, 3332250.0], [439750.0, 3332250.0], [439750.0, 3332500.0], [439750.0, 3332750.0], [440000.0, 3332750.0], [440000.0, 3332500.0], [440250.0, 3332500.0], [440250.0, 3332250.0], [440000.0, 3332250.0], [440000.0, 3332000.0], [439750.0, 3332000.0], [439750.0, 3331750.0], [439500.0, 3331750.0]]]}, "properties": {"method_version": "q4_amenity_hub_grid_v1", "candidate_version": "grid_250m_min_20", "candidate_status": "selected_for_workbench", "recommended_for_review": true, "cbsa_code": "27260", "market_slug": "jacksonville_fl", "amenity_hub_id": "27260_grid_250m_min_20_166", "cell_size_meters": 250, "min_pois_per_cell": 20, "cell_count": 6, "cluster_area_sq_km": 0.375, "poi_count": 295, "category_count": 15, "sub_category_count": 53, "centroid_longitude": -81.62442035745106, "centroid_latitude": 30.120497913387126, "poi_density_per_sq_km": 786.6666666666666}}, {"type": "Feature", "geometry": {"type": "Polygon", "coordinates": [[[439750.0, 3370250.0], [439750.0, 3370500.0], [439500.0, 3370500.0], [439500.0, 3370250.0], [439750.0, 3370250.0]]]}, "properties": {"method_version": "q4_amenity_hub_grid_v1", "candidate_version": "grid_250m_min_20", "candidate_status": "selected_for_workbench", "recommended_for_review": true, "cbsa_code": "27260", "market_slug": "jacksonville_fl", "amenity_hub_id": "27260_grid_250m_min_20_167", "cell_size_meters": 250, "min_pois_per_cell": 20, "cell_count": 1, "cluster_area_sq_km": 0.0625, "poi_count": 24, "category_count": 8, "sub_category_count": 16, "centroid_longitude": -81.62933671679555, "centroid_latitude": 30.464367490659892, "poi_density_per_sq_km": 384.0}}, {"type": "Feature", "geometry": {"type": "Polygon", "coordinates": [[[439750.0, 3371250.0], [439750.0, 3371500.0], [439500.0, 3371500.0], [439500.0, 3371250.0], [439750.0, 3371250.0]]]}, "properties": {"method_version": "q4_amenity_hub_grid_v1", "candidate_version": "grid_250m_min_20", "candidate_status": "selected_for_workbench", "recommended_for_review": true, "cbsa_code": "27260", "market_slug": "jacksonville_fl", "amenity_hub_id": "27260_grid_250m_min_20_168", "cell_size_meters": 250, "min_pois_per_cell": 20, "cell_count": 1, "cluster_area_sq_km": 0.0625, "poi_count": 30, "category_count": 7, "sub_category_count": 13, "centroid_longitude": -81.62909405278442, "centroid_latitude": 30.47344456755771, "poi_density_per_sq_km": 480.0}}, {"type": "Feature", "geometry": {"type": "Polygon", "coordinates": [[[440000.0, 3340500.0], [440000.0, 3340750.0], [440000.0, 3341000.0], [440000.0, 3341250.0], [440250.0, 3341250.0], [440500.0, 3341250.0], [440500.0, 3341500.0], [440750.0, 3341500.0], [440750.0, 3341250.0], [440750.0, 3341000.0], [440500.0, 3341000.0], [440500.0, 3340750.0], [440500.0, 3340500.0], [440250.0, 3340500.0], [440250.0, 3340250.0], [440000.0, 3340250.0], [439750.0, 3340250.0], [439750.0, 3340500.0], [440000.0, 3340500.0]]]}, "properties": {"method_version": "q4_amenity_hub_grid_v1", "candidate_version": "grid_250m_min_20", "candidate_status": "selected_for_workbench", "recommended_for_review": true, "cbsa_code": "27260", "market_slug": "jacksonville_fl", "amenity_hub_id": "27260_grid_250m_min_20_169", "cell_size_meters": 250, "min_pois_per_cell": 20, "cell_count": 10, "cluster_area_sq_km": 0.625, "poi_count": 581, "category_count": 17, "sub_category_count": 66, "centroid_longitude": -81.62010097684328, "centroid_latitude": 30.197666233950873, "poi_density_per_sq_km": 929.6}}, {"type": "Feature", "geometry": {"type": "Polygon", "coordinates": [[[440000.0, 3346750.0], [440000.0, 3347000.0], [439750.0, 3347000.0], [439750.0, 3346750.0], [440000.0, 3346750.0]]]}, "properties": {"method_version": "q4_amenity_hub_grid_v1", "candidate_version": "grid_250m_min_20", "candidate_status": "selected_for_workbench", "recommended_for_review": true, "cbsa_code": "27260", "market_slug": "jacksonville_fl", "amenity_hub_id": "27260_grid_250m_min_20_170", "cell_size_meters": 250, "min_pois_per_cell": 20, "cell_count": 1, "cluster_area_sq_km": 0.0625, "poi_count": 27, "category_count": 6, "sub_category_count": 15, "centroid_longitude": -81.62544828954685, "centroid_latitude": 30.252121374993106, "poi_density_per_sq_km": 432.0}}, {"type": "Feature", "geometry": {"type": "Polygon", "coordinates": [[[440000.0, 3351000.0], [439750.0, 3351000.0], [439750.0, 3351250.0], [439750.0, 3351500.0], [440000.0, 3351500.0], [440000.0, 3351250.0], [440000.0, 3351000.0]]]}, "properties": {"method_version": "q4_amenity_hub_grid_v1", "candidate_version": "grid_250m_min_20", "candidate_status": "selected_for_workbench", "recommended_for_review": true, "cbsa_code": "27260", "market_slug": "jacksonville_fl", "amenity_hub_id": "27260_grid_250m_min_20_171", "cell_size_meters": 250, "min_pois_per_cell": 20, "cell_count": 2, "cluster_area_sq_km": 0.125, "poi_count": 60, "category_count": 12, "sub_category_count": 27, "centroid_longitude": -81.6252769969047, "centroid_latitude": 30.29144781005861, "poi_density_per_sq_km": 480.0}}, {"type": "Feature", "geometry": {"type": "Polygon", "coordinates": [[[440000.0, 3370500.0], [440000.0, 3370750.0], [439750.0, 3370750.0], [439750.0, 3370500.0], [440000.0, 3370500.0]]]}, "properties": {"method_version": "q4_amenity_hub_grid_v1", "candidate_version": "grid_250m_min_20", "candidate_status": "selected_for_workbench", "recommended_for_review": true, "cbsa_code": "27260", "market_slug": "jacksonville_fl", "amenity_hub_id": "27260_grid_250m_min_20_172", "cell_size_meters": 250, "min_pois_per_cell": 20, "cell_count": 1, "cluster_area_sq_km": 0.0625, "poi_count": 21, "category_count": 9, "sub_category_count": 13, "centroid_longitude": -81.62585638234566, "centroid_latitude": 30.466502040642666, "poi_density_per_sq_km": 336.0}}, {"type": "Feature", "geometry": {"type": "Polygon", "coordinates": [[[440000.0, 3372250.0], [440000.0, 3372500.0], [439750.0, 3372500.0], [439750.0, 3372250.0], [440000.0, 3372250.0]]]}, "properties": {"method_version": "q4_amenity_hub_grid_v1", "candidate_version": "grid_250m_min_20", "candidate_status": "selected_for_workbench", "recommended_for_review": true, "cbsa_code": "27260", "market_slug": "jacksonville_fl", "amenity_hub_id": "27260_grid_250m_min_20_173", "cell_size_meters": 250, "min_pois_per_cell": 20, "cell_count": 1, "cluster_area_sq_km": 0.0625, "poi_count": 29, "category_count": 7, "sub_category_count": 14, "centroid_longitude": -81.6268750621886, "centroid_latitude": 30.481519893680527, "poi_density_per_sq_km": 464.0}}, {"type": "Feature", "geometry": {"type": "Polygon", "coordinates": [[[440250.0, 3341750.0], [440250.0, 3342000.0], [440500.0, 3342000.0], [440500.0, 3342250.0], [440750.0, 3342250.0], [440750.0, 3342000.0], [440750.0, 3341750.0], [440500.0, 3341750.0], [440250.0, 3341750.0]]]}, "properties": {"method_version": "q4_amenity_hub_grid_v1", "candidate_version": "grid_250m_min_20", "candidate_status": "selected_for_workbench", "recommended_for_review": true, "cbsa_code": "27260", "market_slug": "jacksonville_fl", "amenity_hub_id": "27260_grid_250m_min_20_174", "cell_size_meters": 250, "min_pois_per_cell": 20, "cell_count": 3, "cluster_area_sq_km": 0.1875, "poi_count": 96, "category_count": 12, "sub_category_count": 33, "centroid_longitude": -81.61812211038907, "centroid_latitude": 30.207493550484752, "poi_density_per_sq_km": 512.0}}, {"type": "Feature", "geometry": {"type": "Polygon", "coordinates": [[[440500.0, 3348750.0], [440500.0, 3349000.0], [440250.0, 3349000.0], [440250.0, 3348750.0], [440500.0, 3348750.0]]]}, "properties": {"method_version": "q4_amenity_hub_grid_v1", "candidate_version": "grid_250m_min_20", "candidate_status": "selected_for_workbench", "recommended_for_review": true, "cbsa_code": "27260", "market_slug": "jacksonville_fl", "amenity_hub_id": "27260_grid_250m_min_20_175", "cell_size_meters": 250, "min_pois_per_cell": 20, "cell_count": 1, "cluster_area_sq_km": 0.0625, "poi_count": 27, "category_count": 7, "sub_category_count": 11, "centroid_longitude": -81.62017211176261, "centroid_latitude": 30.270318686988162, "poi_density_per_sq_km": 432.0}}, {"type": "Feature", "geometry": {"type": "Polygon", "coordinates": [[[440500.0, 3352000.0], [440500.0, 3352250.0], [440250.0, 3352250.0], [440250.0, 3352000.0], [440500.0, 3352000.0]]]}, "properties": {"method_version": "q4_amenity_hub_grid_v1", "candidate_version": "grid_250m_min_20", "candidate_status": "selected_for_workbench", "recommended_for_review": true, "cbsa_code": "27260", "market_slug": "jacksonville_fl", "amenity_hub_id": "27260_grid_250m_min_20_176", "cell_size_meters": 250, "min_pois_per_cell": 20, "cell_count": 1, "cluster_area_sq_km": 0.0625, "poi_count": 33, "category_count": 7, "sub_category_count": 15, "centroid_longitude": -81.61992878572096, "centroid_latitude": 30.299630858784663, "poi_density_per_sq_km": 528.0}}, {"type": "Feature", "geometry": {"type": "Polygon", "coordinates": [[[440500.0, 3352750.0], [440500.0, 3353000.0], [440250.0, 3353000.0], [440250.0, 3352750.0], [440500.0, 3352750.0]]]}, "properties": {"method_version": "q4_amenity_hub_grid_v1", "candidate_version": "grid_250m_min_20", "candidate_status": "selected_for_workbench", "recommended_for_review": true, "cbsa_code": "27260", "market_slug": "jacksonville_fl", "amenity_hub_id": "27260_grid_250m_min_20_177", "cell_size_meters": 250, "min_pois_per_cell": 20, "cell_count": 1, "cluster_area_sq_km": 0.0625, "poi_count": 25, "category_count": 11, "sub_category_count": 17, "centroid_longitude": -81.6202950001416, "centroid_latitude": 30.306562704396026, "poi_density_per_sq_km": 400.0}}, {"type": "Feature", "geometry": {"type": "Polygon", "coordinates": [[[440500.0, 3343250.0], [440750.0, 3343250.0], [440750.0, 3343500.0], [441000.0, 3343500.0], [441000.0, 3343250.0], [441250.0, 3343250.0], [441250.0, 3343500.0], [441500.0, 3343500.0], [441500.0, 3343250.0], [441500.0, 3343000.0], [441250.0, 3343000.0], [441000.0, 3343000.0], [440750.0, 3343000.0], [440500.0, 3343000.0], [440500.0, 3343250.0]]]}, "properties": {"method_version": "q4_amenity_hub_grid_v1", "candidate_version": "grid_250m_min_20", "candidate_status": "selected_for_workbench", "recommended_for_review": true, "cbsa_code": "27260", "market_slug": "jacksonville_fl", "amenity_hub_id": "27260_grid_250m_min_20_178", "cell_size_meters": 250, "min_pois_per_cell": 20, "cell_count": 6, "cluster_area_sq_km": 0.375, "poi_count": 239, "category_count": 15, "sub_category_count": 52, "centroid_longitude": -81.61319312886236, "centroid_latitude": 30.218891068248677, "poi_density_per_sq_km": 637.3333333333334}}, {"type": "Feature", "geometry": {"type": "Polygon", "coordinates": [[[440750.0, 3348500.0], [440750.0, 3348750.0], [440500.0, 3348750.0], [440500.0, 3348500.0], [440750.0, 3348500.0]]]}, "properties": {"method_version": "q4_amenity_hub_grid_v1", "candidate_version": "grid_250m_min_20", "candidate_status": "selected_for_workbench", "recommended_for_review": true, "cbsa_code": "27260", "market_slug": "jacksonville_fl", "amenity_hub_id": "27260_grid_250m_min_20_179", "cell_size_meters": 250, "min_pois_per_cell": 20, "cell_count": 1, "cluster_area_sq_km": 0.0625, "poi_count": 25, "category_count": 8, "sub_category_count": 14, "centroid_longitude": -81.61694484257337, "centroid_latitude": 30.267958121702073, "poi_density_per_sq_km": 400.0}}, {"type": "Feature", "geometry": {"type": "Polygon", "coordinates": [[[440750.0, 3351250.0], [440750.0, 3351500.0], [440500.0, 3351500.0], [440500.0, 3351250.0], [440750.0, 3351250.0]]]}, "properties": {"method_version": "q4_amenity_hub_grid_v1", "candidate_version": "grid_250m_min_20", "candidate_status": "selected_for_workbench", "recommended_for_review": true, "cbsa_code": "27260", "market_slug": "jacksonville_fl", "amenity_hub_id": "27260_grid_250m_min_20_180", "cell_size_meters": 250, "min_pois_per_cell": 20, "cell_count": 1, "cluster_area_sq_km": 0.0625, "poi_count": 42, "category_count": 2, "sub_category_count": 4, "centroid_longitude": -81.61704111657414, "centroid_latitude": 30.292405425787077, "poi_density_per_sq_km": 672.0}}, {"type": "Feature", "geometry": {"type": "Polygon", "coordinates": [[[440750.0, 3351750.0], [440750.0, 3352000.0], [440500.0, 3352000.0], [440500.0, 3351750.0], [440750.0, 3351750.0]]]}, "properties": {"method_version": "q4_amenity_hub_grid_v1", "candidate_version": "grid_250m_min_20", "candidate_status": "selected_for_workbench", "recommended_for_review": true, "cbsa_code": "27260", "market_slug": "jacksonville_fl", "amenity_hub_id": "27260_grid_250m_min_20_181", "cell_size_meters": 250, "min_pois_per_cell": 20, "cell_count": 1, "cluster_area_sq_km": 0.0625, "poi_count": 26, "category_count": 8, "sub_category_count": 14, "centroid_longitude": -81.61707829966669, "centroid_latitude": 30.29760957179218, "poi_density_per_sq_km": 416.0}}, {"type": "Feature", "geometry": {"type": "Polygon", "coordinates": [[[440750.0, 3352500.0], [440750.0, 3352750.0], [440500.0, 3352750.0], [440500.0, 3352500.0], [440750.0, 3352500.0]]]}, "properties": {"method_version": "q4_amenity_hub_grid_v1", "candidate_version": "grid_250m_min_20", "candidate_status": "selected_for_workbench", "recommended_for_review": true, "cbsa_code": "27260", "market_slug": "jacksonville_fl", "amenity_hub_id": "27260_grid_250m_min_20_182", "cell_size_meters": 250, "min_pois_per_cell": 20, "cell_count": 1, "cluster_area_sq_km": 0.0625, "poi_count": 23, "category_count": 8, "sub_category_count": 15, "centroid_longitude": -81.61747899162023, "centroid_latitude": 30.30429486024828, "poi_density_per_sq_km": 368.0}}, {"type": "Feature", "geometry": {"type": "Polygon", "coordinates": [[[441000.0, 3340750.0], [441000.0, 3341000.0], [440750.0, 3341000.0], [440750.0, 3340750.0], [441000.0, 3340750.0]]]}, "properties": {"method_version": "q4_amenity_hub_grid_v1", "candidate_version": "grid_250m_min_20", "candidate_status": "selected_for_workbench", "recommended_for_review": true, "cbsa_code": "27260", "market_slug": "jacksonville_fl", "amenity_hub_id": "27260_grid_250m_min_20_183", "cell_size_meters": 250, "min_pois_per_cell": 20, "cell_count": 1, "cluster_area_sq_km": 0.0625, "poi_count": 20, "category_count": 6, "sub_category_count": 11, "centroid_longitude": -81.61362727616225, "centroid_latitude": 30.19827156966369, "poi_density_per_sq_km": 320.0}}, {"type": "Feature", "geometry": {"type": "Polygon", "coordinates": [[[441000.0, 3341500.0], [441000.0, 3341750.0], [440750.0, 3341750.0], [440750.0, 3341500.0], [441000.0, 3341500.0]]]}, "properties": {"method_version": "q4_amenity_hub_grid_v1", "candidate_version": "grid_250m_min_20", "candidate_status": "selected_for_workbench", "recommended_for_review": true, "cbsa_code": "27260", "market_slug": "jacksonville_fl", "amenity_hub_id": "27260_grid_250m_min_20_184", "cell_size_meters": 250, "min_pois_per_cell": 20, "cell_count": 1, "cluster_area_sq_km": 0.0625, "poi_count": 24, "category_count": 8, "sub_category_count": 13, "centroid_longitude": -81.61422828918356, "centroid_latitude": 30.205231068317804, "poi_density_per_sq_km": 384.0}}, {"type": "Feature", "geometry": {"type": "Polygon", "coordinates": [[[441000.0, 3347000.0], [441000.0, 3347250.0], [440750.0, 3347250.0], [440750.0, 3347000.0], [441000.0, 3347000.0]]]}, "properties": {"method_version": "q4_amenity_hub_grid_v1", "candidate_version": "grid_250m_min_20", "candidate_status": "selected_for_workbench", "recommended_for_review": true, "cbsa_code": "27260", "market_slug": "jacksonville_fl", "amenity_hub_id": "27260_grid_250m_min_20_185", "cell_size_meters": 250, "min_pois_per_cell": 20, "cell_count": 1, "cluster_area_sq_km": 0.0625, "poi_count": 21, "category_count": 6, "sub_category_count": 16, "centroid_longitude": -81.61478612100152, "centroid_latitude": 30.253989643351783, "poi_density_per_sq_km": 336.0}}, {"type": "Feature", "geometry": {"type": "Polygon", "coordinates": [[[441000.0, 3348250.0], [441000.0, 3348500.0], [440750.0, 3348500.0], [440750.0, 3348250.0], [441000.0, 3348250.0]]]}, "properties": {"method_version": "q4_amenity_hub_grid_v1", "candidate_version": "grid_250m_min_20", "candidate_status": "selected_for_workbench", "recommended_for_review": true, "cbsa_code": "27260", "market_slug": "jacksonville_fl", "amenity_hub_id": "27260_grid_250m_min_20_186", "cell_size_meters": 250, "min_pois_per_cell": 20, "cell_count": 1, "cluster_area_sq_km": 0.0625, "poi_count": 27, "category_count": 7, "sub_category_count": 17, "centroid_longitude": -81.61429162679107, "centroid_latitude": 30.265736813154582, "poi_density_per_sq_km": 432.0}}, {"type": "Feature", "geometry": {"type": "Polygon", "coordinates": [[[441000.0, 3352250.0], [441000.0, 3352500.0], [440750.0, 3352500.0], [440750.0, 3352250.0], [441000.0, 3352250.0]]]}, "properties": {"method_version": "q4_amenity_hub_grid_v1", "candidate_version": "grid_250m_min_20", "candidate_status": "selected_for_workbench", "recommended_for_review": true, "cbsa_code": "27260", "market_slug": "jacksonville_fl", "amenity_hub_id": "27260_grid_250m_min_20_187", "cell_size_meters": 250, "min_pois_per_cell": 20, "cell_count": 1, "cluster_area_sq_km": 0.0625, "poi_count": 22, "category_count": 9, "sub_category_count": 15, "centroid_longitude": -81.61539867640168, "centroid_latitude": 30.301660529119637, "poi_density_per_sq_km": 352.0}}, {"type": "Feature", "geometry": {"type": "Polygon", "coordinates": [[[441000.0, 3347750.0], [441000.0, 3348000.0], [441250.0, 3348000.0], [441500.0, 3348000.0], [441500.0, 3347750.0], [441250.0, 3347750.0], [441000.0, 3347750.0]]]}, "properties": {"method_version": "q4_amenity_hub_grid_v1", "candidate_version": "grid_250m_min_20", "candidate_status": "selected_for_workbench", "recommended_for_review": true, "cbsa_code": "27260", "market_slug": "jacksonville_fl", "amenity_hub_id": "27260_grid_250m_min_20_188", "cell_size_meters": 250, "min_pois_per_cell": 20, "cell_count": 2, "cluster_area_sq_km": 0.125, "poi_count": 47, "category_count": 10, "sub_category_count": 18, "centroid_longitude": -81.61061745016269, "centroid_latitude": 30.26131379841737, "poi_density_per_sq_km": 376.0}}, {"type": "Feature", "geometry": {"type": "Polygon", "coordinates": [[[441500.0, 3351250.0], [441250.0, 3351250.0], [441250.0, 3351500.0], [441000.0, 3351500.0], [441000.0, 3351750.0], [441000.0, 3352000.0], [441250.0, 3352000.0], [441250.0, 3351750.0], [441500.0, 3351750.0], [441750.0, 3351750.0], [441750.0, 3351500.0], [441500.0, 3351500.0], [441500.0, 3351250.0]]]}, "properties": {"method_version": "q4_amenity_hub_grid_v1", "candidate_version": "grid_250m_min_20", "candidate_status": "selected_for_workbench", "recommended_for_review": true, "cbsa_code": "27260", "market_slug": "jacksonville_fl", "amenity_hub_id": "27260_grid_250m_min_20_189", "cell_size_meters": 250, "min_pois_per_cell": 20, "cell_count": 5, "cluster_area_sq_km": 0.3125, "poi_count": 147, "category_count": 13, "sub_category_count": 42, "centroid_longitude": -81.60999088879967, "centroid_latitude": 30.294830419029218, "poi_density_per_sq_km": 470.4}}, {"type": "Feature", "geometry": {"type": "Polygon", "coordinates": [[[441500.0, 3339250.0], [441500.0, 3339500.0], [441250.0, 3339500.0], [441250.0, 3339250.0], [441500.0, 3339250.0]]]}, "properties": {"method_version": "q4_amenity_hub_grid_v1", "candidate_version": "grid_250m_min_20", "candidate_status": "selected_for_workbench", "recommended_for_review": true, "cbsa_code": "27260", "market_slug": "jacksonville_fl", "amenity_hub_id": "27260_grid_250m_min_20_190", "cell_size_meters": 250, "min_pois_per_cell": 20, "cell_count": 1, "cluster_area_sq_km": 0.0625, "poi_count": 41, "category_count": 7, "sub_category_count": 19, "centroid_longitude": -81.60895357051807, "centroid_latitude": 30.184592068902457, "poi_density_per_sq_km": 656.0}}, {"type": "Feature", "geometry": {"type": "Polygon", "coordinates": [[[441500.0, 3349000.0], [441500.0, 3349250.0], [441250.0, 3349250.0], [441250.0, 3349000.0], [441500.0, 3349000.0]]]}, "properties": {"method_version": "q4_amenity_hub_grid_v1", "candidate_version": "grid_250m_min_20", "candidate_status": "selected_for_workbench", "recommended_for_review": true, "cbsa_code": "27260", "market_slug": "jacksonville_fl", "amenity_hub_id": "27260_grid_250m_min_20_191", "cell_size_meters": 250, "min_pois_per_cell": 20, "cell_count": 1, "cluster_area_sq_km": 0.0625, "poi_count": 32, "category_count": 7, "sub_category_count": 20, "centroid_longitude": -81.60911792446039, "centroid_latitude": 30.27252548105458, "poi_density_per_sq_km": 512.0}}, {"type": "Feature", "geometry": {"type": "Polygon", "coordinates": [[[441750.0, 3337750.0], [441750.0, 3338000.0], [441500.0, 3338000.0], [441500.0, 3337750.0], [441750.0, 3337750.0]]]}, "properties": {"method_version": "q4_amenity_hub_grid_v1", "candidate_version": "grid_250m_min_20", "candidate_status": "selected_for_workbench", "recommended_for_review": true, "cbsa_code": "27260", "market_slug": "jacksonville_fl", "amenity_hub_id": "27260_grid_250m_min_20_192", "cell_size_meters": 250, "min_pois_per_cell": 20, "cell_count": 1, "cluster_area_sq_km": 0.0625, "poi_count": 22, "category_count": 5, "sub_category_count": 13, "centroid_longitude": -81.60585157101116, "centroid_latitude": 30.171667542703712, "poi_density_per_sq_km": 352.0}}, {"type": "Feature", "geometry": {"type": "Polygon", "coordinates": [[[442000.0, 3338000.0], [441750.0, 3338000.0], [441750.0, 3338250.0], [441500.0, 3338250.0], [441500.0, 3338500.0], [441750.0, 3338500.0], [442000.0, 3338500.0], [442000.0, 3338250.0], [442000.0, 3338000.0]]]}, "properties": {"method_version": "q4_amenity_hub_grid_v1", "candidate_version": "grid_250m_min_20", "candidate_status": "selected_for_workbench", "recommended_for_review": true, "cbsa_code": "27260", "market_slug": "jacksonville_fl", "amenity_hub_id": "27260_grid_250m_min_20_193", "cell_size_meters": 250, "min_pois_per_cell": 20, "cell_count": 3, "cluster_area_sq_km": 0.1875, "poi_count": 83, "category_count": 14, "sub_category_count": 41, "centroid_longitude": -81.60459221561825, "centroid_latitude": 30.174241360265608, "poi_density_per_sq_km": 442.6666666666667}}, {"type": "Feature", "geometry": {"type": "Polygon", "coordinates": [[[441750.0, 3348000.0], [441500.0, 3348000.0], [441500.0, 3348250.0], [441500.0, 3348500.0], [441750.0, 3348500.0], [441750.0, 3348250.0], [441750.0, 3348000.0]]]}, "properties": {"method_version": "q4_amenity_hub_grid_v1", "candidate_version": "grid_250m_min_20", "candidate_status": "selected_for_workbench", "recommended_for_review": true, "cbsa_code": "27260", "market_slug": "jacksonville_fl", "amenity_hub_id": "27260_grid_250m_min_20_194", "cell_size_meters": 250, "min_pois_per_cell": 20, "cell_count": 2, "cluster_area_sq_km": 0.125, "poi_count": 59, "category_count": 11, "sub_category_count": 27, "centroid_longitude": -81.6066473665644, "centroid_latitude": 30.26484255053816, "poi_density_per_sq_km": 472.0}}, {"type": "Feature", "geometry": {"type": "Polygon", "coordinates": [[[441750.0, 3349250.0], [441750.0, 3349500.0], [441500.0, 3349500.0], [441500.0, 3349250.0], [441750.0, 3349250.0]]]}, "properties": {"method_version": "q4_amenity_hub_grid_v1", "candidate_version": "grid_250m_min_20", "candidate_status": "selected_for_workbench", "recommended_for_review": true, "cbsa_code": "27260", "market_slug": "jacksonville_fl", "amenity_hub_id": "27260_grid_250m_min_20_195", "cell_size_meters": 250, "min_pois_per_cell": 20, "cell_count": 1, "cluster_area_sq_km": 0.0625, "poi_count": 35, "category_count": 7, "sub_category_count": 19, "centroid_longitude": -81.60667599381546, "centroid_latitude": 30.274887048883862, "poi_density_per_sq_km": 560.0}}, {"type": "Feature", "geometry": {"type": "Polygon", "coordinates": [[[441500.0, 3355000.0], [441500.0, 3355250.0], [441750.0, 3355250.0], [442000.0, 3355250.0], [442000.0, 3355000.0], [441750.0, 3355000.0], [441500.0, 3355000.0]]]}, "properties": {"method_version": "q4_amenity_hub_grid_v1", "candidate_version": "grid_250m_min_20", "candidate_status": "selected_for_workbench", "recommended_for_review": true, "cbsa_code": "27260", "market_slug": "jacksonville_fl", "amenity_hub_id": "27260_grid_250m_min_20_196", "cell_size_meters": 250, "min_pois_per_cell": 20, "cell_count": 2, "cluster_area_sq_km": 0.125, "poi_count": 87, "category_count": 17, "sub_category_count": 37, "centroid_longitude": -81.6058558512216, "centroid_latitude": 30.326324453358698, "poi_density_per_sq_km": 696.0}}, {"type": "Feature", "geometry": {"type": "Polygon", "coordinates": [[[442000.0, 3337250.0], [442000.0, 3337500.0], [441750.0, 3337500.0], [441750.0, 3337250.0], [442000.0, 3337250.0]]]}, "properties": {"method_version": "q4_amenity_hub_grid_v1", "candidate_version": "grid_250m_min_20", "candidate_status": "selected_for_workbench", "recommended_for_review": true, "cbsa_code": "27260", "market_slug": "jacksonville_fl", "amenity_hub_id": "27260_grid_250m_min_20_197", "cell_size_meters": 250, "min_pois_per_cell": 20, "cell_count": 1, "cluster_area_sq_km": 0.0625, "poi_count": 22, "category_count": 9, "sub_category_count": 14, "centroid_longitude": -81.60289627941337, "centroid_latitude": 30.16608157886988, "poi_density_per_sq_km": 352.0}}, {"type": "Feature", "geometry": {"type": "Polygon", "coordinates": [[[441750.0, 3346000.0], [441750.0, 3346250.0], [441750.0, 3346500.0], [442000.0, 3346500.0], [442000.0, 3346250.0], [442250.0, 3346250.0], [442250.0, 3346000.0], [442000.0, 3346000.0], [441750.0, 3346000.0]]]}, "properties": {"method_version": "q4_amenity_hub_grid_v1", "candidate_version": "grid_250m_min_20", "candidate_status": "selected_for_workbench", "recommended_for_review": true, "cbsa_code": "27260", "market_slug": "jacksonville_fl", "amenity_hub_id": "27260_grid_250m_min_20_198", "cell_size_meters": 250, "min_pois_per_cell": 20, "cell_count": 3, "cluster_area_sq_km": 0.1875, "poi_count": 108, "category_count": 13, "sub_category_count": 32, "centroid_longitude": -81.60284672649942, "centroid_latitude": 30.246202871180778, "poi_density_per_sq_km": 576.0}}, {"type": "Feature", "geometry": {"type": "Polygon", "coordinates": [[[442000.0, 3349500.0], [442000.0, 3349750.0], [441750.0, 3349750.0], [441750.0, 3349500.0], [442000.0, 3349500.0]]]}, "properties": {"method_version": "q4_amenity_hub_grid_v1", "candidate_version": "grid_250m_min_20", "candidate_status": "selected_for_workbench", "recommended_for_review": true, "cbsa_code": "27260", "market_slug": "jacksonville_fl", "amenity_hub_id": "27260_grid_250m_min_20_199", "cell_size_meters": 250, "min_pois_per_cell": 20, "cell_count": 1, "cluster_area_sq_km": 0.0625, "poi_count": 42, "category_count": 8, "sub_category_count": 21, "centroid_longitude": -81.6044507083329, "centroid_latitude": 30.276772580290714, "poi_density_per_sq_km": 672.0}}, {"type": "Feature", "geometry": {"type": "Polygon", "coordinates": [[[442250.0, 3349750.0], [442000.0, 3349750.0], [442000.0, 3350000.0], [441750.0, 3350000.0], [441750.0, 3350250.0], [442000.0, 3350250.0], [442000.0, 3350500.0], [442250.0, 3350500.0], [442250.0, 3350250.0], [442250.0, 3350000.0], [442250.0, 3349750.0]]]}, "properties": {"method_version": "q4_amenity_hub_grid_v1", "candidate_version": "grid_250m_min_20", "candidate_status": "selected_for_workbench", "recommended_for_review": true, "cbsa_code": "27260", "market_slug": "jacksonville_fl", "amenity_hub_id": "27260_grid_250m_min_20_200", "cell_size_meters": 250, "min_pois_per_cell": 20, "cell_count": 4, "cluster_area_sq_km": 0.25, "poi_count": 175, "category_count": 11, "sub_category_count": 33, "centroid_longitude": -81.6020044398267, "centroid_latitude": 30.281528634448133, "poi_density_per_sq_km": 700.0}}, {"type": "Feature", "geometry": {"type": "Polygon", "coordinates": [[[442000.0, 3350750.0], [442000.0, 3351000.0], [442000.0, 3351250.0], [441750.0, 3351250.0], [441750.0, 3351500.0], [442000.0, 3351500.0], [442000.0, 3351750.0], [442250.0, 3351750.0], [442250.0, 3351500.0], [442250.0, 3351250.0], [442500.0, 3351250.0], [442500.0, 3351000.0], [442250.0, 3351000.0], [442250.0, 3350750.0], [442000.0, 3350750.0]]]}, "properties": {"method_version": "q4_amenity_hub_grid_v1", "candidate_version": "grid_250m_min_20", "candidate_status": "selected_for_workbench", "recommended_for_review": true, "cbsa_code": "27260", "market_slug": "jacksonville_fl", "amenity_hub_id": "27260_grid_250m_min_20_201", "cell_size_meters": 250, "min_pois_per_cell": 20, "cell_count": 6, "cluster_area_sq_km": 0.375, "poi_count": 345, "category_count": 15, "sub_category_count": 49, "centroid_longitude": -81.60177313858135, "centroid_latitude": 30.290303002554086, "poi_density_per_sq_km": 920.0}}, {"type": "Feature", "geometry": {"type": "Polygon", "coordinates": [[[442000.0, 3359000.0], [441750.0, 3359000.0], [441750.0, 3359250.0], [441750.0, 3359500.0], [442000.0, 3359500.0], [442000.0, 3359250.0], [442000.0, 3359000.0]]]}, "properties": {"method_version": "q4_amenity_hub_grid_v1", "candidate_version": "grid_250m_min_20", "candidate_status": "selected_for_workbench", "recommended_for_review": true, "cbsa_code": "27260", "market_slug": "jacksonville_fl", "amenity_hub_id": "27260_grid_250m_min_20_202", "cell_size_meters": 250, "min_pois_per_cell": 20, "cell_count": 2, "cluster_area_sq_km": 0.125, "poi_count": 48, "category_count": 10, "sub_category_count": 28, "centroid_longitude": -81.60516949405739, "centroid_latitude": 30.363881844481025, "poi_density_per_sq_km": 384.0}}, {"type": "Feature", "geometry": {"type": "Polygon", "coordinates": [[[442000.0, 3372500.0], [442000.0, 3372750.0], [441750.0, 3372750.0], [441750.0, 3372500.0], [442000.0, 3372500.0]]]}, "properties": {"method_version": "q4_amenity_hub_grid_v1", "candidate_version": "grid_250m_min_20", "candidate_status": "selected_for_workbench", "recommended_for_review": true, "cbsa_code": "27260", "market_slug": "jacksonville_fl", "amenity_hub_id": "27260_grid_250m_min_20_203", "cell_size_meters": 250, "min_pois_per_cell": 20, "cell_count": 1, "cluster_area_sq_km": 0.0625, "poi_count": 54, "category_count": 11, "sub_category_count": 29, "centroid_longitude": -81.60494573455499, "centroid_latitude": 30.48510529193412, "poi_density_per_sq_km": 864.0}}, {"type": "Feature", "geometry": {"type": "Polygon", "coordinates": [[[442250.0, 3337000.0], [442250.0, 3337250.0], [442000.0, 3337250.0], [442000.0, 3337000.0], [442250.0, 3337000.0]]]}, "properties": {"method_version": "q4_amenity_hub_grid_v1", "candidate_version": "grid_250m_min_20", "candidate_status": "selected_for_workbench", "recommended_for_review": true, "cbsa_code": "27260", "market_slug": "jacksonville_fl", "amenity_hub_id": "27260_grid_250m_min_20_204", "cell_size_meters": 250, "min_pois_per_cell": 20, "cell_count": 1, "cluster_area_sq_km": 0.0625, "poi_count": 29, "category_count": 9, "sub_category_count": 20, "centroid_longitude": -81.60051703001147, "centroid_latitude": 30.164257015879315, "poi_density_per_sq_km": 464.0}}, {"type": "Feature", "geometry": {"type": "Polygon", "coordinates": [[[442250.0, 3344500.0], [442250.0, 3344750.0], [442000.0, 3344750.0], [442000.0, 3344500.0], [442250.0, 3344500.0]]]}, "properties": {"method_version": "q4_amenity_hub_grid_v1", "candidate_version": "grid_250m_min_20", "candidate_status": "selected_for_workbench", "recommended_for_review": true, "cbsa_code": "27260", "market_slug": "jacksonville_fl", "amenity_hub_id": "27260_grid_250m_min_20_205", "cell_size_meters": 250, "min_pois_per_cell": 20, "cell_count": 1, "cluster_area_sq_km": 0.0625, "poi_count": 26, "category_count": 7, "sub_category_count": 13, "centroid_longitude": -81.60235727838842, "centroid_latitude": 30.2324892056195, "poi_density_per_sq_km": 416.0}}, {"type": "Feature", "geometry": {"type": "Polygon", "coordinates": [[[442500.0, 3355500.0], [442500.0, 3355750.0], [442250.0, 3355750.0], [442000.0, 3355750.0], [442000.0, 3356000.0], [442000.0, 3356250.0], [442000.0, 3356500.0], [442250.0, 3356500.0], [442250.0, 3356250.0], [442500.0, 3356250.0], [442750.0, 3356250.0], [442750.0, 3356000.0], [442750.0, 3355750.0], [442750.0, 3355500.0], [442750.0, 3355250.0], [442500.0, 3355250.0], [442500.0, 3355500.0]]]}, "properties": {"method_version": "q4_amenity_hub_grid_v1", "candidate_version": "grid_250m_min_20", "candidate_status": "selected_for_workbench", "recommended_for_review": true, "cbsa_code": "27260", "market_slug": "jacksonville_fl", "amenity_hub_id": "27260_grid_250m_min_20_206", "cell_size_meters": 250, "min_pois_per_cell": 20, "cell_count": 9, "cluster_area_sq_km": 0.5625, "poi_count": 308, "category_count": 15, "sub_category_count": 59, "centroid_longitude": -81.5991872162504, "centroid_latitude": 30.3338814989056, "poi_density_per_sq_km": 547.5555555555555}}, {"type": "Feature", "geometry": {"type": "Polygon", "coordinates": [[[442250.0, 3356750.0], [442250.0, 3357000.0], [442000.0, 3357000.0], [442000.0, 3356750.0], [442250.0, 3356750.0]]]}, "properties": {"method_version": "q4_amenity_hub_grid_v1", "candidate_version": "grid_250m_min_20", "candidate_status": "selected_for_workbench", "recommended_for_review": true, "cbsa_code": "27260", "market_slug": "jacksonville_fl", "amenity_hub_id": "27260_grid_250m_min_20_207", "cell_size_meters": 250, "min_pois_per_cell": 20, "cell_count": 1, "cluster_area_sq_km": 0.0625, "poi_count": 21, "category_count": 7, "sub_category_count": 13, "centroid_longitude": -81.6026615630309, "centroid_latitude": 30.34230968365705, "poi_density_per_sq_km": 336.0}}, {"type": "Feature", "geometry": {"type": "Polygon", "coordinates": [[[442500.0, 3341750.0], [442500.0, 3342000.0], [442250.0, 3342000.0], [442250.0, 3341750.0], [442500.0, 3341750.0]]]}, "properties": {"method_version": "q4_amenity_hub_grid_v1", "candidate_version": "grid_250m_min_20", "candidate_status": "selected_for_workbench", "recommended_for_review": true, "cbsa_code": "27260", "market_slug": "jacksonville_fl", "amenity_hub_id": "27260_grid_250m_min_20_208", "cell_size_meters": 250, "min_pois_per_cell": 20, "cell_count": 1, "cluster_area_sq_km": 0.0625, "poi_count": 36, "category_count": 7, "sub_category_count": 17, "centroid_longitude": -81.59912856925945, "centroid_latitude": 30.206899062477223, "poi_density_per_sq_km": 576.0}}, {"type": "Feature", "geometry": {"type": "Polygon", "coordinates": [[[442500.0, 3345750.0], [442500.0, 3346000.0], [442250.0, 3346000.0], [442250.0, 3345750.0], [442500.0, 3345750.0]]]}, "properties": {"method_version": "q4_amenity_hub_grid_v1", "candidate_version": "grid_250m_min_20", "candidate_status": "selected_for_workbench", "recommended_for_review": true, "cbsa_code": "27260", "market_slug": "jacksonville_fl", "amenity_hub_id": "27260_grid_250m_min_20_209", "cell_size_meters": 250, "min_pois_per_cell": 20, "cell_count": 1, "cluster_area_sq_km": 0.0625, "poi_count": 23, "category_count": 4, "sub_category_count": 6, "centroid_longitude": -81.59855381522512, "centroid_latitude": 30.24300790524983, "poi_density_per_sq_km": 368.0}}, {"type": "Feature", "geometry": {"type": "Polygon", "coordinates": [[[442500.0, 3353250.0], [442250.0, 3353250.0], [442250.0, 3353500.0], [442250.0, 3353750.0], [442500.0, 3353750.0], [442500.0, 3353500.0], [442500.0, 3353250.0]]]}, "properties": {"method_version": "q4_amenity_hub_grid_v1", "candidate_version": "grid_250m_min_20", "candidate_status": "selected_for_workbench", "recommended_for_review": true, "cbsa_code": "27260", "market_slug": "jacksonville_fl", "amenity_hub_id": "27260_grid_250m_min_20_210", "cell_size_meters": 250, "min_pois_per_cell": 20, "cell_count": 2, "cluster_area_sq_km": 0.125, "poi_count": 51, "category_count": 9, "sub_category_count": 27, "centroid_longitude": -81.59956476824743, "centroid_latitude": 30.311907187987035, "poi_density_per_sq_km": 408.0}}, {"type": "Feature", "geometry": {"type": "Polygon", "coordinates": [[[442500.0, 3389000.0], [442500.0, 3389250.0], [442250.0, 3389250.0], [442250.0, 3389000.0], [442500.0, 3389000.0]]]}, "properties": {"method_version": "q4_amenity_hub_grid_v1", "candidate_version": "grid_250m_min_20", "candidate_status": "selected_for_workbench", "recommended_for_review": true, "cbsa_code": "27260", "market_slug": "jacksonville_fl", "amenity_hub_id": "27260_grid_250m_min_20_211", "cell_size_meters": 250, "min_pois_per_cell": 20, "cell_count": 1, "cluster_area_sq_km": 0.0625, "poi_count": 25, "category_count": 7, "sub_category_count": 20, "centroid_longitude": -81.60102450353004, "centroid_latitude": 30.63296760668555, "poi_density_per_sq_km": 400.0}}, {"type": "Feature", "geometry": {"type": "Polygon", "coordinates": [[[442750.0, 3345500.0], [442750.0, 3345750.0], [442500.0, 3345750.0], [442500.0, 3345500.0], [442750.0, 3345500.0]]]}, "properties": {"method_version": "q4_amenity_hub_grid_v1", "candidate_version": "grid_250m_min_20", "candidate_status": "selected_for_workbench", "recommended_for_review": true, "cbsa_code": "27260", "market_slug": "jacksonville_fl", "amenity_hub_id": "27260_grid_250m_min_20_212", "cell_size_meters": 250, "min_pois_per_cell": 20, "cell_count": 1, "cluster_area_sq_km": 0.0625, "poi_count": 53, "category_count": 6, "sub_category_count": 17, "centroid_longitude": -81.59594787113049, "centroid_latitude": 30.241548209415413, "poi_density_per_sq_km": 848.0}}, {"type": "Feature", "geometry": {"type": "Polygon", "coordinates": [[[442750.0, 3346250.0], [442750.0, 3346500.0], [442500.0, 3346500.0], [442500.0, 3346250.0], [442750.0, 3346250.0]]]}, "properties": {"method_version": "q4_amenity_hub_grid_v1", "candidate_version": "grid_250m_min_20", "candidate_status": "selected_for_workbench", "recommended_for_review": true, "cbsa_code": "27260", "market_slug": "jacksonville_fl", "amenity_hub_id": "27260_grid_250m_min_20_213", "cell_size_meters": 250, "min_pois_per_cell": 20, "cell_count": 1, "cluster_area_sq_km": 0.0625, "poi_count": 32, "category_count": 8, "sub_category_count": 14, "centroid_longitude": -81.59726673428446, "centroid_latitude": 30.247096336096146, "poi_density_per_sq_km": 512.0}}, {"type": "Feature", "geometry": {"type": "Polygon", "coordinates": [[[443000.0, 3346500.0], [443000.0, 3346750.0], [442750.0, 3346750.0], [442750.0, 3347000.0], [442500.0, 3347000.0], [442500.0, 3347250.0], [442750.0, 3347250.0], [443000.0, 3347250.0], [443000.0, 3347500.0], [443250.0, 3347500.0], [443250.0, 3347750.0], [443250.0, 3348000.0], [443500.0, 3348000.0], [443500.0, 3347750.0], [443500.0, 3347500.0], [443750.0, 3347500.0], [443750.0, 3347750.0], [444000.0, 3347750.0], [444000.0, 3347500.0], [444000.0, 3347250.0], [444250.0, 3347250.0], [444500.0, 3347250.0], [444500.0, 3347000.0], [444250.0, 3347000.0], [444250.0, 3346750.0], [444000.0, 3346750.0], [444000.0, 3346500.0], [443750.0, 3346500.0], [443500.0, 3346500.0], [443250.0, 3346500.0], [443000.0, 3346500.0]], [[444000.0, 3347000.0], [443750.0, 3347000.0], [443500.0, 3347000.0], [443500.0, 3346750.0], [443750.0, 3346750.0], [444000.0, 3346750.0], [444000.0, 3347000.0]], [[443500.0, 3347250.0], [443250.0, 3347250.0], [443250.0, 3347000.0], [443500.0, 3347000.0], [443500.0, 3347250.0]]]}, "properties": {"method_version": "q4_amenity_hub_grid_v1", "candidate_version": "grid_250m_min_20", "candidate_status": "selected_for_workbench", "recommended_for_review": true, "cbsa_code": "27260", "market_slug": "jacksonville_fl", "amenity_hub_id": "27260_grid_250m_min_20_214", "cell_size_meters": 250, "min_pois_per_cell": 20, "cell_count": 22, "cluster_area_sq_km": 1.375, "poi_count": 969, "category_count": 18, "sub_category_count": 58, "centroid_longitude": -81.58770977672107, "centroid_latitude": 30.254155304115454, "poi_density_per_sq_km": 704.7272727272727}}, {"type": "Feature", "geometry": {"type": "Polygon", "coordinates": [[[442750.0, 3348000.0], [442750.0, 3348250.0], [442500.0, 3348250.0], [442500.0, 3348000.0], [442750.0, 3348000.0]]]}, "properties": {"method_version": "q4_amenity_hub_grid_v1", "candidate_version": "grid_250m_min_20", "candidate_status": "selected_for_workbench", "recommended_for_review": true, "cbsa_code": "27260", "market_slug": "jacksonville_fl", "amenity_hub_id": "27260_grid_250m_min_20_215", "cell_size_meters": 250, "min_pois_per_cell": 20, "cell_count": 1, "cluster_area_sq_km": 0.0625, "poi_count": 29, "category_count": 9, "sub_category_count": 17, "centroid_longitude": -81.59690182095667, "centroid_latitude": 30.2638274912719, "poi_density_per_sq_km": 464.0}}, {"type": "Feature", "geometry": {"type": "Polygon", "coordinates": [[[442750.0, 3354750.0], [442750.0, 3355000.0], [442500.0, 3355000.0], [442500.0, 3354750.0], [442750.0, 3354750.0]]]}, "properties": {"method_version": "q4_amenity_hub_grid_v1", "candidate_version": "grid_250m_min_20", "candidate_status": "selected_for_workbench", "recommended_for_review": true, "cbsa_code": "27260", "market_slug": "jacksonville_fl", "amenity_hub_id": "27260_grid_250m_min_20_216", "cell_size_meters": 250, "min_pois_per_cell": 20, "cell_count": 1, "cluster_area_sq_km": 0.0625, "poi_count": 20, "category_count": 5, "sub_category_count": 12, "centroid_longitude": -81.5971528215399, "centroid_latitude": 30.32457945466472, "poi_density_per_sq_km": 320.0}}, {"type": "Feature", "geometry": {"type": "Polygon", "coordinates": [[[442750.0, 3357500.0], [442500.0, 3357500.0], [442500.0, 3357750.0], [442500.0, 3358000.0], [442750.0, 3358000.0], [443000.0, 3358000.0], [443000.0, 3357750.0], [442750.0, 3357750.0], [442750.0, 3357500.0]]]}, "properties": {"method_version": "q4_amenity_hub_grid_v1", "candidate_version": "grid_250m_min_20", "candidate_status": "selected_for_workbench", "recommended_for_review": true, "cbsa_code": "27260", "market_slug": "jacksonville_fl", "amenity_hub_id": "27260_grid_250m_min_20_217", "cell_size_meters": 250, "min_pois_per_cell": 20, "cell_count": 3, "cluster_area_sq_km": 0.1875, "poi_count": 87, "category_count": 13, "sub_category_count": 28, "centroid_longitude": -81.5961746466372, "centroid_latitude": 30.35104666873374, "poi_density_per_sq_km": 464.0}}, {"type": "Feature", "geometry": {"type": "Polygon", "coordinates": [[[442750.0, 3359500.0], [442750.0, 3359750.0], [442500.0, 3359750.0], [442500.0, 3359500.0], [442750.0, 3359500.0]]]}, "properties": {"method_version": "q4_amenity_hub_grid_v1", "candidate_version": "grid_250m_min_20", "candidate_status": "selected_for_workbench", "recommended_for_review": true, "cbsa_code": "27260", "market_slug": "jacksonville_fl", "amenity_hub_id": "27260_grid_250m_min_20_218", "cell_size_meters": 250, "min_pois_per_cell": 20, "cell_count": 1, "cluster_area_sq_km": 0.0625, "poi_count": 22, "category_count": 5, "sub_category_count": 9, "centroid_longitude": -81.59722643084298, "centroid_latitude": 30.3667541625589, "poi_density_per_sq_km": 352.0}}, {"type": "Feature", "geometry": {"type": "Polygon", "coordinates": [[[443000.0, 3341500.0], [442750.0, 3341500.0], [442750.0, 3341750.0], [442750.0, 3342000.0], [443000.0, 3342000.0], [443000.0, 3341750.0], [443000.0, 3341500.0]]]}, "properties": {"method_version": "q4_amenity_hub_grid_v1", "candidate_version": "grid_250m_min_20", "candidate_status": "selected_for_workbench", "recommended_for_review": true, "cbsa_code": "27260", "market_slug": "jacksonville_fl", "amenity_hub_id": "27260_grid_250m_min_20_219", "cell_size_meters": 250, "min_pois_per_cell": 20, "cell_count": 2, "cluster_area_sq_km": 0.125, "poi_count": 40, "category_count": 6, "sub_category_count": 14, "centroid_longitude": -81.59346134164964, "centroid_latitude": 30.206155437498428, "poi_density_per_sq_km": 320.0}}, {"type": "Feature", "geometry": {"type": "Polygon", "coordinates": [[[442750.0, 3343500.0], [442750.0, 3343750.0], [443000.0, 3343750.0], [443250.0, 3343750.0], [443250.0, 3343500.0], [443250.0, 3343250.0], [443000.0, 3343250.0], [442750.0, 3343250.0], [442750.0, 3343500.0]]]}, "properties": {"method_version": "q4_amenity_hub_grid_v1", "candidate_version": "grid_250m_min_20", "candidate_status": "selected_for_workbench", "recommended_for_review": true, "cbsa_code": "27260", "market_slug": "jacksonville_fl", "amenity_hub_id": "27260_grid_250m_min_20_220", "cell_size_meters": 250, "min_pois_per_cell": 20, "cell_count": 4, "cluster_area_sq_km": 0.25, "poi_count": 132, "category_count": 11, "sub_category_count": 37, "centroid_longitude": -81.59232873604633, "centroid_latitude": 30.222022014043777, "poi_density_per_sq_km": 528.0}}, {"type": "Feature", "geometry": {"type": "Polygon", "coordinates": [[[442750.0, 3351000.0], [442750.0, 3351250.0], [443000.0, 3351250.0], [443250.0, 3351250.0], [443250.0, 3351000.0], [443000.0, 3351000.0], [442750.0, 3351000.0]]]}, "properties": {"method_version": "q4_amenity_hub_grid_v1", "candidate_version": "grid_250m_min_20", "candidate_status": "selected_for_workbench", "recommended_for_review": true, "cbsa_code": "27260", "market_slug": "jacksonville_fl", "amenity_hub_id": "27260_grid_250m_min_20_221", "cell_size_meters": 250, "min_pois_per_cell": 20, "cell_count": 2, "cluster_area_sq_km": 0.125, "poi_count": 69, "category_count": 13, "sub_category_count": 34, "centroid_longitude": -81.59295606532642, "centroid_latitude": 30.290121856289787, "poi_density_per_sq_km": 552.0}}, {"type": "Feature", "geometry": {"type": "Polygon", "coordinates": [[[443250.0, 3331250.0], [443250.0, 3331500.0], [443000.0, 3331500.0], [443000.0, 3331250.0], [443250.0, 3331250.0]]]}, "properties": {"method_version": "q4_amenity_hub_grid_v1", "candidate_version": "grid_250m_min_20", "candidate_status": "selected_for_workbench", "recommended_for_review": true, "cbsa_code": "27260", "market_slug": "jacksonville_fl", "amenity_hub_id": "27260_grid_250m_min_20_222", "cell_size_meters": 250, "min_pois_per_cell": 20, "cell_count": 1, "cluster_area_sq_km": 0.0625, "poi_count": 24, "category_count": 8, "sub_category_count": 13, "centroid_longitude": -81.59015484013504, "centroid_latitude": 30.112907181944436, "poi_density_per_sq_km": 384.0}}, {"type": "Feature", "geometry": {"type": "Polygon", "coordinates": [[[443250.0, 3344500.0], [443250.0, 3344750.0], [443000.0, 3344750.0], [443000.0, 3344500.0], [443250.0, 3344500.0]]]}, "properties": {"method_version": "q4_amenity_hub_grid_v1", "candidate_version": "grid_250m_min_20", "candidate_status": "selected_for_workbench", "recommended_for_review": true, "cbsa_code": "27260", "market_slug": "jacksonville_fl", "amenity_hub_id": "27260_grid_250m_min_20_223", "cell_size_meters": 250, "min_pois_per_cell": 20, "cell_count": 1, "cluster_area_sq_km": 0.0625, "poi_count": 31, "category_count": 9, "sub_category_count": 16, "centroid_longitude": -81.59066244810734, "centroid_latitude": 30.231410909844733, "poi_density_per_sq_km": 496.0}}, {"type": "Feature", "geometry": {"type": "Polygon", "coordinates": [[[443000.0, 3355500.0], [443250.0, 3355500.0], [443500.0, 3355500.0], [443500.0, 3355750.0], [443750.0, 3355750.0], [443750.0, 3355500.0], [443750.0, 3355250.0], [443500.0, 3355250.0], [443250.0, 3355250.0], [443000.0, 3355250.0], [443000.0, 3355500.0]]]}, "properties": {"method_version": "q4_amenity_hub_grid_v1", "candidate_version": "grid_250m_min_20", "candidate_status": "selected_for_workbench", "recommended_for_review": true, "cbsa_code": "27260", "market_slug": "jacksonville_fl", "amenity_hub_id": "27260_grid_250m_min_20_224", "cell_size_meters": 250, "min_pois_per_cell": 20, "cell_count": 4, "cluster_area_sq_km": 0.25, "poi_count": 108, "category_count": 17, "sub_category_count": 42, "centroid_longitude": -81.58817144424664, "centroid_latitude": 30.329377053723956, "poi_density_per_sq_km": 432.0}}, {"type": "Feature", "geometry": {"type": "Polygon", "coordinates": [[[443500.0, 3343750.0], [443500.0, 3344000.0], [443250.0, 3344000.0], [443250.0, 3343750.0], [443500.0, 3343750.0]]]}, "properties": {"method_version": "q4_amenity_hub_grid_v1", "candidate_version": "grid_250m_min_20", "candidate_status": "selected_for_workbench", "recommended_for_review": true, "cbsa_code": "27260", "market_slug": "jacksonville_fl", "amenity_hub_id": "27260_grid_250m_min_20_225", "cell_size_meters": 250, "min_pois_per_cell": 20, "cell_count": 1, "cluster_area_sq_km": 0.0625, "poi_count": 26, "category_count": 7, "sub_category_count": 15, "centroid_longitude": -81.58767490633257, "centroid_latitude": 30.22536671647492, "poi_density_per_sq_km": 416.0}}, {"type": "Feature", "geometry": {"type": "Polygon", "coordinates": [[[443500.0, 3346000.0], [443500.0, 3346250.0], [443250.0, 3346250.0], [443250.0, 3346000.0], [443500.0, 3346000.0]]]}, "properties": {"method_version": "q4_amenity_hub_grid_v1", "candidate_version": "grid_250m_min_20", "candidate_status": "selected_for_workbench", "recommended_for_review": true, "cbsa_code": "27260", "market_slug": "jacksonville_fl", "amenity_hub_id": "27260_grid_250m_min_20_226", "cell_size_meters": 250, "min_pois_per_cell": 20, "cell_count": 1, "cluster_area_sq_km": 0.0625, "poi_count": 65, "category_count": 12, "sub_category_count": 24, "centroid_longitude": -81.58894104059927, "centroid_latitude": 30.245289684748155, "poi_density_per_sq_km": 1040.0}}, {"type": "Feature", "geometry": {"type": "Polygon", "coordinates": [[[443500.0, 3355750.0], [443500.0, 3356000.0], [443250.0, 3356000.0], [443250.0, 3355750.0], [443500.0, 3355750.0]]]}, "properties": {"method_version": "q4_amenity_hub_grid_v1", "candidate_version": "grid_250m_min_20", "candidate_status": "selected_for_workbench", "recommended_for_review": true, "cbsa_code": "27260", "market_slug": "jacksonville_fl", "amenity_hub_id": "27260_grid_250m_min_20_227", "cell_size_meters": 250, "min_pois_per_cell": 20, "cell_count": 1, "cluster_area_sq_km": 0.0625, "poi_count": 31, "category_count": 8, "sub_category_count": 17, "centroid_longitude": -81.58872431189076, "centroid_latitude": 30.332970520793047, "poi_density_per_sq_km": 496.0}}, {"type": "Feature", "geometry": {"type": "Polygon", "coordinates": [[[444000.0, 3342000.0], [443750.0, 3342000.0], [443500.0, 3342000.0], [443500.0, 3342250.0], [443750.0, 3342250.0], [444000.0, 3342250.0], [444250.0, 3342250.0], [444250.0, 3342000.0], [444250.0, 3341750.0], [444000.0, 3341750.0], [444000.0, 3342000.0]]]}, "properties": {"method_version": "q4_amenity_hub_grid_v1", "candidate_version": "grid_250m_min_20", "candidate_status": "selected_for_workbench", "recommended_for_review": true, "cbsa_code": "27260", "market_slug": "jacksonville_fl", "amenity_hub_id": "27260_grid_250m_min_20_228", "cell_size_meters": 250, "min_pois_per_cell": 20, "cell_count": 4, "cluster_area_sq_km": 0.25, "poi_count": 104, "category_count": 11, "sub_category_count": 26, "centroid_longitude": -81.58251815519598, "centroid_latitude": 30.208774551531512, "poi_density_per_sq_km": 416.0}}, {"type": "Feature", "geometry": {"type": "Polygon", "coordinates": [[[444000.0, 3343000.0], [443750.0, 3343000.0], [443750.0, 3343250.0], [443500.0, 3343250.0], [443500.0, 3343500.0], [443500.0, 3343750.0], [443750.0, 3343750.0], [443750.0, 3343500.0], [444000.0, 3343500.0], [444000.0, 3343750.0], [444250.0, 3343750.0], [444250.0, 3343500.0], [444500.0, 3343500.0], [444500.0, 3343250.0], [444250.0, 3343250.0], [444250.0, 3343000.0], [444000.0, 3343000.0]]]}, "properties": {"method_version": "q4_amenity_hub_grid_v1", "candidate_version": "grid_250m_min_20", "candidate_status": "selected_for_workbench", "recommended_for_review": true, "cbsa_code": "27260", "market_slug": "jacksonville_fl", "amenity_hub_id": "27260_grid_250m_min_20_229", "cell_size_meters": 250, "min_pois_per_cell": 20, "cell_count": 8, "cluster_area_sq_km": 0.5, "poi_count": 356, "category_count": 15, "sub_category_count": 56, "centroid_longitude": -81.58304695292097, "centroid_latitude": 30.220544058202147, "poi_density_per_sq_km": 712.0}}, {"type": "Feature", "geometry": {"type": "Polygon", "coordinates": [[[443750.0, 3345750.0], [443750.0, 3346000.0], [443500.0, 3346000.0], [443500.0, 3345750.0], [443750.0, 3345750.0]]]}, "properties": {"method_version": "q4_amenity_hub_grid_v1", "candidate_version": "grid_250m_min_20", "candidate_status": "selected_for_workbench", "recommended_for_review": true, "cbsa_code": "27260", "market_slug": "jacksonville_fl", "amenity_hub_id": "27260_grid_250m_min_20_230", "cell_size_meters": 250, "min_pois_per_cell": 20, "cell_count": 1, "cluster_area_sq_km": 0.0625, "poi_count": 34, "category_count": 8, "sub_category_count": 18, "centroid_longitude": -81.58582561913393, "centroid_latitude": 30.243303951995728, "poi_density_per_sq_km": 544.0}}, {"type": "Feature", "geometry": {"type": "Polygon", "coordinates": [[[443750.0, 3350750.0], [443750.0, 3351000.0], [443500.0, 3351000.0], [443500.0, 3350750.0], [443750.0, 3350750.0]]]}, "properties": {"method_version": "q4_amenity_hub_grid_v1", "candidate_version": "grid_250m_min_20", "candidate_status": "selected_for_workbench", "recommended_for_review": true, "cbsa_code": "27260", "market_slug": "jacksonville_fl", "amenity_hub_id": "27260_grid_250m_min_20_231", "cell_size_meters": 250, "min_pois_per_cell": 20, "cell_count": 1, "cluster_area_sq_km": 0.0625, "poi_count": 41, "category_count": 11, "sub_category_count": 17, "centroid_longitude": -81.5857850325305, "centroid_latitude": 30.288570805281267, "poi_density_per_sq_km": 656.0}}, {"type": "Feature", "geometry": {"type": "Polygon", "coordinates": [[[444250.0, 3353500.0], [444000.0, 3353500.0], [443750.0, 3353500.0], [443500.0, 3353500.0], [443500.0, 3353750.0], [443750.0, 3353750.0], [444000.0, 3353750.0], [444250.0, 3353750.0], [444500.0, 3353750.0], [444500.0, 3353500.0], [444500.0, 3353250.0], [444250.0, 3353250.0], [444250.0, 3353500.0]]]}, "properties": {"method_version": "q4_amenity_hub_grid_v1", "candidate_version": "grid_250m_min_20", "candidate_status": "selected_for_workbench", "recommended_for_review": true, "cbsa_code": "27260", "market_slug": "jacksonville_fl", "amenity_hub_id": "27260_grid_250m_min_20_232", "cell_size_meters": 250, "min_pois_per_cell": 20, "cell_count": 5, "cluster_area_sq_km": 0.3125, "poi_count": 134, "category_count": 13, "sub_category_count": 43, "centroid_longitude": -81.58159933640893, "centroid_latitude": 30.31271571347563, "poi_density_per_sq_km": 428.8}}, {"type": "Feature", "geometry": {"type": "Polygon", "coordinates": [[[444000.0, 3341500.0], [444000.0, 3341750.0], [443750.0, 3341750.0], [443750.0, 3341500.0], [444000.0, 3341500.0]]]}, "properties": {"method_version": "q4_amenity_hub_grid_v1", "candidate_version": "grid_250m_min_20", "candidate_status": "selected_for_workbench", "recommended_for_review": true, "cbsa_code": "27260", "market_slug": "jacksonville_fl", "amenity_hub_id": "27260_grid_250m_min_20_233", "cell_size_meters": 250, "min_pois_per_cell": 20, "cell_count": 1, "cluster_area_sq_km": 0.0625, "poi_count": 28, "category_count": 7, "sub_category_count": 15, "centroid_longitude": -81.58267261765626, "centroid_latitude": 30.205519571543714, "poi_density_per_sq_km": 448.0}}, {"type": "Feature", "geometry": {"type": "Polygon", "coordinates": [[[444250.0, 3344000.0], [444000.0, 3344000.0], [444000.0, 3344250.0], [444000.0, 3344500.0], [444250.0, 3344500.0], [444500.0, 3344500.0], [444500.0, 3344250.0], [444250.0, 3344250.0], [444250.0, 3344000.0]]]}, "properties": {"method_version": "q4_amenity_hub_grid_v1", "candidate_version": "grid_250m_min_20", "candidate_status": "selected_for_workbench", "recommended_for_review": true, "cbsa_code": "27260", "market_slug": "jacksonville_fl", "amenity_hub_id": "27260_grid_250m_min_20_234", "cell_size_meters": 250, "min_pois_per_cell": 20, "cell_count": 3, "cluster_area_sq_km": 0.1875, "poi_count": 104, "category_count": 13, "sub_category_count": 31, "centroid_longitude": -81.58042378588517, "centroid_latitude": 30.228563613606955, "poi_density_per_sq_km": 554.6666666666666}}, {"type": "Feature", "geometry": {"type": "Polygon", "coordinates": [[[444000.0, 3350750.0], [444250.0, 3350750.0], [444250.0, 3351000.0], [444500.0, 3351000.0], [444750.0, 3351000.0], [444750.0, 3350750.0], [444500.0, 3350750.0], [444500.0, 3350500.0], [444250.0, 3350500.0], [444000.0, 3350500.0], [444000.0, 3350750.0]]]}, "properties": {"method_version": "q4_amenity_hub_grid_v1", "candidate_version": "grid_250m_min_20", "candidate_status": "selected_for_workbench", "recommended_for_review": true, "cbsa_code": "27260", "market_slug": "jacksonville_fl", "amenity_hub_id": "27260_grid_250m_min_20_235", "cell_size_meters": 250, "min_pois_per_cell": 20, "cell_count": 4, "cluster_area_sq_km": 0.25, "poi_count": 103, "category_count": 14, "sub_category_count": 39, "centroid_longitude": -81.57822716022521, "centroid_latitude": 30.287314369751964, "poi_density_per_sq_km": 412.0}}, {"type": "Feature", "geometry": {"type": "Polygon", "coordinates": [[[444250.0, 3357750.0], [444000.0, 3357750.0], [444000.0, 3358000.0], [444000.0, 3358250.0], [444250.0, 3358250.0], [444250.0, 3358000.0], [444250.0, 3357750.0]]]}, "properties": {"method_version": "q4_amenity_hub_grid_v1", "candidate_version": "grid_250m_min_20", "candidate_status": "selected_for_workbench", "recommended_for_review": true, "cbsa_code": "27260", "market_slug": "jacksonville_fl", "amenity_hub_id": "27260_grid_250m_min_20_236", "cell_size_meters": 250, "min_pois_per_cell": 20, "cell_count": 2, "cluster_area_sq_km": 0.125, "poi_count": 61, "category_count": 13, "sub_category_count": 32, "centroid_longitude": -81.58097868699292, "centroid_latitude": 30.352888510579835, "poi_density_per_sq_km": 488.0}}, {"type": "Feature", "geometry": {"type": "Polygon", "coordinates": [[[444500.0, 3339750.0], [444500.0, 3340000.0], [444250.0, 3340000.0], [444250.0, 3339750.0], [444500.0, 3339750.0]]]}, "properties": {"method_version": "q4_amenity_hub_grid_v1", "candidate_version": "grid_250m_min_20", "candidate_status": "selected_for_workbench", "recommended_for_review": true, "cbsa_code": "27260", "market_slug": "jacksonville_fl", "amenity_hub_id": "27260_grid_250m_min_20_237", "cell_size_meters": 250, "min_pois_per_cell": 20, "cell_count": 1, "cluster_area_sq_km": 0.0625, "poi_count": 34, "category_count": 6, "sub_category_count": 17, "centroid_longitude": -81.57774659165436, "centroid_latitude": 30.188509298916156, "poi_density_per_sq_km": 544.0}}, {"type": "Feature", "geometry": {"type": "Polygon", "coordinates": [[[444500.0, 3340250.0], [444500.0, 3340500.0], [444250.0, 3340500.0], [444250.0, 3340250.0], [444500.0, 3340250.0]]]}, "properties": {"method_version": "q4_amenity_hub_grid_v1", "candidate_version": "grid_250m_min_20", "candidate_status": "selected_for_workbench", "recommended_for_review": true, "cbsa_code": "27260", "market_slug": "jacksonville_fl", "amenity_hub_id": "27260_grid_250m_min_20_238", "cell_size_meters": 250, "min_pois_per_cell": 20, "cell_count": 1, "cluster_area_sq_km": 0.0625, "poi_count": 22, "category_count": 10, "sub_category_count": 15, "centroid_longitude": -81.57736449314285, "centroid_latitude": 30.193724270990888, "poi_density_per_sq_km": 352.0}}, {"type": "Feature", "geometry": {"type": "Polygon", "coordinates": [[[444500.0, 3341500.0], [444500.0, 3341750.0], [444250.0, 3341750.0], [444250.0, 3341500.0], [444500.0, 3341500.0]]]}, "properties": {"method_version": "q4_amenity_hub_grid_v1", "candidate_version": "grid_250m_min_20", "candidate_status": "selected_for_workbench", "recommended_for_review": true, "cbsa_code": "27260", "market_slug": "jacksonville_fl", "amenity_hub_id": "27260_grid_250m_min_20_239", "cell_size_meters": 250, "min_pois_per_cell": 20, "cell_count": 1, "cluster_area_sq_km": 0.0625, "poi_count": 37, "category_count": 8, "sub_category_count": 17, "centroid_longitude": -81.57825563885389, "centroid_latitude": 30.20479054238346, "poi_density_per_sq_km": 592.0}}, {"type": "Feature", "geometry": {"type": "Polygon", "coordinates": [[[444500.0, 3369750.0], [444500.0, 3370000.0], [444250.0, 3370000.0], [444250.0, 3369750.0], [444500.0, 3369750.0]]]}, "properties": {"method_version": "q4_amenity_hub_grid_v1", "candidate_version": "grid_250m_min_20", "candidate_status": "selected_for_workbench", "recommended_for_review": true, "cbsa_code": "27260", "market_slug": "jacksonville_fl", "amenity_hub_id": "27260_grid_250m_min_20_240", "cell_size_meters": 250, "min_pois_per_cell": 20, "cell_count": 1, "cluster_area_sq_km": 0.0625, "poi_count": 34, "category_count": 10, "sub_category_count": 24, "centroid_longitude": -81.57893226089422, "centroid_latitude": 30.459927937062997, "poi_density_per_sq_km": 544.0}}, {"type": "Feature", "geometry": {"type": "Polygon", "coordinates": [[[444750.0, 3341000.0], [444750.0, 3341250.0], [445000.0, 3341250.0], [445250.0, 3341250.0], [445250.0, 3341000.0], [445000.0, 3341000.0], [444750.0, 3341000.0]]]}, "properties": {"method_version": "q4_amenity_hub_grid_v1", "candidate_version": "grid_250m_min_20", "candidate_status": "selected_for_workbench", "recommended_for_review": true, "cbsa_code": "27260", "market_slug": "jacksonville_fl", "amenity_hub_id": "27260_grid_250m_min_20_241", "cell_size_meters": 250, "min_pois_per_cell": 20, "cell_count": 2, "cluster_area_sq_km": 0.125, "poi_count": 46, "category_count": 7, "sub_category_count": 19, "centroid_longitude": -81.57171530693208, "centroid_latitude": 30.200355065536172, "poi_density_per_sq_km": 368.0}}, {"type": "Feature", "geometry": {"type": "Polygon", "coordinates": [[[445250.0, 3353250.0], [445000.0, 3353250.0], [445000.0, 3353500.0], [444750.0, 3353500.0], [444750.0, 3353750.0], [445000.0, 3353750.0], [445250.0, 3353750.0], [445250.0, 3353500.0], [445250.0, 3353250.0]]]}, "properties": {"method_version": "q4_amenity_hub_grid_v1", "candidate_version": "grid_250m_min_20", "candidate_status": "selected_for_workbench", "recommended_for_review": true, "cbsa_code": "27260", "market_slug": "jacksonville_fl", "amenity_hub_id": "27260_grid_250m_min_20_242", "cell_size_meters": 250, "min_pois_per_cell": 20, "cell_count": 3, "cluster_area_sq_km": 0.1875, "poi_count": 96, "category_count": 15, "sub_category_count": 33, "centroid_longitude": -81.57195187146463, "centroid_latitude": 30.312940747741397, "poi_density_per_sq_km": 512.0}}, {"type": "Feature", "geometry": {"type": "Polygon", "coordinates": [[[445000.0, 3339250.0], [445000.0, 3339500.0], [445250.0, 3339500.0], [445500.0, 3339500.0], [445500.0, 3339250.0], [445250.0, 3339250.0], [445000.0, 3339250.0]]]}, "properties": {"method_version": "q4_amenity_hub_grid_v1", "candidate_version": "grid_250m_min_20", "candidate_status": "selected_for_workbench", "recommended_for_review": true, "cbsa_code": "27260", "market_slug": "jacksonville_fl", "amenity_hub_id": "27260_grid_250m_min_20_243", "cell_size_meters": 250, "min_pois_per_cell": 20, "cell_count": 2, "cluster_area_sq_km": 0.125, "poi_count": 47, "category_count": 9, "sub_category_count": 16, "centroid_longitude": -81.56891358851355, "centroid_latitude": 30.18483565328879, "poi_density_per_sq_km": 376.0}}, {"type": "Feature", "geometry": {"type": "Polygon", "coordinates": [[[445250.0, 3340500.0], [445250.0, 3340750.0], [445000.0, 3340750.0], [445000.0, 3340500.0], [445250.0, 3340500.0]]]}, "properties": {"method_version": "q4_amenity_hub_grid_v1", "candidate_version": "grid_250m_min_20", "candidate_status": "selected_for_workbench", "recommended_for_review": true, "cbsa_code": "27260", "market_slug": "jacksonville_fl", "amenity_hub_id": "27260_grid_250m_min_20_244", "cell_size_meters": 250, "min_pois_per_cell": 20, "cell_count": 1, "cluster_area_sq_km": 0.0625, "poi_count": 20, "category_count": 5, "sub_category_count": 9, "centroid_longitude": -81.56971389735563, "centroid_latitude": 30.195951409273313, "poi_density_per_sq_km": 320.0}}, {"type": "Feature", "geometry": {"type": "Polygon", "coordinates": [[[445250.0, 3343250.0], [445250.0, 3343500.0], [445000.0, 3343500.0], [445000.0, 3343750.0], [445250.0, 3343750.0], [445500.0, 3343750.0], [445500.0, 3343500.0], [445750.0, 3343500.0], [445750.0, 3343750.0], [446000.0, 3343750.0], [446000.0, 3343500.0], [446250.0, 3343500.0], [446500.0, 3343500.0], [446750.0, 3343500.0], [447000.0, 3343500.0], [447000.0, 3343250.0], [447000.0, 3343000.0], [446750.0, 3343000.0], [446500.0, 3343000.0], [446500.0, 3343250.0], [446250.0, 3343250.0], [446000.0, 3343250.0], [446000.0, 3343000.0], [445750.0, 3343000.0], [445500.0, 3343000.0], [445500.0, 3343250.0], [445250.0, 3343250.0]]]}, "properties": {"method_version": "q4_amenity_hub_grid_v1", "candidate_version": "grid_250m_min_20", "candidate_status": "selected_for_workbench", "recommended_for_review": true, "cbsa_code": "27260", "market_slug": "jacksonville_fl", "amenity_hub_id": "27260_grid_250m_min_20_245", "cell_size_meters": 250, "min_pois_per_cell": 20, "cell_count": 14, "cluster_area_sq_km": 0.875, "poi_count": 712, "category_count": 19, "sub_category_count": 68, "centroid_longitude": -81.56135021908364, "centroid_latitude": 30.220644386333664, "poi_density_per_sq_km": 813.7142857142857}}, {"type": "Feature", "geometry": {"type": "Polygon", "coordinates": [[[445250.0, 3358000.0], [445250.0, 3358250.0], [445000.0, 3358250.0], [445000.0, 3358000.0], [445250.0, 3358000.0]]]}, "properties": {"method_version": "q4_amenity_hub_grid_v1", "candidate_version": "grid_250m_min_20", "candidate_status": "selected_for_workbench", "recommended_for_review": true, "cbsa_code": "27260", "market_slug": "jacksonville_fl", "amenity_hub_id": "27260_grid_250m_min_20_246", "cell_size_meters": 250, "min_pois_per_cell": 20, "cell_count": 1, "cluster_area_sq_km": 0.0625, "poi_count": 20, "category_count": 8, "sub_category_count": 14, "centroid_longitude": -81.5703469624124, "centroid_latitude": 30.352930183864146, "poi_density_per_sq_km": 320.0}}, {"type": "Feature", "geometry": {"type": "Polygon", "coordinates": [[[445500.0, 3340250.0], [445500.0, 3340500.0], [445250.0, 3340500.0], [445250.0, 3340250.0], [445500.0, 3340250.0]]]}, "properties": {"method_version": "q4_amenity_hub_grid_v1", "candidate_version": "grid_250m_min_20", "candidate_status": "selected_for_workbench", "recommended_for_review": true, "cbsa_code": "27260", "market_slug": "jacksonville_fl", "amenity_hub_id": "27260_grid_250m_min_20_247", "cell_size_meters": 250, "min_pois_per_cell": 20, "cell_count": 1, "cluster_area_sq_km": 0.0625, "poi_count": 29, "category_count": 7, "sub_category_count": 15, "centroid_longitude": -81.56737858280918, "centroid_latitude": 30.193806318800604, "poi_density_per_sq_km": 464.0}}, {"type": "Feature", "geometry": {"type": "Polygon", "coordinates": [[[445250.0, 3350750.0], [445250.0, 3351000.0], [445500.0, 3351000.0], [445750.0, 3351000.0], [445750.0, 3350750.0], [445500.0, 3350750.0], [445250.0, 3350750.0]]]}, "properties": {"method_version": "q4_amenity_hub_grid_v1", "candidate_version": "grid_250m_min_20", "candidate_status": "selected_for_workbench", "recommended_for_review": true, "cbsa_code": "27260", "market_slug": "jacksonville_fl", "amenity_hub_id": "27260_grid_250m_min_20_248", "cell_size_meters": 250, "min_pois_per_cell": 20, "cell_count": 2, "cluster_area_sq_km": 0.125, "poi_count": 67, "category_count": 13, "sub_category_count": 31, "centroid_longitude": -81.5664842096243, "centroid_latitude": 30.28825273064027, "poi_density_per_sq_km": 536.0}}, {"type": "Feature", "geometry": {"type": "Polygon", "coordinates": [[[445250.0, 3353750.0], [445250.0, 3354000.0], [445500.0, 3354000.0], [445750.0, 3354000.0], [445750.0, 3353750.0], [445500.0, 3353750.0], [445250.0, 3353750.0]]]}, "properties": {"method_version": "q4_amenity_hub_grid_v1", "candidate_version": "grid_250m_min_20", "candidate_status": "selected_for_workbench", "recommended_for_review": true, "cbsa_code": "27260", "market_slug": "jacksonville_fl", "amenity_hub_id": "27260_grid_250m_min_20_249", "cell_size_meters": 250, "min_pois_per_cell": 20, "cell_count": 2, "cluster_area_sq_km": 0.125, "poi_count": 45, "category_count": 6, "sub_category_count": 16, "centroid_longitude": -81.56697256117765, "centroid_latitude": 30.31476837119166, "poi_density_per_sq_km": 360.0}}, {"type": "Feature", "geometry": {"type": "Polygon", "coordinates": [[[445750.0, 3365500.0], [445750.0, 3365750.0], [445500.0, 3365750.0], [445500.0, 3365500.0], [445750.0, 3365500.0]]]}, "properties": {"method_version": "q4_amenity_hub_grid_v1", "candidate_version": "grid_250m_min_20", "candidate_status": "selected_for_workbench", "recommended_for_review": true, "cbsa_code": "27260", "market_slug": "jacksonville_fl", "amenity_hub_id": "27260_grid_250m_min_20_250", "cell_size_meters": 250, "min_pois_per_cell": 20, "cell_count": 1, "cluster_area_sq_km": 0.0625, "poi_count": 23, "category_count": 5, "sub_category_count": 11, "centroid_longitude": -81.56568022214763, "centroid_latitude": 30.42178346845493, "poi_density_per_sq_km": 368.0}}, {"type": "Feature", "geometry": {"type": "Polygon", "coordinates": [[[446000.0, 3339750.0], [446000.0, 3340000.0], [445750.0, 3340000.0], [445750.0, 3339750.0], [446000.0, 3339750.0]]]}, "properties": {"method_version": "q4_amenity_hub_grid_v1", "candidate_version": "grid_250m_min_20", "candidate_status": "selected_for_workbench", "recommended_for_review": true, "cbsa_code": "27260", "market_slug": "jacksonville_fl", "amenity_hub_id": "27260_grid_250m_min_20_251", "cell_size_meters": 250, "min_pois_per_cell": 20, "cell_count": 1, "cluster_area_sq_km": 0.0625, "poi_count": 39, "category_count": 4, "sub_category_count": 10, "centroid_longitude": -81.56324916836023, "centroid_latitude": 30.188973942205685, "poi_density_per_sq_km": 624.0}}, {"type": "Feature", "geometry": {"type": "Polygon", "coordinates": [[[446000.0, 3350250.0], [446000.0, 3350500.0], [445750.0, 3350500.0], [445750.0, 3350250.0], [446000.0, 3350250.0]]]}, "properties": {"method_version": "q4_amenity_hub_grid_v1", "candidate_version": "grid_250m_min_20", "candidate_status": "selected_for_workbench", "recommended_for_review": true, "cbsa_code": "27260", "market_slug": "jacksonville_fl", "amenity_hub_id": "27260_grid_250m_min_20_252", "cell_size_meters": 250, "min_pois_per_cell": 20, "cell_count": 1, "cluster_area_sq_km": 0.0625, "poi_count": 23, "category_count": 8, "sub_category_count": 17, "centroid_longitude": -81.56274883444027, "centroid_latitude": 30.283669865198792, "poi_density_per_sq_km": 368.0}}, {"type": "Feature", "geometry": {"type": "Polygon", "coordinates": [[[446000.0, 3353500.0], [446000.0, 3353750.0], [445750.0, 3353750.0], [445750.0, 3353500.0], [446000.0, 3353500.0]]]}, "properties": {"method_version": "q4_amenity_hub_grid_v1", "candidate_version": "grid_250m_min_20", "candidate_status": "selected_for_workbench", "recommended_for_review": true, "cbsa_code": "27260", "market_slug": "jacksonville_fl", "amenity_hub_id": "27260_grid_250m_min_20_253", "cell_size_meters": 250, "min_pois_per_cell": 20, "cell_count": 1, "cluster_area_sq_km": 0.0625, "poi_count": 41, "category_count": 10, "sub_category_count": 16, "centroid_longitude": -81.56329544859801, "centroid_latitude": 30.31322948251318, "poi_density_per_sq_km": 656.0}}, {"type": "Feature", "geometry": {"type": "Polygon", "coordinates": [[[446000.0, 3358000.0], [446000.0, 3358250.0], [445750.0, 3358250.0], [445750.0, 3358000.0], [446000.0, 3358000.0]]]}, "properties": {"method_version": "q4_amenity_hub_grid_v1", "candidate_version": "grid_250m_min_20", "candidate_status": "selected_for_workbench", "recommended_for_review": true, "cbsa_code": "27260", "market_slug": "jacksonville_fl", "amenity_hub_id": "27260_grid_250m_min_20_254", "cell_size_meters": 250, "min_pois_per_cell": 20, "cell_count": 1, "cluster_area_sq_km": 0.0625, "poi_count": 31, "category_count": 7, "sub_category_count": 17, "centroid_longitude": -81.56247645404264, "centroid_latitude": 30.353804806213653, "poi_density_per_sq_km": 496.0}}, {"type": "Feature", "geometry": {"type": "Polygon", "coordinates": [[[446250.0, 3347750.0], [446250.0, 3348000.0], [446250.0, 3348250.0], [446250.0, 3348500.0], [446000.0, 3348500.0], [446000.0, 3348750.0], [446250.0, 3348750.0], [446500.0, 3348750.0], [446750.0, 3348750.0], [446750.0, 3348500.0], [446750.0, 3348250.0], [446500.0, 3348250.0], [446500.0, 3348000.0], [446500.0, 3347750.0], [446250.0, 3347750.0]]]}, "properties": {"method_version": "q4_amenity_hub_grid_v1", "candidate_version": "grid_250m_min_20", "candidate_status": "selected_for_workbench", "recommended_for_review": true, "cbsa_code": "27260", "market_slug": "jacksonville_fl", "amenity_hub_id": "27260_grid_250m_min_20_255", "cell_size_meters": 250, "min_pois_per_cell": 20, "cell_count": 7, "cluster_area_sq_km": 0.4375, "poi_count": 284, "category_count": 17, "sub_category_count": 50, "centroid_longitude": -81.5579874738799, "centroid_latitude": 30.26597235464192, "poi_density_per_sq_km": 649.1428571428571}}, {"type": "Feature", "geometry": {"type": "Polygon", "coordinates": [[[446250.0, 3349000.0], [446000.0, 3349000.0], [446000.0, 3349250.0], [446000.0, 3349500.0], [446250.0, 3349500.0], [446250.0, 3349250.0], [446250.0, 3349000.0]]]}, "properties": {"method_version": "q4_amenity_hub_grid_v1", "candidate_version": "grid_250m_min_20", "candidate_status": "selected_for_workbench", "recommended_for_review": true, "cbsa_code": "27260", "market_slug": "jacksonville_fl", "amenity_hub_id": "27260_grid_250m_min_20_256", "cell_size_meters": 250, "min_pois_per_cell": 20, "cell_count": 2, "cluster_area_sq_km": 0.125, "poi_count": 60, "category_count": 9, "sub_category_count": 23, "centroid_longitude": -81.5598078498877, "centroid_latitude": 30.274110512344738, "poi_density_per_sq_km": 480.0}}, {"type": "Feature", "geometry": {"type": "Polygon", "coordinates": [[[446250.0, 3352750.0], [446250.0, 3353000.0], [446000.0, 3353000.0], [446000.0, 3352750.0], [446250.0, 3352750.0]]]}, "properties": {"method_version": "q4_amenity_hub_grid_v1", "candidate_version": "grid_250m_min_20", "candidate_status": "selected_for_workbench", "recommended_for_review": true, "cbsa_code": "27260", "market_slug": "jacksonville_fl", "amenity_hub_id": "27260_grid_250m_min_20_257", "cell_size_meters": 250, "min_pois_per_cell": 20, "cell_count": 1, "cluster_area_sq_km": 0.0625, "poi_count": 47, "category_count": 11, "sub_category_count": 20, "centroid_longitude": -81.5608136797038, "centroid_latitude": 30.306394197469434, "poi_density_per_sq_km": 752.0}}, {"type": "Feature", "geometry": {"type": "Polygon", "coordinates": [[[446250.0, 3353250.0], [446250.0, 3353500.0], [446000.0, 3353500.0], [446000.0, 3353250.0], [446250.0, 3353250.0]]]}, "properties": {"method_version": "q4_amenity_hub_grid_v1", "candidate_version": "grid_250m_min_20", "candidate_status": "selected_for_workbench", "recommended_for_review": true, "cbsa_code": "27260", "market_slug": "jacksonville_fl", "amenity_hub_id": "27260_grid_250m_min_20_258", "cell_size_meters": 250, "min_pois_per_cell": 20, "cell_count": 1, "cluster_area_sq_km": 0.0625, "poi_count": 20, "category_count": 6, "sub_category_count": 11, "centroid_longitude": -81.55982254392242, "centroid_latitude": 30.310984786628772, "poi_density_per_sq_km": 320.0}}, {"type": "Feature", "geometry": {"type": "Polygon", "coordinates": [[[446250.0, 3353750.0], [446250.0, 3354000.0], [446000.0, 3354000.0], [446000.0, 3353750.0], [446250.0, 3353750.0]]]}, "properties": {"method_version": "q4_amenity_hub_grid_v1", "candidate_version": "grid_250m_min_20", "candidate_status": "selected_for_workbench", "recommended_for_review": true, "cbsa_code": "27260", "market_slug": "jacksonville_fl", "amenity_hub_id": "27260_grid_250m_min_20_259", "cell_size_meters": 250, "min_pois_per_cell": 20, "cell_count": 1, "cluster_area_sq_km": 0.0625, "poi_count": 33, "category_count": 11, "sub_category_count": 21, "centroid_longitude": -81.5602905207135, "centroid_latitude": 30.315065815437308, "poi_density_per_sq_km": 528.0}}, {"type": "Feature", "geometry": {"type": "Polygon", "coordinates": [[[446500.0, 3338500.0], [446500.0, 3338750.0], [446250.0, 3338750.0], [446250.0, 3338500.0], [446500.0, 3338500.0]]]}, "properties": {"method_version": "q4_amenity_hub_grid_v1", "candidate_version": "grid_250m_min_20", "candidate_status": "selected_for_workbench", "recommended_for_review": true, "cbsa_code": "27260", "market_slug": "jacksonville_fl", "amenity_hub_id": "27260_grid_250m_min_20_260", "cell_size_meters": 250, "min_pois_per_cell": 20, "cell_count": 1, "cluster_area_sq_km": 0.0625, "poi_count": 22, "category_count": 9, "sub_category_count": 18, "centroid_longitude": -81.55672982955139, "centroid_latitude": 30.178234028837824, "poi_density_per_sq_km": 352.0}}, {"type": "Feature", "geometry": {"type": "Polygon", "coordinates": [[[446500.0, 3341500.0], [446500.0, 3341750.0], [446250.0, 3341750.0], [446250.0, 3341500.0], [446500.0, 3341500.0]]]}, "properties": {"method_version": "q4_amenity_hub_grid_v1", "candidate_version": "grid_250m_min_20", "candidate_status": "selected_for_workbench", "recommended_for_review": true, "cbsa_code": "27260", "market_slug": "jacksonville_fl", "amenity_hub_id": "27260_grid_250m_min_20_261", "cell_size_meters": 250, "min_pois_per_cell": 20, "cell_count": 1, "cluster_area_sq_km": 0.0625, "poi_count": 20, "category_count": 5, "sub_category_count": 9, "centroid_longitude": -81.55785813725133, "centroid_latitude": 30.204403836242154, "poi_density_per_sq_km": 320.0}}, {"type": "Feature", "geometry": {"type": "Polygon", "coordinates": [[[446500.0, 3349500.0], [446250.0, 3349500.0], [446250.0, 3349750.0], [446250.0, 3350000.0], [446500.0, 3350000.0], [446500.0, 3349750.0], [446500.0, 3349500.0]]]}, "properties": {"method_version": "q4_amenity_hub_grid_v1", "candidate_version": "grid_250m_min_20", "candidate_status": "selected_for_workbench", "recommended_for_review": true, "cbsa_code": "27260", "market_slug": "jacksonville_fl", "amenity_hub_id": "27260_grid_250m_min_20_262", "cell_size_meters": 250, "min_pois_per_cell": 20, "cell_count": 2, "cluster_area_sq_km": 0.125, "poi_count": 52, "category_count": 9, "sub_category_count": 22, "centroid_longitude": -81.5585021277416, "centroid_latitude": 30.278050383766256, "poi_density_per_sq_km": 416.0}}, {"type": "Feature", "geometry": {"type": "Polygon", "coordinates": [[[446250.0, 3350500.0], [446250.0, 3350750.0], [446250.0, 3351000.0], [446500.0, 3351000.0], [446500.0, 3350750.0], [446750.0, 3350750.0], [446750.0, 3350500.0], [446500.0, 3350500.0], [446250.0, 3350500.0]]]}, "properties": {"method_version": "q4_amenity_hub_grid_v1", "candidate_version": "grid_250m_min_20", "candidate_status": "selected_for_workbench", "recommended_for_review": true, "cbsa_code": "27260", "market_slug": "jacksonville_fl", "amenity_hub_id": "27260_grid_250m_min_20_263", "cell_size_meters": 250, "min_pois_per_cell": 20, "cell_count": 3, "cluster_area_sq_km": 0.1875, "poi_count": 79, "category_count": 10, "sub_category_count": 29, "centroid_longitude": -81.55644334892705, "centroid_latitude": 30.286839469433634, "poi_density_per_sq_km": 421.3333333333333}}, {"type": "Feature", "geometry": {"type": "Polygon", "coordinates": [[[446750.0, 3327750.0], [446750.0, 3328000.0], [446500.0, 3328000.0], [446500.0, 3327750.0], [446750.0, 3327750.0]]]}, "properties": {"method_version": "q4_amenity_hub_grid_v1", "candidate_version": "grid_250m_min_20", "candidate_status": "selected_for_workbench", "recommended_for_review": true, "cbsa_code": "27260", "market_slug": "jacksonville_fl", "amenity_hub_id": "27260_grid_250m_min_20_264", "cell_size_meters": 250, "min_pois_per_cell": 20, "cell_count": 1, "cluster_area_sq_km": 0.0625, "poi_count": 26, "category_count": 4, "sub_category_count": 7, "centroid_longitude": -81.55442749465259, "centroid_latitude": 30.08130649832435, "poi_density_per_sq_km": 416.0}}, {"type": "Feature", "geometry": {"type": "Polygon", "coordinates": [[[446750.0, 3334500.0], [446750.0, 3334750.0], [446500.0, 3334750.0], [446500.0, 3334500.0], [446750.0, 3334500.0]]]}, "properties": {"method_version": "q4_amenity_hub_grid_v1", "candidate_version": "grid_250m_min_20", "candidate_status": "selected_for_workbench", "recommended_for_review": true, "cbsa_code": "27260", "market_slug": "jacksonville_fl", "amenity_hub_id": "27260_grid_250m_min_20_265", "cell_size_meters": 250, "min_pois_per_cell": 20, "cell_count": 1, "cluster_area_sq_km": 0.0625, "poi_count": 47, "category_count": 11, "sub_category_count": 22, "centroid_longitude": -81.55352963887667, "centroid_latitude": 30.141986604839598, "poi_density_per_sq_km": 752.0}}, {"type": "Feature", "geometry": {"type": "Polygon", "coordinates": [[[446750.0, 3339000.0], [446500.0, 3339000.0], [446500.0, 3339250.0], [446500.0, 3339500.0], [446750.0, 3339500.0], [446750.0, 3339250.0], [446750.0, 3339000.0]]]}, "properties": {"method_version": "q4_amenity_hub_grid_v1", "candidate_version": "grid_250m_min_20", "candidate_status": "selected_for_workbench", "recommended_for_review": true, "cbsa_code": "27260", "market_slug": "jacksonville_fl", "amenity_hub_id": "27260_grid_250m_min_20_266", "cell_size_meters": 250, "min_pois_per_cell": 20, "cell_count": 2, "cluster_area_sq_km": 0.125, "poi_count": 176, "category_count": 11, "sub_category_count": 27, "centroid_longitude": -81.55405474543632, "centroid_latitude": 30.184384139970827, "poi_density_per_sq_km": 1408.0}}, {"type": "Feature", "geometry": {"type": "Polygon", "coordinates": [[[446500.0, 3346750.0], [446500.0, 3347000.0], [446500.0, 3347250.0], [446500.0, 3347500.0], [446500.0, 3347750.0], [446750.0, 3347750.0], [446750.0, 3347500.0], [447000.0, 3347500.0], [447000.0, 3347250.0], [446750.0, 3347250.0], [446750.0, 3347000.0], [446750.0, 3346750.0], [446500.0, 3346750.0]]]}, "properties": {"method_version": "q4_amenity_hub_grid_v1", "candidate_version": "grid_250m_min_20", "candidate_status": "selected_for_workbench", "recommended_for_review": true, "cbsa_code": "27260", "market_slug": "jacksonville_fl", "amenity_hub_id": "27260_grid_250m_min_20_267", "cell_size_meters": 250, "min_pois_per_cell": 20, "cell_count": 5, "cluster_area_sq_km": 0.3125, "poi_count": 288, "category_count": 13, "sub_category_count": 39, "centroid_longitude": -81.55464022562609, "centroid_latitude": 30.25512867315874, "poi_density_per_sq_km": 921.6}}, {"type": "Feature", "geometry": {"type": "Polygon", "coordinates": [[[447000.0, 3354000.0], [446750.0, 3354000.0], [446750.0, 3354250.0], [446500.0, 3354250.0], [446500.0, 3354500.0], [446500.0, 3354750.0], [446750.0, 3354750.0], [446750.0, 3354500.0], [447000.0, 3354500.0], [447000.0, 3354250.0], [447000.0, 3354000.0]]]}, "properties": {"method_version": "q4_amenity_hub_grid_v1", "candidate_version": "grid_250m_min_20", "candidate_status": "selected_for_workbench", "recommended_for_review": true, "cbsa_code": "27260", "market_slug": "jacksonville_fl", "amenity_hub_id": "27260_grid_250m_min_20_268", "cell_size_meters": 250, "min_pois_per_cell": 20, "cell_count": 4, "cluster_area_sq_km": 0.25, "poi_count": 109, "category_count": 11, "sub_category_count": 33, "centroid_longitude": -81.55392845084295, "centroid_latitude": 30.319848243298463, "poi_density_per_sq_km": 436.0}}, {"type": "Feature", "geometry": {"type": "Polygon", "coordinates": [[[446750.0, 3388500.0], [446750.0, 3388750.0], [446500.0, 3388750.0], [446500.0, 3388500.0], [446750.0, 3388500.0]]]}, "properties": {"method_version": "q4_amenity_hub_grid_v1", "candidate_version": "grid_250m_min_20", "candidate_status": "selected_for_workbench", "recommended_for_review": true, "cbsa_code": "27260", "market_slug": "jacksonville_fl", "amenity_hub_id": "27260_grid_250m_min_20_269", "cell_size_meters": 250, "min_pois_per_cell": 20, "cell_count": 1, "cluster_area_sq_km": 0.0625, "poi_count": 25, "category_count": 10, "sub_category_count": 20, "centroid_longitude": -81.5576050610165, "centroid_latitude": 30.628311225737175, "poi_density_per_sq_km": 400.0}}, {"type": "Feature", "geometry": {"type": "Polygon", "coordinates": [[[447000.0, 3339500.0], [446750.0, 3339500.0], [446750.0, 3339750.0], [447000.0, 3339750.0], [447250.0, 3339750.0], [447250.0, 3339500.0], [447500.0, 3339500.0], [447500.0, 3339250.0], [447250.0, 3339250.0], [447000.0, 3339250.0], [447000.0, 3339500.0]]]}, "properties": {"method_version": "q4_amenity_hub_grid_v1", "candidate_version": "grid_250m_min_20", "candidate_status": "selected_for_workbench", "recommended_for_review": true, "cbsa_code": "27260", "market_slug": "jacksonville_fl", "amenity_hub_id": "27260_grid_250m_min_20_270", "cell_size_meters": 250, "min_pois_per_cell": 20, "cell_count": 4, "cluster_area_sq_km": 0.25, "poi_count": 115, "category_count": 8, "sub_category_count": 25, "centroid_longitude": -81.54892467229334, "centroid_latitude": 30.18568283477436, "poi_density_per_sq_km": 460.0}}, {"type": "Feature", "geometry": {"type": "Polygon", "coordinates": [[[447000.0, 3340000.0], [447000.0, 3340250.0], [446750.0, 3340250.0], [446750.0, 3340000.0], [447000.0, 3340000.0]]]}, "properties": {"method_version": "q4_amenity_hub_grid_v1", "candidate_version": "grid_250m_min_20", "candidate_status": "selected_for_workbench", "recommended_for_review": true, "cbsa_code": "27260", "market_slug": "jacksonville_fl", "amenity_hub_id": "27260_grid_250m_min_20_271", "cell_size_meters": 250, "min_pois_per_cell": 20, "cell_count": 1, "cluster_area_sq_km": 0.0625, "poi_count": 32, "category_count": 6, "sub_category_count": 13, "centroid_longitude": -81.55111068518934, "centroid_latitude": 30.192052898574026, "poi_density_per_sq_km": 512.0}}, {"type": "Feature", "geometry": {"type": "Polygon", "coordinates": [[[447250.0, 3334250.0], [447000.0, 3334250.0], [447000.0, 3334500.0], [447000.0, 3334750.0], [447250.0, 3334750.0], [447500.0, 3334750.0], [447500.0, 3334500.0], [447250.0, 3334500.0], [447250.0, 3334250.0]]]}, "properties": {"method_version": "q4_amenity_hub_grid_v1", "candidate_version": "grid_250m_min_20", "candidate_status": "selected_for_workbench", "recommended_for_review": true, "cbsa_code": "27260", "market_slug": "jacksonville_fl", "amenity_hub_id": "27260_grid_250m_min_20_272", "cell_size_meters": 250, "min_pois_per_cell": 20, "cell_count": 3, "cluster_area_sq_km": 0.1875, "poi_count": 75, "category_count": 11, "sub_category_count": 28, "centroid_longitude": -81.54818813451737, "centroid_latitude": 30.140974980791658, "poi_density_per_sq_km": 400.0}}, {"type": "Feature", "geometry": {"type": "Polygon", "coordinates": [[[447250.0, 3340250.0], [447250.0, 3340500.0], [447000.0, 3340500.0], [447000.0, 3340250.0], [447250.0, 3340250.0]]]}, "properties": {"method_version": "q4_amenity_hub_grid_v1", "candidate_version": "grid_250m_min_20", "candidate_status": "selected_for_workbench", "recommended_for_review": true, "cbsa_code": "27260", "market_slug": "jacksonville_fl", "amenity_hub_id": "27260_grid_250m_min_20_273", "cell_size_meters": 250, "min_pois_per_cell": 20, "cell_count": 1, "cluster_area_sq_km": 0.0625, "poi_count": 21, "category_count": 7, "sub_category_count": 15, "centroid_longitude": -81.54914888889012, "centroid_latitude": 30.193174276375377, "poi_density_per_sq_km": 336.0}}, {"type": "Feature", "geometry": {"type": "Polygon", "coordinates": [[[447250.0, 3345750.0], [447250.0, 3346000.0], [447000.0, 3346000.0], [447000.0, 3345750.0], [447250.0, 3345750.0]]]}, "properties": {"method_version": "q4_amenity_hub_grid_v1", "candidate_version": "grid_250m_min_20", "candidate_status": "selected_for_workbench", "recommended_for_review": true, "cbsa_code": "27260", "market_slug": "jacksonville_fl", "amenity_hub_id": "27260_grid_250m_min_20_274", "cell_size_meters": 250, "min_pois_per_cell": 20, "cell_count": 1, "cluster_area_sq_km": 0.0625, "poi_count": 73, "category_count": 6, "sub_category_count": 14, "centroid_longitude": -81.55004967538181, "centroid_latitude": 30.242563908880864, "poi_density_per_sq_km": 1168.0}}, {"type": "Feature", "geometry": {"type": "Polygon", "coordinates": [[[447250.0, 3348000.0], [447000.0, 3348000.0], [447000.0, 3348250.0], [447000.0, 3348500.0], [447250.0, 3348500.0], [447250.0, 3348250.0], [447250.0, 3348000.0]]]}, "properties": {"method_version": "q4_amenity_hub_grid_v1", "candidate_version": "grid_250m_min_20", "candidate_status": "selected_for_workbench", "recommended_for_review": true, "cbsa_code": "27260", "market_slug": "jacksonville_fl", "amenity_hub_id": "27260_grid_250m_min_20_275", "cell_size_meters": 250, "min_pois_per_cell": 20, "cell_count": 2, "cluster_area_sq_km": 0.125, "poi_count": 75, "category_count": 13, "sub_category_count": 27, "centroid_longitude": -81.55030201597629, "centroid_latitude": 30.264240240361282, "poi_density_per_sq_km": 600.0}}, {"type": "Feature", "geometry": {"type": "Polygon", "coordinates": [[[447000.0, 3350500.0], [447000.0, 3350750.0], [447250.0, 3350750.0], [447500.0, 3350750.0], [447500.0, 3350500.0], [447250.0, 3350500.0], [447000.0, 3350500.0]]]}, "properties": {"method_version": "q4_amenity_hub_grid_v1", "candidate_version": "grid_250m_min_20", "candidate_status": "selected_for_workbench", "recommended_for_review": true, "cbsa_code": "27260", "market_slug": "jacksonville_fl", "amenity_hub_id": "27260_grid_250m_min_20_276", "cell_size_meters": 250, "min_pois_per_cell": 20, "cell_count": 2, "cluster_area_sq_km": 0.125, "poi_count": 52, "category_count": 9, "sub_category_count": 21, "centroid_longitude": -81.54852127842553, "centroid_latitude": 30.286427322745006, "poi_density_per_sq_km": 416.0}}, {"type": "Feature", "geometry": {"type": "Polygon", "coordinates": [[[447000.0, 3354750.0], [447000.0, 3355000.0], [447000.0, 3355250.0], [447250.0, 3355250.0], [447250.0, 3355000.0], [447500.0, 3355000.0], [447500.0, 3354750.0], [447250.0, 3354750.0], [447000.0, 3354750.0]]]}, "properties": {"method_version": "q4_amenity_hub_grid_v1", "candidate_version": "grid_250m_min_20", "candidate_status": "selected_for_workbench", "recommended_for_review": true, "cbsa_code": "27260", "market_slug": "jacksonville_fl", "amenity_hub_id": "27260_grid_250m_min_20_277", "cell_size_meters": 250, "min_pois_per_cell": 20, "cell_count": 3, "cluster_area_sq_km": 0.1875, "poi_count": 118, "category_count": 11, "sub_category_count": 38, "centroid_longitude": -81.54941520383673, "centroid_latitude": 30.324797606530687, "poi_density_per_sq_km": 629.3333333333334}}, {"type": "Feature", "geometry": {"type": "Polygon", "coordinates": [[[447250.0, 3356000.0], [447250.0, 3356250.0], [447000.0, 3356250.0], [447000.0, 3356000.0], [447250.0, 3356000.0]]]}, "properties": {"method_version": "q4_amenity_hub_grid_v1", "candidate_version": "grid_250m_min_20", "candidate_status": "selected_for_workbench", "recommended_for_review": true, "cbsa_code": "27260", "market_slug": "jacksonville_fl", "amenity_hub_id": "27260_grid_250m_min_20_278", "cell_size_meters": 250, "min_pois_per_cell": 20, "cell_count": 1, "cluster_area_sq_km": 0.0625, "poi_count": 24, "category_count": 7, "sub_category_count": 14, "centroid_longitude": -81.55063612138291, "centroid_latitude": 30.3354512321513, "poi_density_per_sq_km": 384.0}}, {"type": "Feature", "geometry": {"type": "Polygon", "coordinates": [[[447250.0, 3358000.0], [447250.0, 3358250.0], [447000.0, 3358250.0], [447000.0, 3358000.0], [447250.0, 3358000.0]]]}, "properties": {"method_version": "q4_amenity_hub_grid_v1", "candidate_version": "grid_250m_min_20", "candidate_status": "selected_for_workbench", "recommended_for_review": true, "cbsa_code": "27260", "market_slug": "jacksonville_fl", "amenity_hub_id": "27260_grid_250m_min_20_279", "cell_size_meters": 250, "min_pois_per_cell": 20, "cell_count": 1, "cluster_area_sq_km": 0.0625, "poi_count": 39, "category_count": 10, "sub_category_count": 21, "centroid_longitude": -81.55021535702801, "centroid_latitude": 30.353998024235807, "poi_density_per_sq_km": 624.0}}, {"type": "Feature", "geometry": {"type": "Polygon", "coordinates": [[[447500.0, 3336750.0], [447500.0, 3337000.0], [447250.0, 3337000.0], [447250.0, 3336750.0], [447500.0, 3336750.0]]]}, "properties": {"method_version": "q4_amenity_hub_grid_v1", "candidate_version": "grid_250m_min_20", "candidate_status": "selected_for_workbench", "recommended_for_review": true, "cbsa_code": "27260", "market_slug": "jacksonville_fl", "amenity_hub_id": "27260_grid_250m_min_20_280", "cell_size_meters": 250, "min_pois_per_cell": 20, "cell_count": 1, "cluster_area_sq_km": 0.0625, "poi_count": 29, "category_count": 4, "sub_category_count": 14, "centroid_longitude": -81.5471877761821, "centroid_latitude": 30.161308620817557, "poi_density_per_sq_km": 464.0}}, {"type": "Feature", "geometry": {"type": "Polygon", "coordinates": [[[447500.0, 3346250.0], [447500.0, 3346500.0], [447250.0, 3346500.0], [447250.0, 3346250.0], [447500.0, 3346250.0]]]}, "properties": {"method_version": "q4_amenity_hub_grid_v1", "candidate_version": "grid_250m_min_20", "candidate_status": "selected_for_workbench", "recommended_for_review": true, "cbsa_code": "27260", "market_slug": "jacksonville_fl", "amenity_hub_id": "27260_grid_250m_min_20_281", "cell_size_meters": 250, "min_pois_per_cell": 20, "cell_count": 1, "cluster_area_sq_km": 0.0625, "poi_count": 24, "category_count": 6, "sub_category_count": 10, "centroid_longitude": -81.54708612273399, "centroid_latitude": 30.24854215877656, "poi_density_per_sq_km": 384.0}}, {"type": "Feature", "geometry": {"type": "Polygon", "coordinates": [[[447750.0, 3325000.0], [447750.0, 3325250.0], [448000.0, 3325250.0], [448250.0, 3325250.0], [448500.0, 3325250.0], [448500.0, 3325000.0], [448250.0, 3325000.0], [448000.0, 3325000.0], [447750.0, 3325000.0]]]}, "properties": {"method_version": "q4_amenity_hub_grid_v1", "candidate_version": "grid_250m_min_20", "candidate_status": "selected_for_workbench", "recommended_for_review": true, "cbsa_code": "27260", "market_slug": "jacksonville_fl", "amenity_hub_id": "27260_grid_250m_min_20_282", "cell_size_meters": 250, "min_pois_per_cell": 20, "cell_count": 3, "cluster_area_sq_km": 0.1875, "poi_count": 135, "category_count": 13, "sub_category_count": 31, "centroid_longitude": -81.53835673055198, "centroid_latitude": 30.05644784886044, "poi_density_per_sq_km": 720.0}}, {"type": "Feature", "geometry": {"type": "Polygon", "coordinates": [[[447750.0, 3333250.0], [447750.0, 3333500.0], [448000.0, 3333500.0], [448250.0, 3333500.0], [448250.0, 3333250.0], [448000.0, 3333250.0], [447750.0, 3333250.0]]]}, "properties": {"method_version": "q4_amenity_hub_grid_v1", "candidate_version": "grid_250m_min_20", "candidate_status": "selected_for_workbench", "recommended_for_review": true, "cbsa_code": "27260", "market_slug": "jacksonville_fl", "amenity_hub_id": "27260_grid_250m_min_20_283", "cell_size_meters": 250, "min_pois_per_cell": 20, "cell_count": 2, "cluster_area_sq_km": 0.125, "poi_count": 96, "category_count": 6, "sub_category_count": 20, "centroid_longitude": -81.54058888538476, "centroid_latitude": 30.130345592793272, "poi_density_per_sq_km": 768.0}}, {"type": "Feature", "geometry": {"type": "Polygon", "coordinates": [[[448000.0, 3346250.0], [448000.0, 3346500.0], [447750.0, 3346500.0], [447750.0, 3346250.0], [448000.0, 3346250.0]]]}, "properties": {"method_version": "q4_amenity_hub_grid_v1", "candidate_version": "grid_250m_min_20", "candidate_status": "selected_for_workbench", "recommended_for_review": true, "cbsa_code": "27260", "market_slug": "jacksonville_fl", "amenity_hub_id": "27260_grid_250m_min_20_284", "cell_size_meters": 250, "min_pois_per_cell": 20, "cell_count": 1, "cluster_area_sq_km": 0.0625, "poi_count": 36, "category_count": 4, "sub_category_count": 9, "centroid_longitude": -81.54278451483628, "centroid_latitude": 30.24839975658247, "poi_density_per_sq_km": 576.0}}, {"type": "Feature", "geometry": {"type": "Polygon", "coordinates": [[[447750.0, 3354750.0], [447750.0, 3355000.0], [448000.0, 3355000.0], [448000.0, 3354750.0], [448250.0, 3354750.0], [448500.0, 3354750.0], [448750.0, 3354750.0], [448750.0, 3354500.0], [448500.0, 3354500.0], [448250.0, 3354500.0], [448000.0, 3354500.0], [447750.0, 3354500.0], [447750.0, 3354750.0]]]}, "properties": {"method_version": "q4_amenity_hub_grid_v1", "candidate_version": "grid_250m_min_20", "candidate_status": "selected_for_workbench", "recommended_for_review": true, "cbsa_code": "27260", "market_slug": "jacksonville_fl", "amenity_hub_id": "27260_grid_250m_min_20_285", "cell_size_meters": 250, "min_pois_per_cell": 20, "cell_count": 5, "cluster_area_sq_km": 0.3125, "poi_count": 243, "category_count": 14, "sub_category_count": 48, "centroid_longitude": -81.53936483405923, "centroid_latitude": 30.323081353218395, "poi_density_per_sq_km": 777.6}}, {"type": "Feature", "geometry": {"type": "Polygon", "coordinates": [[[448000.0, 3388000.0], [447750.0, 3388000.0], [447750.0, 3388250.0], [447750.0, 3388500.0], [448000.0, 3388500.0], [448000.0, 3388250.0], [448000.0, 3388000.0]]]}, "properties": {"method_version": "q4_amenity_hub_grid_v1", "candidate_version": "grid_250m_min_20", "candidate_status": "selected_for_workbench", "recommended_for_review": true, "cbsa_code": "27260", "market_slug": "jacksonville_fl", "amenity_hub_id": "27260_grid_250m_min_20_286", "cell_size_meters": 250, "min_pois_per_cell": 20, "cell_count": 2, "cluster_area_sq_km": 0.125, "poi_count": 49, "category_count": 7, "sub_category_count": 21, "centroid_longitude": -81.5440835686882, "centroid_latitude": 30.625718540852287, "poi_density_per_sq_km": 392.0}}, {"type": "Feature", "geometry": {"type": "Polygon", "coordinates": [[[448250.0, 3350500.0], [448250.0, 3350750.0], [448000.0, 3350750.0], [448000.0, 3350500.0], [448250.0, 3350500.0]]]}, "properties": {"method_version": "q4_amenity_hub_grid_v1", "candidate_version": "grid_250m_min_20", "candidate_status": "selected_for_workbench", "recommended_for_review": true, "cbsa_code": "27260", "market_slug": "jacksonville_fl", "amenity_hub_id": "27260_grid_250m_min_20_287", "cell_size_meters": 250, "min_pois_per_cell": 20, "cell_count": 1, "cluster_area_sq_km": 0.0625, "poi_count": 22, "category_count": 7, "sub_category_count": 15, "centroid_longitude": -81.53913708742974, "centroid_latitude": 30.28687379114338, "poi_density_per_sq_km": 352.0}}, {"type": "Feature", "geometry": {"type": "Polygon", "coordinates": [[[448500.0, 3328250.0], [448500.0, 3328500.0], [448250.0, 3328500.0], [448250.0, 3328250.0], [448500.0, 3328250.0]]]}, "properties": {"method_version": "q4_amenity_hub_grid_v1", "candidate_version": "grid_250m_min_20", "candidate_status": "selected_for_workbench", "recommended_for_review": true, "cbsa_code": "27260", "market_slug": "jacksonville_fl", "amenity_hub_id": "27260_grid_250m_min_20_288", "cell_size_meters": 250, "min_pois_per_cell": 20, "cell_count": 1, "cluster_area_sq_km": 0.0625, "poi_count": 29, "category_count": 4, "sub_category_count": 14, "centroid_longitude": -81.53590770827587, "centroid_latitude": 30.085365440689657, "poi_density_per_sq_km": 464.0}}, {"type": "Feature", "geometry": {"type": "Polygon", "coordinates": [[[448250.0, 3334250.0], [448250.0, 3334500.0], [448500.0, 3334500.0], [448750.0, 3334500.0], [449000.0, 3334500.0], [449000.0, 3334250.0], [448750.0, 3334250.0], [448500.0, 3334250.0], [448250.0, 3334250.0]]]}, "properties": {"method_version": "q4_amenity_hub_grid_v1", "candidate_version": "grid_250m_min_20", "candidate_status": "selected_for_workbench", "recommended_for_review": true, "cbsa_code": "27260", "market_slug": "jacksonville_fl", "amenity_hub_id": "27260_grid_250m_min_20_289", "cell_size_meters": 250, "min_pois_per_cell": 20, "cell_count": 3, "cluster_area_sq_km": 0.1875, "poi_count": 198, "category_count": 13, "sub_category_count": 29, "centroid_longitude": -81.53362128852295, "centroid_latitude": 30.139238141508958, "poi_density_per_sq_km": 1056.0}}, {"type": "Feature", "geometry": {"type": "Polygon", "coordinates": [[[448750.0, 3346000.0], [448500.0, 3346000.0], [448500.0, 3346250.0], [448250.0, 3346250.0], [448250.0, 3346500.0], [448500.0, 3346500.0], [448750.0, 3346500.0], [449000.0, 3346500.0], [449000.0, 3346250.0], [448750.0, 3346250.0], [448750.0, 3346000.0]]]}, "properties": {"method_version": "q4_amenity_hub_grid_v1", "candidate_version": "grid_250m_min_20", "candidate_status": "selected_for_workbench", "recommended_for_review": true, "cbsa_code": "27260", "market_slug": "jacksonville_fl", "amenity_hub_id": "27260_grid_250m_min_20_290", "cell_size_meters": 250, "min_pois_per_cell": 20, "cell_count": 4, "cluster_area_sq_km": 0.25, "poi_count": 241, "category_count": 15, "sub_category_count": 38, "centroid_longitude": -81.53286271547091, "centroid_latitude": 30.246937872942702, "poi_density_per_sq_km": 964.0}}, {"type": "Feature", "geometry": {"type": "Polygon", "coordinates": [[[448500.0, 3350750.0], [448500.0, 3351000.0], [448250.0, 3351000.0], [448250.0, 3350750.0], [448500.0, 3350750.0]]]}, "properties": {"method_version": "q4_amenity_hub_grid_v1", "candidate_version": "grid_250m_min_20", "candidate_status": "selected_for_workbench", "recommended_for_review": true, "cbsa_code": "27260", "market_slug": "jacksonville_fl", "amenity_hub_id": "27260_grid_250m_min_20_291", "cell_size_meters": 250, "min_pois_per_cell": 20, "cell_count": 1, "cluster_area_sq_km": 0.0625, "poi_count": 32, "category_count": 6, "sub_category_count": 14, "centroid_longitude": -81.53671067733788, "centroid_latitude": 30.288000799968547, "poi_density_per_sq_km": 512.0}}, {"type": "Feature", "geometry": {"type": "Polygon", "coordinates": [[[448500.0, 3356750.0], [448500.0, 3357000.0], [448250.0, 3357000.0], [448250.0, 3356750.0], [448500.0, 3356750.0]]]}, "properties": {"method_version": "q4_amenity_hub_grid_v1", "candidate_version": "grid_250m_min_20", "candidate_status": "selected_for_workbench", "recommended_for_review": true, "cbsa_code": "27260", "market_slug": "jacksonville_fl", "amenity_hub_id": "27260_grid_250m_min_20_292", "cell_size_meters": 250, "min_pois_per_cell": 20, "cell_count": 1, "cluster_area_sq_km": 0.0625, "poi_count": 44, "category_count": 9, "sub_category_count": 21, "centroid_longitude": -81.53693623254551, "centroid_latitude": 30.34212884600961, "poi_density_per_sq_km": 704.0}}, {"type": "Feature", "geometry": {"type": "Polygon", "coordinates": [[[448500.0, 3325500.0], [448500.0, 3325750.0], [448750.0, 3325750.0], [448750.0, 3325500.0], [449000.0, 3325500.0], [449250.0, 3325500.0], [449250.0, 3325250.0], [449000.0, 3325250.0], [448750.0, 3325250.0], [448500.0, 3325250.0], [448500.0, 3325500.0]]]}, "properties": {"method_version": "q4_amenity_hub_grid_v1", "candidate_version": "grid_250m_min_20", "candidate_status": "selected_for_workbench", "recommended_for_review": true, "cbsa_code": "27260", "market_slug": "jacksonville_fl", "amenity_hub_id": "27260_grid_250m_min_20_293", "cell_size_meters": 250, "min_pois_per_cell": 20, "cell_count": 4, "cluster_area_sq_km": 0.25, "poi_count": 118, "category_count": 11, "sub_category_count": 31, "centroid_longitude": -81.53078800614884, "centroid_latitude": 30.05913634534581, "poi_density_per_sq_km": 472.0}}, {"type": "Feature", "geometry": {"type": "Polygon", "coordinates": [[[449000.0, 3337000.0], [449000.0, 3337250.0], [448750.0, 3337250.0], [448750.0, 3337000.0], [449000.0, 3337000.0]]]}, "properties": {"method_version": "q4_amenity_hub_grid_v1", "candidate_version": "grid_250m_min_20", "candidate_status": "selected_for_workbench", "recommended_for_review": true, "cbsa_code": "27260", "market_slug": "jacksonville_fl", "amenity_hub_id": "27260_grid_250m_min_20_294", "cell_size_meters": 250, "min_pois_per_cell": 20, "cell_count": 1, "cluster_area_sq_km": 0.0625, "poi_count": 21, "category_count": 6, "sub_category_count": 13, "centroid_longitude": -81.53134683552096, "centroid_latitude": 30.16417996089865, "poi_density_per_sq_km": 336.0}}, {"type": "Feature", "geometry": {"type": "Polygon", "coordinates": [[[449000.0, 3346750.0], [448750.0, 3346750.0], [448750.0, 3347000.0], [448750.0, 3347250.0], [449000.0, 3347250.0], [449000.0, 3347000.0], [449000.0, 3346750.0]]]}, "properties": {"method_version": "q4_amenity_hub_grid_v1", "candidate_version": "grid_250m_min_20", "candidate_status": "selected_for_workbench", "recommended_for_review": true, "cbsa_code": "27260", "market_slug": "jacksonville_fl", "amenity_hub_id": "27260_grid_250m_min_20_295", "cell_size_meters": 250, "min_pois_per_cell": 20, "cell_count": 2, "cluster_area_sq_km": 0.125, "poi_count": 49, "category_count": 8, "sub_category_count": 16, "centroid_longitude": -81.53157668510838, "centroid_latitude": 30.25369963073513, "poi_density_per_sq_km": 392.0}}, {"type": "Feature", "geometry": {"type": "Polygon", "coordinates": [[[449250.0, 3350000.0], [449000.0, 3350000.0], [449000.0, 3350250.0], [449250.0, 3350250.0], [449250.0, 3350500.0], [449000.0, 3350500.0], [449000.0, 3350750.0], [448750.0, 3350750.0], [448750.0, 3351000.0], [449000.0, 3351000.0], [449250.0, 3351000.0], [449250.0, 3350750.0], [449500.0, 3350750.0], [449500.0, 3350500.0], [449750.0, 3350500.0], [449750.0, 3350250.0], [449750.0, 3350000.0], [449500.0, 3350000.0], [449500.0, 3349750.0], [449250.0, 3349750.0], [449250.0, 3350000.0]]]}, "properties": {"method_version": "q4_amenity_hub_grid_v1", "candidate_version": "grid_250m_min_20", "candidate_status": "selected_for_workbench", "recommended_for_review": true, "cbsa_code": "27260", "market_slug": "jacksonville_fl", "amenity_hub_id": "27260_grid_250m_min_20_296", "cell_size_meters": 250, "min_pois_per_cell": 20, "cell_count": 10, "cluster_area_sq_km": 0.625, "poi_count": 351, "category_count": 18, "sub_category_count": 58, "centroid_longitude": -81.52802674578, "centroid_latitude": 30.284419568932524, "poi_density_per_sq_km": 561.6}}, {"type": "Feature", "geometry": {"type": "Polygon", "coordinates": [[[449250.0, 3347000.0], [449250.0, 3347250.0], [449250.0, 3347500.0], [449000.0, 3347500.0], [449000.0, 3347750.0], [449000.0, 3348000.0], [449250.0, 3348000.0], [449250.0, 3348250.0], [449500.0, 3348250.0], [449500.0, 3348000.0], [449500.0, 3347750.0], [449500.0, 3347500.0], [449500.0, 3347250.0], [449500.0, 3347000.0], [449500.0, 3346750.0], [449250.0, 3346750.0], [449250.0, 3347000.0]]]}, "properties": {"method_version": "q4_amenity_hub_grid_v1", "candidate_version": "grid_250m_min_20", "candidate_status": "selected_for_workbench", "recommended_for_review": true, "cbsa_code": "27260", "market_slug": "jacksonville_fl", "amenity_hub_id": "27260_grid_250m_min_20_297", "cell_size_meters": 250, "min_pois_per_cell": 20, "cell_count": 8, "cluster_area_sq_km": 0.5, "poi_count": 357, "category_count": 14, "sub_category_count": 46, "centroid_longitude": -81.52636510691694, "centroid_latitude": 30.258167062979194, "poi_density_per_sq_km": 714.0}}, {"type": "Feature", "geometry": {"type": "Polygon", "coordinates": [[[449500.0, 3334250.0], [449500.0, 3334500.0], [449250.0, 3334500.0], [449250.0, 3334250.0], [449500.0, 3334250.0]]]}, "properties": {"method_version": "q4_amenity_hub_grid_v1", "candidate_version": "grid_250m_min_20", "candidate_status": "selected_for_workbench", "recommended_for_review": true, "cbsa_code": "27260", "market_slug": "jacksonville_fl", "amenity_hub_id": "27260_grid_250m_min_20_298", "cell_size_meters": 250, "min_pois_per_cell": 20, "cell_count": 1, "cluster_area_sq_km": 0.0625, "poi_count": 32, "category_count": 5, "sub_category_count": 11, "centroid_longitude": -81.52465619454979, "centroid_latitude": 30.139907095372465, "poi_density_per_sq_km": 512.0}}, {"type": "Feature", "geometry": {"type": "Polygon", "coordinates": [[[449500.0, 3387750.0], [449500.0, 3388000.0], [449250.0, 3388000.0], [449250.0, 3387750.0], [449500.0, 3387750.0]]]}, "properties": {"method_version": "q4_amenity_hub_grid_v1", "candidate_version": "grid_250m_min_20", "candidate_status": "selected_for_workbench", "recommended_for_review": true, "cbsa_code": "27260", "market_slug": "jacksonville_fl", "amenity_hub_id": "27260_grid_250m_min_20_299", "cell_size_meters": 250, "min_pois_per_cell": 20, "cell_count": 1, "cluster_area_sq_km": 0.0625, "poi_count": 20, "category_count": 6, "sub_category_count": 13, "centroid_longitude": -81.5280886316427, "centroid_latitude": 30.621595229472643, "poi_density_per_sq_km": 320.0}}, {"type": "Feature", "geometry": {"type": "Polygon", "coordinates": [[[449750.0, 3330000.0], [449750.0, 3330250.0], [449500.0, 3330250.0], [449500.0, 3330000.0], [449750.0, 3330000.0]]]}, "properties": {"method_version": "q4_amenity_hub_grid_v1", "candidate_version": "grid_250m_min_20", "candidate_status": "selected_for_workbench", "recommended_for_review": true, "cbsa_code": "27260", "market_slug": "jacksonville_fl", "amenity_hub_id": "27260_grid_250m_min_20_300", "cell_size_meters": 250, "min_pois_per_cell": 20, "cell_count": 1, "cluster_area_sq_km": 0.0625, "poi_count": 34, "category_count": 13, "sub_category_count": 22, "centroid_longitude": -81.52258448292703, "centroid_latitude": 30.10146229259651, "poi_density_per_sq_km": 544.0}}, {"type": "Feature", "geometry": {"type": "Polygon", "coordinates": [[[449750.0, 3352750.0], [449750.0, 3353000.0], [449500.0, 3353000.0], [449500.0, 3352750.0], [449750.0, 3352750.0]]]}, "properties": {"method_version": "q4_amenity_hub_grid_v1", "candidate_version": "grid_250m_min_20", "candidate_status": "selected_for_workbench", "recommended_for_review": true, "cbsa_code": "27260", "market_slug": "jacksonville_fl", "amenity_hub_id": "27260_grid_250m_min_20_301", "cell_size_meters": 250, "min_pois_per_cell": 20, "cell_count": 1, "cluster_area_sq_km": 0.0625, "poi_count": 20, "category_count": 8, "sub_category_count": 13, "centroid_longitude": -81.52483424686517, "centroid_latitude": 30.306449267243437, "poi_density_per_sq_km": 320.0}}, {"type": "Feature", "geometry": {"type": "Polygon", "coordinates": [[[449750.0, 3354250.0], [449750.0, 3354500.0], [449500.0, 3354500.0], [449500.0, 3354250.0], [449750.0, 3354250.0]]]}, "properties": {"method_version": "q4_amenity_hub_grid_v1", "candidate_version": "grid_250m_min_20", "candidate_status": "selected_for_workbench", "recommended_for_review": true, "cbsa_code": "27260", "market_slug": "jacksonville_fl", "amenity_hub_id": "27260_grid_250m_min_20_302", "cell_size_meters": 250, "min_pois_per_cell": 20, "cell_count": 1, "cluster_area_sq_km": 0.0625, "poi_count": 27, "category_count": 5, "sub_category_count": 11, "centroid_longitude": -81.52452026577367, "centroid_latitude": 30.32027150756443, "poi_density_per_sq_km": 432.0}}, {"type": "Feature", "geometry": {"type": "Polygon", "coordinates": [[[449750.0, 3357250.0], [449750.0, 3357500.0], [449500.0, 3357500.0], [449500.0, 3357250.0], [449750.0, 3357250.0]]]}, "properties": {"method_version": "q4_amenity_hub_grid_v1", "candidate_version": "grid_250m_min_20", "candidate_status": "selected_for_workbench", "recommended_for_review": true, "cbsa_code": "27260", "market_slug": "jacksonville_fl", "amenity_hub_id": "27260_grid_250m_min_20_303", "cell_size_meters": 250, "min_pois_per_cell": 20, "cell_count": 1, "cluster_area_sq_km": 0.0625, "poi_count": 39, "category_count": 10, "sub_category_count": 23, "centroid_longitude": -81.52454222375675, "centroid_latitude": 30.346841927966288, "poi_density_per_sq_km": 624.0}}, {"type": "Feature", "geometry": {"type": "Polygon", "coordinates": [[[450000.0, 3334250.0], [450000.0, 3334500.0], [449750.0, 3334500.0], [449750.0, 3334250.0], [450000.0, 3334250.0]]]}, "properties": {"method_version": "q4_amenity_hub_grid_v1", "candidate_version": "grid_250m_min_20", "candidate_status": "selected_for_workbench", "recommended_for_review": true, "cbsa_code": "27260", "market_slug": "jacksonville_fl", "amenity_hub_id": "27260_grid_250m_min_20_304", "cell_size_meters": 250, "min_pois_per_cell": 20, "cell_count": 1, "cluster_area_sq_km": 0.0625, "poi_count": 56, "category_count": 9, "sub_category_count": 21, "centroid_longitude": -81.5201796877208, "centroid_latitude": 30.140374689874996, "poi_density_per_sq_km": 896.0}}, {"type": "Feature", "geometry": {"type": "Polygon", "coordinates": [[[449750.0, 3334750.0], [449750.0, 3335000.0], [450000.0, 3335000.0], [450250.0, 3335000.0], [450250.0, 3334750.0], [450000.0, 3334750.0], [449750.0, 3334750.0]]]}, "properties": {"method_version": "q4_amenity_hub_grid_v1", "candidate_version": "grid_250m_min_20", "candidate_status": "selected_for_workbench", "recommended_for_review": true, "cbsa_code": "27260", "market_slug": "jacksonville_fl", "amenity_hub_id": "27260_grid_250m_min_20_305", "cell_size_meters": 250, "min_pois_per_cell": 20, "cell_count": 2, "cluster_area_sq_km": 0.125, "poi_count": 71, "category_count": 15, "sub_category_count": 31, "centroid_longitude": -81.51905485755816, "centroid_latitude": 30.143906996282656, "poi_density_per_sq_km": 568.0}}, {"type": "Feature", "geometry": {"type": "Polygon", "coordinates": [[[449750.0, 3344750.0], [449750.0, 3345000.0], [450000.0, 3345000.0], [450000.0, 3345250.0], [450250.0, 3345250.0], [450250.0, 3345000.0], [450250.0, 3344750.0], [450000.0, 3344750.0], [449750.0, 3344750.0]]]}, "properties": {"method_version": "q4_amenity_hub_grid_v1", "candidate_version": "grid_250m_min_20", "candidate_status": "selected_for_workbench", "recommended_for_review": true, "cbsa_code": "27260", "market_slug": "jacksonville_fl", "amenity_hub_id": "27260_grid_250m_min_20_306", "cell_size_meters": 250, "min_pois_per_cell": 20, "cell_count": 3, "cluster_area_sq_km": 0.1875, "poi_count": 98, "category_count": 8, "sub_category_count": 21, "centroid_longitude": -81.51896878740763, "centroid_latitude": 30.23542098523024, "poi_density_per_sq_km": 522.6666666666666}}, {"type": "Feature", "geometry": {"type": "Polygon", "coordinates": [[[450250.0, 3330250.0], [450250.0, 3330500.0], [450000.0, 3330500.0], [450000.0, 3330250.0], [450250.0, 3330250.0]]]}, "properties": {"method_version": "q4_amenity_hub_grid_v1", "candidate_version": "grid_250m_min_20", "candidate_status": "selected_for_workbench", "recommended_for_review": true, "cbsa_code": "27260", "market_slug": "jacksonville_fl", "amenity_hub_id": "27260_grid_250m_min_20_307", "cell_size_meters": 250, "min_pois_per_cell": 20, "cell_count": 1, "cluster_area_sq_km": 0.0625, "poi_count": 29, "category_count": 5, "sub_category_count": 5, "centroid_longitude": -81.51783129994627, "centroid_latitude": 30.103003786065376, "poi_density_per_sq_km": 464.0}}, {"type": "Feature", "geometry": {"type": "Polygon", "coordinates": [[[450250.0, 3342500.0], [450000.0, 3342500.0], [450000.0, 3342750.0], [450000.0, 3343000.0], [450250.0, 3343000.0], [450250.0, 3342750.0], [450250.0, 3342500.0]]]}, "properties": {"method_version": "q4_amenity_hub_grid_v1", "candidate_version": "grid_250m_min_20", "candidate_status": "selected_for_workbench", "recommended_for_review": true, "cbsa_code": "27260", "market_slug": "jacksonville_fl", "amenity_hub_id": "27260_grid_250m_min_20_308", "cell_size_meters": 250, "min_pois_per_cell": 20, "cell_count": 2, "cluster_area_sq_km": 0.125, "poi_count": 88, "category_count": 10, "sub_category_count": 33, "centroid_longitude": -81.51833819736973, "centroid_latitude": 30.215565562970152, "poi_density_per_sq_km": 704.0}}, {"type": "Feature", "geometry": {"type": "Polygon", "coordinates": [[[450250.0, 3345500.0], [450250.0, 3345750.0], [450000.0, 3345750.0], [450000.0, 3345500.0], [450250.0, 3345500.0]]]}, "properties": {"method_version": "q4_amenity_hub_grid_v1", "candidate_version": "grid_250m_min_20", "candidate_status": "selected_for_workbench", "recommended_for_review": true, "cbsa_code": "27260", "market_slug": "jacksonville_fl", "amenity_hub_id": "27260_grid_250m_min_20_309", "cell_size_meters": 250, "min_pois_per_cell": 20, "cell_count": 1, "cluster_area_sq_km": 0.0625, "poi_count": 100, "category_count": 13, "sub_category_count": 30, "centroid_longitude": -81.51918606526482, "centroid_latitude": 30.241539073020725, "poi_density_per_sq_km": 1600.0}}, {"type": "Feature", "geometry": {"type": "Polygon", "coordinates": [[[450000.0, 3350000.0], [450000.0, 3350250.0], [450250.0, 3350250.0], [450500.0, 3350250.0], [450500.0, 3350000.0], [450250.0, 3350000.0], [450000.0, 3350000.0]]]}, "properties": {"method_version": "q4_amenity_hub_grid_v1", "candidate_version": "grid_250m_min_20", "candidate_status": "selected_for_workbench", "recommended_for_review": true, "cbsa_code": "27260", "market_slug": "jacksonville_fl", "amenity_hub_id": "27260_grid_250m_min_20_310", "cell_size_meters": 250, "min_pois_per_cell": 20, "cell_count": 2, "cluster_area_sq_km": 0.125, "poi_count": 91, "category_count": 11, "sub_category_count": 26, "centroid_longitude": -81.51783417370416, "centroid_latitude": 30.282009826900197, "poi_density_per_sq_km": 728.0}}, {"type": "Feature", "geometry": {"type": "Polygon", "coordinates": [[[450250.0, 3354750.0], [450250.0, 3355000.0], [450000.0, 3355000.0], [450000.0, 3354750.0], [450250.0, 3354750.0]]]}, "properties": {"method_version": "q4_amenity_hub_grid_v1", "candidate_version": "grid_250m_min_20", "candidate_status": "selected_for_workbench", "recommended_for_review": true, "cbsa_code": "27260", "market_slug": "jacksonville_fl", "amenity_hub_id": "27260_grid_250m_min_20_311", "cell_size_meters": 250, "min_pois_per_cell": 20, "cell_count": 1, "cluster_area_sq_km": 0.0625, "poi_count": 35, "category_count": 10, "sub_category_count": 18, "centroid_longitude": -81.51895377379594, "centroid_latitude": 30.3241120718936, "poi_density_per_sq_km": 560.0}}, {"type": "Feature", "geometry": {"type": "Polygon", "coordinates": [[[450500.0, 3325250.0], [450250.0, 3325250.0], [450250.0, 3325500.0], [450250.0, 3325750.0], [450500.0, 3325750.0], [450750.0, 3325750.0], [450750.0, 3325500.0], [450500.0, 3325500.0], [450500.0, 3325250.0]]]}, "properties": {"method_version": "q4_amenity_hub_grid_v1", "candidate_version": "grid_250m_min_20", "candidate_status": "selected_for_workbench", "recommended_for_review": true, "cbsa_code": "27260", "market_slug": "jacksonville_fl", "amenity_hub_id": "27260_grid_250m_min_20_312", "cell_size_meters": 250, "min_pois_per_cell": 20, "cell_count": 3, "cluster_area_sq_km": 0.1875, "poi_count": 127, "category_count": 14, "sub_category_count": 43, "centroid_longitude": -81.51394371474932, "centroid_latitude": 30.059899746771578, "poi_density_per_sq_km": 677.3333333333334}}, {"type": "Feature", "geometry": {"type": "Polygon", "coordinates": [[[450500.0, 3350750.0], [450500.0, 3351000.0], [450250.0, 3351000.0], [450250.0, 3350750.0], [450500.0, 3350750.0]]]}, "properties": {"method_version": "q4_amenity_hub_grid_v1", "candidate_version": "grid_250m_min_20", "candidate_status": "selected_for_workbench", "recommended_for_review": true, "cbsa_code": "27260", "market_slug": "jacksonville_fl", "amenity_hub_id": "27260_grid_250m_min_20_313", "cell_size_meters": 250, "min_pois_per_cell": 20, "cell_count": 1, "cluster_area_sq_km": 0.0625, "poi_count": 39, "category_count": 8, "sub_category_count": 18, "centroid_longitude": -81.51581247956977, "centroid_latitude": 30.287757093544194, "poi_density_per_sq_km": 624.0}}, {"type": "Feature", "geometry": {"type": "Polygon", "coordinates": [[[450750.0, 3342250.0], [450500.0, 3342250.0], [450500.0, 3342500.0], [450500.0, 3342750.0], [450750.0, 3342750.0], [450750.0, 3342500.0], [450750.0, 3342250.0]]]}, "properties": {"method_version": "q4_amenity_hub_grid_v1", "candidate_version": "grid_250m_min_20", "candidate_status": "selected_for_workbench", "recommended_for_review": true, "cbsa_code": "27260", "market_slug": "jacksonville_fl", "amenity_hub_id": "27260_grid_250m_min_20_314", "cell_size_meters": 250, "min_pois_per_cell": 20, "cell_count": 2, "cluster_area_sq_km": 0.125, "poi_count": 135, "category_count": 6, "sub_category_count": 17, "centroid_longitude": -81.5123300058338, "centroid_latitude": 30.21254726138309, "poi_density_per_sq_km": 1080.0}}, {"type": "Feature", "geometry": {"type": "Polygon", "coordinates": [[[450500.0, 3344500.0], [450500.0, 3344750.0], [450750.0, 3344750.0], [450750.0, 3345000.0], [451000.0, 3345000.0], [451000.0, 3344750.0], [451000.0, 3344500.0], [450750.0, 3344500.0], [450500.0, 3344500.0]]]}, "properties": {"method_version": "q4_amenity_hub_grid_v1", "candidate_version": "grid_250m_min_20", "candidate_status": "selected_for_workbench", "recommended_for_review": true, "cbsa_code": "27260", "market_slug": "jacksonville_fl", "amenity_hub_id": "27260_grid_250m_min_20_315", "cell_size_meters": 250, "min_pois_per_cell": 20, "cell_count": 3, "cluster_area_sq_km": 0.1875, "poi_count": 142, "category_count": 10, "sub_category_count": 21, "centroid_longitude": -81.51132137125515, "centroid_latitude": 30.232506185244187, "poi_density_per_sq_km": 757.3333333333334}}, {"type": "Feature", "geometry": {"type": "Polygon", "coordinates": [[[450750.0, 3350500.0], [450750.0, 3350750.0], [450500.0, 3350750.0], [450500.0, 3350500.0], [450750.0, 3350500.0]]]}, "properties": {"method_version": "q4_amenity_hub_grid_v1", "candidate_version": "grid_250m_min_20", "candidate_status": "selected_for_workbench", "recommended_for_review": true, "cbsa_code": "27260", "market_slug": "jacksonville_fl", "amenity_hub_id": "27260_grid_250m_min_20_316", "cell_size_meters": 250, "min_pois_per_cell": 20, "cell_count": 1, "cluster_area_sq_km": 0.0625, "poi_count": 23, "category_count": 7, "sub_category_count": 13, "centroid_longitude": -81.51344589125627, "centroid_latitude": 30.28644280385714, "poi_density_per_sq_km": 368.0}}, {"type": "Feature", "geometry": {"type": "Polygon", "coordinates": [[[450750.0, 3387250.0], [450750.0, 3387500.0], [450500.0, 3387500.0], [450500.0, 3387250.0], [450750.0, 3387250.0]]]}, "properties": {"method_version": "q4_amenity_hub_grid_v1", "candidate_version": "grid_250m_min_20", "candidate_status": "selected_for_workbench", "recommended_for_review": true, "cbsa_code": "27260", "market_slug": "jacksonville_fl", "amenity_hub_id": "27260_grid_250m_min_20_317", "cell_size_meters": 250, "min_pois_per_cell": 20, "cell_count": 1, "cluster_area_sq_km": 0.0625, "poi_count": 27, "category_count": 9, "sub_category_count": 19, "centroid_longitude": -81.51533543967837, "centroid_latitude": 30.618222625720207, "poi_density_per_sq_km": 432.0}}, {"type": "Feature", "geometry": {"type": "Polygon", "coordinates": [[[451000.0, 3287500.0], [451000.0, 3287750.0], [450750.0, 3287750.0], [450750.0, 3287500.0], [451000.0, 3287500.0]]]}, "properties": {"method_version": "q4_amenity_hub_grid_v1", "candidate_version": "grid_250m_min_20", "candidate_status": "selected_for_workbench", "recommended_for_review": true, "cbsa_code": "27260", "market_slug": "jacksonville_fl", "amenity_hub_id": "27260_grid_250m_min_20_318", "cell_size_meters": 250, "min_pois_per_cell": 20, "cell_count": 1, "cluster_area_sq_km": 0.0625, "poi_count": 20, "category_count": 7, "sub_category_count": 14, "centroid_longitude": -81.50805871718082, "centroid_latitude": 29.718033136574622, "poi_density_per_sq_km": 320.0}}, {"type": "Feature", "geometry": {"type": "Polygon", "coordinates": [[[451000.0, 3387000.0], [451000.0, 3387250.0], [450750.0, 3387250.0], [450750.0, 3387000.0], [451000.0, 3387000.0]]]}, "properties": {"method_version": "q4_amenity_hub_grid_v1", "candidate_version": "grid_250m_min_20", "candidate_status": "selected_for_workbench", "recommended_for_review": true, "cbsa_code": "27260", "market_slug": "jacksonville_fl", "amenity_hub_id": "27260_grid_250m_min_20_319", "cell_size_meters": 250, "min_pois_per_cell": 20, "cell_count": 1, "cluster_area_sq_km": 0.0625, "poi_count": 20, "category_count": 5, "sub_category_count": 10, "centroid_longitude": -81.51190867438484, "centroid_latitude": 30.616290984333496, "poi_density_per_sq_km": 320.0}}, {"type": "Feature", "geometry": {"type": "Polygon", "coordinates": [[[451250.0, 3325750.0], [451250.0, 3326000.0], [451000.0, 3326000.0], [451000.0, 3325750.0], [451250.0, 3325750.0]]]}, "properties": {"method_version": "q4_amenity_hub_grid_v1", "candidate_version": "grid_250m_min_20", "candidate_status": "selected_for_workbench", "recommended_for_review": true, "cbsa_code": "27260", "market_slug": "jacksonville_fl", "amenity_hub_id": "27260_grid_250m_min_20_320", "cell_size_meters": 250, "min_pois_per_cell": 20, "cell_count": 1, "cluster_area_sq_km": 0.0625, "poi_count": 20, "category_count": 7, "sub_category_count": 12, "centroid_longitude": -81.50658461200976, "centroid_latitude": 30.063105911685547, "poi_density_per_sq_km": 320.0}}, {"type": "Feature", "geometry": {"type": "Polygon", "coordinates": [[[451250.0, 3348500.0], [451000.0, 3348500.0], [451000.0, 3348750.0], [451000.0, 3349000.0], [451000.0, 3349250.0], [451250.0, 3349250.0], [451250.0, 3349000.0], [451250.0, 3348750.0], [451250.0, 3348500.0]]]}, "properties": {"method_version": "q4_amenity_hub_grid_v1", "candidate_version": "grid_250m_min_20", "candidate_status": "selected_for_workbench", "recommended_for_review": true, "cbsa_code": "27260", "market_slug": "jacksonville_fl", "amenity_hub_id": "27260_grid_250m_min_20_321", "cell_size_meters": 250, "min_pois_per_cell": 20, "cell_count": 3, "cluster_area_sq_km": 0.1875, "poi_count": 86, "category_count": 16, "sub_category_count": 27, "centroid_longitude": -81.50807428493177, "centroid_latitude": 30.270878900020353, "poi_density_per_sq_km": 458.6666666666667}}, {"type": "Feature", "geometry": {"type": "Polygon", "coordinates": [[[451250.0, 3350000.0], [451250.0, 3350250.0], [451000.0, 3350250.0], [451000.0, 3350000.0], [451250.0, 3350000.0]]]}, "properties": {"method_version": "q4_amenity_hub_grid_v1", "candidate_version": "grid_250m_min_20", "candidate_status": "selected_for_workbench", "recommended_for_review": true, "cbsa_code": "27260", "market_slug": "jacksonville_fl", "amenity_hub_id": "27260_grid_250m_min_20_322", "cell_size_meters": 250, "min_pois_per_cell": 20, "cell_count": 1, "cluster_area_sq_km": 0.0625, "poi_count": 22, "category_count": 7, "sub_category_count": 13, "centroid_longitude": -81.50740802093195, "centroid_latitude": 30.28120081143279, "poi_density_per_sq_km": 352.0}}, {"type": "Feature", "geometry": {"type": "Polygon", "coordinates": [[[451250.0, 3360750.0], [451250.0, 3361000.0], [451000.0, 3361000.0], [451000.0, 3360750.0], [451250.0, 3360750.0]]]}, "properties": {"method_version": "q4_amenity_hub_grid_v1", "candidate_version": "grid_250m_min_20", "candidate_status": "selected_for_workbench", "recommended_for_review": true, "cbsa_code": "27260", "market_slug": "jacksonville_fl", "amenity_hub_id": "27260_grid_250m_min_20_323", "cell_size_meters": 250, "min_pois_per_cell": 20, "cell_count": 1, "cluster_area_sq_km": 0.0625, "poi_count": 33, "category_count": 7, "sub_category_count": 17, "centroid_longitude": -81.50848893932603, "centroid_latitude": 30.37859944530685, "poi_density_per_sq_km": 528.0}}, {"type": "Feature", "geometry": {"type": "Polygon", "coordinates": [[[451500.0, 3350750.0], [451500.0, 3351000.0], [451750.0, 3351000.0], [452000.0, 3351000.0], [452000.0, 3350750.0], [451750.0, 3350750.0], [451500.0, 3350750.0]]]}, "properties": {"method_version": "q4_amenity_hub_grid_v1", "candidate_version": "grid_250m_min_20", "candidate_status": "selected_for_workbench", "recommended_for_review": true, "cbsa_code": "27260", "market_slug": "jacksonville_fl", "amenity_hub_id": "27260_grid_250m_min_20_324", "cell_size_meters": 250, "min_pois_per_cell": 20, "cell_count": 2, "cluster_area_sq_km": 0.125, "poi_count": 60, "category_count": 12, "sub_category_count": 27, "centroid_longitude": -81.50194730767947, "centroid_latitude": 30.287829940045857, "poi_density_per_sq_km": 480.0}}, {"type": "Feature", "geometry": {"type": "Polygon", "coordinates": [[[452000.0, 3358750.0], [451750.0, 3358750.0], [451750.0, 3359000.0], [451750.0, 3359250.0], [452000.0, 3359250.0], [452000.0, 3359000.0], [452000.0, 3358750.0]]]}, "properties": {"method_version": "q4_amenity_hub_grid_v1", "candidate_version": "grid_250m_min_20", "candidate_status": "selected_for_workbench", "recommended_for_review": true, "cbsa_code": "27260", "market_slug": "jacksonville_fl", "amenity_hub_id": "27260_grid_250m_min_20_325", "cell_size_meters": 250, "min_pois_per_cell": 20, "cell_count": 2, "cluster_area_sq_km": 0.125, "poi_count": 67, "category_count": 13, "sub_category_count": 34, "centroid_longitude": -81.5014360187008, "centroid_latitude": 30.36199698678717, "poi_density_per_sq_km": 536.0}}, {"type": "Feature", "geometry": {"type": "Polygon", "coordinates": [[[452250.0, 3326750.0], [452250.0, 3327000.0], [452000.0, 3327000.0], [452000.0, 3326750.0], [452250.0, 3326750.0]]]}, "properties": {"method_version": "q4_amenity_hub_grid_v1", "candidate_version": "grid_250m_min_20", "candidate_status": "selected_for_workbench", "recommended_for_review": true, "cbsa_code": "27260", "market_slug": "jacksonville_fl", "amenity_hub_id": "27260_grid_250m_min_20_326", "cell_size_meters": 250, "min_pois_per_cell": 20, "cell_count": 1, "cluster_area_sq_km": 0.0625, "poi_count": 21, "category_count": 1, "sub_category_count": 4, "centroid_longitude": -81.4970547047619, "centroid_latitude": 30.072246409523807, "poi_density_per_sq_km": 336.0}}, {"type": "Feature", "geometry": {"type": "Polygon", "coordinates": [[[452250.0, 3330250.0], [452250.0, 3330500.0], [452000.0, 3330500.0], [452000.0, 3330250.0], [452250.0, 3330250.0]]]}, "properties": {"method_version": "q4_amenity_hub_grid_v1", "candidate_version": "grid_250m_min_20", "candidate_status": "selected_for_workbench", "recommended_for_review": true, "cbsa_code": "27260", "market_slug": "jacksonville_fl", "amenity_hub_id": "27260_grid_250m_min_20_327", "cell_size_meters": 250, "min_pois_per_cell": 20, "cell_count": 1, "cluster_area_sq_km": 0.0625, "poi_count": 28, "category_count": 8, "sub_category_count": 16, "centroid_longitude": -81.49628918496042, "centroid_latitude": 30.103553844409134, "poi_density_per_sq_km": 448.0}}, {"type": "Feature", "geometry": {"type": "Polygon", "coordinates": [[[452250.0, 3347000.0], [452250.0, 3347250.0], [452000.0, 3347250.0], [452000.0, 3347000.0], [452250.0, 3347000.0]]]}, "properties": {"method_version": "q4_amenity_hub_grid_v1", "candidate_version": "grid_250m_min_20", "candidate_status": "selected_for_workbench", "recommended_for_review": true, "cbsa_code": "27260", "market_slug": "jacksonville_fl", "amenity_hub_id": "27260_grid_250m_min_20_328", "cell_size_meters": 250, "min_pois_per_cell": 20, "cell_count": 1, "cluster_area_sq_km": 0.0625, "poi_count": 20, "category_count": 4, "sub_category_count": 5, "centroid_longitude": -81.49705090111621, "centroid_latitude": 30.254260141078856, "poi_density_per_sq_km": 320.0}}, {"type": "Feature", "geometry": {"type": "Polygon", "coordinates": [[[452500.0, 3350500.0], [452250.0, 3350500.0], [452250.0, 3350750.0], [452250.0, 3351000.0], [452500.0, 3351000.0], [452500.0, 3350750.0], [452500.0, 3350500.0]]]}, "properties": {"method_version": "q4_amenity_hub_grid_v1", "candidate_version": "grid_250m_min_20", "candidate_status": "selected_for_workbench", "recommended_for_review": true, "cbsa_code": "27260", "market_slug": "jacksonville_fl", "amenity_hub_id": "27260_grid_250m_min_20_329", "cell_size_meters": 250, "min_pois_per_cell": 20, "cell_count": 2, "cluster_area_sq_km": 0.125, "poi_count": 42, "category_count": 9, "sub_category_count": 19, "centroid_longitude": -81.49600809025537, "centroid_latitude": 30.28724591934937, "poi_density_per_sq_km": 336.0}}, {"type": "Feature", "geometry": {"type": "Polygon", "coordinates": [[[452500.0, 3314500.0], [452500.0, 3314750.0], [452750.0, 3314750.0], [453000.0, 3314750.0], [453000.0, 3314500.0], [452750.0, 3314500.0], [452500.0, 3314500.0]]]}, "properties": {"method_version": "q4_amenity_hub_grid_v1", "candidate_version": "grid_250m_min_20", "candidate_status": "selected_for_workbench", "recommended_for_review": true, "cbsa_code": "27260", "market_slug": "jacksonville_fl", "amenity_hub_id": "27260_grid_250m_min_20_330", "cell_size_meters": 250, "min_pois_per_cell": 20, "cell_count": 2, "cluster_area_sq_km": 0.125, "poi_count": 122, "category_count": 13, "sub_category_count": 39, "centroid_longitude": -81.49025640044992, "centroid_latitude": 29.961676102212998, "poi_density_per_sq_km": 976.0}}, {"type": "Feature", "geometry": {"type": "Polygon", "coordinates": [[[452750.0, 3354000.0], [452750.0, 3354250.0], [453000.0, 3354250.0], [453250.0, 3354250.0], [453250.0, 3354000.0], [453000.0, 3354000.0], [452750.0, 3354000.0]]]}, "properties": {"method_version": "q4_amenity_hub_grid_v1", "candidate_version": "grid_250m_min_20", "candidate_status": "selected_for_workbench", "recommended_for_review": true, "cbsa_code": "27260", "market_slug": "jacksonville_fl", "amenity_hub_id": "27260_grid_250m_min_20_331", "cell_size_meters": 250, "min_pois_per_cell": 20, "cell_count": 2, "cluster_area_sq_km": 0.125, "poi_count": 83, "category_count": 11, "sub_category_count": 32, "centroid_longitude": -81.48863025540051, "centroid_latitude": 30.31771580426453, "poi_density_per_sq_km": 664.0}}, {"type": "Feature", "geometry": {"type": "Polygon", "coordinates": [[[453250.0, 3326750.0], [453000.0, 3326750.0], [453000.0, 3327000.0], [453000.0, 3327250.0], [453250.0, 3327250.0], [453250.0, 3327000.0], [453250.0, 3326750.0]]]}, "properties": {"method_version": "q4_amenity_hub_grid_v1", "candidate_version": "grid_250m_min_20", "candidate_status": "selected_for_workbench", "recommended_for_review": true, "cbsa_code": "27260", "market_slug": "jacksonville_fl", "amenity_hub_id": "27260_grid_250m_min_20_332", "cell_size_meters": 250, "min_pois_per_cell": 20, "cell_count": 2, "cluster_area_sq_km": 0.125, "poi_count": 51, "category_count": 9, "sub_category_count": 16, "centroid_longitude": -81.48661721987969, "centroid_latitude": 30.073010451741045, "poi_density_per_sq_km": 408.0}}, {"type": "Feature", "geometry": {"type": "Polygon", "coordinates": [[[453250.0, 3350500.0], [453250.0, 3350750.0], [453000.0, 3350750.0], [453000.0, 3350500.0], [453250.0, 3350500.0]]]}, "properties": {"method_version": "q4_amenity_hub_grid_v1", "candidate_version": "grid_250m_min_20", "candidate_status": "selected_for_workbench", "recommended_for_review": true, "cbsa_code": "27260", "market_slug": "jacksonville_fl", "amenity_hub_id": "27260_grid_250m_min_20_333", "cell_size_meters": 250, "min_pois_per_cell": 20, "cell_count": 1, "cluster_area_sq_km": 0.0625, "poi_count": 79, "category_count": 11, "sub_category_count": 31, "centroid_longitude": -81.48710976771734, "centroid_latitude": 30.286172193302484, "poi_density_per_sq_km": 1264.0}}, {"type": "Feature", "geometry": {"type": "Polygon", "coordinates": [[[453500.0, 3331000.0], [453500.0, 3331250.0], [453250.0, 3331250.0], [453250.0, 3331000.0], [453500.0, 3331000.0]]]}, "properties": {"method_version": "q4_amenity_hub_grid_v1", "candidate_version": "grid_250m_min_20", "candidate_status": "selected_for_workbench", "recommended_for_review": true, "cbsa_code": "27260", "market_slug": "jacksonville_fl", "amenity_hub_id": "27260_grid_250m_min_20_334", "cell_size_meters": 250, "min_pois_per_cell": 20, "cell_count": 1, "cluster_area_sq_km": 0.0625, "poi_count": 22, "category_count": 7, "sub_category_count": 12, "centroid_longitude": -81.48381505412728, "centroid_latitude": 30.110597408839816, "poi_density_per_sq_km": 352.0}}, {"type": "Feature", "geometry": {"type": "Polygon", "coordinates": [[[454750.0, 3317000.0], [454750.0, 3317250.0], [454500.0, 3317250.0], [454500.0, 3317000.0], [454750.0, 3317000.0]]]}, "properties": {"method_version": "q4_amenity_hub_grid_v1", "candidate_version": "grid_250m_min_20", "candidate_status": "selected_for_workbench", "recommended_for_review": true, "cbsa_code": "27260", "market_slug": "jacksonville_fl", "amenity_hub_id": "27260_grid_250m_min_20_335", "cell_size_meters": 250, "min_pois_per_cell": 20, "cell_count": 1, "cluster_area_sq_km": 0.0625, "poi_count": 64, "category_count": 9, "sub_category_count": 29, "centroid_longitude": -81.47009696241147, "centroid_latitude": 29.984286791162887, "poi_density_per_sq_km": 1024.0}}, {"type": "Feature", "geometry": {"type": "Polygon", "coordinates": [[[454750.0, 3354000.0], [454500.0, 3354000.0], [454500.0, 3354250.0], [454500.0, 3354500.0], [454750.0, 3354500.0], [454750.0, 3354250.0], [454750.0, 3354000.0]]]}, "properties": {"method_version": "q4_amenity_hub_grid_v1", "candidate_version": "grid_250m_min_20", "candidate_status": "selected_for_workbench", "recommended_for_review": true, "cbsa_code": "27260", "market_slug": "jacksonville_fl", "amenity_hub_id": "27260_grid_250m_min_20_336", "cell_size_meters": 250, "min_pois_per_cell": 20, "cell_count": 2, "cluster_area_sq_km": 0.125, "poi_count": 46, "category_count": 9, "sub_category_count": 23, "centroid_longitude": -81.47215045193373, "centroid_latitude": 30.319267673929808, "poi_density_per_sq_km": 368.0}}, {"type": "Feature", "geometry": {"type": "Polygon", "coordinates": [[[455000.0, 3317250.0], [455000.0, 3317500.0], [454750.0, 3317500.0], [454750.0, 3317250.0], [455000.0, 3317250.0]]]}, "properties": {"method_version": "q4_amenity_hub_grid_v1", "candidate_version": "grid_250m_min_20", "candidate_status": "selected_for_workbench", "recommended_for_review": true, "cbsa_code": "27260", "market_slug": "jacksonville_fl", "amenity_hub_id": "27260_grid_250m_min_20_337", "cell_size_meters": 250, "min_pois_per_cell": 20, "cell_count": 1, "cluster_area_sq_km": 0.0625, "poi_count": 43, "category_count": 7, "sub_category_count": 12, "centroid_longitude": -81.46797571436383, "centroid_latitude": 29.985641731097747, "poi_density_per_sq_km": 688.0}}, {"type": "Feature", "geometry": {"type": "Polygon", "coordinates": [[[455000.0, 3388500.0], [455000.0, 3388750.0], [454750.0, 3388750.0], [454750.0, 3388500.0], [455000.0, 3388500.0]]]}, "properties": {"method_version": "q4_amenity_hub_grid_v1", "candidate_version": "grid_250m_min_20", "candidate_status": "selected_for_workbench", "recommended_for_review": true, "cbsa_code": "27260", "market_slug": "jacksonville_fl", "amenity_hub_id": "27260_grid_250m_min_20_338", "cell_size_meters": 250, "min_pois_per_cell": 20, "cell_count": 1, "cluster_area_sq_km": 0.0625, "poi_count": 50, "category_count": 10, "sub_category_count": 19, "centroid_longitude": -81.47105145139018, "centroid_latitude": 30.63010469544962, "poi_density_per_sq_km": 800.0}}, {"type": "Feature", "geometry": {"type": "Polygon", "coordinates": [[[455250.0, 3347250.0], [455000.0, 3347250.0], [455000.0, 3347500.0], [455000.0, 3347750.0], [455250.0, 3347750.0], [455250.0, 3347500.0], [455250.0, 3347250.0]]]}, "properties": {"method_version": "q4_amenity_hub_grid_v1", "candidate_version": "grid_250m_min_20", "candidate_status": "selected_for_workbench", "recommended_for_review": true, "cbsa_code": "27260", "market_slug": "jacksonville_fl", "amenity_hub_id": "27260_grid_250m_min_20_339", "cell_size_meters": 250, "min_pois_per_cell": 20, "cell_count": 2, "cluster_area_sq_km": 0.125, "poi_count": 65, "category_count": 9, "sub_category_count": 26, "centroid_longitude": -81.46716179017491, "centroid_latitude": 30.258328750579736, "poi_density_per_sq_km": 520.0}}, {"type": "Feature", "geometry": {"type": "Polygon", "coordinates": [[[455500.0, 3347000.0], [455500.0, 3347250.0], [455250.0, 3347250.0], [455250.0, 3347000.0], [455500.0, 3347000.0]]]}, "properties": {"method_version": "q4_amenity_hub_grid_v1", "candidate_version": "grid_250m_min_20", "candidate_status": "selected_for_workbench", "recommended_for_review": true, "cbsa_code": "27260", "market_slug": "jacksonville_fl", "amenity_hub_id": "27260_grid_250m_min_20_340", "cell_size_meters": 250, "min_pois_per_cell": 20, "cell_count": 1, "cluster_area_sq_km": 0.0625, "poi_count": 25, "category_count": 7, "sub_category_count": 15, "centroid_longitude": -81.46489323771394, "centroid_latitude": 30.25459113451942, "poi_density_per_sq_km": 400.0}}, {"type": "Feature", "geometry": {"type": "Polygon", "coordinates": [[[455750.0, 3354000.0], [455500.0, 3354000.0], [455500.0, 3354250.0], [455250.0, 3354250.0], [455250.0, 3354500.0], [455500.0, 3354500.0], [455750.0, 3354500.0], [456000.0, 3354500.0], [456000.0, 3354250.0], [455750.0, 3354250.0], [455750.0, 3354000.0]]]}, "properties": {"method_version": "q4_amenity_hub_grid_v1", "candidate_version": "grid_250m_min_20", "candidate_status": "selected_for_workbench", "recommended_for_review": true, "cbsa_code": "27260", "market_slug": "jacksonville_fl", "amenity_hub_id": "27260_grid_250m_min_20_341", "cell_size_meters": 250, "min_pois_per_cell": 20, "cell_count": 4, "cluster_area_sq_km": 0.25, "poi_count": 127, "category_count": 14, "sub_category_count": 43, "centroid_longitude": -81.4614837947377, "centroid_latitude": 30.320222091307638, "poi_density_per_sq_km": 508.0}}, {"type": "Feature", "geometry": {"type": "Polygon", "coordinates": [[[456000.0, 3392750.0], [456000.0, 3393000.0], [455750.0, 3393000.0], [455500.0, 3393000.0], [455500.0, 3393250.0], [455250.0, 3393250.0], [455250.0, 3393500.0], [455500.0, 3393500.0], [455750.0, 3393500.0], [456000.0, 3393500.0], [456000.0, 3393250.0], [456250.0, 3393250.0], [456250.0, 3393000.0], [456250.0, 3392750.0], [456000.0, 3392750.0]]]}, "properties": {"method_version": "q4_amenity_hub_grid_v1", "candidate_version": "grid_250m_min_20", "candidate_status": "selected_for_workbench", "recommended_for_review": true, "cbsa_code": "27260", "market_slug": "jacksonville_fl", "amenity_hub_id": "27260_grid_250m_min_20_342", "cell_size_meters": 250, "min_pois_per_cell": 20, "cell_count": 7, "cluster_area_sq_km": 0.4375, "poi_count": 414, "category_count": 17, "sub_category_count": 57, "centroid_longitude": -81.46207327332144, "centroid_latitude": 30.67068140961294, "poi_density_per_sq_km": 946.2857142857143}}, {"type": "Feature", "geometry": {"type": "Polygon", "coordinates": [[[455750.0, 3347250.0], [455500.0, 3347250.0], [455500.0, 3347500.0], [455500.0, 3347750.0], [455750.0, 3347750.0], [455750.0, 3347500.0], [455750.0, 3347250.0]]]}, "properties": {"method_version": "q4_amenity_hub_grid_v1", "candidate_version": "grid_250m_min_20", "candidate_status": "selected_for_workbench", "recommended_for_review": true, "cbsa_code": "27260", "market_slug": "jacksonville_fl", "amenity_hub_id": "27260_grid_250m_min_20_343", "cell_size_meters": 250, "min_pois_per_cell": 20, "cell_count": 2, "cluster_area_sq_km": 0.125, "poi_count": 100, "category_count": 11, "sub_category_count": 26, "centroid_longitude": -81.46136938093078, "centroid_latitude": 30.25840965021349, "poi_density_per_sq_km": 800.0}}, {"type": "Feature", "geometry": {"type": "Polygon", "coordinates": [[[455500.0, 3350500.0], [455500.0, 3350750.0], [455500.0, 3351000.0], [455750.0, 3351000.0], [455750.0, 3350750.0], [456000.0, 3350750.0], [456000.0, 3350500.0], [456000.0, 3350250.0], [455750.0, 3350250.0], [455500.0, 3350250.0], [455500.0, 3350500.0]]]}, "properties": {"method_version": "q4_amenity_hub_grid_v1", "candidate_version": "grid_250m_min_20", "candidate_status": "selected_for_workbench", "recommended_for_review": true, "cbsa_code": "27260", "market_slug": "jacksonville_fl", "amenity_hub_id": "27260_grid_250m_min_20_344", "cell_size_meters": 250, "min_pois_per_cell": 20, "cell_count": 5, "cluster_area_sq_km": 0.3125, "poi_count": 150, "category_count": 11, "sub_category_count": 36, "centroid_longitude": -81.46055084753489, "centroid_latitude": 30.286547896554847, "poi_density_per_sq_km": 480.0}}, {"type": "Feature", "geometry": {"type": "Polygon", "coordinates": [[[455750.0, 3317250.0], [455750.0, 3317500.0], [456000.0, 3317500.0], [456250.0, 3317500.0], [456500.0, 3317500.0], [456500.0, 3317250.0], [456250.0, 3317250.0], [456000.0, 3317250.0], [455750.0, 3317250.0]]]}, "properties": {"method_version": "q4_amenity_hub_grid_v1", "candidate_version": "grid_250m_min_20", "candidate_status": "selected_for_workbench", "recommended_for_review": true, "cbsa_code": "27260", "market_slug": "jacksonville_fl", "amenity_hub_id": "27260_grid_250m_min_20_345", "cell_size_meters": 250, "min_pois_per_cell": 20, "cell_count": 3, "cluster_area_sq_km": 0.1875, "poi_count": 97, "category_count": 14, "sub_category_count": 36, "centroid_longitude": -81.45485213147465, "centroid_latitude": 29.986767221384895, "poi_density_per_sq_km": 517.3333333333334}}, {"type": "Feature", "geometry": {"type": "Polygon", "coordinates": [[[456000.0, 3328250.0], [456000.0, 3328500.0], [455750.0, 3328500.0], [455750.0, 3328250.0], [456000.0, 3328250.0]]]}, "properties": {"method_version": "q4_amenity_hub_grid_v1", "candidate_version": "grid_250m_min_20", "candidate_status": "selected_for_workbench", "recommended_for_review": true, "cbsa_code": "27260", "market_slug": "jacksonville_fl", "amenity_hub_id": "27260_grid_250m_min_20_346", "cell_size_meters": 250, "min_pois_per_cell": 20, "cell_count": 1, "cluster_area_sq_km": 0.0625, "poi_count": 20, "category_count": 7, "sub_category_count": 11, "centroid_longitude": -81.45851491505876, "centroid_latitude": 30.085987237, "poi_density_per_sq_km": 320.0}}, {"type": "Feature", "geometry": {"type": "Polygon", "coordinates": [[[456000.0, 3391750.0], [455750.0, 3391750.0], [455750.0, 3392000.0], [455750.0, 3392250.0], [455750.0, 3392500.0], [456000.0, 3392500.0], [456000.0, 3392250.0], [456000.0, 3392000.0], [456000.0, 3391750.0]]]}, "properties": {"method_version": "q4_amenity_hub_grid_v1", "candidate_version": "grid_250m_min_20", "candidate_status": "selected_for_workbench", "recommended_for_review": true, "cbsa_code": "27260", "market_slug": "jacksonville_fl", "amenity_hub_id": "27260_grid_250m_min_20_347", "cell_size_meters": 250, "min_pois_per_cell": 20, "cell_count": 3, "cluster_area_sq_km": 0.1875, "poi_count": 79, "category_count": 13, "sub_category_count": 35, "centroid_longitude": -81.46029382570629, "centroid_latitude": 30.660734381159877, "poi_density_per_sq_km": 421.3333333333333}}, {"type": "Feature", "geometry": {"type": "Polygon", "coordinates": [[[456500.0, 3350500.0], [456250.0, 3350500.0], [456250.0, 3350750.0], [456000.0, 3350750.0], [456000.0, 3351000.0], [456250.0, 3351000.0], [456500.0, 3351000.0], [456750.0, 3351000.0], [457000.0, 3351000.0], [457000.0, 3350750.0], [456750.0, 3350750.0], [456500.0, 3350750.0], [456500.0, 3350500.0]]]}, "properties": {"method_version": "q4_amenity_hub_grid_v1", "candidate_version": "grid_250m_min_20", "candidate_status": "selected_for_workbench", "recommended_for_review": true, "cbsa_code": "27260", "market_slug": "jacksonville_fl", "amenity_hub_id": "27260_grid_250m_min_20_348", "cell_size_meters": 250, "min_pois_per_cell": 20, "cell_count": 5, "cluster_area_sq_km": 0.3125, "poi_count": 128, "category_count": 14, "sub_category_count": 41, "centroid_longitude": -81.45270340009408, "centroid_latitude": 30.28818633781914, "poi_density_per_sq_km": 409.6}}, {"type": "Feature", "geometry": {"type": "Polygon", "coordinates": [[[456250.0, 3384250.0], [456250.0, 3384500.0], [456000.0, 3384500.0], [456000.0, 3384250.0], [456250.0, 3384250.0]]]}, "properties": {"method_version": "q4_amenity_hub_grid_v1", "candidate_version": "grid_250m_min_20", "candidate_status": "selected_for_workbench", "recommended_for_review": true, "cbsa_code": "27260", "market_slug": "jacksonville_fl", "amenity_hub_id": "27260_grid_250m_min_20_349", "cell_size_meters": 250, "min_pois_per_cell": 20, "cell_count": 1, "cluster_area_sq_km": 0.0625, "poi_count": 37, "category_count": 7, "sub_category_count": 16, "centroid_longitude": -81.4571084409055, "centroid_latitude": 30.591513463302842, "poi_density_per_sq_km": 592.0}}, {"type": "Feature", "geometry": {"type": "Polygon", "coordinates": [[[456250.0, 3389500.0], [456250.0, 3389750.0], [456000.0, 3389750.0], [456000.0, 3390000.0], [456000.0, 3390250.0], [456250.0, 3390250.0], [456250.0, 3390500.0], [456500.0, 3390500.0], [456500.0, 3390250.0], [456500.0, 3390000.0], [456750.0, 3390000.0], [456750.0, 3389750.0], [456500.0, 3389750.0], [456500.0, 3389500.0], [456250.0, 3389500.0]]]}, "properties": {"method_version": "q4_amenity_hub_grid_v1", "candidate_version": "grid_250m_min_20", "candidate_status": "selected_for_workbench", "recommended_for_review": true, "cbsa_code": "27260", "market_slug": "jacksonville_fl", "amenity_hub_id": "27260_grid_250m_min_20_350", "cell_size_meters": 250, "min_pois_per_cell": 20, "cell_count": 7, "cluster_area_sq_km": 0.4375, "poi_count": 281, "category_count": 16, "sub_category_count": 53, "centroid_longitude": -81.45555973522718, "centroid_latitude": 30.642258483212338, "poi_density_per_sq_km": 642.2857142857143}}, {"type": "Feature", "geometry": {"type": "Polygon", "coordinates": [[[456250.0, 3390500.0], [456250.0, 3390750.0], [456000.0, 3390750.0], [456000.0, 3390500.0], [456250.0, 3390500.0]]]}, "properties": {"method_version": "q4_amenity_hub_grid_v1", "candidate_version": "grid_250m_min_20", "candidate_status": "selected_for_workbench", "recommended_for_review": true, "cbsa_code": "27260", "market_slug": "jacksonville_fl", "amenity_hub_id": "27260_grid_250m_min_20_351", "cell_size_meters": 250, "min_pois_per_cell": 20, "cell_count": 1, "cluster_area_sq_km": 0.0625, "poi_count": 30, "category_count": 10, "sub_category_count": 16, "centroid_longitude": -81.45811590469688, "centroid_latitude": 30.647272606869606, "poi_density_per_sq_km": 480.0}}, {"type": "Feature", "geometry": {"type": "Polygon", "coordinates": [[[456500.0, 3354500.0], [456500.0, 3354750.0], [456250.0, 3354750.0], [456250.0, 3354500.0], [456500.0, 3354500.0]]]}, "properties": {"method_version": "q4_amenity_hub_grid_v1", "candidate_version": "grid_250m_min_20", "candidate_status": "selected_for_workbench", "recommended_for_review": true, "cbsa_code": "27260", "market_slug": "jacksonville_fl", "amenity_hub_id": "27260_grid_250m_min_20_352", "cell_size_meters": 250, "min_pois_per_cell": 20, "cell_count": 1, "cluster_area_sq_km": 0.0625, "poi_count": 128, "category_count": 10, "sub_category_count": 32, "centroid_longitude": -81.4528622406285, "centroid_latitude": 30.32206989310823, "poi_density_per_sq_km": 2048.0}}, {"type": "Feature", "geometry": {"type": "Polygon", "coordinates": [[[456500.0, 3390750.0], [456500.0, 3391000.0], [456250.0, 3391000.0], [456250.0, 3390750.0], [456500.0, 3390750.0]]]}, "properties": {"method_version": "q4_amenity_hub_grid_v1", "candidate_version": "grid_250m_min_20", "candidate_status": "selected_for_workbench", "recommended_for_review": true, "cbsa_code": "27260", "market_slug": "jacksonville_fl", "amenity_hub_id": "27260_grid_250m_min_20_353", "cell_size_meters": 250, "min_pois_per_cell": 20, "cell_count": 1, "cluster_area_sq_km": 0.0625, "poi_count": 37, "category_count": 5, "sub_category_count": 16, "centroid_longitude": -81.45519919263513, "centroid_latitude": 30.649323329517426, "poi_density_per_sq_km": 592.0}}, {"type": "Feature", "geometry": {"type": "Polygon", "coordinates": [[[456750.0, 3354000.0], [456500.0, 3354000.0], [456500.0, 3354250.0], [456500.0, 3354500.0], [456750.0, 3354500.0], [456750.0, 3354250.0], [456750.0, 3354000.0]]]}, "properties": {"method_version": "q4_amenity_hub_grid_v1", "candidate_version": "grid_250m_min_20", "candidate_status": "selected_for_workbench", "recommended_for_review": true, "cbsa_code": "27260", "market_slug": "jacksonville_fl", "amenity_hub_id": "27260_grid_250m_min_20_354", "cell_size_meters": 250, "min_pois_per_cell": 20, "cell_count": 2, "cluster_area_sq_km": 0.125, "poi_count": 45, "category_count": 11, "sub_category_count": 25, "centroid_longitude": -81.45095492454809, "centroid_latitude": 30.31954213290153, "poi_density_per_sq_km": 360.0}}, {"type": "Feature", "geometry": {"type": "Polygon", "coordinates": [[[456750.0, 3382250.0], [456750.0, 3382500.0], [456500.0, 3382500.0], [456500.0, 3382250.0], [456750.0, 3382250.0]]]}, "properties": {"method_version": "q4_amenity_hub_grid_v1", "candidate_version": "grid_250m_min_20", "candidate_status": "selected_for_workbench", "recommended_for_review": true, "cbsa_code": "27260", "market_slug": "jacksonville_fl", "amenity_hub_id": "27260_grid_250m_min_20_355", "cell_size_meters": 250, "min_pois_per_cell": 20, "cell_count": 1, "cluster_area_sq_km": 0.0625, "poi_count": 29, "category_count": 11, "sub_category_count": 17, "centroid_longitude": -81.45324064012956, "centroid_latitude": 30.573300418506584, "poi_density_per_sq_km": 464.0}}, {"type": "Feature", "geometry": {"type": "Polygon", "coordinates": [[[456750.0, 3391500.0], [456750.0, 3391750.0], [456500.0, 3391750.0], [456500.0, 3391500.0], [456750.0, 3391500.0]]]}, "properties": {"method_version": "q4_amenity_hub_grid_v1", "candidate_version": "grid_250m_min_20", "candidate_status": "selected_for_workbench", "recommended_for_review": true, "cbsa_code": "27260", "market_slug": "jacksonville_fl", "amenity_hub_id": "27260_grid_250m_min_20_356", "cell_size_meters": 250, "min_pois_per_cell": 20, "cell_count": 1, "cluster_area_sq_km": 0.0625, "poi_count": 28, "category_count": 11, "sub_category_count": 18, "centroid_longitude": -81.45261017620025, "centroid_latitude": 30.65624936772225, "poi_density_per_sq_km": 448.0}}, {"type": "Feature", "geometry": {"type": "Polygon", "coordinates": [[[457000.0, 3391000.0], [457000.0, 3391250.0], [456750.0, 3391250.0], [456750.0, 3391000.0], [457000.0, 3391000.0]]]}, "properties": {"method_version": "q4_amenity_hub_grid_v1", "candidate_version": "grid_250m_min_20", "candidate_status": "selected_for_workbench", "recommended_for_review": true, "cbsa_code": "27260", "market_slug": "jacksonville_fl", "amenity_hub_id": "27260_grid_250m_min_20_357", "cell_size_meters": 250, "min_pois_per_cell": 20, "cell_count": 1, "cluster_area_sq_km": 0.0625, "poi_count": 55, "category_count": 4, "sub_category_count": 9, "centroid_longitude": -81.4492781215453, "centroid_latitude": 30.652145435499275, "poi_density_per_sq_km": 880.0}}, {"type": "Feature", "geometry": {"type": "Polygon", "coordinates": [[[457500.0, 3350750.0], [457250.0, 3350750.0], [457250.0, 3351000.0], [457500.0, 3351000.0], [457750.0, 3351000.0], [458000.0, 3351000.0], [458000.0, 3350750.0], [458250.0, 3350750.0], [458250.0, 3350500.0], [458000.0, 3350500.0], [457750.0, 3350500.0], [457500.0, 3350500.0], [457500.0, 3350750.0]]]}, "properties": {"method_version": "q4_amenity_hub_grid_v1", "candidate_version": "grid_250m_min_20", "candidate_status": "selected_for_workbench", "recommended_for_review": true, "cbsa_code": "27260", "market_slug": "jacksonville_fl", "amenity_hub_id": "27260_grid_250m_min_20_358", "cell_size_meters": 250, "min_pois_per_cell": 20, "cell_count": 6, "cluster_area_sq_km": 0.375, "poi_count": 213, "category_count": 15, "sub_category_count": 52, "centroid_longitude": -81.43956950361667, "centroid_latitude": 30.287541574646042, "poi_density_per_sq_km": 568.0}}, {"type": "Feature", "geometry": {"type": "Polygon", "coordinates": [[[457500.0, 3380250.0], [457500.0, 3380500.0], [457250.0, 3380500.0], [457250.0, 3380250.0], [457500.0, 3380250.0]]]}, "properties": {"method_version": "q4_amenity_hub_grid_v1", "candidate_version": "grid_250m_min_20", "candidate_status": "selected_for_workbench", "recommended_for_review": true, "cbsa_code": "27260", "market_slug": "jacksonville_fl", "amenity_hub_id": "27260_grid_250m_min_20_359", "cell_size_meters": 250, "min_pois_per_cell": 20, "cell_count": 1, "cluster_area_sq_km": 0.0625, "poi_count": 22, "category_count": 7, "sub_category_count": 11, "centroid_longitude": -81.44403876070798, "centroid_latitude": 30.55525858239096, "poi_density_per_sq_km": 352.0}}, {"type": "Feature", "geometry": {"type": "Polygon", "coordinates": [[[457750.0, 3326000.0], [457750.0, 3326250.0], [457500.0, 3326250.0], [457500.0, 3326000.0], [457750.0, 3326000.0]]]}, "properties": {"method_version": "q4_amenity_hub_grid_v1", "candidate_version": "grid_250m_min_20", "candidate_status": "selected_for_workbench", "recommended_for_review": true, "cbsa_code": "27260", "market_slug": "jacksonville_fl", "amenity_hub_id": "27260_grid_250m_min_20_360", "cell_size_meters": 250, "min_pois_per_cell": 20, "cell_count": 1, "cluster_area_sq_km": 0.0625, "poi_count": 42, "category_count": 7, "sub_category_count": 17, "centroid_longitude": -81.43923124588143, "centroid_latitude": 30.06615959951495, "poi_density_per_sq_km": 672.0}}, {"type": "Feature", "geometry": {"type": "Polygon", "coordinates": [[[457750.0, 3347750.0], [457500.0, 3347750.0], [457500.0, 3348000.0], [457500.0, 3348250.0], [457750.0, 3348250.0], [457750.0, 3348000.0], [457750.0, 3347750.0]]]}, "properties": {"method_version": "q4_amenity_hub_grid_v1", "candidate_version": "grid_250m_min_20", "candidate_status": "selected_for_workbench", "recommended_for_review": true, "cbsa_code": "27260", "market_slug": "jacksonville_fl", "amenity_hub_id": "27260_grid_250m_min_20_361", "cell_size_meters": 250, "min_pois_per_cell": 20, "cell_count": 2, "cluster_area_sq_km": 0.125, "poi_count": 83, "category_count": 7, "sub_category_count": 14, "centroid_longitude": -81.44092710201322, "centroid_latitude": 30.263368447902636, "poi_density_per_sq_km": 664.0}}, {"type": "Feature", "geometry": {"type": "Polygon", "coordinates": [[[457750.0, 3387500.0], [457750.0, 3387750.0], [457500.0, 3387750.0], [457500.0, 3387500.0], [457750.0, 3387500.0]]]}, "properties": {"method_version": "q4_amenity_hub_grid_v1", "candidate_version": "grid_250m_min_20", "candidate_status": "selected_for_workbench", "recommended_for_review": true, "cbsa_code": "27260", "market_slug": "jacksonville_fl", "amenity_hub_id": "27260_grid_250m_min_20_362", "cell_size_meters": 250, "min_pois_per_cell": 20, "cell_count": 1, "cluster_area_sq_km": 0.0625, "poi_count": 20, "category_count": 4, "sub_category_count": 5, "centroid_longitude": -81.4414268463579, "centroid_latitude": 30.619887305882486, "poi_density_per_sq_km": 320.0}}, {"type": "Feature", "geometry": {"type": "Polygon", "coordinates": [[[457750.0, 3389500.0], [457750.0, 3389750.0], [458000.0, 3389750.0], [458250.0, 3389750.0], [458250.0, 3389500.0], [458000.0, 3389500.0], [457750.0, 3389500.0]]]}, "properties": {"method_version": "q4_amenity_hub_grid_v1", "candidate_version": "grid_250m_min_20", "candidate_status": "selected_for_workbench", "recommended_for_review": true, "cbsa_code": "27260", "market_slug": "jacksonville_fl", "amenity_hub_id": "27260_grid_250m_min_20_363", "cell_size_meters": 250, "min_pois_per_cell": 20, "cell_count": 2, "cluster_area_sq_km": 0.125, "poi_count": 58, "category_count": 10, "sub_category_count": 22, "centroid_longitude": -81.43836477023973, "centroid_latitude": 30.63848694107139, "poi_density_per_sq_km": 464.0}}, {"type": "Feature", "geometry": {"type": "Polygon", "coordinates": [[[458750.0, 3331250.0], [458750.0, 3331500.0], [458500.0, 3331500.0], [458500.0, 3331250.0], [458750.0, 3331250.0]]]}, "properties": {"method_version": "q4_amenity_hub_grid_v1", "candidate_version": "grid_250m_min_20", "candidate_status": "selected_for_workbench", "recommended_for_review": true, "cbsa_code": "27260", "market_slug": "jacksonville_fl", "amenity_hub_id": "27260_grid_250m_min_20_364", "cell_size_meters": 250, "min_pois_per_cell": 20, "cell_count": 1, "cluster_area_sq_km": 0.0625, "poi_count": 29, "category_count": 5, "sub_category_count": 7, "centroid_longitude": -81.42951846338104, "centroid_latitude": 30.112799484794085, "poi_density_per_sq_km": 464.0}}, {"type": "Feature", "geometry": {"type": "Polygon", "coordinates": [[[458750.0, 3392750.0], [458750.0, 3393000.0], [458500.0, 3393000.0], [458500.0, 3392750.0], [458750.0, 3392750.0]]]}, "properties": {"method_version": "q4_amenity_hub_grid_v1", "candidate_version": "grid_250m_min_20", "candidate_status": "selected_for_workbench", "recommended_for_review": true, "cbsa_code": "27260", "market_slug": "jacksonville_fl", "amenity_hub_id": "27260_grid_250m_min_20_365", "cell_size_meters": 250, "min_pois_per_cell": 20, "cell_count": 1, "cluster_area_sq_km": 0.0625, "poi_count": 24, "category_count": 7, "sub_category_count": 11, "centroid_longitude": -81.43157210806245, "centroid_latitude": 30.667967141510914, "poi_density_per_sq_km": 384.0}}, {"type": "Feature", "geometry": {"type": "Polygon", "coordinates": [[[459250.0, 3331000.0], [459250.0, 3331250.0], [459500.0, 3331250.0], [459750.0, 3331250.0], [460000.0, 3331250.0], [460000.0, 3331000.0], [460000.0, 3330750.0], [459750.0, 3330750.0], [459500.0, 3330750.0], [459250.0, 3330750.0], [459250.0, 3331000.0]]]}, "properties": {"method_version": "q4_amenity_hub_grid_v1", "candidate_version": "grid_250m_min_20", "candidate_status": "selected_for_workbench", "recommended_for_review": true, "cbsa_code": "27260", "market_slug": "jacksonville_fl", "amenity_hub_id": "27260_grid_250m_min_20_366", "cell_size_meters": 250, "min_pois_per_cell": 20, "cell_count": 6, "cluster_area_sq_km": 0.375, "poi_count": 277, "category_count": 13, "sub_category_count": 51, "centroid_longitude": -81.41917787375826, "centroid_latitude": 30.10995340464439, "poi_density_per_sq_km": 738.6666666666666}}, {"type": "Feature", "geometry": {"type": "Polygon", "coordinates": [[[459750.0, 3309250.0], [459750.0, 3309500.0], [459500.0, 3309500.0], [459500.0, 3309250.0], [459750.0, 3309250.0]]]}, "properties": {"method_version": "q4_amenity_hub_grid_v1", "candidate_version": "grid_250m_min_20", "candidate_status": "selected_for_workbench", "recommended_for_review": true, "cbsa_code": "27260", "market_slug": "jacksonville_fl", "amenity_hub_id": "27260_grid_250m_min_20_367", "cell_size_meters": 250, "min_pois_per_cell": 20, "cell_count": 1, "cluster_area_sq_km": 0.0625, "poi_count": 21, "category_count": 6, "sub_category_count": 11, "centroid_longitude": -81.41821569069442, "centroid_latitude": 29.91404133677176, "poi_density_per_sq_km": 336.0}}, {"type": "Feature", "geometry": {"type": "Polygon", "coordinates": [[[460000.0, 3310000.0], [459750.0, 3310000.0], [459750.0, 3310250.0], [459500.0, 3310250.0], [459500.0, 3310500.0], [459500.0, 3310750.0], [459750.0, 3310750.0], [459750.0, 3310500.0], [460000.0, 3310500.0], [460000.0, 3310250.0], [460000.0, 3310000.0]]]}, "properties": {"method_version": "q4_amenity_hub_grid_v1", "candidate_version": "grid_250m_min_20", "candidate_status": "selected_for_workbench", "recommended_for_review": true, "cbsa_code": "27260", "market_slug": "jacksonville_fl", "amenity_hub_id": "27260_grid_250m_min_20_368", "cell_size_meters": 250, "min_pois_per_cell": 20, "cell_count": 4, "cluster_area_sq_km": 0.25, "poi_count": 136, "category_count": 13, "sub_category_count": 24, "centroid_longitude": -81.41681387939812, "centroid_latitude": 29.92329855789214, "poi_density_per_sq_km": 544.0}}, {"type": "Feature", "geometry": {"type": "Polygon", "coordinates": [[[459750.0, 3331750.0], [459750.0, 3332000.0], [459500.0, 3332000.0], [459500.0, 3331750.0], [459750.0, 3331750.0]]]}, "properties": {"method_version": "q4_amenity_hub_grid_v1", "candidate_version": "grid_250m_min_20", "candidate_status": "selected_for_workbench", "recommended_for_review": true, "cbsa_code": "27260", "market_slug": "jacksonville_fl", "amenity_hub_id": "27260_grid_250m_min_20_369", "cell_size_meters": 250, "min_pois_per_cell": 20, "cell_count": 1, "cluster_area_sq_km": 0.0625, "poi_count": 48, "category_count": 7, "sub_category_count": 13, "centroid_longitude": -81.41878988692042, "centroid_latitude": 30.117871024224367, "poi_density_per_sq_km": 768.0}}, {"type": "Feature", "geometry": {"type": "Polygon", "coordinates": [[[459750.0, 3354500.0], [459750.0, 3354750.0], [459500.0, 3354750.0], [459500.0, 3354500.0], [459750.0, 3354500.0]]]}, "properties": {"method_version": "q4_amenity_hub_grid_v1", "candidate_version": "grid_250m_min_20", "candidate_status": "selected_for_workbench", "recommended_for_review": true, "cbsa_code": "27260", "market_slug": "jacksonville_fl", "amenity_hub_id": "27260_grid_250m_min_20_370", "cell_size_meters": 250, "min_pois_per_cell": 20, "cell_count": 1, "cluster_area_sq_km": 0.0625, "poi_count": 52, "category_count": 10, "sub_category_count": 24, "centroid_longitude": -81.41990119465217, "centroid_latitude": 30.32339624895618, "poi_density_per_sq_km": 832.0}}, {"type": "Feature", "geometry": {"type": "Polygon", "coordinates": [[[460000.0, 3350750.0], [460000.0, 3351000.0], [459750.0, 3351000.0], [459750.0, 3350750.0], [460000.0, 3350750.0]]]}, "properties": {"method_version": "q4_amenity_hub_grid_v1", "candidate_version": "grid_250m_min_20", "candidate_status": "selected_for_workbench", "recommended_for_review": true, "cbsa_code": "27260", "market_slug": "jacksonville_fl", "amenity_hub_id": "27260_grid_250m_min_20_371", "cell_size_meters": 250, "min_pois_per_cell": 20, "cell_count": 1, "cluster_area_sq_km": 0.0625, "poi_count": 21, "category_count": 7, "sub_category_count": 11, "centroid_longitude": -81.41726264481704, "centroid_latitude": 30.28878043129589, "poi_density_per_sq_km": 336.0}}, {"type": "Feature", "geometry": {"type": "Polygon", "coordinates": [[[460000.0, 3355250.0], [459750.0, 3355250.0], [459750.0, 3355500.0], [459750.0, 3355750.0], [460000.0, 3355750.0], [460000.0, 3355500.0], [460000.0, 3355250.0]]]}, "properties": {"method_version": "q4_amenity_hub_grid_v1", "candidate_version": "grid_250m_min_20", "candidate_status": "selected_for_workbench", "recommended_for_review": true, "cbsa_code": "27260", "market_slug": "jacksonville_fl", "amenity_hub_id": "27260_grid_250m_min_20_372", "cell_size_meters": 250, "min_pois_per_cell": 20, "cell_count": 2, "cluster_area_sq_km": 0.125, "poi_count": 67, "category_count": 14, "sub_category_count": 27, "centroid_longitude": -81.41748400438232, "centroid_latitude": 30.330251327599676, "poi_density_per_sq_km": 536.0}}, {"type": "Feature", "geometry": {"type": "Polygon", "coordinates": [[[460250.0, 3355750.0], [460000.0, 3355750.0], [460000.0, 3356000.0], [459750.0, 3356000.0], [459750.0, 3356250.0], [460000.0, 3356250.0], [460250.0, 3356250.0], [460250.0, 3356000.0], [460250.0, 3355750.0]]]}, "properties": {"method_version": "q4_amenity_hub_grid_v1", "candidate_version": "grid_250m_min_20", "candidate_status": "selected_for_workbench", "recommended_for_review": true, "cbsa_code": "27260", "market_slug": "jacksonville_fl", "amenity_hub_id": "27260_grid_250m_min_20_373", "cell_size_meters": 250, "min_pois_per_cell": 20, "cell_count": 3, "cluster_area_sq_km": 0.1875, "poi_count": 84, "category_count": 13, "sub_category_count": 33, "centroid_longitude": -81.41571215890889, "centroid_latitude": 30.33508742917049, "poi_density_per_sq_km": 448.0}}, {"type": "Feature", "geometry": {"type": "Polygon", "coordinates": [[[460250.0, 3310500.0], [460250.0, 3310750.0], [460000.0, 3310750.0], [460000.0, 3310500.0], [460250.0, 3310500.0]]]}, "properties": {"method_version": "q4_amenity_hub_grid_v1", "candidate_version": "grid_250m_min_20", "candidate_status": "selected_for_workbench", "recommended_for_review": true, "cbsa_code": "27260", "market_slug": "jacksonville_fl", "amenity_hub_id": "27260_grid_250m_min_20_374", "cell_size_meters": 250, "min_pois_per_cell": 20, "cell_count": 1, "cluster_area_sq_km": 0.0625, "poi_count": 55, "category_count": 7, "sub_category_count": 16, "centroid_longitude": -81.41272870314063, "centroid_latitude": 29.926103369945274, "poi_density_per_sq_km": 880.0}}, {"type": "Feature", "geometry": {"type": "Polygon", "coordinates": [[[460250.0, 3354500.0], [460000.0, 3354500.0], [460000.0, 3354750.0], [460000.0, 3355000.0], [460250.0, 3355000.0], [460500.0, 3355000.0], [460750.0, 3355000.0], [461000.0, 3355000.0], [461250.0, 3355000.0], [461500.0, 3355000.0], [461750.0, 3355000.0], [462000.0, 3355000.0], [462000.0, 3354750.0], [462000.0, 3354500.0], [461750.0, 3354500.0], [461500.0, 3354500.0], [461500.0, 3354750.0], [461250.0, 3354750.0], [461250.0, 3354500.0], [461000.0, 3354500.0], [461000.0, 3354750.0], [460750.0, 3354750.0], [460750.0, 3354500.0], [460500.0, 3354500.0], [460500.0, 3354750.0], [460250.0, 3354750.0], [460250.0, 3354500.0]]]}, "properties": {"method_version": "q4_amenity_hub_grid_v1", "candidate_version": "grid_250m_min_20", "candidate_status": "selected_for_workbench", "recommended_for_review": true, "cbsa_code": "27260", "market_slug": "jacksonville_fl", "amenity_hub_id": "27260_grid_250m_min_20_375", "cell_size_meters": 250, "min_pois_per_cell": 20, "cell_count": 13, "cluster_area_sq_km": 0.8125, "poi_count": 720, "category_count": 18, "sub_category_count": 72, "centroid_longitude": -81.40544078510983, "centroid_latitude": 30.324438619304303, "poi_density_per_sq_km": 886.1538461538462}}, {"type": "Feature", "geometry": {"type": "Polygon", "coordinates": [[[460250.0, 3357500.0], [460250.0, 3357750.0], [460000.0, 3357750.0], [460000.0, 3357500.0], [460250.0, 3357500.0]]]}, "properties": {"method_version": "q4_amenity_hub_grid_v1", "candidate_version": "grid_250m_min_20", "candidate_status": "selected_for_workbench", "recommended_for_review": true, "cbsa_code": "27260", "market_slug": "jacksonville_fl", "amenity_hub_id": "27260_grid_250m_min_20_376", "cell_size_meters": 250, "min_pois_per_cell": 20, "cell_count": 1, "cluster_area_sq_km": 0.0625, "poi_count": 38, "category_count": 10, "sub_category_count": 23, "centroid_longitude": -81.41445677107565, "centroid_latitude": 30.349870038531424, "poi_density_per_sq_km": 608.0}}, {"type": "Feature", "geometry": {"type": "Polygon", "coordinates": [[[460250.0, 3358250.0], [460250.0, 3358500.0], [460000.0, 3358500.0], [460000.0, 3358250.0], [460250.0, 3358250.0]]]}, "properties": {"method_version": "q4_amenity_hub_grid_v1", "candidate_version": "grid_250m_min_20", "candidate_status": "selected_for_workbench", "recommended_for_review": true, "cbsa_code": "27260", "market_slug": "jacksonville_fl", "amenity_hub_id": "27260_grid_250m_min_20_377", "cell_size_meters": 250, "min_pois_per_cell": 20, "cell_count": 1, "cluster_area_sq_km": 0.0625, "poi_count": 20, "category_count": 8, "sub_category_count": 16, "centroid_longitude": -81.41384982250311, "centroid_latitude": 30.357160175131384, "poi_density_per_sq_km": 320.0}}, {"type": "Feature", "geometry": {"type": "Polygon", "coordinates": [[[460500.0, 3350750.0], [460500.0, 3351000.0], [460250.0, 3351000.0], [460250.0, 3350750.0], [460500.0, 3350750.0]]]}, "properties": {"method_version": "q4_amenity_hub_grid_v1", "candidate_version": "grid_250m_min_20", "candidate_status": "selected_for_workbench", "recommended_for_review": true, "cbsa_code": "27260", "market_slug": "jacksonville_fl", "amenity_hub_id": "27260_grid_250m_min_20_378", "cell_size_meters": 250, "min_pois_per_cell": 20, "cell_count": 1, "cluster_area_sq_km": 0.0625, "poi_count": 24, "category_count": 6, "sub_category_count": 15, "centroid_longitude": -81.4121414096076, "centroid_latitude": 30.289008558161086, "poi_density_per_sq_km": 384.0}}, {"type": "Feature", "geometry": {"type": "Polygon", "coordinates": [[[460750.0, 3350500.0], [460750.0, 3350750.0], [460500.0, 3350750.0], [460500.0, 3350500.0], [460750.0, 3350500.0]]]}, "properties": {"method_version": "q4_amenity_hub_grid_v1", "candidate_version": "grid_250m_min_20", "candidate_status": "selected_for_workbench", "recommended_for_review": true, "cbsa_code": "27260", "market_slug": "jacksonville_fl", "amenity_hub_id": "27260_grid_250m_min_20_379", "cell_size_meters": 250, "min_pois_per_cell": 20, "cell_count": 1, "cluster_area_sq_km": 0.0625, "poi_count": 30, "category_count": 9, "sub_category_count": 20, "centroid_longitude": -81.40873003048007, "centroid_latitude": 30.287507532521733, "poi_density_per_sq_km": 480.0}}, {"type": "Feature", "geometry": {"type": "Polygon", "coordinates": [[[461000.0, 3352000.0], [460750.0, 3352000.0], [460750.0, 3352250.0], [460750.0, 3352500.0], [461000.0, 3352500.0], [461000.0, 3352250.0], [461000.0, 3352000.0]]]}, "properties": {"method_version": "q4_amenity_hub_grid_v1", "candidate_version": "grid_250m_min_20", "candidate_status": "selected_for_workbench", "recommended_for_review": true, "cbsa_code": "27260", "market_slug": "jacksonville_fl", "amenity_hub_id": "27260_grid_250m_min_20_380", "cell_size_meters": 250, "min_pois_per_cell": 20, "cell_count": 2, "cluster_area_sq_km": 0.125, "poi_count": 82, "category_count": 12, "sub_category_count": 31, "centroid_longitude": -81.40626829270415, "centroid_latitude": 30.301059766469884, "poi_density_per_sq_km": 656.0}}, {"type": "Feature", "geometry": {"type": "Polygon", "coordinates": [[[461000.0, 3350750.0], [461000.0, 3351000.0], [461250.0, 3351000.0], [461500.0, 3351000.0], [461750.0, 3351000.0], [461750.0, 3350750.0], [462000.0, 3350750.0], [462000.0, 3351000.0], [462000.0, 3351250.0], [462000.0, 3351500.0], [462000.0, 3351750.0], [462000.0, 3352000.0], [462000.0, 3352250.0], [461750.0, 3352250.0], [461750.0, 3352500.0], [461750.0, 3352750.0], [462000.0, 3352750.0], [462250.0, 3352750.0], [462250.0, 3352500.0], [462250.0, 3352250.0], [462250.0, 3352000.0], [462250.0, 3351750.0], [462500.0, 3351750.0], [462500.0, 3351500.0], [462500.0, 3351250.0], [462750.0, 3351250.0], [462750.0, 3351000.0], [462750.0, 3350750.0], [462500.0, 3350750.0], [462500.0, 3350500.0], [462500.0, 3350250.0], [462500.0, 3350000.0], [462500.0, 3349750.0], [462750.0, 3349750.0], [462750.0, 3349500.0], [462750.0, 3349250.0], [462750.0, 3349000.0], [462500.0, 3349000.0], [462500.0, 3349250.0], [462250.0, 3349250.0], [462250.0, 3349500.0], [462250.0, 3349750.0], [462250.0, 3350000.0], [462250.0, 3350250.0], [462250.0, 3350500.0], [462000.0, 3350500.0], [461750.0, 3350500.0], [461500.0, 3350500.0], [461250.0, 3350500.0], [461000.0, 3350500.0], [461000.0, 3350750.0]]]}, "properties": {"method_version": "q4_amenity_hub_grid_v1", "candidate_version": "grid_250m_min_20", "candidate_status": "selected_for_workbench", "recommended_for_review": true, "cbsa_code": "27260", "market_slug": "jacksonville_fl", "amenity_hub_id": "27260_grid_250m_min_20_381", "cell_size_meters": 250, "min_pois_per_cell": 20, "cell_count": 33, "cluster_area_sq_km": 2.0625, "poi_count": 1329, "category_count": 20, "sub_category_count": 80, "centroid_longitude": -81.39378466317815, "centroid_latitude": 30.28916160843131, "poi_density_per_sq_km": 644.3636363636364}}, {"type": "Feature", "geometry": {"type": "Polygon", "coordinates": [[[461500.0, 3346750.0], [461500.0, 3347000.0], [461250.0, 3347000.0], [461250.0, 3346750.0], [461500.0, 3346750.0]]]}, "properties": {"method_version": "q4_amenity_hub_grid_v1", "candidate_version": "grid_250m_min_20", "candidate_status": "selected_for_workbench", "recommended_for_review": true, "cbsa_code": "27260", "market_slug": "jacksonville_fl", "amenity_hub_id": "27260_grid_250m_min_20_382", "cell_size_meters": 250, "min_pois_per_cell": 20, "cell_count": 1, "cluster_area_sq_km": 0.0625, "poi_count": 35, "category_count": 7, "sub_category_count": 16, "centroid_longitude": -81.4018432362574, "centroid_latitude": 30.253114186206208, "poi_density_per_sq_km": 560.0}}, {"type": "Feature", "geometry": {"type": "Polygon", "coordinates": [[[461250.0, 3349000.0], [461250.0, 3349250.0], [461500.0, 3349250.0], [461500.0, 3349500.0], [461750.0, 3349500.0], [461750.0, 3349250.0], [461750.0, 3349000.0], [461500.0, 3349000.0], [461250.0, 3349000.0]]]}, "properties": {"method_version": "q4_amenity_hub_grid_v1", "candidate_version": "grid_250m_min_20", "candidate_status": "selected_for_workbench", "recommended_for_review": true, "cbsa_code": "27260", "market_slug": "jacksonville_fl", "amenity_hub_id": "27260_grid_250m_min_20_383", "cell_size_meters": 250, "min_pois_per_cell": 20, "cell_count": 3, "cluster_area_sq_km": 0.1875, "poi_count": 153, "category_count": 8, "sub_category_count": 19, "centroid_longitude": -81.39907671787812, "centroid_latitude": 30.27421485096379, "poi_density_per_sq_km": 816.0}}, {"type": "Feature", "geometry": {"type": "Polygon", "coordinates": [[[461750.0, 3347000.0], [461750.0, 3347250.0], [461500.0, 3347250.0], [461500.0, 3347000.0], [461750.0, 3347000.0]]]}, "properties": {"method_version": "q4_amenity_hub_grid_v1", "candidate_version": "grid_250m_min_20", "candidate_status": "selected_for_workbench", "recommended_for_review": true, "cbsa_code": "27260", "market_slug": "jacksonville_fl", "amenity_hub_id": "27260_grid_250m_min_20_384", "cell_size_meters": 250, "min_pois_per_cell": 20, "cell_count": 1, "cluster_area_sq_km": 0.0625, "poi_count": 24, "category_count": 7, "sub_category_count": 16, "centroid_longitude": -81.39913733169335, "centroid_latitude": 30.255305401460387, "poi_density_per_sq_km": 384.0}}, {"type": "Feature", "geometry": {"type": "Polygon", "coordinates": [[[461500.0, 3354000.0], [461500.0, 3354250.0], [461750.0, 3354250.0], [462000.0, 3354250.0], [462000.0, 3354000.0], [461750.0, 3354000.0], [461500.0, 3354000.0]]]}, "properties": {"method_version": "q4_amenity_hub_grid_v1", "candidate_version": "grid_250m_min_20", "candidate_status": "selected_for_workbench", "recommended_for_review": true, "cbsa_code": "27260", "market_slug": "jacksonville_fl", "amenity_hub_id": "27260_grid_250m_min_20_385", "cell_size_meters": 250, "min_pois_per_cell": 20, "cell_count": 2, "cluster_area_sq_km": 0.125, "poi_count": 53, "category_count": 8, "sub_category_count": 19, "centroid_longitude": -81.39781447478188, "centroid_latitude": 30.31815548758725, "poi_density_per_sq_km": 424.0}}, {"type": "Feature", "geometry": {"type": "Polygon", "coordinates": [[[462000.0, 3349500.0], [462000.0, 3349750.0], [461750.0, 3349750.0], [461750.0, 3349500.0], [462000.0, 3349500.0]]]}, "properties": {"method_version": "q4_amenity_hub_grid_v1", "candidate_version": "grid_250m_min_20", "candidate_status": "selected_for_workbench", "recommended_for_review": true, "cbsa_code": "27260", "market_slug": "jacksonville_fl", "amenity_hub_id": "27260_grid_250m_min_20_386", "cell_size_meters": 250, "min_pois_per_cell": 20, "cell_count": 1, "cluster_area_sq_km": 0.0625, "poi_count": 30, "category_count": 11, "sub_category_count": 19, "centroid_longitude": -81.39694942549292, "centroid_latitude": 30.27740132719399, "poi_density_per_sq_km": 480.0}}, {"type": "Feature", "geometry": {"type": "Polygon", "coordinates": [[[462250.0, 3320500.0], [462250.0, 3320750.0], [462000.0, 3320750.0], [462000.0, 3320500.0], [462250.0, 3320500.0]]]}, "properties": {"method_version": "q4_amenity_hub_grid_v1", "candidate_version": "grid_250m_min_20", "candidate_status": "selected_for_workbench", "recommended_for_review": true, "cbsa_code": "27260", "market_slug": "jacksonville_fl", "amenity_hub_id": "27260_grid_250m_min_20_387", "cell_size_meters": 250, "min_pois_per_cell": 20, "cell_count": 1, "cluster_area_sq_km": 0.0625, "poi_count": 52, "category_count": 8, "sub_category_count": 19, "centroid_longitude": -81.39223576315618, "centroid_latitude": 30.015416204744387, "poi_density_per_sq_km": 832.0}}, {"type": "Feature", "geometry": {"type": "Polygon", "coordinates": [[[462250.0, 3338500.0], [462250.0, 3338750.0], [462000.0, 3338750.0], [462000.0, 3338500.0], [462250.0, 3338500.0]]]}, "properties": {"method_version": "q4_amenity_hub_grid_v1", "candidate_version": "grid_250m_min_20", "candidate_status": "selected_for_workbench", "recommended_for_review": true, "cbsa_code": "27260", "market_slug": "jacksonville_fl", "amenity_hub_id": "27260_grid_250m_min_20_388", "cell_size_meters": 250, "min_pois_per_cell": 20, "cell_count": 1, "cluster_area_sq_km": 0.0625, "poi_count": 27, "category_count": 9, "sub_category_count": 12, "centroid_longitude": -81.3929351611836, "centroid_latitude": 30.177721678099598, "poi_density_per_sq_km": 432.0}}, {"type": "Feature", "geometry": {"type": "Polygon", "coordinates": [[[462500.0, 3320000.0], [462250.0, 3320000.0], [462250.0, 3320250.0], [462250.0, 3320500.0], [462500.0, 3320500.0], [462500.0, 3320250.0], [462500.0, 3320000.0]]]}, "properties": {"method_version": "q4_amenity_hub_grid_v1", "candidate_version": "grid_250m_min_20", "candidate_status": "selected_for_workbench", "recommended_for_review": true, "cbsa_code": "27260", "market_slug": "jacksonville_fl", "amenity_hub_id": "27260_grid_250m_min_20_389", "cell_size_meters": 250, "min_pois_per_cell": 20, "cell_count": 2, "cluster_area_sq_km": 0.125, "poi_count": 59, "category_count": 14, "sub_category_count": 31, "centroid_longitude": -81.39048964219982, "centroid_latitude": 30.012900409978254, "poi_density_per_sq_km": 472.0}}, {"type": "Feature", "geometry": {"type": "Polygon", "coordinates": [[[462500.0, 3346750.0], [462500.0, 3347000.0], [462250.0, 3347000.0], [462250.0, 3346750.0], [462500.0, 3346750.0]]]}, "properties": {"method_version": "q4_amenity_hub_grid_v1", "candidate_version": "grid_250m_min_20", "candidate_status": "selected_for_workbench", "recommended_for_review": true, "cbsa_code": "27260", "market_slug": "jacksonville_fl", "amenity_hub_id": "27260_grid_250m_min_20_390", "cell_size_meters": 250, "min_pois_per_cell": 20, "cell_count": 1, "cluster_area_sq_km": 0.0625, "poi_count": 27, "category_count": 7, "sub_category_count": 17, "centroid_longitude": -81.39136798900728, "centroid_latitude": 30.25370289396886, "poi_density_per_sq_km": 432.0}}, {"type": "Feature", "geometry": {"type": "Polygon", "coordinates": [[[462250.0, 3347750.0], [462500.0, 3347750.0], [462500.0, 3348000.0], [462500.0, 3348250.0], [462250.0, 3348250.0], [462250.0, 3348500.0], [462250.0, 3348750.0], [462500.0, 3348750.0], [462750.0, 3348750.0], [462750.0, 3348500.0], [462750.0, 3348250.0], [462750.0, 3348000.0], [462750.0, 3347750.0], [462750.0, 3347500.0], [462750.0, 3347250.0], [462500.0, 3347250.0], [462250.0, 3347250.0], [462250.0, 3347500.0], [462250.0, 3347750.0]]]}, "properties": {"method_version": "q4_amenity_hub_grid_v1", "candidate_version": "grid_250m_min_20", "candidate_status": "selected_for_workbench", "recommended_for_review": true, "cbsa_code": "27260", "market_slug": "jacksonville_fl", "amenity_hub_id": "27260_grid_250m_min_20_391", "cell_size_meters": 250, "min_pois_per_cell": 20, "cell_count": 10, "cluster_area_sq_km": 0.625, "poi_count": 438, "category_count": 18, "sub_category_count": 58, "centroid_longitude": -81.38963664282387, "centroid_latitude": 30.263220326096228, "poi_density_per_sq_km": 700.8}}, {"type": "Feature", "geometry": {"type": "Polygon", "coordinates": [[[462750.0, 3321500.0], [462750.0, 3321750.0], [462500.0, 3321750.0], [462500.0, 3321500.0], [462750.0, 3321500.0]]]}, "properties": {"method_version": "q4_amenity_hub_grid_v1", "candidate_version": "grid_250m_min_20", "candidate_status": "selected_for_workbench", "recommended_for_review": true, "cbsa_code": "27260", "market_slug": "jacksonville_fl", "amenity_hub_id": "27260_grid_250m_min_20_392", "cell_size_meters": 250, "min_pois_per_cell": 20, "cell_count": 1, "cluster_area_sq_km": 0.0625, "poi_count": 83, "category_count": 10, "sub_category_count": 31, "centroid_longitude": -81.38708388269163, "centroid_latitude": 30.0253803784776, "poi_density_per_sq_km": 1328.0}}, {"type": "Feature", "geometry": {"type": "Polygon", "coordinates": [[[462750.0, 3339500.0], [462750.0, 3339750.0], [462500.0, 3339750.0], [462500.0, 3339500.0], [462750.0, 3339500.0]]]}, "properties": {"method_version": "q4_amenity_hub_grid_v1", "candidate_version": "grid_250m_min_20", "candidate_status": "selected_for_workbench", "recommended_for_review": true, "cbsa_code": "27260", "market_slug": "jacksonville_fl", "amenity_hub_id": "27260_grid_250m_min_20_393", "cell_size_meters": 250, "min_pois_per_cell": 20, "cell_count": 1, "cluster_area_sq_km": 0.0625, "poi_count": 25, "category_count": 9, "sub_category_count": 14, "centroid_longitude": -81.38718876464844, "centroid_latitude": 30.187055905482993, "poi_density_per_sq_km": 400.0}}, {"type": "Feature", "geometry": {"type": "Polygon", "coordinates": [[[462500.0, 3343750.0], [462500.0, 3344000.0], [462500.0, 3344250.0], [462750.0, 3344250.0], [462750.0, 3344000.0], [463000.0, 3344000.0], [463000.0, 3343750.0], [462750.0, 3343750.0], [462500.0, 3343750.0]]]}, "properties": {"method_version": "q4_amenity_hub_grid_v1", "candidate_version": "grid_250m_min_20", "candidate_status": "selected_for_workbench", "recommended_for_review": true, "cbsa_code": "27260", "market_slug": "jacksonville_fl", "amenity_hub_id": "27260_grid_250m_min_20_394", "cell_size_meters": 250, "min_pois_per_cell": 20, "cell_count": 3, "cluster_area_sq_km": 0.1875, "poi_count": 103, "category_count": 12, "sub_category_count": 39, "centroid_longitude": -81.38750103260884, "centroid_latitude": 30.226501689424133, "poi_density_per_sq_km": 549.3333333333334}}, {"type": "Feature", "geometry": {"type": "Polygon", "coordinates": [[[462750.0, 3345250.0], [462750.0, 3345500.0], [462500.0, 3345500.0], [462500.0, 3345250.0], [462750.0, 3345250.0]]]}, "properties": {"method_version": "q4_amenity_hub_grid_v1", "candidate_version": "grid_250m_min_20", "candidate_status": "selected_for_workbench", "recommended_for_review": true, "cbsa_code": "27260", "market_slug": "jacksonville_fl", "amenity_hub_id": "27260_grid_250m_min_20_395", "cell_size_meters": 250, "min_pois_per_cell": 20, "cell_count": 1, "cluster_area_sq_km": 0.0625, "poi_count": 23, "category_count": 7, "sub_category_count": 13, "centroid_longitude": -81.3876532535181, "centroid_latitude": 30.239597119641974, "poi_density_per_sq_km": 368.0}}, {"type": "Feature", "geometry": {"type": "Polygon", "coordinates": [[[462750.0, 3346000.0], [462750.0, 3346250.0], [462500.0, 3346250.0], [462500.0, 3346000.0], [462750.0, 3346000.0]]]}, "properties": {"method_version": "q4_amenity_hub_grid_v1", "candidate_version": "grid_250m_min_20", "candidate_status": "selected_for_workbench", "recommended_for_review": true, "cbsa_code": "27260", "market_slug": "jacksonville_fl", "amenity_hub_id": "27260_grid_250m_min_20_396", "cell_size_meters": 250, "min_pois_per_cell": 20, "cell_count": 1, "cluster_area_sq_km": 0.0625, "poi_count": 36, "category_count": 6, "sub_category_count": 14, "centroid_longitude": -81.38853500373017, "centroid_latitude": 30.245901302478202, "poi_density_per_sq_km": 576.0}}, {"type": "Feature", "geometry": {"type": "Polygon", "coordinates": [[[462750.0, 3346500.0], [462750.0, 3346750.0], [462500.0, 3346750.0], [462500.0, 3346500.0], [462750.0, 3346500.0]]]}, "properties": {"method_version": "q4_amenity_hub_grid_v1", "candidate_version": "grid_250m_min_20", "candidate_status": "selected_for_workbench", "recommended_for_review": true, "cbsa_code": "27260", "market_slug": "jacksonville_fl", "amenity_hub_id": "27260_grid_250m_min_20_397", "cell_size_meters": 250, "min_pois_per_cell": 20, "cell_count": 1, "cluster_area_sq_km": 0.0625, "poi_count": 39, "category_count": 3, "sub_category_count": 14, "centroid_longitude": -81.38898226120217, "centroid_latitude": 30.250440222092504, "poi_density_per_sq_km": 624.0}}, {"type": "Feature", "geometry": {"type": "Polygon", "coordinates": [[[463250.0, 3341500.0], [463000.0, 3341500.0], [463000.0, 3341750.0], [462750.0, 3341750.0], [462750.0, 3342000.0], [463000.0, 3342000.0], [463250.0, 3342000.0], [463250.0, 3341750.0], [463250.0, 3341500.0]]]}, "properties": {"method_version": "q4_amenity_hub_grid_v1", "candidate_version": "grid_250m_min_20", "candidate_status": "selected_for_workbench", "recommended_for_review": true, "cbsa_code": "27260", "market_slug": "jacksonville_fl", "amenity_hub_id": "27260_grid_250m_min_20_398", "cell_size_meters": 250, "min_pois_per_cell": 20, "cell_count": 3, "cluster_area_sq_km": 0.1875, "poi_count": 205, "category_count": 14, "sub_category_count": 40, "centroid_longitude": -81.38329420491073, "centroid_latitude": 30.206207178084338, "poi_density_per_sq_km": 1093.3333333333333}}, {"type": "Feature", "geometry": {"type": "Polygon", "coordinates": [[[463000.0, 3344750.0], [463000.0, 3345000.0], [462750.0, 3345000.0], [462750.0, 3344750.0], [463000.0, 3344750.0]]]}, "properties": {"method_version": "q4_amenity_hub_grid_v1", "candidate_version": "grid_250m_min_20", "candidate_status": "selected_for_workbench", "recommended_for_review": true, "cbsa_code": "27260", "market_slug": "jacksonville_fl", "amenity_hub_id": "27260_grid_250m_min_20_399", "cell_size_meters": 250, "min_pois_per_cell": 20, "cell_count": 1, "cluster_area_sq_km": 0.0625, "poi_count": 23, "category_count": 7, "sub_category_count": 16, "centroid_longitude": -81.38675131620674, "centroid_latitude": 30.2355849108941, "poi_density_per_sq_km": 368.0}}, {"type": "Feature", "geometry": {"type": "Polygon", "coordinates": [[[463250.0, 3340250.0], [463250.0, 3340500.0], [463000.0, 3340500.0], [463000.0, 3340250.0], [463250.0, 3340250.0]]]}, "properties": {"method_version": "q4_amenity_hub_grid_v1", "candidate_version": "grid_250m_min_20", "candidate_status": "selected_for_workbench", "recommended_for_review": true, "cbsa_code": "27260", "market_slug": "jacksonville_fl", "amenity_hub_id": "27260_grid_250m_min_20_400", "cell_size_meters": 250, "min_pois_per_cell": 20, "cell_count": 1, "cluster_area_sq_km": 0.0625, "poi_count": 27, "category_count": 11, "sub_category_count": 20, "centroid_longitude": -81.38238770101349, "centroid_latitude": 30.194666179106044, "poi_density_per_sq_km": 432.0}}, {"type": "Feature", "geometry": {"type": "Polygon", "coordinates": [[[463250.0, 3339500.0], [463250.0, 3339750.0], [463250.0, 3340000.0], [463500.0, 3340000.0], [463500.0, 3339750.0], [463750.0, 3339750.0], [463750.0, 3339500.0], [463500.0, 3339500.0], [463250.0, 3339500.0]]]}, "properties": {"method_version": "q4_amenity_hub_grid_v1", "candidate_version": "grid_250m_min_20", "candidate_status": "selected_for_workbench", "recommended_for_review": true, "cbsa_code": "27260", "market_slug": "jacksonville_fl", "amenity_hub_id": "27260_grid_250m_min_20_401", "cell_size_meters": 250, "min_pois_per_cell": 20, "cell_count": 3, "cluster_area_sq_km": 0.1875, "poi_count": 95, "category_count": 13, "sub_category_count": 37, "centroid_longitude": -81.38039357480322, "centroid_latitude": 30.18887429136379, "poi_density_per_sq_km": 506.6666666666667}}, {"type": "Feature", "geometry": {"type": "Polygon", "coordinates": [[[463500.0, 3340750.0], [463250.0, 3340750.0], [463250.0, 3341000.0], [463250.0, 3341250.0], [463500.0, 3341250.0], [463500.0, 3341000.0], [463500.0, 3340750.0]]]}, "properties": {"method_version": "q4_amenity_hub_grid_v1", "candidate_version": "grid_250m_min_20", "candidate_status": "selected_for_workbench", "recommended_for_review": true, "cbsa_code": "27260", "market_slug": "jacksonville_fl", "amenity_hub_id": "27260_grid_250m_min_20_402", "cell_size_meters": 250, "min_pois_per_cell": 20, "cell_count": 2, "cluster_area_sq_km": 0.125, "poi_count": 231, "category_count": 15, "sub_category_count": 45, "centroid_longitude": -81.38107125460111, "centroid_latitude": 30.19937741638874, "poi_density_per_sq_km": 1848.0}}, {"type": "Feature", "geometry": {"type": "Polygon", "coordinates": [[[463500.0, 3342750.0], [463500.0, 3343000.0], [463250.0, 3343000.0], [463250.0, 3342750.0], [463500.0, 3342750.0]]]}, "properties": {"method_version": "q4_amenity_hub_grid_v1", "candidate_version": "grid_250m_min_20", "candidate_status": "selected_for_workbench", "recommended_for_review": true, "cbsa_code": "27260", "market_slug": "jacksonville_fl", "amenity_hub_id": "27260_grid_250m_min_20_403", "cell_size_meters": 250, "min_pois_per_cell": 20, "cell_count": 1, "cluster_area_sq_km": 0.0625, "poi_count": 31, "category_count": 4, "sub_category_count": 8, "centroid_longitude": -81.38052869741935, "centroid_latitude": 30.216480081612904, "poi_density_per_sq_km": 496.0}}, {"type": "Feature", "geometry": {"type": "Polygon", "coordinates": [[[466500.0, 3309250.0], [466500.0, 3309500.0], [466250.0, 3309500.0], [466250.0, 3309250.0], [466500.0, 3309250.0]]]}, "properties": {"method_version": "q4_amenity_hub_grid_v1", "candidate_version": "grid_250m_min_20", "candidate_status": "selected_for_workbench", "recommended_for_review": true, "cbsa_code": "27260", "market_slug": "jacksonville_fl", "amenity_hub_id": "27260_grid_250m_min_20_404", "cell_size_meters": 250, "min_pois_per_cell": 20, "cell_count": 1, "cluster_area_sq_km": 0.0625, "poi_count": 27, "category_count": 8, "sub_category_count": 15, "centroid_longitude": -81.34764231637021, "centroid_latitude": 29.91536126000913, "poi_density_per_sq_km": 432.0}}, {"type": "Feature", "geometry": {"type": "Polygon", "coordinates": [[[467750.0, 3304250.0], [467750.0, 3304500.0], [467500.0, 3304500.0], [467500.0, 3304250.0], [467750.0, 3304250.0]]]}, "properties": {"method_version": "q4_amenity_hub_grid_v1", "candidate_version": "grid_250m_min_20", "candidate_status": "selected_for_workbench", "recommended_for_review": true, "cbsa_code": "27260", "market_slug": "jacksonville_fl", "amenity_hub_id": "27260_grid_250m_min_20_405", "cell_size_meters": 250, "min_pois_per_cell": 20, "cell_count": 1, "cluster_area_sq_km": 0.0625, "poi_count": 26, "category_count": 8, "sub_category_count": 13, "centroid_longitude": -81.33516755092842, "centroid_latitude": 29.869603198849315, "poi_density_per_sq_km": 416.0}}, {"type": "Feature", "geometry": {"type": "Polygon", "coordinates": [[[468000.0, 3304000.0], [468250.0, 3304000.0], [468250.0, 3304250.0], [468500.0, 3304250.0], [468500.0, 3304500.0], [468750.0, 3304500.0], [468750.0, 3304250.0], [469000.0, 3304250.0], [469250.0, 3304250.0], [469250.0, 3304000.0], [469000.0, 3304000.0], [468750.0, 3304000.0], [468500.0, 3304000.0], [468500.0, 3303750.0], [468250.0, 3303750.0], [468000.0, 3303750.0], [467750.0, 3303750.0], [467750.0, 3304000.0], [468000.0, 3304000.0]]]}, "properties": {"method_version": "q4_amenity_hub_grid_v1", "candidate_version": "grid_250m_min_20", "candidate_status": "selected_for_workbench", "recommended_for_review": true, "cbsa_code": "27260", "market_slug": "jacksonville_fl", "amenity_hub_id": "27260_grid_250m_min_20_406", "cell_size_meters": 250, "min_pois_per_cell": 20, "cell_count": 8, "cluster_area_sq_km": 0.5, "poi_count": 266, "category_count": 14, "sub_category_count": 48, "centroid_longitude": -81.32476584254464, "centroid_latitude": 29.867088571124967, "poi_density_per_sq_km": 532.0}}, {"type": "Feature", "geometry": {"type": "Polygon", "coordinates": [[[468250.0, 3304250.0], [468250.0, 3304500.0], [468000.0, 3304500.0], [468000.0, 3304250.0], [468250.0, 3304250.0]]]}, "properties": {"method_version": "q4_amenity_hub_grid_v1", "candidate_version": "grid_250m_min_20", "candidate_status": "selected_for_workbench", "recommended_for_review": true, "cbsa_code": "27260", "market_slug": "jacksonville_fl", "amenity_hub_id": "27260_grid_250m_min_20_407", "cell_size_meters": 250, "min_pois_per_cell": 20, "cell_count": 1, "cluster_area_sq_km": 0.0625, "poi_count": 42, "category_count": 10, "sub_category_count": 21, "centroid_longitude": -81.33081185028766, "centroid_latitude": 29.869528002563452, "poi_density_per_sq_km": 672.0}}, {"type": "Feature", "geometry": {"type": "Polygon", "coordinates": [[[468250.0, 3305500.0], [468250.0, 3305750.0], [468250.0, 3306000.0], [468500.0, 3306000.0], [468750.0, 3306000.0], [468750.0, 3305750.0], [468750.0, 3305500.0], [468750.0, 3305250.0], [468500.0, 3305250.0], [468250.0, 3305250.0], [468250.0, 3305500.0]]]}, "properties": {"method_version": "q4_amenity_hub_grid_v1", "candidate_version": "grid_250m_min_20", "candidate_status": "selected_for_workbench", "recommended_for_review": true, "cbsa_code": "27260", "market_slug": "jacksonville_fl", "amenity_hub_id": "27260_grid_250m_min_20_408", "cell_size_meters": 250, "min_pois_per_cell": 20, "cell_count": 6, "cluster_area_sq_km": 0.375, "poi_count": 235, "category_count": 14, "sub_category_count": 52, "centroid_longitude": -81.32600159716648, "centroid_latitude": 29.880887518670637, "poi_density_per_sq_km": 626.6666666666666}}, {"type": "Feature", "geometry": {"type": "Polygon", "coordinates": [[[468250.0, 3306500.0], [468250.0, 3306750.0], [468500.0, 3306750.0], [468750.0, 3306750.0], [468750.0, 3306500.0], [468500.0, 3306500.0], [468250.0, 3306500.0]]]}, "properties": {"method_version": "q4_amenity_hub_grid_v1", "candidate_version": "grid_250m_min_20", "candidate_status": "selected_for_workbench", "recommended_for_review": true, "cbsa_code": "27260", "market_slug": "jacksonville_fl", "amenity_hub_id": "27260_grid_250m_min_20_409", "cell_size_meters": 250, "min_pois_per_cell": 20, "cell_count": 2, "cluster_area_sq_km": 0.125, "poi_count": 73, "category_count": 13, "sub_category_count": 32, "centroid_longitude": -81.32669968509629, "centroid_latitude": 29.890291827396148, "poi_density_per_sq_km": 584.0}}, {"type": "Feature", "geometry": {"type": "Polygon", "coordinates": [[[468500.0, 3310250.0], [468500.0, 3310500.0], [468250.0, 3310500.0], [468250.0, 3310250.0], [468500.0, 3310250.0]]]}, "properties": {"method_version": "q4_amenity_hub_grid_v1", "candidate_version": "grid_250m_min_20", "candidate_status": "selected_for_workbench", "recommended_for_review": true, "cbsa_code": "27260", "market_slug": "jacksonville_fl", "amenity_hub_id": "27260_grid_250m_min_20_410", "cell_size_meters": 250, "min_pois_per_cell": 20, "cell_count": 1, "cluster_area_sq_km": 0.0625, "poi_count": 27, "category_count": 9, "sub_category_count": 17, "centroid_longitude": -81.32694401560008, "centroid_latitude": 29.92463155823984, "poi_density_per_sq_km": 432.0}}, {"type": "Feature", "geometry": {"type": "Polygon", "coordinates": [[[468750.0, 3298000.0], [468750.0, 3298250.0], [468500.0, 3298250.0], [468500.0, 3298000.0], [468750.0, 3298000.0]]]}, "properties": {"method_version": "q4_amenity_hub_grid_v1", "candidate_version": "grid_250m_min_20", "candidate_status": "selected_for_workbench", "recommended_for_review": true, "cbsa_code": "27260", "market_slug": "jacksonville_fl", "amenity_hub_id": "27260_grid_250m_min_20_411", "cell_size_meters": 250, "min_pois_per_cell": 20, "cell_count": 1, "cluster_area_sq_km": 0.0625, "poi_count": 30, "category_count": 10, "sub_category_count": 17, "centroid_longitude": -81.32456111633431, "centroid_latitude": 29.813771444706923, "poi_density_per_sq_km": 480.0}}, {"type": "Feature", "geometry": {"type": "Polygon", "coordinates": [[[468750.0, 3300750.0], [468750.0, 3301000.0], [468500.0, 3301000.0], [468500.0, 3300750.0], [468750.0, 3300750.0]]]}, "properties": {"method_version": "q4_amenity_hub_grid_v1", "candidate_version": "grid_250m_min_20", "candidate_status": "selected_for_workbench", "recommended_for_review": true, "cbsa_code": "27260", "market_slug": "jacksonville_fl", "amenity_hub_id": "27260_grid_250m_min_20_412", "cell_size_meters": 250, "min_pois_per_cell": 20, "cell_count": 1, "cluster_area_sq_km": 0.0625, "poi_count": 25, "category_count": 3, "sub_category_count": 6, "centroid_longitude": -81.32453612380701, "centroid_latitude": 29.8378713750476, "poi_density_per_sq_km": 400.0}}, {"type": "Feature", "geometry": {"type": "Polygon", "coordinates": [[[468750.0, 3302500.0], [468750.0, 3302750.0], [468500.0, 3302750.0], [468500.0, 3302500.0], [468750.0, 3302500.0]]]}, "properties": {"method_version": "q4_amenity_hub_grid_v1", "candidate_version": "grid_250m_min_20", "candidate_status": "selected_for_workbench", "recommended_for_review": true, "cbsa_code": "27260", "market_slug": "jacksonville_fl", "amenity_hub_id": "27260_grid_250m_min_20_413", "cell_size_meters": 250, "min_pois_per_cell": 20, "cell_count": 1, "cluster_area_sq_km": 0.0625, "poi_count": 23, "category_count": 8, "sub_category_count": 15, "centroid_longitude": -81.32459660055443, "centroid_latitude": 29.853423133418715, "poi_density_per_sq_km": 368.0}}, {"type": "Feature", "geometry": {"type": "Polygon", "coordinates": [[[468500.0, 3303500.0], [468500.0, 3303750.0], [468750.0, 3303750.0], [469000.0, 3303750.0], [469250.0, 3303750.0], [469250.0, 3304000.0], [469500.0, 3304000.0], [469500.0, 3303750.0], [469500.0, 3303500.0], [469250.0, 3303500.0], [469000.0, 3303500.0], [469000.0, 3303250.0], [468750.0, 3303250.0], [468500.0, 3303250.0], [468500.0, 3303500.0]]]}, "properties": {"method_version": "q4_amenity_hub_grid_v1", "candidate_version": "grid_250m_min_20", "candidate_status": "selected_for_workbench", "recommended_for_review": true, "cbsa_code": "27260", "market_slug": "jacksonville_fl", "amenity_hub_id": "27260_grid_250m_min_20_414", "cell_size_meters": 250, "min_pois_per_cell": 20, "cell_count": 7, "cluster_area_sq_km": 0.4375, "poi_count": 319, "category_count": 15, "sub_category_count": 46, "centroid_longitude": -81.32164907667234, "centroid_latitude": 29.862612071286303, "poi_density_per_sq_km": 729.1428571428571}}, {"type": "Feature", "geometry": {"type": "Polygon", "coordinates": [[[468750.0, 3309000.0], [468750.0, 3309250.0], [468500.0, 3309250.0], [468500.0, 3309500.0], [468500.0, 3309750.0], [468500.0, 3310000.0], [468750.0, 3310000.0], [468750.0, 3309750.0], [469000.0, 3309750.0], [469000.0, 3309500.0], [469000.0, 3309250.0], [469000.0, 3309000.0], [468750.0, 3309000.0]]]}, "properties": {"method_version": "q4_amenity_hub_grid_v1", "candidate_version": "grid_250m_min_20", "candidate_status": "selected_for_workbench", "recommended_for_review": true, "cbsa_code": "27260", "market_slug": "jacksonville_fl", "amenity_hub_id": "27260_grid_250m_min_20_415", "cell_size_meters": 250, "min_pois_per_cell": 20, "cell_count": 6, "cluster_area_sq_km": 0.375, "poi_count": 171, "category_count": 15, "sub_category_count": 47, "centroid_longitude": -81.323287958238, "centroid_latitude": 29.915246795506153, "poi_density_per_sq_km": 456.0}}, {"type": "Feature", "geometry": {"type": "Polygon", "coordinates": [[[469000.0, 3297500.0], [468750.0, 3297500.0], [468750.0, 3297750.0], [468750.0, 3298000.0], [469000.0, 3298000.0], [469000.0, 3297750.0], [469000.0, 3297500.0]]]}, "properties": {"method_version": "q4_amenity_hub_grid_v1", "candidate_version": "grid_250m_min_20", "candidate_status": "selected_for_workbench", "recommended_for_review": true, "cbsa_code": "27260", "market_slug": "jacksonville_fl", "amenity_hub_id": "27260_grid_250m_min_20_416", "cell_size_meters": 250, "min_pois_per_cell": 20, "cell_count": 2, "cluster_area_sq_km": 0.125, "poi_count": 70, "category_count": 11, "sub_category_count": 25, "centroid_longitude": -81.32251670209662, "centroid_latitude": 29.809431117786783, "poi_density_per_sq_km": 560.0}}, {"type": "Feature", "geometry": {"type": "Polygon", "coordinates": [[[469000.0, 3298500.0], [469000.0, 3298750.0], [468750.0, 3298750.0], [468750.0, 3298500.0], [469000.0, 3298500.0]]]}, "properties": {"method_version": "q4_amenity_hub_grid_v1", "candidate_version": "grid_250m_min_20", "candidate_status": "selected_for_workbench", "recommended_for_review": true, "cbsa_code": "27260", "market_slug": "jacksonville_fl", "amenity_hub_id": "27260_grid_250m_min_20_417", "cell_size_meters": 250, "min_pois_per_cell": 20, "cell_count": 1, "cluster_area_sq_km": 0.0625, "poi_count": 20, "category_count": 8, "sub_category_count": 13, "centroid_longitude": -81.32242944186711, "centroid_latitude": 29.81829392166066, "poi_density_per_sq_km": 320.0}}, {"type": "Feature", "geometry": {"type": "Polygon", "coordinates": [[[469000.0, 3299500.0], [468750.0, 3299500.0], [468750.0, 3299750.0], [468750.0, 3300000.0], [468750.0, 3300250.0], [469000.0, 3300250.0], [469000.0, 3300000.0], [469000.0, 3299750.0], [469000.0, 3299500.0]]]}, "properties": {"method_version": "q4_amenity_hub_grid_v1", "candidate_version": "grid_250m_min_20", "candidate_status": "selected_for_workbench", "recommended_for_review": true, "cbsa_code": "27260", "market_slug": "jacksonville_fl", "amenity_hub_id": "27260_grid_250m_min_20_418", "cell_size_meters": 250, "min_pois_per_cell": 20, "cell_count": 3, "cluster_area_sq_km": 0.1875, "poi_count": 76, "category_count": 12, "sub_category_count": 26, "centroid_longitude": -81.32212097537582, "centroid_latitude": 29.829046123831805, "poi_density_per_sq_km": 405.3333333333333}}, {"type": "Feature", "geometry": {"type": "Polygon", "coordinates": [[[469000.0, 3300500.0], [469000.0, 3300750.0], [468750.0, 3300750.0], [468750.0, 3300500.0], [469000.0, 3300500.0]]]}, "properties": {"method_version": "q4_amenity_hub_grid_v1", "candidate_version": "grid_250m_min_20", "candidate_status": "selected_for_workbench", "recommended_for_review": true, "cbsa_code": "27260", "market_slug": "jacksonville_fl", "amenity_hub_id": "27260_grid_250m_min_20_419", "cell_size_meters": 250, "min_pois_per_cell": 20, "cell_count": 1, "cluster_area_sq_km": 0.0625, "poi_count": 33, "category_count": 10, "sub_category_count": 20, "centroid_longitude": -81.32216750368093, "centroid_latitude": 29.83612270071848, "poi_density_per_sq_km": 528.0}}, {"type": "Feature", "geometry": {"type": "Polygon", "coordinates": [[[469000.0, 3301250.0], [468750.0, 3301250.0], [468750.0, 3301500.0], [468750.0, 3301750.0], [469000.0, 3301750.0], [469000.0, 3301500.0], [469000.0, 3301250.0]]]}, "properties": {"method_version": "q4_amenity_hub_grid_v1", "candidate_version": "grid_250m_min_20", "candidate_status": "selected_for_workbench", "recommended_for_review": true, "cbsa_code": "27260", "market_slug": "jacksonville_fl", "amenity_hub_id": "27260_grid_250m_min_20_420", "cell_size_meters": 250, "min_pois_per_cell": 20, "cell_count": 2, "cluster_area_sq_km": 0.125, "poi_count": 84, "category_count": 7, "sub_category_count": 28, "centroid_longitude": -81.32217264397468, "centroid_latitude": 29.843757689158835, "poi_density_per_sq_km": 672.0}}, {"type": "Feature", "geometry": {"type": "Polygon", "coordinates": [[[469000.0, 3302000.0], [468750.0, 3302000.0], [468750.0, 3302250.0], [468750.0, 3302500.0], [469000.0, 3302500.0], [469000.0, 3302250.0], [469000.0, 3302000.0]]]}, "properties": {"method_version": "q4_amenity_hub_grid_v1", "candidate_version": "grid_250m_min_20", "candidate_status": "selected_for_workbench", "recommended_for_review": true, "cbsa_code": "27260", "market_slug": "jacksonville_fl", "amenity_hub_id": "27260_grid_250m_min_20_421", "cell_size_meters": 250, "min_pois_per_cell": 20, "cell_count": 2, "cluster_area_sq_km": 0.125, "poi_count": 59, "category_count": 12, "sub_category_count": 32, "centroid_longitude": -81.32241887835234, "centroid_latitude": 29.850231183955884, "poi_density_per_sq_km": 472.0}}, {"type": "Feature", "geometry": {"type": "Polygon", "coordinates": [[[469000.0, 3304500.0], [469000.0, 3304750.0], [468750.0, 3304750.0], [468750.0, 3304500.0], [469000.0, 3304500.0]]]}, "properties": {"method_version": "q4_amenity_hub_grid_v1", "candidate_version": "grid_250m_min_20", "candidate_status": "selected_for_workbench", "recommended_for_review": true, "cbsa_code": "27260", "market_slug": "jacksonville_fl", "amenity_hub_id": "27260_grid_250m_min_20_422", "cell_size_meters": 250, "min_pois_per_cell": 20, "cell_count": 1, "cluster_area_sq_km": 0.0625, "poi_count": 25, "category_count": 8, "sub_category_count": 16, "centroid_longitude": -81.3224100607286, "centroid_latitude": 29.87154570756037, "poi_density_per_sq_km": 400.0}}, {"type": "Feature", "geometry": {"type": "Polygon", "coordinates": [[[469250.0, 3307000.0], [469500.0, 3307000.0], [469500.0, 3307250.0], [469500.0, 3307500.0], [469500.0, 3307750.0], [469250.0, 3307750.0], [469250.0, 3308000.0], [469000.0, 3308000.0], [469000.0, 3308250.0], [469000.0, 3308500.0], [469000.0, 3308750.0], [469250.0, 3308750.0], [469250.0, 3308500.0], [469500.0, 3308500.0], [469500.0, 3308250.0], [469500.0, 3308000.0], [469750.0, 3308000.0], [469750.0, 3307750.0], [469750.0, 3307500.0], [470000.0, 3307500.0], [470000.0, 3307250.0], [470000.0, 3307000.0], [470000.0, 3306750.0], [470000.0, 3306500.0], [469750.0, 3306500.0], [469500.0, 3306500.0], [469500.0, 3306750.0], [469250.0, 3306750.0], [469250.0, 3306500.0], [469000.0, 3306500.0], [469000.0, 3306750.0], [469000.0, 3307000.0], [469250.0, 3307000.0]]]}, "properties": {"method_version": "q4_amenity_hub_grid_v1", "candidate_version": "grid_250m_min_20", "candidate_status": "selected_for_workbench", "recommended_for_review": true, "cbsa_code": "27260", "market_slug": "jacksonville_fl", "amenity_hub_id": "27260_grid_250m_min_20_423", "cell_size_meters": 250, "min_pois_per_cell": 20, "cell_count": 19, "cluster_area_sq_km": 1.1875, "poi_count": 1205, "category_count": 20, "sub_category_count": 86, "centroid_longitude": -81.31470699256202, "centroid_latitude": 29.8955905863852, "poi_density_per_sq_km": 1014.7368421052631}}, {"type": "Feature", "geometry": {"type": "Polygon", "coordinates": [[[469250.0, 3307250.0], [469250.0, 3307500.0], [469000.0, 3307500.0], [469000.0, 3307250.0], [469250.0, 3307250.0]]]}, "properties": {"method_version": "q4_amenity_hub_grid_v1", "candidate_version": "grid_250m_min_20", "candidate_status": "selected_for_workbench", "recommended_for_review": true, "cbsa_code": "27260", "market_slug": "jacksonville_fl", "amenity_hub_id": "27260_grid_250m_min_20_424", "cell_size_meters": 250, "min_pois_per_cell": 20, "cell_count": 1, "cluster_area_sq_km": 0.0625, "poi_count": 27, "category_count": 10, "sub_category_count": 19, "centroid_longitude": -81.31992051300811, "centroid_latitude": 29.89689886692075, "poi_density_per_sq_km": 432.0}}, {"type": "Feature", "geometry": {"type": "Polygon", "coordinates": [[[470750.0, 3306750.0], [470750.0, 3307000.0], [471000.0, 3307000.0], [471250.0, 3307000.0], [471500.0, 3307000.0], [471500.0, 3306750.0], [471250.0, 3306750.0], [471000.0, 3306750.0], [470750.0, 3306750.0]]]}, "properties": {"method_version": "q4_amenity_hub_grid_v1", "candidate_version": "grid_250m_min_20", "candidate_status": "selected_for_workbench", "recommended_for_review": true, "cbsa_code": "27260", "market_slug": "jacksonville_fl", "amenity_hub_id": "27260_grid_250m_min_20_425", "cell_size_meters": 250, "min_pois_per_cell": 20, "cell_count": 3, "cluster_area_sq_km": 0.1875, "poi_count": 84, "category_count": 13, "sub_category_count": 37, "centroid_longitude": -81.29941719290014, "centroid_latitude": 29.89192163858264, "poi_density_per_sq_km": 448.0}}, {"type": "Feature", "geometry": {"type": "Polygon", "coordinates": [[[471500.0, 3303500.0], [471500.0, 3303750.0], [471250.0, 3303750.0], [471250.0, 3303500.0], [471500.0, 3303500.0]]]}, "properties": {"method_version": "q4_amenity_hub_grid_v1", "candidate_version": "grid_250m_min_20", "candidate_status": "selected_for_workbench", "recommended_for_review": true, "cbsa_code": "27260", "market_slug": "jacksonville_fl", "amenity_hub_id": "27260_grid_250m_min_20_426", "cell_size_meters": 250, "min_pois_per_cell": 20, "cell_count": 1, "cluster_area_sq_km": 0.0625, "poi_count": 53, "category_count": 7, "sub_category_count": 18, "centroid_longitude": -81.29678000616761, "centroid_latitude": 29.863269272841944, "poi_density_per_sq_km": 848.0}}, {"type": "Feature", "geometry": {"type": "Polygon", "coordinates": [[[471750.0, 3306500.0], [471750.0, 3306750.0], [471500.0, 3306750.0], [471500.0, 3306500.0], [471750.0, 3306500.0]]]}, "properties": {"method_version": "q4_amenity_hub_grid_v1", "candidate_version": "grid_250m_min_20", "candidate_status": "selected_for_workbench", "recommended_for_review": true, "cbsa_code": "27260", "market_slug": "jacksonville_fl", "amenity_hub_id": "27260_grid_250m_min_20_427", "cell_size_meters": 250, "min_pois_per_cell": 20, "cell_count": 1, "cluster_area_sq_km": 0.0625, "poi_count": 23, "category_count": 8, "sub_category_count": 12, "centroid_longitude": -81.29366499492713, "centroid_latitude": 29.889638154211827, "poi_density_per_sq_km": 368.0}}, {"type": "Feature", "geometry": {"type": "Polygon", "coordinates": [[[471750.0, 3309500.0], [471750.0, 3309750.0], [471500.0, 3309750.0], [471500.0, 3309500.0], [471750.0, 3309500.0]]]}, "properties": {"method_version": "q4_amenity_hub_grid_v1", "candidate_version": "grid_250m_min_20", "candidate_status": "selected_for_workbench", "recommended_for_review": true, "cbsa_code": "27260", "market_slug": "jacksonville_fl", "amenity_hub_id": "27260_grid_250m_min_20_428", "cell_size_meters": 250, "min_pois_per_cell": 20, "cell_count": 1, "cluster_area_sq_km": 0.0625, "poi_count": 27, "category_count": 8, "sub_category_count": 15, "centroid_longitude": -81.29347725514472, "centroid_latitude": 29.916959066743146, "poi_density_per_sq_km": 432.0}}, {"type": "Feature", "geometry": {"type": "Polygon", "coordinates": [[[472000.0, 3306000.0], [471750.0, 3306000.0], [471750.0, 3306250.0], [471750.0, 3306500.0], [472000.0, 3306500.0], [472000.0, 3306250.0], [472000.0, 3306000.0]]]}, "properties": {"method_version": "q4_amenity_hub_grid_v1", "candidate_version": "grid_250m_min_20", "candidate_status": "selected_for_workbench", "recommended_for_review": true, "cbsa_code": "27260", "market_slug": "jacksonville_fl", "amenity_hub_id": "27260_grid_250m_min_20_429", "cell_size_meters": 250, "min_pois_per_cell": 20, "cell_count": 2, "cluster_area_sq_km": 0.125, "poi_count": 59, "category_count": 10, "sub_category_count": 26, "centroid_longitude": -81.29091033668622, "centroid_latitude": 29.88667319552471, "poi_density_per_sq_km": 472.0}}, {"type": "Feature", "geometry": {"type": "Polygon", "coordinates": [[[472750.0, 3302750.0], [472750.0, 3303000.0], [472750.0, 3303250.0], [472500.0, 3303250.0], [472500.0, 3303500.0], [472750.0, 3303500.0], [473000.0, 3303500.0], [473000.0, 3303250.0], [473000.0, 3303000.0], [473000.0, 3302750.0], [472750.0, 3302750.0]]]}, "properties": {"method_version": "q4_amenity_hub_grid_v1", "candidate_version": "grid_250m_min_20", "candidate_status": "selected_for_workbench", "recommended_for_review": true, "cbsa_code": "27260", "market_slug": "jacksonville_fl", "amenity_hub_id": "27260_grid_250m_min_20_430", "cell_size_meters": 250, "min_pois_per_cell": 20, "cell_count": 4, "cluster_area_sq_km": 0.25, "poi_count": 104, "category_count": 14, "sub_category_count": 47, "centroid_longitude": -81.28143402565978, "centroid_latitude": 29.858326884506422, "poi_density_per_sq_km": 416.0}}, {"type": "Feature", "geometry": {"type": "Polygon", "coordinates": [[[473250.0, 3301500.0], [473250.0, 3301750.0], [473000.0, 3301750.0], [473000.0, 3301500.0], [473250.0, 3301500.0]]]}, "properties": {"method_version": "q4_amenity_hub_grid_v1", "candidate_version": "grid_250m_min_20", "candidate_status": "selected_for_workbench", "recommended_for_review": true, "cbsa_code": "27260", "market_slug": "jacksonville_fl", "amenity_hub_id": "27260_grid_250m_min_20_431", "cell_size_meters": 250, "min_pois_per_cell": 20, "cell_count": 1, "cluster_area_sq_km": 0.0625, "poi_count": 86, "category_count": 10, "sub_category_count": 21, "centroid_longitude": -81.27775128472028, "centroid_latitude": 29.844925830029943, "poi_density_per_sq_km": 1376.0}}, {"type": "Feature", "geometry": {"type": "Polygon", "coordinates": [[[473500.0, 3300750.0], [473500.0, 3301000.0], [473250.0, 3301000.0], [473250.0, 3300750.0], [473500.0, 3300750.0]]]}, "properties": {"method_version": "q4_amenity_hub_grid_v1", "candidate_version": "grid_250m_min_20", "candidate_status": "selected_for_workbench", "recommended_for_review": true, "cbsa_code": "27260", "market_slug": "jacksonville_fl", "amenity_hub_id": "27260_grid_250m_min_20_432", "cell_size_meters": 250, "min_pois_per_cell": 20, "cell_count": 1, "cluster_area_sq_km": 0.0625, "poi_count": 22, "category_count": 3, "sub_category_count": 3, "centroid_longitude": -81.2760527672842, "centroid_latitude": 29.83795811654896, "poi_density_per_sq_km": 352.0}}, {"type": "Feature", "geometry": {"type": "Polygon", "coordinates": [[[474000.0, 3299500.0], [473750.0, 3299500.0], [473750.0, 3299750.0], [473500.0, 3299750.0], [473500.0, 3300000.0], [473750.0, 3300000.0], [474000.0, 3300000.0], [474000.0, 3299750.0], [474000.0, 3299500.0]]]}, "properties": {"method_version": "q4_amenity_hub_grid_v1", "candidate_version": "grid_250m_min_20", "candidate_status": "selected_for_workbench", "recommended_for_review": true, "cbsa_code": "27260", "market_slug": "jacksonville_fl", "amenity_hub_id": "27260_grid_250m_min_20_433", "cell_size_meters": 250, "min_pois_per_cell": 20, "cell_count": 3, "cluster_area_sq_km": 0.1875, "poi_count": 74, "category_count": 11, "sub_category_count": 31, "centroid_longitude": -81.27157427657016, "centroid_latitude": 29.82862616177612, "poi_density_per_sq_km": 394.6666666666667}}, {"type": "Feature", "geometry": {"type": "Polygon", "coordinates": [[[474000.0, 3298500.0], [473750.0, 3298500.0], [473750.0, 3298750.0], [473750.0, 3299000.0], [474000.0, 3299000.0], [474000.0, 3298750.0], [474000.0, 3298500.0]]]}, "properties": {"method_version": "q4_amenity_hub_grid_v1", "candidate_version": "grid_250m_min_20", "candidate_status": "selected_for_workbench", "recommended_for_review": true, "cbsa_code": "27260", "market_slug": "jacksonville_fl", "amenity_hub_id": "27260_grid_250m_min_20_434", "cell_size_meters": 250, "min_pois_per_cell": 20, "cell_count": 2, "cluster_area_sq_km": 0.125, "poi_count": 49, "category_count": 10, "sub_category_count": 27, "centroid_longitude": -81.26998125583602, "centroid_latitude": 29.81900142187981, "poi_density_per_sq_km": 392.0}}, {"type": "Feature", "geometry": {"type": "Polygon", "coordinates": [[[474250.0, 3301500.0], [474250.0, 3301750.0], [474000.0, 3301750.0], [474000.0, 3301500.0], [474250.0, 3301500.0]]]}, "properties": {"method_version": "q4_amenity_hub_grid_v1", "candidate_version": "grid_250m_min_20", "candidate_status": "selected_for_workbench", "recommended_for_review": true, "cbsa_code": "27260", "market_slug": "jacksonville_fl", "amenity_hub_id": "27260_grid_250m_min_20_435", "cell_size_meters": 250, "min_pois_per_cell": 20, "cell_count": 1, "cluster_area_sq_km": 0.0625, "poi_count": 54, "category_count": 8, "sub_category_count": 19, "centroid_longitude": -81.26755765837851, "centroid_latitude": 29.84499452869717, "poi_density_per_sq_km": 864.0}}, {"type": "Feature", "geometry": {"type": "Polygon", "coordinates": [[[474250.0, 3302250.0], [474250.0, 3302500.0], [474000.0, 3302500.0], [474000.0, 3302250.0], [474250.0, 3302250.0]]]}, "properties": {"method_version": "q4_amenity_hub_grid_v1", "candidate_version": "grid_250m_min_20", "candidate_status": "selected_for_workbench", "recommended_for_review": true, "cbsa_code": "27260", "market_slug": "jacksonville_fl", "amenity_hub_id": "27260_grid_250m_min_20_436", "cell_size_meters": 250, "min_pois_per_cell": 20, "cell_count": 1, "cluster_area_sq_km": 0.0625, "poi_count": 27, "category_count": 7, "sub_category_count": 10, "centroid_longitude": -81.26750067332706, "centroid_latitude": 29.851266187054655, "poi_density_per_sq_km": 432.0}}, {"type": "Feature", "geometry": {"type": "Polygon", "coordinates": [[[392500.0, 3350500.0], [392500.0, 3351000.0], [392000.0, 3351000.0], [392000.0, 3350500.0], [392500.0, 3350500.0]]]}, "properties": {"method_version": "q4_amenity_hub_grid_v1", "candidate_version": "grid_500m_min_60", "candidate_status": "sensitivity", "recommended_for_review": false, "cbsa_code": "27260", "market_slug": "jacksonville_fl", "amenity_hub_id": "27260_grid_500m_min_60_001", "cell_size_meters": 500, "min_pois_per_cell": 60, "cell_count": 1, "cluster_area_sq_km": 0.25, "poi_count": 92, "category_count": 13, "sub_category_count": 36, "centroid_longitude": -82.12117514293628, "centroid_latitude": 30.282653698121955, "poi_density_per_sq_km": 368.0}}, {"type": "Feature", "geometry": {"type": "Polygon", "coordinates": [[[400500.0, 3295000.0], [400500.0, 3295500.0], [400000.0, 3295500.0], [400000.0, 3295000.0], [400500.0, 3295000.0]]]}, "properties": {"method_version": "q4_amenity_hub_grid_v1", "candidate_version": "grid_500m_min_60", "candidate_status": "sensitivity", "recommended_for_review": false, "cbsa_code": "27260", "market_slug": "jacksonville_fl", "amenity_hub_id": "27260_grid_500m_min_60_002", "cell_size_meters": 500, "min_pois_per_cell": 60, "cell_count": 1, "cluster_area_sq_km": 0.25, "poi_count": 105, "category_count": 15, "sub_category_count": 43, "centroid_longitude": -82.0310680670306, "centroid_latitude": 29.783982609218285, "poi_density_per_sq_km": 420.0}}, {"type": "Feature", "geometry": {"type": "Polygon", "coordinates": [[[420500.0, 3340500.0], [420500.0, 3341000.0], [420000.0, 3341000.0], [420000.0, 3340500.0], [420500.0, 3340500.0]]]}, "properties": {"method_version": "q4_amenity_hub_grid_v1", "candidate_version": "grid_500m_min_60", "candidate_status": "sensitivity", "recommended_for_review": false, "cbsa_code": "27260", "market_slug": "jacksonville_fl", "amenity_hub_id": "27260_grid_500m_min_60_003", "cell_size_meters": 500, "min_pois_per_cell": 60, "cell_count": 1, "cluster_area_sq_km": 0.25, "poi_count": 120, "category_count": 11, "sub_category_count": 38, "centroid_longitude": -81.82792794788342, "centroid_latitude": 30.195538558273242, "poi_density_per_sq_km": 480.0}}, {"type": "Feature", "geometry": {"type": "Polygon", "coordinates": [[[423500.0, 3332500.0], [423500.0, 3333000.0], [423000.0, 3333000.0], [423000.0, 3332500.0], [423500.0, 3332500.0]]]}, "properties": {"method_version": "q4_amenity_hub_grid_v1", "candidate_version": "grid_500m_min_60", "candidate_status": "sensitivity", "recommended_for_review": false, "cbsa_code": "27260", "market_slug": "jacksonville_fl", "amenity_hub_id": "27260_grid_500m_min_60_004", "cell_size_meters": 500, "min_pois_per_cell": 60, "cell_count": 1, "cluster_area_sq_km": 0.25, "poi_count": 77, "category_count": 10, "sub_category_count": 28, "centroid_longitude": -81.79732638253822, "centroid_latitude": 30.12361570245161, "poi_density_per_sq_km": 308.0}}, {"type": "Feature", "geometry": {"type": "Polygon", "coordinates": [[[425000.0, 3333500.0], [425000.0, 3334000.0], [424500.0, 3334000.0], [424500.0, 3333500.0], [425000.0, 3333500.0]]]}, "properties": {"method_version": "q4_amenity_hub_grid_v1", "candidate_version": "grid_500m_min_60", "candidate_status": "sensitivity", "recommended_for_review": false, "cbsa_code": "27260", "market_slug": "jacksonville_fl", "amenity_hub_id": "27260_grid_500m_min_60_005", "cell_size_meters": 500, "min_pois_per_cell": 60, "cell_count": 1, "cluster_area_sq_km": 0.25, "poi_count": 61, "category_count": 11, "sub_category_count": 26, "centroid_longitude": -81.78117086835829, "centroid_latitude": 30.133087607378016, "poi_density_per_sq_km": 244.0}}, {"type": "Feature", "geometry": {"type": "Polygon", "coordinates": [[[425500.0, 3330000.0], [425500.0, 3330500.0], [425000.0, 3330500.0], [425000.0, 3330000.0], [425500.0, 3330000.0]]]}, "properties": {"method_version": "q4_amenity_hub_grid_v1", "candidate_version": "grid_500m_min_60", "candidate_status": "sensitivity", "recommended_for_review": false, "cbsa_code": "27260", "market_slug": "jacksonville_fl", "amenity_hub_id": "27260_grid_500m_min_60_006", "cell_size_meters": 500, "min_pois_per_cell": 60, "cell_count": 1, "cluster_area_sq_km": 0.25, "poi_count": 62, "category_count": 12, "sub_category_count": 32, "centroid_longitude": -81.77491831037806, "centroid_latitude": 30.100472267911798, "poi_density_per_sq_km": 248.0}}, {"type": "Feature", "geometry": {"type": "Polygon", "coordinates": [[[425500.0, 3333000.0], [425500.0, 3333500.0], [425000.0, 3333500.0], [425000.0, 3333000.0], [425500.0, 3333000.0]]]}, "properties": {"method_version": "q4_amenity_hub_grid_v1", "candidate_version": "grid_500m_min_60", "candidate_status": "sensitivity", "recommended_for_review": false, "cbsa_code": "27260", "market_slug": "jacksonville_fl", "amenity_hub_id": "27260_grid_500m_min_60_007", "cell_size_meters": 500, "min_pois_per_cell": 60, "cell_count": 1, "cluster_area_sq_km": 0.25, "poi_count": 75, "category_count": 10, "sub_category_count": 27, "centroid_longitude": -81.77504269694823, "centroid_latitude": 30.128284234640716, "poi_density_per_sq_km": 300.0}}, {"type": "Feature", "geometry": {"type": "Polygon", "coordinates": [[[425500.0, 3334000.0], [425500.0, 3334500.0], [425000.0, 3334500.0], [425000.0, 3334000.0], [425500.0, 3334000.0]]]}, "properties": {"method_version": "q4_amenity_hub_grid_v1", "candidate_version": "grid_500m_min_60", "candidate_status": "sensitivity", "recommended_for_review": false, "cbsa_code": "27260", "market_slug": "jacksonville_fl", "amenity_hub_id": "27260_grid_500m_min_60_008", "cell_size_meters": 500, "min_pois_per_cell": 60, "cell_count": 1, "cluster_area_sq_km": 0.25, "poi_count": 105, "category_count": 14, "sub_category_count": 36, "centroid_longitude": -81.77580243817206, "centroid_latitude": 30.137049358911764, "poi_density_per_sq_km": 420.0}}, {"type": "Feature", "geometry": {"type": "Polygon", "coordinates": [[[425500.0, 3351500.0], [425500.0, 3352000.0], [425000.0, 3352000.0], [425000.0, 3351500.0], [425500.0, 3351500.0]]]}, "properties": {"method_version": "q4_amenity_hub_grid_v1", "candidate_version": "grid_500m_min_60", "candidate_status": "sensitivity", "recommended_for_review": false, "cbsa_code": "27260", "market_slug": "jacksonville_fl", "amenity_hub_id": "27260_grid_500m_min_60_009", "cell_size_meters": 500, "min_pois_per_cell": 60, "cell_count": 1, "cluster_area_sq_km": 0.25, "poi_count": 72, "category_count": 11, "sub_category_count": 30, "centroid_longitude": -81.77644239114359, "centroid_latitude": 30.295762462796095, "poi_density_per_sq_km": 288.0}}, {"type": "Feature", "geometry": {"type": "Polygon", "coordinates": [[[426000.0, 3346500.0], [426000.0, 3347000.0], [425500.0, 3347000.0], [425500.0, 3346500.0], [426000.0, 3346500.0]]]}, "properties": {"method_version": "q4_amenity_hub_grid_v1", "candidate_version": "grid_500m_min_60", "candidate_status": "sensitivity", "recommended_for_review": false, "cbsa_code": "27260", "market_slug": "jacksonville_fl", "amenity_hub_id": "27260_grid_500m_min_60_010", "cell_size_meters": 500, "min_pois_per_cell": 60, "cell_count": 1, "cluster_area_sq_km": 0.25, "poi_count": 64, "category_count": 13, "sub_category_count": 33, "centroid_longitude": -81.77166860233993, "centroid_latitude": 30.2488124075576, "poi_density_per_sq_km": 256.0}}, {"type": "Feature", "geometry": {"type": "Polygon", "coordinates": [[[426500.0, 3334500.0], [426500.0, 3335000.0], [426000.0, 3335000.0], [426000.0, 3334500.0], [426500.0, 3334500.0]]]}, "properties": {"method_version": "q4_amenity_hub_grid_v1", "candidate_version": "grid_500m_min_60", "candidate_status": "sensitivity", "recommended_for_review": false, "cbsa_code": "27260", "market_slug": "jacksonville_fl", "amenity_hub_id": "27260_grid_500m_min_60_011", "cell_size_meters": 500, "min_pois_per_cell": 60, "cell_count": 1, "cluster_area_sq_km": 0.25, "poi_count": 76, "category_count": 10, "sub_category_count": 30, "centroid_longitude": -81.76553126362745, "centroid_latitude": 30.14316625990478, "poi_density_per_sq_km": 304.0}}, {"type": "Feature", "geometry": {"type": "Polygon", "coordinates": [[[426500.0, 3352000.0], [426500.0, 3352500.0], [426000.0, 3352500.0], [426000.0, 3352000.0], [426500.0, 3352000.0]]]}, "properties": {"method_version": "q4_amenity_hub_grid_v1", "candidate_version": "grid_500m_min_60", "candidate_status": "sensitivity", "recommended_for_review": false, "cbsa_code": "27260", "market_slug": "jacksonville_fl", "amenity_hub_id": "27260_grid_500m_min_60_012", "cell_size_meters": 500, "min_pois_per_cell": 60, "cell_count": 1, "cluster_area_sq_km": 0.25, "poi_count": 61, "category_count": 9, "sub_category_count": 28, "centroid_longitude": -81.76585168974988, "centroid_latitude": 30.29978704704296, "poi_density_per_sq_km": 244.0}}, {"type": "Feature", "geometry": {"type": "Polygon", "coordinates": [[[427000.0, 3335000.0], [427000.0, 3335500.0], [426500.0, 3335500.0], [426500.0, 3335000.0], [427000.0, 3335000.0]]]}, "properties": {"method_version": "q4_amenity_hub_grid_v1", "candidate_version": "grid_500m_min_60", "candidate_status": "sensitivity", "recommended_for_review": false, "cbsa_code": "27260", "market_slug": "jacksonville_fl", "amenity_hub_id": "27260_grid_500m_min_60_013", "cell_size_meters": 500, "min_pois_per_cell": 60, "cell_count": 1, "cluster_area_sq_km": 0.25, "poi_count": 77, "category_count": 13, "sub_category_count": 34, "centroid_longitude": -81.76103300068951, "centroid_latitude": 30.146115352930828, "poi_density_per_sq_km": 308.0}}, {"type": "Feature", "geometry": {"type": "Polygon", "coordinates": [[[427500.0, 3337500.0], [428000.0, 3337500.0], [428000.0, 3338000.0], [428500.0, 3338000.0], [428500.0, 3337500.0], [429000.0, 3337500.0], [429500.0, 3337500.0], [430000.0, 3337500.0], [430500.0, 3337500.0], [430500.0, 3337000.0], [430000.0, 3337000.0], [429500.0, 3337000.0], [429000.0, 3337000.0], [428500.0, 3337000.0], [428000.0, 3337000.0], [427500.0, 3337000.0], [427500.0, 3337500.0]]]}, "properties": {"method_version": "q4_amenity_hub_grid_v1", "candidate_version": "grid_500m_min_60", "candidate_status": "sensitivity", "recommended_for_review": false, "cbsa_code": "27260", "market_slug": "jacksonville_fl", "amenity_hub_id": "27260_grid_500m_min_60_014", "cell_size_meters": 500, "min_pois_per_cell": 60, "cell_count": 7, "cluster_area_sq_km": 1.75, "poi_count": 761, "category_count": 18, "sub_category_count": 69, "centroid_longitude": -81.73700234302616, "centroid_latitude": 30.165459103479463, "poi_density_per_sq_km": 434.85714285714283}}, {"type": "Feature", "geometry": {"type": "Polygon", "coordinates": [[[428000.0, 3352000.0], [428000.0, 3352500.0], [427500.0, 3352500.0], [427500.0, 3352000.0], [428000.0, 3352000.0]]]}, "properties": {"method_version": "q4_amenity_hub_grid_v1", "candidate_version": "grid_500m_min_60", "candidate_status": "sensitivity", "recommended_for_review": false, "cbsa_code": "27260", "market_slug": "jacksonville_fl", "amenity_hub_id": "27260_grid_500m_min_60_015", "cell_size_meters": 500, "min_pois_per_cell": 60, "cell_count": 1, "cluster_area_sq_km": 0.25, "poi_count": 69, "category_count": 11, "sub_category_count": 31, "centroid_longitude": -81.75136949267669, "centroid_latitude": 30.300308453610004, "poi_density_per_sq_km": 276.0}}, {"type": "Feature", "geometry": {"type": "Polygon", "coordinates": [[[428000.0, 3353000.0], [428000.0, 3353500.0], [427500.0, 3353500.0], [427500.0, 3353000.0], [428000.0, 3353000.0]]]}, "properties": {"method_version": "q4_amenity_hub_grid_v1", "candidate_version": "grid_500m_min_60", "candidate_status": "sensitivity", "recommended_for_review": false, "cbsa_code": "27260", "market_slug": "jacksonville_fl", "amenity_hub_id": "27260_grid_500m_min_60_016", "cell_size_meters": 500, "min_pois_per_cell": 60, "cell_count": 1, "cluster_area_sq_km": 0.25, "poi_count": 61, "category_count": 10, "sub_category_count": 30, "centroid_longitude": -81.75085465385281, "centroid_latitude": 30.308270545083264, "poi_density_per_sq_km": 244.0}}, {"type": "Feature", "geometry": {"type": "Polygon", "coordinates": [[[428500.0, 3340000.0], [428500.0, 3340500.0], [428000.0, 3340500.0], [428000.0, 3340000.0], [428500.0, 3340000.0]]]}, "properties": {"method_version": "q4_amenity_hub_grid_v1", "candidate_version": "grid_500m_min_60", "candidate_status": "sensitivity", "recommended_for_review": false, "cbsa_code": "27260", "market_slug": "jacksonville_fl", "amenity_hub_id": "27260_grid_500m_min_60_017", "cell_size_meters": 500, "min_pois_per_cell": 60, "cell_count": 1, "cluster_area_sq_km": 0.25, "poi_count": 73, "category_count": 13, "sub_category_count": 30, "centroid_longitude": -81.74470812726595, "centroid_latitude": 30.191735834533713, "poi_density_per_sq_km": 292.0}}, {"type": "Feature", "geometry": {"type": "Polygon", "coordinates": [[[428000.0, 3346500.0], [428000.0, 3347000.0], [428500.0, 3347000.0], [429000.0, 3347000.0], [429000.0, 3346500.0], [428500.0, 3346500.0], [428000.0, 3346500.0]]]}, "properties": {"method_version": "q4_amenity_hub_grid_v1", "candidate_version": "grid_500m_min_60", "candidate_status": "sensitivity", "recommended_for_review": false, "cbsa_code": "27260", "market_slug": "jacksonville_fl", "amenity_hub_id": "27260_grid_500m_min_60_018", "cell_size_meters": 500, "min_pois_per_cell": 60, "cell_count": 2, "cluster_area_sq_km": 0.5, "poi_count": 158, "category_count": 16, "sub_category_count": 45, "centroid_longitude": -81.74342449246055, "centroid_latitude": 30.249622093129272, "poi_density_per_sq_km": 316.0}}, {"type": "Feature", "geometry": {"type": "Polygon", "coordinates": [[[428500.0, 3350000.0], [428500.0, 3350500.0], [428000.0, 3350500.0], [428000.0, 3350000.0], [428500.0, 3350000.0]]]}, "properties": {"method_version": "q4_amenity_hub_grid_v1", "candidate_version": "grid_500m_min_60", "candidate_status": "sensitivity", "recommended_for_review": false, "cbsa_code": "27260", "market_slug": "jacksonville_fl", "amenity_hub_id": "27260_grid_500m_min_60_019", "cell_size_meters": 500, "min_pois_per_cell": 60, "cell_count": 1, "cluster_area_sq_km": 0.25, "poi_count": 74, "category_count": 14, "sub_category_count": 33, "centroid_longitude": -81.74664861692165, "centroid_latitude": 30.28160123584972, "poi_density_per_sq_km": 296.0}}, {"type": "Feature", "geometry": {"type": "Polygon", "coordinates": [[[429000.0, 3338500.0], [429000.0, 3339000.0], [428500.0, 3339000.0], [428500.0, 3338500.0], [429000.0, 3338500.0]]]}, "properties": {"method_version": "q4_amenity_hub_grid_v1", "candidate_version": "grid_500m_min_60", "candidate_status": "sensitivity", "recommended_for_review": false, "cbsa_code": "27260", "market_slug": "jacksonville_fl", "amenity_hub_id": "27260_grid_500m_min_60_020", "cell_size_meters": 500, "min_pois_per_cell": 60, "cell_count": 1, "cluster_area_sq_km": 0.25, "poi_count": 73, "category_count": 12, "sub_category_count": 26, "centroid_longitude": -81.74106507852565, "centroid_latitude": 30.17838131435422, "poi_density_per_sq_km": 292.0}}, {"type": "Feature", "geometry": {"type": "Polygon", "coordinates": [[[429000.0, 3339000.0], [429000.0, 3339500.0], [428500.0, 3339500.0], [428500.0, 3340000.0], [429000.0, 3340000.0], [429500.0, 3340000.0], [430000.0, 3340000.0], [430500.0, 3340000.0], [431000.0, 3340000.0], [431000.0, 3339500.0], [430500.0, 3339500.0], [430000.0, 3339500.0], [429500.0, 3339500.0], [429500.0, 3339000.0], [429000.0, 3339000.0]]]}, "properties": {"method_version": "q4_amenity_hub_grid_v1", "candidate_version": "grid_500m_min_60", "candidate_status": "sensitivity", "recommended_for_review": false, "cbsa_code": "27260", "market_slug": "jacksonville_fl", "amenity_hub_id": "27260_grid_500m_min_60_021", "cell_size_meters": 500, "min_pois_per_cell": 60, "cell_count": 6, "cluster_area_sq_km": 1.5, "poi_count": 516, "category_count": 18, "sub_category_count": 64, "centroid_longitude": -81.73175620435468, "centroid_latitude": 30.186600216348708, "poi_density_per_sq_km": 344.0}}, {"type": "Feature", "geometry": {"type": "Polygon", "coordinates": [[[429000.0, 3341000.0], [429000.0, 3341500.0], [428500.0, 3341500.0], [428500.0, 3341000.0], [429000.0, 3341000.0]]]}, "properties": {"method_version": "q4_amenity_hub_grid_v1", "candidate_version": "grid_500m_min_60", "candidate_status": "sensitivity", "recommended_for_review": false, "cbsa_code": "27260", "market_slug": "jacksonville_fl", "amenity_hub_id": "27260_grid_500m_min_60_022", "cell_size_meters": 500, "min_pois_per_cell": 60, "cell_count": 1, "cluster_area_sq_km": 0.25, "poi_count": 71, "category_count": 11, "sub_category_count": 29, "centroid_longitude": -81.74080072452387, "centroid_latitude": 30.2006083480704, "poi_density_per_sq_km": 284.0}}, {"type": "Feature", "geometry": {"type": "Polygon", "coordinates": [[[428500.0, 3353000.0], [428500.0, 3353500.0], [429000.0, 3353500.0], [429500.0, 3353500.0], [429500.0, 3353000.0], [429000.0, 3353000.0], [428500.0, 3353000.0]]]}, "properties": {"method_version": "q4_amenity_hub_grid_v1", "candidate_version": "grid_500m_min_60", "candidate_status": "sensitivity", "recommended_for_review": false, "cbsa_code": "27260", "market_slug": "jacksonville_fl", "amenity_hub_id": "27260_grid_500m_min_60_023", "cell_size_meters": 500, "min_pois_per_cell": 60, "cell_count": 2, "cluster_area_sq_km": 0.5, "poi_count": 138, "category_count": 14, "sub_category_count": 45, "centroid_longitude": -81.73816691828328, "centroid_latitude": 30.30956927432719, "poi_density_per_sq_km": 276.0}}, {"type": "Feature", "geometry": {"type": "Polygon", "coordinates": [[[429500.0, 3348500.0], [429500.0, 3349000.0], [429000.0, 3349000.0], [429000.0, 3348500.0], [429500.0, 3348500.0]]]}, "properties": {"method_version": "q4_amenity_hub_grid_v1", "candidate_version": "grid_500m_min_60", "candidate_status": "sensitivity", "recommended_for_review": false, "cbsa_code": "27260", "market_slug": "jacksonville_fl", "amenity_hub_id": "27260_grid_500m_min_60_024", "cell_size_meters": 500, "min_pois_per_cell": 60, "cell_count": 1, "cluster_area_sq_km": 0.25, "poi_count": 79, "category_count": 13, "sub_category_count": 41, "centroid_longitude": -81.73706422167739, "centroid_latitude": 30.268551641066534, "poi_density_per_sq_km": 316.0}}, {"type": "Feature", "geometry": {"type": "Polygon", "coordinates": [[[430000.0, 3354000.0], [430000.0, 3354500.0], [429500.0, 3354500.0], [429500.0, 3354000.0], [430000.0, 3354000.0]]]}, "properties": {"method_version": "q4_amenity_hub_grid_v1", "candidate_version": "grid_500m_min_60", "candidate_status": "sensitivity", "recommended_for_review": false, "cbsa_code": "27260", "market_slug": "jacksonville_fl", "amenity_hub_id": "27260_grid_500m_min_60_025", "cell_size_meters": 500, "min_pois_per_cell": 60, "cell_count": 1, "cluster_area_sq_km": 0.25, "poi_count": 76, "category_count": 10, "sub_category_count": 24, "centroid_longitude": -81.73029116344004, "centroid_latitude": 30.317842120458703, "poi_density_per_sq_km": 304.0}}, {"type": "Feature", "geometry": {"type": "Polygon", "coordinates": [[[430000.0, 3355500.0], [430000.0, 3356000.0], [429500.0, 3356000.0], [429500.0, 3355500.0], [430000.0, 3355500.0]]]}, "properties": {"method_version": "q4_amenity_hub_grid_v1", "candidate_version": "grid_500m_min_60", "candidate_status": "sensitivity", "recommended_for_review": false, "cbsa_code": "27260", "market_slug": "jacksonville_fl", "amenity_hub_id": "27260_grid_500m_min_60_026", "cell_size_meters": 500, "min_pois_per_cell": 60, "cell_count": 1, "cluster_area_sq_km": 0.25, "poi_count": 60, "category_count": 12, "sub_category_count": 30, "centroid_longitude": -81.73132624184154, "centroid_latitude": 30.33142060053182, "poi_density_per_sq_km": 240.0}}, {"type": "Feature", "geometry": {"type": "Polygon", "coordinates": [[[430000.0, 3350500.0], [430000.0, 3351000.0], [430500.0, 3351000.0], [431000.0, 3351000.0], [431500.0, 3351000.0], [431500.0, 3350500.0], [431000.0, 3350500.0], [431000.0, 3350000.0], [430500.0, 3350000.0], [430000.0, 3350000.0], [430000.0, 3350500.0]]]}, "properties": {"method_version": "q4_amenity_hub_grid_v1", "candidate_version": "grid_500m_min_60", "candidate_status": "sensitivity", "recommended_for_review": false, "cbsa_code": "27260", "market_slug": "jacksonville_fl", "amenity_hub_id": "27260_grid_500m_min_60_027", "cell_size_meters": 500, "min_pois_per_cell": 60, "cell_count": 5, "cluster_area_sq_km": 1.25, "poi_count": 452, "category_count": 17, "sub_category_count": 72, "centroid_longitude": -81.72108866549993, "centroid_latitude": 30.28442748184767, "poi_density_per_sq_km": 361.6}}, {"type": "Feature", "geometry": {"type": "Polygon", "coordinates": [[[431000.0, 3330000.0], [430500.0, 3330000.0], [430500.0, 3330500.0], [431000.0, 3330500.0], [431500.0, 3330500.0], [432000.0, 3330500.0], [432000.0, 3330000.0], [432000.0, 3329500.0], [431500.0, 3329500.0], [431000.0, 3329500.0], [431000.0, 3330000.0]]]}, "properties": {"method_version": "q4_amenity_hub_grid_v1", "candidate_version": "grid_500m_min_60", "candidate_status": "sensitivity", "recommended_for_review": false, "cbsa_code": "27260", "market_slug": "jacksonville_fl", "amenity_hub_id": "27260_grid_500m_min_60_028", "cell_size_meters": 500, "min_pois_per_cell": 60, "cell_count": 5, "cluster_area_sq_km": 1.25, "poi_count": 396, "category_count": 17, "sub_category_count": 59, "centroid_longitude": -81.71286343190702, "centroid_latitude": 30.10013998359421, "poi_density_per_sq_km": 316.8}}, {"type": "Feature", "geometry": {"type": "Polygon", "coordinates": [[[431000.0, 3353500.0], [431000.0, 3354000.0], [430500.0, 3354000.0], [430500.0, 3353500.0], [431000.0, 3353500.0]]]}, "properties": {"method_version": "q4_amenity_hub_grid_v1", "candidate_version": "grid_500m_min_60", "candidate_status": "sensitivity", "recommended_for_review": false, "cbsa_code": "27260", "market_slug": "jacksonville_fl", "amenity_hub_id": "27260_grid_500m_min_60_029", "cell_size_meters": 500, "min_pois_per_cell": 60, "cell_count": 1, "cluster_area_sq_km": 0.25, "poi_count": 87, "category_count": 13, "sub_category_count": 39, "centroid_longitude": -81.71946612137612, "centroid_latitude": 30.31332627673352, "poi_density_per_sq_km": 348.0}}, {"type": "Feature", "geometry": {"type": "Polygon", "coordinates": [[[431500.0, 3353000.0], [431500.0, 3353500.0], [431000.0, 3353500.0], [431000.0, 3353000.0], [431500.0, 3353000.0]]]}, "properties": {"method_version": "q4_amenity_hub_grid_v1", "candidate_version": "grid_500m_min_60", "candidate_status": "sensitivity", "recommended_for_review": false, "cbsa_code": "27260", "market_slug": "jacksonville_fl", "amenity_hub_id": "27260_grid_500m_min_60_030", "cell_size_meters": 500, "min_pois_per_cell": 60, "cell_count": 1, "cluster_area_sq_km": 0.25, "poi_count": 94, "category_count": 14, "sub_category_count": 40, "centroid_longitude": -81.71504536164325, "centroid_latitude": 30.30945857441857, "poi_density_per_sq_km": 376.0}}, {"type": "Feature", "geometry": {"type": "Polygon", "coordinates": [[[431500.0, 3337500.0], [432000.0, 3337500.0], [432000.0, 3338000.0], [432500.0, 3338000.0], [432500.0, 3337500.0], [433000.0, 3337500.0], [433000.0, 3337000.0], [432500.0, 3337000.0], [432000.0, 3337000.0], [431500.0, 3337000.0], [431500.0, 3337500.0]]]}, "properties": {"method_version": "q4_amenity_hub_grid_v1", "candidate_version": "grid_500m_min_60", "candidate_status": "sensitivity", "recommended_for_review": false, "cbsa_code": "27260", "market_slug": "jacksonville_fl", "amenity_hub_id": "27260_grid_500m_min_60_031", "cell_size_meters": 500, "min_pois_per_cell": 60, "cell_count": 4, "cluster_area_sq_km": 1.0, "poi_count": 395, "category_count": 19, "sub_category_count": 63, "centroid_longitude": -81.70316328199974, "centroid_latitude": 30.165847062528172, "poi_density_per_sq_km": 395.0}}, {"type": "Feature", "geometry": {"type": "Polygon", "coordinates": [[[432500.0, 3331000.0], [432500.0, 3331500.0], [432000.0, 3331500.0], [432000.0, 3331000.0], [432500.0, 3331000.0]]]}, "properties": {"method_version": "q4_amenity_hub_grid_v1", "candidate_version": "grid_500m_min_60", "candidate_status": "sensitivity", "recommended_for_review": false, "cbsa_code": "27260", "market_slug": "jacksonville_fl", "amenity_hub_id": "27260_grid_500m_min_60_032", "cell_size_meters": 500, "min_pois_per_cell": 60, "cell_count": 1, "cluster_area_sq_km": 0.25, "poi_count": 89, "category_count": 7, "sub_category_count": 21, "centroid_longitude": -81.70396520584771, "centroid_latitude": 30.110858904148913, "poi_density_per_sq_km": 356.0}}, {"type": "Feature", "geometry": {"type": "Polygon", "coordinates": [[[432500.0, 3332000.0], [432500.0, 3332500.0], [432000.0, 3332500.0], [432000.0, 3332000.0], [432500.0, 3332000.0]]]}, "properties": {"method_version": "q4_amenity_hub_grid_v1", "candidate_version": "grid_500m_min_60", "candidate_status": "sensitivity", "recommended_for_review": false, "cbsa_code": "27260", "market_slug": "jacksonville_fl", "amenity_hub_id": "27260_grid_500m_min_60_033", "cell_size_meters": 500, "min_pois_per_cell": 60, "cell_count": 1, "cluster_area_sq_km": 0.25, "poi_count": 72, "category_count": 10, "sub_category_count": 17, "centroid_longitude": -81.70370295886998, "centroid_latitude": 30.11892577362937, "poi_density_per_sq_km": 288.0}}, {"type": "Feature", "geometry": {"type": "Polygon", "coordinates": [[[432500.0, 3339500.0], [432500.0, 3340000.0], [432000.0, 3340000.0], [432000.0, 3339500.0], [432500.0, 3339500.0]]]}, "properties": {"method_version": "q4_amenity_hub_grid_v1", "candidate_version": "grid_500m_min_60", "candidate_status": "sensitivity", "recommended_for_review": false, "cbsa_code": "27260", "market_slug": "jacksonville_fl", "amenity_hub_id": "27260_grid_500m_min_60_034", "cell_size_meters": 500, "min_pois_per_cell": 60, "cell_count": 1, "cluster_area_sq_km": 0.25, "poi_count": 62, "category_count": 12, "sub_category_count": 33, "centroid_longitude": -81.70395743306682, "centroid_latitude": 30.187604226207856, "poi_density_per_sq_km": 248.0}}, {"type": "Feature", "geometry": {"type": "Polygon", "coordinates": [[[432500.0, 3351500.0], [432500.0, 3352000.0], [432000.0, 3352000.0], [432000.0, 3351500.0], [432500.0, 3351500.0]]]}, "properties": {"method_version": "q4_amenity_hub_grid_v1", "candidate_version": "grid_500m_min_60", "candidate_status": "sensitivity", "recommended_for_review": false, "cbsa_code": "27260", "market_slug": "jacksonville_fl", "amenity_hub_id": "27260_grid_500m_min_60_035", "cell_size_meters": 500, "min_pois_per_cell": 60, "cell_count": 1, "cluster_area_sq_km": 0.25, "poi_count": 160, "category_count": 11, "sub_category_count": 32, "centroid_longitude": -81.7042377366485, "centroid_latitude": 30.296385000268753, "poi_density_per_sq_km": 640.0}}, {"type": "Feature", "geometry": {"type": "Polygon", "coordinates": [[[433000.0, 3354000.0], [433500.0, 3354000.0], [434000.0, 3354000.0], [434000.0, 3354500.0], [434500.0, 3354500.0], [435000.0, 3354500.0], [435000.0, 3354000.0], [435000.0, 3353500.0], [434500.0, 3353500.0], [434000.0, 3353500.0], [434000.0, 3353000.0], [433500.0, 3353000.0], [433000.0, 3353000.0], [433000.0, 3353500.0], [433000.0, 3354000.0]]]}, "properties": {"method_version": "q4_amenity_hub_grid_v1", "candidate_version": "grid_500m_min_60", "candidate_status": "sensitivity", "recommended_for_review": false, "cbsa_code": "27260", "market_slug": "jacksonville_fl", "amenity_hub_id": "27260_grid_500m_min_60_036", "cell_size_meters": 500, "min_pois_per_cell": 60, "cell_count": 8, "cluster_area_sq_km": 2.0, "poi_count": 1234, "category_count": 21, "sub_category_count": 82, "centroid_longitude": -81.68628053067532, "centroid_latitude": 30.31230347950291, "poi_density_per_sq_km": 617.0}}, {"type": "Feature", "geometry": {"type": "Polygon", "coordinates": [[[434000.0, 3364000.0], [434000.0, 3364500.0], [433500.0, 3364500.0], [433500.0, 3364000.0], [434000.0, 3364000.0]]]}, "properties": {"method_version": "q4_amenity_hub_grid_v1", "candidate_version": "grid_500m_min_60", "candidate_status": "sensitivity", "recommended_for_review": false, "cbsa_code": "27260", "market_slug": "jacksonville_fl", "amenity_hub_id": "27260_grid_500m_min_60_037", "cell_size_meters": 500, "min_pois_per_cell": 60, "cell_count": 1, "cluster_area_sq_km": 0.25, "poi_count": 60, "category_count": 13, "sub_category_count": 32, "centroid_longitude": -81.68879136616349, "centroid_latitude": 30.409132426529485, "poi_density_per_sq_km": 240.0}}, {"type": "Feature", "geometry": {"type": "Polygon", "coordinates": [[[434500.0, 3318000.0], [434500.0, 3318500.0], [434000.0, 3318500.0], [434000.0, 3318000.0], [434500.0, 3318000.0]]]}, "properties": {"method_version": "q4_amenity_hub_grid_v1", "candidate_version": "grid_500m_min_60", "candidate_status": "sensitivity", "recommended_for_review": false, "cbsa_code": "27260", "market_slug": "jacksonville_fl", "amenity_hub_id": "27260_grid_500m_min_60_038", "cell_size_meters": 500, "min_pois_per_cell": 60, "cell_count": 1, "cluster_area_sq_km": 0.25, "poi_count": 125, "category_count": 16, "sub_category_count": 52, "centroid_longitude": -81.68006277832099, "centroid_latitude": 29.993280943888266, "poi_density_per_sq_km": 500.0}}, {"type": "Feature", "geometry": {"type": "Polygon", "coordinates": [[[434500.0, 3367500.0], [434500.0, 3368000.0], [434000.0, 3368000.0], [434000.0, 3367500.0], [434500.0, 3367500.0]]]}, "properties": {"method_version": "q4_amenity_hub_grid_v1", "candidate_version": "grid_500m_min_60", "candidate_status": "sensitivity", "recommended_for_review": false, "cbsa_code": "27260", "market_slug": "jacksonville_fl", "amenity_hub_id": "27260_grid_500m_min_60_039", "cell_size_meters": 500, "min_pois_per_cell": 60, "cell_count": 1, "cluster_area_sq_km": 0.25, "poi_count": 75, "category_count": 11, "sub_category_count": 29, "centroid_longitude": -81.6839090814418, "centroid_latitude": 30.439333472962577, "poi_density_per_sq_km": 300.0}}, {"type": "Feature", "geometry": {"type": "Polygon", "coordinates": [[[435000.0, 3362000.0], [435000.0, 3362500.0], [434500.0, 3362500.0], [434500.0, 3362000.0], [435000.0, 3362000.0]]]}, "properties": {"method_version": "q4_amenity_hub_grid_v1", "candidate_version": "grid_500m_min_60", "candidate_status": "sensitivity", "recommended_for_review": false, "cbsa_code": "27260", "market_slug": "jacksonville_fl", "amenity_hub_id": "27260_grid_500m_min_60_040", "cell_size_meters": 500, "min_pois_per_cell": 60, "cell_count": 1, "cluster_area_sq_km": 0.25, "poi_count": 110, "category_count": 16, "sub_category_count": 35, "centroid_longitude": -81.67943588765584, "centroid_latitude": 30.39061183564836, "poi_density_per_sq_km": 440.0}}, {"type": "Feature", "geometry": {"type": "Polygon", "coordinates": [[[435500.0, 3354500.0], [435500.0, 3355000.0], [435000.0, 3355000.0], [435000.0, 3354500.0], [435500.0, 3354500.0]]]}, "properties": {"method_version": "q4_amenity_hub_grid_v1", "candidate_version": "grid_500m_min_60", "candidate_status": "sensitivity", "recommended_for_review": false, "cbsa_code": "27260", "market_slug": "jacksonville_fl", "amenity_hub_id": "27260_grid_500m_min_60_041", "cell_size_meters": 500, "min_pois_per_cell": 60, "cell_count": 1, "cluster_area_sq_km": 0.25, "poi_count": 151, "category_count": 18, "sub_category_count": 47, "centroid_longitude": -81.67316206134673, "centroid_latitude": 30.321910940729527, "poi_density_per_sq_km": 604.0}}, {"type": "Feature", "geometry": {"type": "Polygon", "coordinates": [[[435500.0, 3356000.0], [435500.0, 3356500.0], [435000.0, 3356500.0], [435000.0, 3356000.0], [435500.0, 3356000.0]]]}, "properties": {"method_version": "q4_amenity_hub_grid_v1", "candidate_version": "grid_500m_min_60", "candidate_status": "sensitivity", "recommended_for_review": false, "cbsa_code": "27260", "market_slug": "jacksonville_fl", "amenity_hub_id": "27260_grid_500m_min_60_042", "cell_size_meters": 500, "min_pois_per_cell": 60, "cell_count": 1, "cluster_area_sq_km": 0.25, "poi_count": 82, "category_count": 14, "sub_category_count": 34, "centroid_longitude": -81.67419431448661, "centroid_latitude": 30.336346416167046, "poi_density_per_sq_km": 328.0}}, {"type": "Feature", "geometry": {"type": "Polygon", "coordinates": [[[435500.0, 3366500.0], [435500.0, 3367000.0], [436000.0, 3367000.0], [436500.0, 3367000.0], [436500.0, 3366500.0], [436000.0, 3366500.0], [435500.0, 3366500.0]]]}, "properties": {"method_version": "q4_amenity_hub_grid_v1", "candidate_version": "grid_500m_min_60", "candidate_status": "sensitivity", "recommended_for_review": false, "cbsa_code": "27260", "market_slug": "jacksonville_fl", "amenity_hub_id": "27260_grid_500m_min_60_043", "cell_size_meters": 500, "min_pois_per_cell": 60, "cell_count": 2, "cluster_area_sq_km": 0.5, "poi_count": 180, "category_count": 15, "sub_category_count": 46, "centroid_longitude": -81.66718784241094, "centroid_latitude": 30.429979419880034, "poi_density_per_sq_km": 360.0}}, {"type": "Feature", "geometry": {"type": "Polygon", "coordinates": [[[436000.0, 3354500.0], [436500.0, 3354500.0], [436500.0, 3355000.0], [436000.0, 3355000.0], [436000.0, 3355500.0], [436000.0, 3356000.0], [436500.0, 3356000.0], [437000.0, 3356000.0], [437500.0, 3356000.0], [437500.0, 3355500.0], [437500.0, 3355000.0], [437000.0, 3355000.0], [437000.0, 3354500.0], [437000.0, 3354000.0], [437500.0, 3354000.0], [437500.0, 3353500.0], [437500.0, 3353000.0], [437500.0, 3352500.0], [437000.0, 3352500.0], [437000.0, 3353000.0], [436500.0, 3353000.0], [436000.0, 3353000.0], [436000.0, 3353500.0], [436000.0, 3354000.0], [436000.0, 3354500.0]]]}, "properties": {"method_version": "q4_amenity_hub_grid_v1", "candidate_version": "grid_500m_min_60", "candidate_status": "sensitivity", "recommended_for_review": false, "cbsa_code": "27260", "market_slug": "jacksonville_fl", "amenity_hub_id": "27260_grid_500m_min_60_044", "cell_size_meters": 500, "min_pois_per_cell": 60, "cell_count": 16, "cluster_area_sq_km": 4.0, "poi_count": 3089, "category_count": 20, "sub_category_count": 98, "centroid_longitude": -81.65831273556549, "centroid_latitude": 30.320973871397413, "poi_density_per_sq_km": 772.25}}, {"type": "Feature", "geometry": {"type": "Polygon", "coordinates": [[[436500.0, 3357000.0], [436000.0, 3357000.0], [436000.0, 3357500.0], [436000.0, 3358000.0], [436500.0, 3358000.0], [436500.0, 3357500.0], [436500.0, 3357000.0]]]}, "properties": {"method_version": "q4_amenity_hub_grid_v1", "candidate_version": "grid_500m_min_60", "candidate_status": "sensitivity", "recommended_for_review": false, "cbsa_code": "27260", "market_slug": "jacksonville_fl", "amenity_hub_id": "27260_grid_500m_min_60_045", "cell_size_meters": 500, "min_pois_per_cell": 60, "cell_count": 2, "cluster_area_sq_km": 0.5, "poi_count": 296, "category_count": 11, "sub_category_count": 23, "centroid_longitude": -81.66385442889094, "centroid_latitude": 30.347383411032954, "poi_density_per_sq_km": 592.0}}, {"type": "Feature", "geometry": {"type": "Polygon", "coordinates": [[[436500.0, 3360000.0], [436500.0, 3360500.0], [436000.0, 3360500.0], [436000.0, 3360000.0], [436500.0, 3360000.0]]]}, "properties": {"method_version": "q4_amenity_hub_grid_v1", "candidate_version": "grid_500m_min_60", "candidate_status": "sensitivity", "recommended_for_review": false, "cbsa_code": "27260", "market_slug": "jacksonville_fl", "amenity_hub_id": "27260_grid_500m_min_60_046", "cell_size_meters": 500, "min_pois_per_cell": 60, "cell_count": 1, "cluster_area_sq_km": 0.25, "poi_count": 92, "category_count": 13, "sub_category_count": 39, "centroid_longitude": -81.66437823048332, "centroid_latitude": 30.37249788631582, "poi_density_per_sq_km": 368.0}}, {"type": "Feature", "geometry": {"type": "Polygon", "coordinates": [[[437500.0, 3356500.0], [437000.0, 3356500.0], [437000.0, 3357000.0], [437000.0, 3357500.0], [437500.0, 3357500.0], [437500.0, 3357000.0], [437500.0, 3356500.0]]]}, "properties": {"method_version": "q4_amenity_hub_grid_v1", "candidate_version": "grid_500m_min_60", "candidate_status": "sensitivity", "recommended_for_review": false, "cbsa_code": "27260", "market_slug": "jacksonville_fl", "amenity_hub_id": "27260_grid_500m_min_60_047", "cell_size_meters": 500, "min_pois_per_cell": 60, "cell_count": 2, "cluster_area_sq_km": 0.5, "poi_count": 202, "category_count": 16, "sub_category_count": 53, "centroid_longitude": -81.65362688371879, "centroid_latitude": 30.343669671241923, "poi_density_per_sq_km": 404.0}}, {"type": "Feature", "geometry": {"type": "Polygon", "coordinates": [[[438500.0, 3347500.0], [438500.0, 3348000.0], [438000.0, 3348000.0], [438000.0, 3347500.0], [438500.0, 3347500.0]]]}, "properties": {"method_version": "q4_amenity_hub_grid_v1", "candidate_version": "grid_500m_min_60", "candidate_status": "sensitivity", "recommended_for_review": false, "cbsa_code": "27260", "market_slug": "jacksonville_fl", "amenity_hub_id": "27260_grid_500m_min_60_048", "cell_size_meters": 500, "min_pois_per_cell": 60, "cell_count": 1, "cluster_area_sq_km": 0.25, "poi_count": 76, "category_count": 11, "sub_category_count": 32, "centroid_longitude": -81.64334703096534, "centroid_latitude": 30.260378308881016, "poi_density_per_sq_km": 304.0}}, {"type": "Feature", "geometry": {"type": "Polygon", "coordinates": [[[438500.0, 3371500.0], [438500.0, 3372000.0], [438000.0, 3372000.0], [438000.0, 3371500.0], [438500.0, 3371500.0]]]}, "properties": {"method_version": "q4_amenity_hub_grid_v1", "candidate_version": "grid_500m_min_60", "candidate_status": "sensitivity", "recommended_for_review": false, "cbsa_code": "27260", "market_slug": "jacksonville_fl", "amenity_hub_id": "27260_grid_500m_min_60_049", "cell_size_meters": 500, "min_pois_per_cell": 60, "cell_count": 1, "cluster_area_sq_km": 0.25, "poi_count": 62, "category_count": 9, "sub_category_count": 23, "centroid_longitude": -81.6424301665489, "centroid_latitude": 30.476679760563044, "poi_density_per_sq_km": 248.0}}, {"type": "Feature", "geometry": {"type": "Polygon", "coordinates": [[[439000.0, 3335000.0], [439000.0, 3335500.0], [438500.0, 3335500.0], [438500.0, 3335000.0], [439000.0, 3335000.0]]]}, "properties": {"method_version": "q4_amenity_hub_grid_v1", "candidate_version": "grid_500m_min_60", "candidate_status": "sensitivity", "recommended_for_review": false, "cbsa_code": "27260", "market_slug": "jacksonville_fl", "amenity_hub_id": "27260_grid_500m_min_60_050", "cell_size_meters": 500, "min_pois_per_cell": 60, "cell_count": 1, "cluster_area_sq_km": 0.25, "poi_count": 113, "category_count": 9, "sub_category_count": 31, "centroid_longitude": -81.6349204419469, "centroid_latitude": 30.146524812337617, "poi_density_per_sq_km": 452.0}}, {"type": "Feature", "geometry": {"type": "Polygon", "coordinates": [[[439000.0, 3349000.0], [439000.0, 3349500.0], [438500.0, 3349500.0], [438500.0, 3349000.0], [439000.0, 3349000.0]]]}, "properties": {"method_version": "q4_amenity_hub_grid_v1", "candidate_version": "grid_500m_min_60", "candidate_status": "sensitivity", "recommended_for_review": false, "cbsa_code": "27260", "market_slug": "jacksonville_fl", "amenity_hub_id": "27260_grid_500m_min_60_051", "cell_size_meters": 500, "min_pois_per_cell": 60, "cell_count": 1, "cluster_area_sq_km": 0.25, "poi_count": 69, "category_count": 9, "sub_category_count": 20, "centroid_longitude": -81.63768086662704, "centroid_latitude": 30.27301216323809, "poi_density_per_sq_km": 276.0}}, {"type": "Feature", "geometry": {"type": "Polygon", "coordinates": [[[439000.0, 3372000.0], [439000.0, 3372500.0], [438500.0, 3372500.0], [438500.0, 3372000.0], [439000.0, 3372000.0]]]}, "properties": {"method_version": "q4_amenity_hub_grid_v1", "candidate_version": "grid_500m_min_60", "candidate_status": "sensitivity", "recommended_for_review": false, "cbsa_code": "27260", "market_slug": "jacksonville_fl", "amenity_hub_id": "27260_grid_500m_min_60_052", "cell_size_meters": 500, "min_pois_per_cell": 60, "cell_count": 1, "cluster_area_sq_km": 0.25, "poi_count": 75, "category_count": 10, "sub_category_count": 25, "centroid_longitude": -81.63802336170396, "centroid_latitude": 30.48059458790537, "poi_density_per_sq_km": 300.0}}, {"type": "Feature", "geometry": {"type": "Polygon", "coordinates": [[[439500.0, 3334000.0], [439000.0, 3334000.0], [439000.0, 3334500.0], [439000.0, 3335000.0], [439500.0, 3335000.0], [439500.0, 3334500.0], [439500.0, 3334000.0]]]}, "properties": {"method_version": "q4_amenity_hub_grid_v1", "candidate_version": "grid_500m_min_60", "candidate_status": "sensitivity", "recommended_for_review": false, "cbsa_code": "27260", "market_slug": "jacksonville_fl", "amenity_hub_id": "27260_grid_500m_min_60_053", "cell_size_meters": 500, "min_pois_per_cell": 60, "cell_count": 2, "cluster_area_sq_km": 0.5, "poi_count": 320, "category_count": 15, "sub_category_count": 44, "centroid_longitude": -81.63219683032669, "centroid_latitude": 30.13978424286484, "poi_density_per_sq_km": 640.0}}, {"type": "Feature", "geometry": {"type": "Polygon", "coordinates": [[[439000.0, 3336500.0], [439000.0, 3337000.0], [439000.0, 3337500.0], [439000.0, 3338000.0], [439000.0, 3338500.0], [439000.0, 3339000.0], [439500.0, 3339000.0], [439500.0, 3338500.0], [440000.0, 3338500.0], [440000.0, 3338000.0], [439500.0, 3338000.0], [439500.0, 3337500.0], [439500.0, 3337000.0], [439500.0, 3336500.0], [439000.0, 3336500.0]]]}, "properties": {"method_version": "q4_amenity_hub_grid_v1", "candidate_version": "grid_500m_min_60", "candidate_status": "sensitivity", "recommended_for_review": false, "cbsa_code": "27260", "market_slug": "jacksonville_fl", "amenity_hub_id": "27260_grid_500m_min_60_054", "cell_size_meters": 500, "min_pois_per_cell": 60, "cell_count": 6, "cluster_area_sq_km": 1.5, "poi_count": 635, "category_count": 14, "sub_category_count": 61, "centroid_longitude": -81.62999292879053, "centroid_latitude": 30.17076061033714, "poi_density_per_sq_km": 423.3333333333333}}, {"type": "Feature", "geometry": {"type": "Polygon", "coordinates": [[[440000.0, 3347000.0], [439500.0, 3347000.0], [439500.0, 3347500.0], [439000.0, 3347500.0], [439000.0, 3348000.0], [439500.0, 3348000.0], [439500.0, 3348500.0], [440000.0, 3348500.0], [440000.0, 3348000.0], [440500.0, 3348000.0], [440500.0, 3347500.0], [440000.0, 3347500.0], [440000.0, 3347000.0]]]}, "properties": {"method_version": "q4_amenity_hub_grid_v1", "candidate_version": "grid_500m_min_60", "candidate_status": "sensitivity", "recommended_for_review": false, "cbsa_code": "27260", "market_slug": "jacksonville_fl", "amenity_hub_id": "27260_grid_500m_min_60_055", "cell_size_meters": 500, "min_pois_per_cell": 60, "cell_count": 5, "cluster_area_sq_km": 1.25, "poi_count": 556, "category_count": 18, "sub_category_count": 63, "centroid_longitude": -81.62551130455839, "centroid_latitude": 30.2602524135207, "poi_density_per_sq_km": 444.8}}, {"type": "Feature", "geometry": {"type": "Polygon", "coordinates": [[[439500.0, 3352500.0], [439500.0, 3353000.0], [439000.0, 3353000.0], [439000.0, 3352500.0], [439500.0, 3352500.0]]]}, "properties": {"method_version": "q4_amenity_hub_grid_v1", "candidate_version": "grid_500m_min_60", "candidate_status": "sensitivity", "recommended_for_review": false, "cbsa_code": "27260", "market_slug": "jacksonville_fl", "amenity_hub_id": "27260_grid_500m_min_60_056", "cell_size_meters": 500, "min_pois_per_cell": 60, "cell_count": 1, "cluster_area_sq_km": 0.25, "poi_count": 95, "category_count": 16, "sub_category_count": 38, "centroid_longitude": -81.63199760180783, "centroid_latitude": 30.30471094584217, "poi_density_per_sq_km": 380.0}}, {"type": "Feature", "geometry": {"type": "Polygon", "coordinates": [[[439500.0, 3372500.0], [439500.0, 3373000.0], [439000.0, 3373000.0], [439000.0, 3372500.0], [439500.0, 3372500.0]]]}, "properties": {"method_version": "q4_amenity_hub_grid_v1", "candidate_version": "grid_500m_min_60", "candidate_status": "sensitivity", "recommended_for_review": false, "cbsa_code": "27260", "market_slug": "jacksonville_fl", "amenity_hub_id": "27260_grid_500m_min_60_057", "cell_size_meters": 500, "min_pois_per_cell": 60, "cell_count": 1, "cluster_area_sq_km": 0.25, "poi_count": 61, "category_count": 2, "sub_category_count": 6, "centroid_longitude": -81.63355531911954, "centroid_latitude": 30.484165877392947, "poi_density_per_sq_km": 244.0}}, {"type": "Feature", "geometry": {"type": "Polygon", "coordinates": [[[439500.0, 3332000.0], [439500.0, 3332500.0], [439500.0, 3333000.0], [440000.0, 3333000.0], [440000.0, 3332500.0], [440500.0, 3332500.0], [440500.0, 3332000.0], [440000.0, 3332000.0], [439500.0, 3332000.0]]]}, "properties": {"method_version": "q4_amenity_hub_grid_v1", "candidate_version": "grid_500m_min_60", "candidate_status": "sensitivity", "recommended_for_review": false, "cbsa_code": "27260", "market_slug": "jacksonville_fl", "amenity_hub_id": "27260_grid_500m_min_60_058", "cell_size_meters": 500, "min_pois_per_cell": 60, "cell_count": 3, "cluster_area_sq_km": 0.75, "poi_count": 317, "category_count": 16, "sub_category_count": 59, "centroid_longitude": -81.62437462718592, "centroid_latitude": 30.121468050226422, "poi_density_per_sq_km": 422.6666666666667}}, {"type": "Feature", "geometry": {"type": "Polygon", "coordinates": [[[440000.0, 3339500.0], [439500.0, 3339500.0], [439500.0, 3340000.0], [439500.0, 3340500.0], [440000.0, 3340500.0], [440000.0, 3340000.0], [440000.0, 3339500.0]]]}, "properties": {"method_version": "q4_amenity_hub_grid_v1", "candidate_version": "grid_500m_min_60", "candidate_status": "sensitivity", "recommended_for_review": false, "cbsa_code": "27260", "market_slug": "jacksonville_fl", "amenity_hub_id": "27260_grid_500m_min_60_059", "cell_size_meters": 500, "min_pois_per_cell": 60, "cell_count": 2, "cluster_area_sq_km": 0.5, "poi_count": 194, "category_count": 16, "sub_category_count": 53, "centroid_longitude": -81.62639303112272, "centroid_latitude": 30.189682211442207, "poi_density_per_sq_km": 388.0}}, {"type": "Feature", "geometry": {"type": "Polygon", "coordinates": [[[440000.0, 3351000.0], [440000.0, 3351500.0], [439500.0, 3351500.0], [439500.0, 3351000.0], [440000.0, 3351000.0]]]}, "properties": {"method_version": "q4_amenity_hub_grid_v1", "candidate_version": "grid_500m_min_60", "candidate_status": "sensitivity", "recommended_for_review": false, "cbsa_code": "27260", "market_slug": "jacksonville_fl", "amenity_hub_id": "27260_grid_500m_min_60_060", "cell_size_meters": 500, "min_pois_per_cell": 60, "cell_count": 1, "cluster_area_sq_km": 0.25, "poi_count": 80, "category_count": 13, "sub_category_count": 32, "centroid_longitude": -81.62582820329331, "centroid_latitude": 30.29146344934973, "poi_density_per_sq_km": 320.0}}, {"type": "Feature", "geometry": {"type": "Polygon", "coordinates": [[[440000.0, 3340500.0], [440000.0, 3341000.0], [440000.0, 3341500.0], [440000.0, 3342000.0], [440500.0, 3342000.0], [441000.0, 3342000.0], [441000.0, 3341500.0], [441000.0, 3341000.0], [440500.0, 3341000.0], [440500.0, 3340500.0], [440000.0, 3340500.0]]]}, "properties": {"method_version": "q4_amenity_hub_grid_v1", "candidate_version": "grid_500m_min_60", "candidate_status": "sensitivity", "recommended_for_review": false, "cbsa_code": "27260", "market_slug": "jacksonville_fl", "amenity_hub_id": "27260_grid_500m_min_60_061", "cell_size_meters": 500, "min_pois_per_cell": 60, "cell_count": 5, "cluster_area_sq_km": 1.25, "poi_count": 715, "category_count": 19, "sub_category_count": 72, "centroid_longitude": -81.61897543746375, "centroid_latitude": 30.200387106649032, "poi_density_per_sq_km": 572.0}}, {"type": "Feature", "geometry": {"type": "Polygon", "coordinates": [[[440500.0, 3352000.0], [440500.0, 3352500.0], [440000.0, 3352500.0], [440000.0, 3352000.0], [440500.0, 3352000.0]]]}, "properties": {"method_version": "q4_amenity_hub_grid_v1", "candidate_version": "grid_500m_min_60", "candidate_status": "sensitivity", "recommended_for_review": false, "cbsa_code": "27260", "market_slug": "jacksonville_fl", "amenity_hub_id": "27260_grid_500m_min_60_062", "cell_size_meters": 500, "min_pois_per_cell": 60, "cell_count": 1, "cluster_area_sq_km": 0.25, "poi_count": 63, "category_count": 13, "sub_category_count": 28, "centroid_longitude": -81.62051720633002, "centroid_latitude": 30.30027754682371, "poi_density_per_sq_km": 252.0}}, {"type": "Feature", "geometry": {"type": "Polygon", "coordinates": [[[440500.0, 3343000.0], [440500.0, 3343500.0], [441000.0, 3343500.0], [441500.0, 3343500.0], [441500.0, 3343000.0], [441000.0, 3343000.0], [440500.0, 3343000.0]]]}, "properties": {"method_version": "q4_amenity_hub_grid_v1", "candidate_version": "grid_500m_min_60", "candidate_status": "sensitivity", "recommended_for_review": false, "cbsa_code": "27260", "market_slug": "jacksonville_fl", "amenity_hub_id": "27260_grid_500m_min_60_063", "cell_size_meters": 500, "min_pois_per_cell": 60, "cell_count": 2, "cluster_area_sq_km": 0.5, "poi_count": 264, "category_count": 16, "sub_category_count": 54, "centroid_longitude": -81.61327649505078, "centroid_latitude": 30.21897400515779, "poi_density_per_sq_km": 528.0}}, {"type": "Feature", "geometry": {"type": "Polygon", "coordinates": [[[441000.0, 3347000.0], [441000.0, 3347500.0], [440500.0, 3347500.0], [440500.0, 3347000.0], [441000.0, 3347000.0]]]}, "properties": {"method_version": "q4_amenity_hub_grid_v1", "candidate_version": "grid_500m_min_60", "candidate_status": "sensitivity", "recommended_for_review": false, "cbsa_code": "27260", "market_slug": "jacksonville_fl", "amenity_hub_id": "27260_grid_500m_min_60_064", "cell_size_meters": 500, "min_pois_per_cell": 60, "cell_count": 1, "cluster_area_sq_km": 0.25, "poi_count": 70, "category_count": 9, "sub_category_count": 24, "centroid_longitude": -81.61568876899666, "centroid_latitude": 30.254780609715407, "poi_density_per_sq_km": 280.0}}, {"type": "Feature", "geometry": {"type": "Polygon", "coordinates": [[[441000.0, 3351000.0], [441000.0, 3351500.0], [440500.0, 3351500.0], [440500.0, 3351000.0], [441000.0, 3351000.0]]]}, "properties": {"method_version": "q4_amenity_hub_grid_v1", "candidate_version": "grid_500m_min_60", "candidate_status": "sensitivity", "recommended_for_review": false, "cbsa_code": "27260", "market_slug": "jacksonville_fl", "amenity_hub_id": "27260_grid_500m_min_60_065", "cell_size_meters": 500, "min_pois_per_cell": 60, "cell_count": 1, "cluster_area_sq_km": 0.25, "poi_count": 74, "category_count": 11, "sub_category_count": 23, "centroid_longitude": -81.61653847438518, "centroid_latitude": 30.2918708128149, "poi_density_per_sq_km": 296.0}}, {"type": "Feature", "geometry": {"type": "Polygon", "coordinates": [[[441500.0, 3339000.0], [441500.0, 3339500.0], [441000.0, 3339500.0], [441000.0, 3339000.0], [441500.0, 3339000.0]]]}, "properties": {"method_version": "q4_amenity_hub_grid_v1", "candidate_version": "grid_500m_min_60", "candidate_status": "sensitivity", "recommended_for_review": false, "cbsa_code": "27260", "market_slug": "jacksonville_fl", "amenity_hub_id": "27260_grid_500m_min_60_066", "cell_size_meters": 500, "min_pois_per_cell": 60, "cell_count": 1, "cluster_area_sq_km": 0.25, "poi_count": 65, "category_count": 9, "sub_category_count": 27, "centroid_longitude": -81.6090302060681, "centroid_latitude": 30.18407695924338, "poi_density_per_sq_km": 260.0}}, {"type": "Feature", "geometry": {"type": "Polygon", "coordinates": [[[441500.0, 3347500.0], [441500.0, 3348000.0], [441000.0, 3348000.0], [441000.0, 3347500.0], [441500.0, 3347500.0]]]}, "properties": {"method_version": "q4_amenity_hub_grid_v1", "candidate_version": "grid_500m_min_60", "candidate_status": "sensitivity", "recommended_for_review": false, "cbsa_code": "27260", "market_slug": "jacksonville_fl", "amenity_hub_id": "27260_grid_500m_min_60_067", "cell_size_meters": 500, "min_pois_per_cell": 60, "cell_count": 1, "cluster_area_sq_km": 0.25, "poi_count": 67, "category_count": 13, "sub_category_count": 26, "centroid_longitude": -81.6108070765053, "centroid_latitude": 30.260513078382665, "poi_density_per_sq_km": 268.0}}, {"type": "Feature", "geometry": {"type": "Polygon", "coordinates": [[[441500.0, 3351500.0], [441500.0, 3352000.0], [441000.0, 3352000.0], [441000.0, 3351500.0], [441500.0, 3351500.0]]]}, "properties": {"method_version": "q4_amenity_hub_grid_v1", "candidate_version": "grid_500m_min_60", "candidate_status": "sensitivity", "recommended_for_review": false, "cbsa_code": "27260", "market_slug": "jacksonville_fl", "amenity_hub_id": "27260_grid_500m_min_60_068", "cell_size_meters": 500, "min_pois_per_cell": 60, "cell_count": 1, "cluster_area_sq_km": 0.25, "poi_count": 86, "category_count": 11, "sub_category_count": 34, "centroid_longitude": -81.61138399123627, "centroid_latitude": 30.295849968834883, "poi_density_per_sq_km": 344.0}}, {"type": "Feature", "geometry": {"type": "Polygon", "coordinates": [[[442000.0, 3338000.0], [442000.0, 3338500.0], [441500.0, 3338500.0], [441500.0, 3338000.0], [442000.0, 3338000.0]]]}, "properties": {"method_version": "q4_amenity_hub_grid_v1", "candidate_version": "grid_500m_min_60", "candidate_status": "sensitivity", "recommended_for_review": false, "cbsa_code": "27260", "market_slug": "jacksonville_fl", "amenity_hub_id": "27260_grid_500m_min_60_069", "cell_size_meters": 500, "min_pois_per_cell": 60, "cell_count": 1, "cluster_area_sq_km": 0.25, "poi_count": 97, "category_count": 15, "sub_category_count": 42, "centroid_longitude": -81.60478297455089, "centroid_latitude": 30.17403857237847, "poi_density_per_sq_km": 388.0}}, {"type": "Feature", "geometry": {"type": "Polygon", "coordinates": [[[441500.0, 3346000.0], [441500.0, 3346500.0], [442000.0, 3346500.0], [442500.0, 3346500.0], [442500.0, 3346000.0], [442000.0, 3346000.0], [441500.0, 3346000.0]]]}, "properties": {"method_version": "q4_amenity_hub_grid_v1", "candidate_version": "grid_500m_min_60", "candidate_status": "sensitivity", "recommended_for_review": false, "cbsa_code": "27260", "market_slug": "jacksonville_fl", "amenity_hub_id": "27260_grid_500m_min_60_070", "cell_size_meters": 500, "min_pois_per_cell": 60, "cell_count": 2, "cluster_area_sq_km": 0.5, "poi_count": 148, "category_count": 14, "sub_category_count": 39, "centroid_longitude": -81.60209533026541, "centroid_latitude": 30.246316559012563, "poi_density_per_sq_km": 296.0}}, {"type": "Feature", "geometry": {"type": "Polygon", "coordinates": [[[442000.0, 3348000.0], [442000.0, 3348500.0], [441500.0, 3348500.0], [441500.0, 3348000.0], [442000.0, 3348000.0]]]}, "properties": {"method_version": "q4_amenity_hub_grid_v1", "candidate_version": "grid_500m_min_60", "candidate_status": "sensitivity", "recommended_for_review": false, "cbsa_code": "27260", "market_slug": "jacksonville_fl", "amenity_hub_id": "27260_grid_500m_min_60_071", "cell_size_meters": 500, "min_pois_per_cell": 60, "cell_count": 1, "cluster_area_sq_km": 0.25, "poi_count": 60, "category_count": 11, "sub_category_count": 27, "centroid_longitude": -81.60661748828834, "centroid_latitude": 30.264810607195855, "poi_density_per_sq_km": 240.0}}, {"type": "Feature", "geometry": {"type": "Polygon", "coordinates": [[[441500.0, 3350000.0], [442000.0, 3350000.0], [442000.0, 3350500.0], [442000.0, 3351000.0], [441500.0, 3351000.0], [441500.0, 3351500.0], [442000.0, 3351500.0], [442500.0, 3351500.0], [442500.0, 3351000.0], [442500.0, 3350500.0], [442500.0, 3350000.0], [442500.0, 3349500.0], [442000.0, 3349500.0], [441500.0, 3349500.0], [441500.0, 3350000.0]]]}, "properties": {"method_version": "q4_amenity_hub_grid_v1", "candidate_version": "grid_500m_min_60", "candidate_status": "sensitivity", "recommended_for_review": false, "cbsa_code": "27260", "market_slug": "jacksonville_fl", "amenity_hub_id": "27260_grid_500m_min_60_072", "cell_size_meters": 500, "min_pois_per_cell": 60, "cell_count": 6, "cluster_area_sq_km": 1.5, "poi_count": 594, "category_count": 17, "sub_category_count": 58, "centroid_longitude": -81.60198605294443, "centroid_latitude": 30.285755345580505, "poi_density_per_sq_km": 396.0}}, {"type": "Feature", "geometry": {"type": "Polygon", "coordinates": [[[442000.0, 3355000.0], [442000.0, 3355500.0], [441500.0, 3355500.0], [441500.0, 3355000.0], [442000.0, 3355000.0]]]}, "properties": {"method_version": "q4_amenity_hub_grid_v1", "candidate_version": "grid_500m_min_60", "candidate_status": "sensitivity", "recommended_for_review": false, "cbsa_code": "27260", "market_slug": "jacksonville_fl", "amenity_hub_id": "27260_grid_500m_min_60_073", "cell_size_meters": 500, "min_pois_per_cell": 60, "cell_count": 1, "cluster_area_sq_km": 0.25, "poi_count": 103, "category_count": 17, "sub_category_count": 43, "centroid_longitude": -81.60561784543299, "centroid_latitude": 30.326780181352383, "poi_density_per_sq_km": 412.0}}, {"type": "Feature", "geometry": {"type": "Polygon", "coordinates": [[[442000.0, 3359000.0], [442000.0, 3359500.0], [441500.0, 3359500.0], [441500.0, 3359000.0], [442000.0, 3359000.0]]]}, "properties": {"method_version": "q4_amenity_hub_grid_v1", "candidate_version": "grid_500m_min_60", "candidate_status": "sensitivity", "recommended_for_review": false, "cbsa_code": "27260", "market_slug": "jacksonville_fl", "amenity_hub_id": "27260_grid_500m_min_60_074", "cell_size_meters": 500, "min_pois_per_cell": 60, "cell_count": 1, "cluster_area_sq_km": 0.25, "poi_count": 66, "category_count": 14, "sub_category_count": 35, "centroid_longitude": -81.60567985235647, "centroid_latitude": 30.363700697593114, "poi_density_per_sq_km": 264.0}}, {"type": "Feature", "geometry": {"type": "Polygon", "coordinates": [[[443500.0, 3355000.0], [443000.0, 3355000.0], [443000.0, 3355500.0], [442500.0, 3355500.0], [442000.0, 3355500.0], [442000.0, 3356000.0], [442000.0, 3356500.0], [442500.0, 3356500.0], [443000.0, 3356500.0], [443000.0, 3356000.0], [443500.0, 3356000.0], [443500.0, 3355500.0], [443500.0, 3355000.0]]]}, "properties": {"method_version": "q4_amenity_hub_grid_v1", "candidate_version": "grid_500m_min_60", "candidate_status": "sensitivity", "recommended_for_review": false, "cbsa_code": "27260", "market_slug": "jacksonville_fl", "amenity_hub_id": "27260_grid_500m_min_60_075", "cell_size_meters": 500, "min_pois_per_cell": 60, "cell_count": 6, "cluster_area_sq_km": 1.5, "poi_count": 460, "category_count": 18, "sub_category_count": 71, "centroid_longitude": -81.59637293678891, "centroid_latitude": 30.33315031822189, "poi_density_per_sq_km": 306.6666666666667}}, {"type": "Feature", "geometry": {"type": "Polygon", "coordinates": [[[443000.0, 3345500.0], [443000.0, 3346000.0], [442500.0, 3346000.0], [442500.0, 3345500.0], [443000.0, 3345500.0]]]}, "properties": {"method_version": "q4_amenity_hub_grid_v1", "candidate_version": "grid_500m_min_60", "candidate_status": "sensitivity", "recommended_for_review": false, "cbsa_code": "27260", "market_slug": "jacksonville_fl", "amenity_hub_id": "27260_grid_500m_min_60_076", "cell_size_meters": 500, "min_pois_per_cell": 60, "cell_count": 1, "cluster_area_sq_km": 0.25, "poi_count": 73, "category_count": 10, "sub_category_count": 22, "centroid_longitude": -81.59543300770633, "centroid_latitude": 30.241666467778824, "poi_density_per_sq_km": 292.0}}, {"type": "Feature", "geometry": {"type": "Polygon", "coordinates": [[[443000.0, 3347000.0], [442500.0, 3347000.0], [442500.0, 3347500.0], [443000.0, 3347500.0], [443000.0, 3348000.0], [443500.0, 3348000.0], [443500.0, 3347500.0], [444000.0, 3347500.0], [444000.0, 3347000.0], [444500.0, 3347000.0], [444500.0, 3346500.0], [444000.0, 3346500.0], [443500.0, 3346500.0], [443500.0, 3346000.0], [443000.0, 3346000.0], [443000.0, 3346500.0], [443000.0, 3347000.0]]]}, "properties": {"method_version": "q4_amenity_hub_grid_v1", "candidate_version": "grid_500m_min_60", "candidate_status": "sensitivity", "recommended_for_review": false, "cbsa_code": "27260", "market_slug": "jacksonville_fl", "amenity_hub_id": "27260_grid_500m_min_60_077", "cell_size_meters": 500, "min_pois_per_cell": 60, "cell_count": 8, "cluster_area_sq_km": 2.0, "poi_count": 1002, "category_count": 18, "sub_category_count": 61, "centroid_longitude": -81.58800579872074, "centroid_latitude": 30.253405363331062, "poi_density_per_sq_km": 501.0}}, {"type": "Feature", "geometry": {"type": "Polygon", "coordinates": [[[443000.0, 3357500.0], [443000.0, 3358000.0], [442500.0, 3358000.0], [442500.0, 3357500.0], [443000.0, 3357500.0]]]}, "properties": {"method_version": "q4_amenity_hub_grid_v1", "candidate_version": "grid_500m_min_60", "candidate_status": "sensitivity", "recommended_for_review": false, "cbsa_code": "27260", "market_slug": "jacksonville_fl", "amenity_hub_id": "27260_grid_500m_min_60_078", "cell_size_meters": 500, "min_pois_per_cell": 60, "cell_count": 1, "cluster_area_sq_km": 0.25, "poi_count": 87, "category_count": 13, "sub_category_count": 28, "centroid_longitude": -81.5961746466372, "centroid_latitude": 30.35104666873374, "poi_density_per_sq_km": 348.0}}, {"type": "Feature", "geometry": {"type": "Polygon", "coordinates": [[[443500.0, 3343500.0], [443000.0, 3343500.0], [443000.0, 3344000.0], [443500.0, 3344000.0], [444000.0, 3344000.0], [444000.0, 3343500.0], [444500.0, 3343500.0], [444500.0, 3343000.0], [444000.0, 3343000.0], [443500.0, 3343000.0], [443500.0, 3343500.0]]]}, "properties": {"method_version": "q4_amenity_hub_grid_v1", "candidate_version": "grid_500m_min_60", "candidate_status": "sensitivity", "recommended_for_review": false, "cbsa_code": "27260", "market_slug": "jacksonville_fl", "amenity_hub_id": "27260_grid_500m_min_60_079", "cell_size_meters": 500, "min_pois_per_cell": 60, "cell_count": 4, "cluster_area_sq_km": 1.0, "poi_count": 453, "category_count": 16, "sub_category_count": 61, "centroid_longitude": -81.58419223176486, "centroid_latitude": 30.220969936565485, "poi_density_per_sq_km": 453.0}}, {"type": "Feature", "geometry": {"type": "Polygon", "coordinates": [[[443500.0, 3341500.0], [443500.0, 3342000.0], [444000.0, 3342000.0], [444500.0, 3342000.0], [444500.0, 3341500.0], [444000.0, 3341500.0], [443500.0, 3341500.0]]]}, "properties": {"method_version": "q4_amenity_hub_grid_v1", "candidate_version": "grid_500m_min_60", "candidate_status": "sensitivity", "recommended_for_review": false, "cbsa_code": "27260", "market_slug": "jacksonville_fl", "amenity_hub_id": "27260_grid_500m_min_60_080", "cell_size_meters": 500, "min_pois_per_cell": 60, "cell_count": 2, "cluster_area_sq_km": 0.5, "poi_count": 135, "category_count": 11, "sub_category_count": 30, "centroid_longitude": -81.5812030336583, "centroid_latitude": 30.205811598336048, "poi_density_per_sq_km": 270.0}}, {"type": "Feature", "geometry": {"type": "Polygon", "coordinates": [[[444500.0, 3344000.0], [444500.0, 3344500.0], [444000.0, 3344500.0], [444000.0, 3344000.0], [444500.0, 3344000.0]]]}, "properties": {"method_version": "q4_amenity_hub_grid_v1", "candidate_version": "grid_500m_min_60", "candidate_status": "sensitivity", "recommended_for_review": false, "cbsa_code": "27260", "market_slug": "jacksonville_fl", "amenity_hub_id": "27260_grid_500m_min_60_081", "cell_size_meters": 500, "min_pois_per_cell": 60, "cell_count": 1, "cluster_area_sq_km": 0.25, "poi_count": 123, "category_count": 14, "sub_category_count": 33, "centroid_longitude": -81.58010893190615, "centroid_latitude": 30.228489780542855, "poi_density_per_sq_km": 492.0}}, {"type": "Feature", "geometry": {"type": "Polygon", "coordinates": [[[444500.0, 3350500.0], [444500.0, 3351000.0], [444000.0, 3351000.0], [444000.0, 3350500.0], [444500.0, 3350500.0]]]}, "properties": {"method_version": "q4_amenity_hub_grid_v1", "candidate_version": "grid_500m_min_60", "candidate_status": "sensitivity", "recommended_for_review": false, "cbsa_code": "27260", "market_slug": "jacksonville_fl", "amenity_hub_id": "27260_grid_500m_min_60_082", "cell_size_meters": 500, "min_pois_per_cell": 60, "cell_count": 1, "cluster_area_sq_km": 0.25, "poi_count": 91, "category_count": 14, "sub_category_count": 40, "centroid_longitude": -81.57898498964963, "centroid_latitude": 30.287216220882772, "poi_density_per_sq_km": 364.0}}, {"type": "Feature", "geometry": {"type": "Polygon", "coordinates": [[[444000.0, 3354000.0], [444500.0, 3354000.0], [445000.0, 3354000.0], [445500.0, 3354000.0], [446000.0, 3354000.0], [446000.0, 3353500.0], [445500.0, 3353500.0], [445000.0, 3353500.0], [444500.0, 3353500.0], [444000.0, 3353500.0], [444000.0, 3354000.0]]]}, "properties": {"method_version": "q4_amenity_hub_grid_v1", "candidate_version": "grid_500m_min_60", "candidate_status": "sensitivity", "recommended_for_review": false, "cbsa_code": "27260", "market_slug": "jacksonville_fl", "amenity_hub_id": "27260_grid_500m_min_60_083", "cell_size_meters": 500, "min_pois_per_cell": 60, "cell_count": 4, "cluster_area_sq_km": 1.0, "poi_count": 318, "category_count": 17, "sub_category_count": 56, "centroid_longitude": -81.5716060519857, "centroid_latitude": 30.313766456946365, "poi_density_per_sq_km": 318.0}}, {"type": "Feature", "geometry": {"type": "Polygon", "coordinates": [[[445500.0, 3343500.0], [445500.0, 3344000.0], [445000.0, 3344000.0], [445000.0, 3343500.0], [445500.0, 3343500.0]]]}, "properties": {"method_version": "q4_amenity_hub_grid_v1", "candidate_version": "grid_500m_min_60", "candidate_status": "sensitivity", "recommended_for_review": false, "cbsa_code": "27260", "market_slug": "jacksonville_fl", "amenity_hub_id": "27260_grid_500m_min_60_084", "cell_size_meters": 500, "min_pois_per_cell": 60, "cell_count": 1, "cluster_area_sq_km": 0.25, "poi_count": 152, "category_count": 14, "sub_category_count": 29, "centroid_longitude": -81.56870524709848, "centroid_latitude": 30.222786979802994, "poi_density_per_sq_km": 608.0}}, {"type": "Feature", "geometry": {"type": "Polygon", "coordinates": [[[445500.0, 3343000.0], [445500.0, 3343500.0], [446000.0, 3343500.0], [446500.0, 3343500.0], [447000.0, 3343500.0], [447000.0, 3343000.0], [446500.0, 3343000.0], [446000.0, 3343000.0], [445500.0, 3343000.0]]]}, "properties": {"method_version": "q4_amenity_hub_grid_v1", "candidate_version": "grid_500m_min_60", "candidate_status": "sensitivity", "recommended_for_review": false, "cbsa_code": "27260", "market_slug": "jacksonville_fl", "amenity_hub_id": "27260_grid_500m_min_60_085", "cell_size_meters": 500, "min_pois_per_cell": 60, "cell_count": 3, "cluster_area_sq_km": 0.75, "poi_count": 522, "category_count": 18, "sub_category_count": 67, "centroid_longitude": -81.55870535047427, "centroid_latitude": 30.219968529767407, "poi_density_per_sq_km": 696.0}}, {"type": "Feature", "geometry": {"type": "Polygon", "coordinates": [[[446000.0, 3350500.0], [446000.0, 3351000.0], [445500.0, 3351000.0], [445500.0, 3350500.0], [446000.0, 3350500.0]]]}, "properties": {"method_version": "q4_amenity_hub_grid_v1", "candidate_version": "grid_500m_min_60", "candidate_status": "sensitivity", "recommended_for_review": false, "cbsa_code": "27260", "market_slug": "jacksonville_fl", "amenity_hub_id": "27260_grid_500m_min_60_086", "cell_size_meters": 500, "min_pois_per_cell": 60, "cell_count": 1, "cluster_area_sq_km": 0.25, "poi_count": 74, "category_count": 13, "sub_category_count": 34, "centroid_longitude": -81.56526518166064, "centroid_latitude": 30.287610442470303, "poi_density_per_sq_km": 296.0}}, {"type": "Feature", "geometry": {"type": "Polygon", "coordinates": [[[446000.0, 3348000.0], [446000.0, 3348500.0], [446000.0, 3349000.0], [446000.0, 3349500.0], [446000.0, 3350000.0], [446500.0, 3350000.0], [446500.0, 3349500.0], [446500.0, 3349000.0], [446500.0, 3348500.0], [446500.0, 3348000.0], [446000.0, 3348000.0]]]}, "properties": {"method_version": "q4_amenity_hub_grid_v1", "candidate_version": "grid_500m_min_60", "candidate_status": "sensitivity", "recommended_for_review": false, "cbsa_code": "27260", "market_slug": "jacksonville_fl", "amenity_hub_id": "27260_grid_500m_min_60_087", "cell_size_meters": 500, "min_pois_per_cell": 60, "cell_count": 4, "cluster_area_sq_km": 1.0, "poi_count": 364, "category_count": 17, "sub_category_count": 58, "centroid_longitude": -81.55909018885986, "centroid_latitude": 30.270720789585567, "poi_density_per_sq_km": 364.0}}, {"type": "Feature", "geometry": {"type": "Polygon", "coordinates": [[[447000.0, 3334500.0], [447000.0, 3335000.0], [446500.0, 3335000.0], [446500.0, 3334500.0], [447000.0, 3334500.0]]]}, "properties": {"method_version": "q4_amenity_hub_grid_v1", "candidate_version": "grid_500m_min_60", "candidate_status": "sensitivity", "recommended_for_review": false, "cbsa_code": "27260", "market_slug": "jacksonville_fl", "amenity_hub_id": "27260_grid_500m_min_60_088", "cell_size_meters": 500, "min_pois_per_cell": 60, "cell_count": 1, "cluster_area_sq_km": 0.25, "poi_count": 68, "category_count": 12, "sub_category_count": 30, "centroid_longitude": -81.55281362807857, "centroid_latitude": 30.141840724399366, "poi_density_per_sq_km": 272.0}}, {"type": "Feature", "geometry": {"type": "Polygon", "coordinates": [[[446500.0, 3339000.0], [446500.0, 3339500.0], [447000.0, 3339500.0], [447500.0, 3339500.0], [447500.0, 3339000.0], [447000.0, 3339000.0], [446500.0, 3339000.0]]]}, "properties": {"method_version": "q4_amenity_hub_grid_v1", "candidate_version": "grid_500m_min_60", "candidate_status": "sensitivity", "recommended_for_review": false, "cbsa_code": "27260", "market_slug": "jacksonville_fl", "amenity_hub_id": "27260_grid_500m_min_60_089", "cell_size_meters": 500, "min_pois_per_cell": 60, "cell_count": 2, "cluster_area_sq_km": 0.5, "poi_count": 263, "category_count": 12, "sub_category_count": 43, "centroid_longitude": -81.55228427059656, "centroid_latitude": 30.184565994551505, "poi_density_per_sq_km": 526.0}}, {"type": "Feature", "geometry": {"type": "Polygon", "coordinates": [[[447000.0, 3346500.0], [446500.0, 3346500.0], [446500.0, 3347000.0], [446500.0, 3347500.0], [447000.0, 3347500.0], [447000.0, 3347000.0], [447000.0, 3346500.0]]]}, "properties": {"method_version": "q4_amenity_hub_grid_v1", "candidate_version": "grid_500m_min_60", "candidate_status": "sensitivity", "recommended_for_review": false, "cbsa_code": "27260", "market_slug": "jacksonville_fl", "amenity_hub_id": "27260_grid_500m_min_60_090", "cell_size_meters": 500, "min_pois_per_cell": 60, "cell_count": 2, "cluster_area_sq_km": 0.5, "poi_count": 270, "category_count": 14, "sub_category_count": 42, "centroid_longitude": -81.5546334705499, "centroid_latitude": 30.25465820311508, "poi_density_per_sq_km": 540.0}}, {"type": "Feature", "geometry": {"type": "Polygon", "coordinates": [[[446500.0, 3350500.0], [446500.0, 3351000.0], [447000.0, 3351000.0], [447500.0, 3351000.0], [447500.0, 3350500.0], [447000.0, 3350500.0], [446500.0, 3350500.0]]]}, "properties": {"method_version": "q4_amenity_hub_grid_v1", "candidate_version": "grid_500m_min_60", "candidate_status": "sensitivity", "recommended_for_review": false, "cbsa_code": "27260", "market_slug": "jacksonville_fl", "amenity_hub_id": "27260_grid_500m_min_60_091", "cell_size_meters": 500, "min_pois_per_cell": 60, "cell_count": 2, "cluster_area_sq_km": 0.5, "poi_count": 146, "category_count": 12, "sub_category_count": 36, "centroid_longitude": -81.5514371204723, "centroid_latitude": 30.286781630669488, "poi_density_per_sq_km": 292.0}}, {"type": "Feature", "geometry": {"type": "Polygon", "coordinates": [[[446500.0, 3354000.0], [446500.0, 3354500.0], [446500.0, 3355000.0], [447000.0, 3355000.0], [447500.0, 3355000.0], [448000.0, 3355000.0], [448500.0, 3355000.0], [449000.0, 3355000.0], [449000.0, 3354500.0], [448500.0, 3354500.0], [448000.0, 3354500.0], [447500.0, 3354500.0], [447000.0, 3354500.0], [447000.0, 3354000.0], [446500.0, 3354000.0]]]}, "properties": {"method_version": "q4_amenity_hub_grid_v1", "candidate_version": "grid_500m_min_60", "candidate_status": "sensitivity", "recommended_for_review": false, "cbsa_code": "27260", "market_slug": "jacksonville_fl", "amenity_hub_id": "27260_grid_500m_min_60_092", "cell_size_meters": 500, "min_pois_per_cell": 60, "cell_count": 6, "cluster_area_sq_km": 1.5, "poi_count": 581, "category_count": 17, "sub_category_count": 68, "centroid_longitude": -81.5448821345968, "centroid_latitude": 30.322610994916246, "poi_density_per_sq_km": 387.3333333333333}}, {"type": "Feature", "geometry": {"type": "Polygon", "coordinates": [[[447500.0, 3345500.0], [447500.0, 3346000.0], [447000.0, 3346000.0], [447000.0, 3345500.0], [447500.0, 3345500.0]]]}, "properties": {"method_version": "q4_amenity_hub_grid_v1", "candidate_version": "grid_500m_min_60", "candidate_status": "sensitivity", "recommended_for_review": false, "cbsa_code": "27260", "market_slug": "jacksonville_fl", "amenity_hub_id": "27260_grid_500m_min_60_093", "cell_size_meters": 500, "min_pois_per_cell": 60, "cell_count": 1, "cluster_area_sq_km": 0.25, "poi_count": 118, "category_count": 11, "sub_category_count": 19, "centroid_longitude": -81.54910980480462, "centroid_latitude": 30.242264968217366, "poi_density_per_sq_km": 472.0}}, {"type": "Feature", "geometry": {"type": "Polygon", "coordinates": [[[447500.0, 3348000.0], [447500.0, 3348500.0], [447000.0, 3348500.0], [447000.0, 3348000.0], [447500.0, 3348000.0]]]}, "properties": {"method_version": "q4_amenity_hub_grid_v1", "candidate_version": "grid_500m_min_60", "candidate_status": "sensitivity", "recommended_for_review": false, "cbsa_code": "27260", "market_slug": "jacksonville_fl", "amenity_hub_id": "27260_grid_500m_min_60_094", "cell_size_meters": 500, "min_pois_per_cell": 60, "cell_count": 1, "cluster_area_sq_km": 0.25, "poi_count": 86, "category_count": 14, "sub_category_count": 28, "centroid_longitude": -81.54998842093977, "centroid_latitude": 30.264092803861168, "poi_density_per_sq_km": 344.0}}, {"type": "Feature", "geometry": {"type": "Polygon", "coordinates": [[[448000.0, 3333000.0], [448000.0, 3333500.0], [447500.0, 3333500.0], [447500.0, 3333000.0], [448000.0, 3333000.0]]]}, "properties": {"method_version": "q4_amenity_hub_grid_v1", "candidate_version": "grid_500m_min_60", "candidate_status": "sensitivity", "recommended_for_review": false, "cbsa_code": "27260", "market_slug": "jacksonville_fl", "amenity_hub_id": "27260_grid_500m_min_60_095", "cell_size_meters": 500, "min_pois_per_cell": 60, "cell_count": 1, "cluster_area_sq_km": 0.25, "poi_count": 65, "category_count": 7, "sub_category_count": 22, "centroid_longitude": -81.54129890312355, "centroid_latitude": 30.1305959818563, "poi_density_per_sq_km": 260.0}}, {"type": "Feature", "geometry": {"type": "Polygon", "coordinates": [[[448000.0, 3388000.0], [448000.0, 3388500.0], [447500.0, 3388500.0], [447500.0, 3388000.0], [448000.0, 3388000.0]]]}, "properties": {"method_version": "q4_amenity_hub_grid_v1", "candidate_version": "grid_500m_min_60", "candidate_status": "sensitivity", "recommended_for_review": false, "cbsa_code": "27260", "market_slug": "jacksonville_fl", "amenity_hub_id": "27260_grid_500m_min_60_096", "cell_size_meters": 500, "min_pois_per_cell": 60, "cell_count": 1, "cluster_area_sq_km": 0.25, "poi_count": 75, "category_count": 12, "sub_category_count": 32, "centroid_longitude": -81.5447951113836, "centroid_latitude": 30.625855194509587, "poi_density_per_sq_km": 300.0}}, {"type": "Feature", "geometry": {"type": "Polygon", "coordinates": [[[448500.0, 3325000.0], [448500.0, 3325500.0], [448000.0, 3325500.0], [448000.0, 3325000.0], [448500.0, 3325000.0]]]}, "properties": {"method_version": "q4_amenity_hub_grid_v1", "candidate_version": "grid_500m_min_60", "candidate_status": "sensitivity", "recommended_for_review": false, "cbsa_code": "27260", "market_slug": "jacksonville_fl", "amenity_hub_id": "27260_grid_500m_min_60_097", "cell_size_meters": 500, "min_pois_per_cell": 60, "cell_count": 1, "cluster_area_sq_km": 0.25, "poi_count": 114, "category_count": 9, "sub_category_count": 26, "centroid_longitude": -81.53724259943719, "centroid_latitude": 30.056717829473985, "poi_density_per_sq_km": 456.0}}, {"type": "Feature", "geometry": {"type": "Polygon", "coordinates": [[[448000.0, 3334000.0], [448000.0, 3334500.0], [448500.0, 3334500.0], [449000.0, 3334500.0], [449000.0, 3334000.0], [448500.0, 3334000.0], [448000.0, 3334000.0]]]}, "properties": {"method_version": "q4_amenity_hub_grid_v1", "candidate_version": "grid_500m_min_60", "candidate_status": "sensitivity", "recommended_for_review": false, "cbsa_code": "27260", "market_slug": "jacksonville_fl", "amenity_hub_id": "27260_grid_500m_min_60_098", "cell_size_meters": 500, "min_pois_per_cell": 60, "cell_count": 2, "cluster_area_sq_km": 0.5, "poi_count": 218, "category_count": 13, "sub_category_count": 30, "centroid_longitude": -81.53368945455013, "centroid_latitude": 30.139067565214333, "poi_density_per_sq_km": 436.0}}, {"type": "Feature", "geometry": {"type": "Polygon", "coordinates": [[[449000.0, 3350500.0], [448500.0, 3350500.0], [448000.0, 3350500.0], [448000.0, 3351000.0], [448500.0, 3351000.0], [449000.0, 3351000.0], [449500.0, 3351000.0], [449500.0, 3350500.0], [449500.0, 3350000.0], [449000.0, 3350000.0], [449000.0, 3350500.0]]]}, "properties": {"method_version": "q4_amenity_hub_grid_v1", "candidate_version": "grid_500m_min_60", "candidate_status": "sensitivity", "recommended_for_review": false, "cbsa_code": "27260", "market_slug": "jacksonville_fl", "amenity_hub_id": "27260_grid_500m_min_60_099", "cell_size_meters": 500, "min_pois_per_cell": 60, "cell_count": 4, "cluster_area_sq_km": 1.0, "poi_count": 414, "category_count": 19, "sub_category_count": 61, "centroid_longitude": -81.53070569295727, "centroid_latitude": 30.285716519593546, "poi_density_per_sq_km": 414.0}}, {"type": "Feature", "geometry": {"type": "Polygon", "coordinates": [[[448500.0, 3356500.0], [448500.0, 3357000.0], [448000.0, 3357000.0], [448000.0, 3356500.0], [448500.0, 3356500.0]]]}, "properties": {"method_version": "q4_amenity_hub_grid_v1", "candidate_version": "grid_500m_min_60", "candidate_status": "sensitivity", "recommended_for_review": false, "cbsa_code": "27260", "market_slug": "jacksonville_fl", "amenity_hub_id": "27260_grid_500m_min_60_100", "cell_size_meters": 500, "min_pois_per_cell": 60, "cell_count": 1, "cluster_area_sq_km": 0.25, "poi_count": 62, "category_count": 10, "sub_category_count": 28, "centroid_longitude": -81.53774056627438, "centroid_latitude": 30.341897935011495, "poi_density_per_sq_km": 248.0}}, {"type": "Feature", "geometry": {"type": "Polygon", "coordinates": [[[449000.0, 3346000.0], [449000.0, 3346500.0], [448500.0, 3346500.0], [448500.0, 3346000.0], [449000.0, 3346000.0]]]}, "properties": {"method_version": "q4_amenity_hub_grid_v1", "candidate_version": "grid_500m_min_60", "candidate_status": "sensitivity", "recommended_for_review": false, "cbsa_code": "27260", "market_slug": "jacksonville_fl", "amenity_hub_id": "27260_grid_500m_min_60_101", "cell_size_meters": 500, "min_pois_per_cell": 60, "cell_count": 1, "cluster_area_sq_km": 0.25, "poi_count": 221, "category_count": 14, "sub_category_count": 32, "centroid_longitude": -81.5324400070668, "centroid_latitude": 30.246828401269124, "poi_density_per_sq_km": 884.0}}, {"type": "Feature", "geometry": {"type": "Polygon", "coordinates": [[[448500.0, 3347000.0], [448500.0, 3347500.0], [449000.0, 3347500.0], [449000.0, 3348000.0], [449500.0, 3348000.0], [449500.0, 3347500.0], [449500.0, 3347000.0], [449000.0, 3347000.0], [448500.0, 3347000.0]]]}, "properties": {"method_version": "q4_amenity_hub_grid_v1", "candidate_version": "grid_500m_min_60", "candidate_status": "sensitivity", "recommended_for_review": false, "cbsa_code": "27260", "market_slug": "jacksonville_fl", "amenity_hub_id": "27260_grid_500m_min_60_102", "cell_size_meters": 500, "min_pois_per_cell": 60, "cell_count": 3, "cluster_area_sq_km": 0.75, "poi_count": 383, "category_count": 15, "sub_category_count": 46, "centroid_longitude": -81.5276452723197, "centroid_latitude": 30.257364286500053, "poi_density_per_sq_km": 510.6666666666667}}, {"type": "Feature", "geometry": {"type": "Polygon", "coordinates": [[[450000.0, 3334000.0], [449500.0, 3334000.0], [449500.0, 3334500.0], [449500.0, 3335000.0], [450000.0, 3335000.0], [450000.0, 3334500.0], [450000.0, 3334000.0]]]}, "properties": {"method_version": "q4_amenity_hub_grid_v1", "candidate_version": "grid_500m_min_60", "candidate_status": "sensitivity", "recommended_for_review": false, "cbsa_code": "27260", "market_slug": "jacksonville_fl", "amenity_hub_id": "27260_grid_500m_min_60_103", "cell_size_meters": 500, "min_pois_per_cell": 60, "cell_count": 2, "cluster_area_sq_km": 0.5, "poi_count": 131, "category_count": 15, "sub_category_count": 43, "centroid_longitude": -81.52073486333666, "centroid_latitude": 30.141766306044, "poi_density_per_sq_km": 262.0}}, {"type": "Feature", "geometry": {"type": "Polygon", "coordinates": [[[450500.0, 3325000.0], [450500.0, 3325500.0], [450000.0, 3325500.0], [450000.0, 3325000.0], [450500.0, 3325000.0]]]}, "properties": {"method_version": "q4_amenity_hub_grid_v1", "candidate_version": "grid_500m_min_60", "candidate_status": "sensitivity", "recommended_for_review": false, "cbsa_code": "27260", "market_slug": "jacksonville_fl", "amenity_hub_id": "27260_grid_500m_min_60_104", "cell_size_meters": 500, "min_pois_per_cell": 60, "cell_count": 1, "cluster_area_sq_km": 0.25, "poi_count": 62, "category_count": 9, "sub_category_count": 26, "centroid_longitude": -81.51446303649395, "centroid_latitude": 30.05859592200552, "poi_density_per_sq_km": 248.0}}, {"type": "Feature", "geometry": {"type": "Polygon", "coordinates": [[[450500.0, 3342500.0], [450500.0, 3343000.0], [450000.0, 3343000.0], [450000.0, 3342500.0], [450500.0, 3342500.0]]]}, "properties": {"method_version": "q4_amenity_hub_grid_v1", "candidate_version": "grid_500m_min_60", "candidate_status": "sensitivity", "recommended_for_review": false, "cbsa_code": "27260", "market_slug": "jacksonville_fl", "amenity_hub_id": "27260_grid_500m_min_60_105", "cell_size_meters": 500, "min_pois_per_cell": 60, "cell_count": 1, "cluster_area_sq_km": 0.25, "poi_count": 110, "category_count": 10, "sub_category_count": 40, "centroid_longitude": -81.51783649863737, "centroid_latitude": 30.215550320863517, "poi_density_per_sq_km": 440.0}}, {"type": "Feature", "geometry": {"type": "Polygon", "coordinates": [[[450000.0, 3344500.0], [450000.0, 3345000.0], [450500.0, 3345000.0], [451000.0, 3345000.0], [451000.0, 3344500.0], [450500.0, 3344500.0], [450000.0, 3344500.0]]]}, "properties": {"method_version": "q4_amenity_hub_grid_v1", "candidate_version": "grid_500m_min_60", "candidate_status": "sensitivity", "recommended_for_review": false, "cbsa_code": "27260", "market_slug": "jacksonville_fl", "amenity_hub_id": "27260_grid_500m_min_60_106", "cell_size_meters": 500, "min_pois_per_cell": 60, "cell_count": 2, "cluster_area_sq_km": 0.5, "poi_count": 218, "category_count": 14, "sub_category_count": 30, "centroid_longitude": -81.51359692458402, "centroid_latitude": 30.233444226092754, "poi_density_per_sq_km": 436.0}}, {"type": "Feature", "geometry": {"type": "Polygon", "coordinates": [[[450500.0, 3345500.0], [450500.0, 3346000.0], [450000.0, 3346000.0], [450000.0, 3345500.0], [450500.0, 3345500.0]]]}, "properties": {"method_version": "q4_amenity_hub_grid_v1", "candidate_version": "grid_500m_min_60", "candidate_status": "sensitivity", "recommended_for_review": false, "cbsa_code": "27260", "market_slug": "jacksonville_fl", "amenity_hub_id": "27260_grid_500m_min_60_107", "cell_size_meters": 500, "min_pois_per_cell": 60, "cell_count": 1, "cluster_area_sq_km": 0.25, "poi_count": 102, "category_count": 14, "sub_category_count": 31, "centroid_longitude": -81.5191729267302, "centroid_latitude": 30.241573208843846, "poi_density_per_sq_km": 408.0}}, {"type": "Feature", "geometry": {"type": "Polygon", "coordinates": [[[450500.0, 3350000.0], [450000.0, 3350000.0], [450000.0, 3350500.0], [450000.0, 3351000.0], [450500.0, 3351000.0], [450500.0, 3350500.0], [450500.0, 3350000.0]]]}, "properties": {"method_version": "q4_amenity_hub_grid_v1", "candidate_version": "grid_500m_min_60", "candidate_status": "sensitivity", "recommended_for_review": false, "cbsa_code": "27260", "market_slug": "jacksonville_fl", "amenity_hub_id": "27260_grid_500m_min_60_108", "cell_size_meters": 500, "min_pois_per_cell": 60, "cell_count": 2, "cluster_area_sq_km": 0.5, "poi_count": 186, "category_count": 14, "sub_category_count": 43, "centroid_longitude": -81.51725562548216, "centroid_latitude": 30.284369058405005, "poi_density_per_sq_km": 372.0}}, {"type": "Feature", "geometry": {"type": "Polygon", "coordinates": [[[451000.0, 3342000.0], [451000.0, 3342500.0], [450500.0, 3342500.0], [450500.0, 3342000.0], [451000.0, 3342000.0]]]}, "properties": {"method_version": "q4_amenity_hub_grid_v1", "candidate_version": "grid_500m_min_60", "candidate_status": "sensitivity", "recommended_for_review": false, "cbsa_code": "27260", "market_slug": "jacksonville_fl", "amenity_hub_id": "27260_grid_500m_min_60_109", "cell_size_meters": 500, "min_pois_per_cell": 60, "cell_count": 1, "cluster_area_sq_km": 0.25, "poi_count": 129, "category_count": 5, "sub_category_count": 14, "centroid_longitude": -81.51222879606034, "centroid_latitude": 30.212335936175535, "poi_density_per_sq_km": 516.0}}, {"type": "Feature", "geometry": {"type": "Polygon", "coordinates": [[[451500.0, 3350500.0], [451500.0, 3351000.0], [452000.0, 3351000.0], [452500.0, 3351000.0], [452500.0, 3350500.0], [452000.0, 3350500.0], [451500.0, 3350500.0]]]}, "properties": {"method_version": "q4_amenity_hub_grid_v1", "candidate_version": "grid_500m_min_60", "candidate_status": "sensitivity", "recommended_for_review": false, "cbsa_code": "27260", "market_slug": "jacksonville_fl", "amenity_hub_id": "27260_grid_500m_min_60_110", "cell_size_meters": 500, "min_pois_per_cell": 60, "cell_count": 2, "cluster_area_sq_km": 0.5, "poi_count": 133, "category_count": 13, "sub_category_count": 35, "centroid_longitude": -81.49957391570366, "centroid_latitude": 30.287530621528276, "poi_density_per_sq_km": 266.0}}, {"type": "Feature", "geometry": {"type": "Polygon", "coordinates": [[[452000.0, 3358500.0], [451500.0, 3358500.0], [451500.0, 3359000.0], [451500.0, 3359500.0], [452000.0, 3359500.0], [452000.0, 3359000.0], [452000.0, 3358500.0]]]}, "properties": {"method_version": "q4_amenity_hub_grid_v1", "candidate_version": "grid_500m_min_60", "candidate_status": "sensitivity", "recommended_for_review": false, "cbsa_code": "27260", "market_slug": "jacksonville_fl", "amenity_hub_id": "27260_grid_500m_min_60_111", "cell_size_meters": 500, "min_pois_per_cell": 60, "cell_count": 2, "cluster_area_sq_km": 0.5, "poi_count": 135, "category_count": 14, "sub_category_count": 46, "centroid_longitude": -81.50201350950772, "centroid_latitude": 30.361563872323057, "poi_density_per_sq_km": 270.0}}, {"type": "Feature", "geometry": {"type": "Polygon", "coordinates": [[[453000.0, 3314500.0], [453000.0, 3315000.0], [452500.0, 3315000.0], [452500.0, 3314500.0], [453000.0, 3314500.0]]]}, "properties": {"method_version": "q4_amenity_hub_grid_v1", "candidate_version": "grid_500m_min_60", "candidate_status": "sensitivity", "recommended_for_review": false, "cbsa_code": "27260", "market_slug": "jacksonville_fl", "amenity_hub_id": "27260_grid_500m_min_60_112", "cell_size_meters": 500, "min_pois_per_cell": 60, "cell_count": 1, "cluster_area_sq_km": 0.25, "poi_count": 137, "category_count": 13, "sub_category_count": 42, "centroid_longitude": -81.490086232854, "centroid_latitude": 29.96194109358166, "poi_density_per_sq_km": 548.0}}, {"type": "Feature", "geometry": {"type": "Polygon", "coordinates": [[[452500.0, 3354000.0], [452500.0, 3354500.0], [453000.0, 3354500.0], [453500.0, 3354500.0], [453500.0, 3354000.0], [453000.0, 3354000.0], [452500.0, 3354000.0]]]}, "properties": {"method_version": "q4_amenity_hub_grid_v1", "candidate_version": "grid_500m_min_60", "candidate_status": "sensitivity", "recommended_for_review": false, "cbsa_code": "27260", "market_slug": "jacksonville_fl", "amenity_hub_id": "27260_grid_500m_min_60_113", "cell_size_meters": 500, "min_pois_per_cell": 60, "cell_count": 2, "cluster_area_sq_km": 0.5, "poi_count": 126, "category_count": 14, "sub_category_count": 39, "centroid_longitude": -81.48951952776288, "centroid_latitude": 30.31817759729564, "poi_density_per_sq_km": 252.0}}, {"type": "Feature", "geometry": {"type": "Polygon", "coordinates": [[[453500.0, 3350500.0], [453500.0, 3351000.0], [453000.0, 3351000.0], [453000.0, 3350500.0], [453500.0, 3350500.0]]]}, "properties": {"method_version": "q4_amenity_hub_grid_v1", "candidate_version": "grid_500m_min_60", "candidate_status": "sensitivity", "recommended_for_review": false, "cbsa_code": "27260", "market_slug": "jacksonville_fl", "amenity_hub_id": "27260_grid_500m_min_60_114", "cell_size_meters": 500, "min_pois_per_cell": 60, "cell_count": 1, "cluster_area_sq_km": 0.25, "poi_count": 106, "category_count": 14, "sub_category_count": 37, "centroid_longitude": -81.48675234166225, "centroid_latitude": 30.286671096658626, "poi_density_per_sq_km": 424.0}}, {"type": "Feature", "geometry": {"type": "Polygon", "coordinates": [[[455000.0, 3317000.0], [455000.0, 3317500.0], [454500.0, 3317500.0], [454500.0, 3317000.0], [455000.0, 3317000.0]]]}, "properties": {"method_version": "q4_amenity_hub_grid_v1", "candidate_version": "grid_500m_min_60", "candidate_status": "sensitivity", "recommended_for_review": false, "cbsa_code": "27260", "market_slug": "jacksonville_fl", "amenity_hub_id": "27260_grid_500m_min_60_115", "cell_size_meters": 500, "min_pois_per_cell": 60, "cell_count": 1, "cluster_area_sq_km": 0.25, "poi_count": 121, "category_count": 12, "sub_category_count": 33, "centroid_longitude": -81.4692615181483, "centroid_latitude": 29.98486868800592, "poi_density_per_sq_km": 484.0}}, {"type": "Feature", "geometry": {"type": "Polygon", "coordinates": [[[455000.0, 3354000.0], [455000.0, 3354500.0], [454500.0, 3354500.0], [454500.0, 3354000.0], [455000.0, 3354000.0]]]}, "properties": {"method_version": "q4_amenity_hub_grid_v1", "candidate_version": "grid_500m_min_60", "candidate_status": "sensitivity", "recommended_for_review": false, "cbsa_code": "27260", "market_slug": "jacksonville_fl", "amenity_hub_id": "27260_grid_500m_min_60_116", "cell_size_meters": 500, "min_pois_per_cell": 60, "cell_count": 1, "cluster_area_sq_km": 0.25, "poi_count": 62, "category_count": 9, "sub_category_count": 30, "centroid_longitude": -81.47158043177026, "centroid_latitude": 30.319504927816535, "poi_density_per_sq_km": 248.0}}, {"type": "Feature", "geometry": {"type": "Polygon", "coordinates": [[[455000.0, 3388500.0], [455000.0, 3389000.0], [454500.0, 3389000.0], [454500.0, 3388500.0], [455000.0, 3388500.0]]]}, "properties": {"method_version": "q4_amenity_hub_grid_v1", "candidate_version": "grid_500m_min_60", "candidate_status": "sensitivity", "recommended_for_review": false, "cbsa_code": "27260", "market_slug": "jacksonville_fl", "amenity_hub_id": "27260_grid_500m_min_60_117", "cell_size_meters": 500, "min_pois_per_cell": 60, "cell_count": 1, "cluster_area_sq_km": 0.25, "poi_count": 72, "category_count": 13, "sub_category_count": 25, "centroid_longitude": -81.47116217806384, "centroid_latitude": 30.63030337458063, "poi_density_per_sq_km": 288.0}}, {"type": "Feature", "geometry": {"type": "Polygon", "coordinates": [[[455500.0, 3347000.0], [455500.0, 3347500.0], [455000.0, 3347500.0], [455000.0, 3347000.0], [455500.0, 3347000.0]]]}, "properties": {"method_version": "q4_amenity_hub_grid_v1", "candidate_version": "grid_500m_min_60", "candidate_status": "sensitivity", "recommended_for_review": false, "cbsa_code": "27260", "market_slug": "jacksonville_fl", "amenity_hub_id": "27260_grid_500m_min_60_118", "cell_size_meters": 500, "min_pois_per_cell": 60, "cell_count": 1, "cluster_area_sq_km": 0.25, "poi_count": 76, "category_count": 8, "sub_category_count": 25, "centroid_longitude": -81.46602706226405, "centroid_latitude": 30.25610349083422, "poi_density_per_sq_km": 304.0}}, {"type": "Feature", "geometry": {"type": "Polygon", "coordinates": [[[455500.0, 3351000.0], [456000.0, 3351000.0], [456500.0, 3351000.0], [457000.0, 3351000.0], [457500.0, 3351000.0], [458000.0, 3351000.0], [458000.0, 3350500.0], [457500.0, 3350500.0], [457000.0, 3350500.0], [456500.0, 3350500.0], [456000.0, 3350500.0], [455500.0, 3350500.0], [455500.0, 3351000.0]]]}, "properties": {"method_version": "q4_amenity_hub_grid_v1", "candidate_version": "grid_500m_min_60", "candidate_status": "sensitivity", "recommended_for_review": false, "cbsa_code": "27260", "market_slug": "jacksonville_fl", "amenity_hub_id": "27260_grid_500m_min_60_119", "cell_size_meters": 500, "min_pois_per_cell": 60, "cell_count": 5, "cluster_area_sq_km": 1.25, "poi_count": 488, "category_count": 18, "sub_category_count": 63, "centroid_longitude": -81.44915763129701, "centroid_latitude": 30.287752589062645, "poi_density_per_sq_km": 390.4}}, {"type": "Feature", "geometry": {"type": "Polygon", "coordinates": [[[456000.0, 3354000.0], [456000.0, 3354500.0], [455500.0, 3354500.0], [455500.0, 3354000.0], [456000.0, 3354000.0]]]}, "properties": {"method_version": "q4_amenity_hub_grid_v1", "candidate_version": "grid_500m_min_60", "candidate_status": "sensitivity", "recommended_for_review": false, "cbsa_code": "27260", "market_slug": "jacksonville_fl", "amenity_hub_id": "27260_grid_500m_min_60_120", "cell_size_meters": 500, "min_pois_per_cell": 60, "cell_count": 1, "cluster_area_sq_km": 0.25, "poi_count": 109, "category_count": 13, "sub_category_count": 42, "centroid_longitude": -81.46052424280367, "centroid_latitude": 30.320024163107693, "poi_density_per_sq_km": 436.0}}, {"type": "Feature", "geometry": {"type": "Polygon", "coordinates": [[[456000.0, 3393000.0], [456000.0, 3393500.0], [455500.0, 3393500.0], [455500.0, 3393000.0], [456000.0, 3393000.0]]]}, "properties": {"method_version": "q4_amenity_hub_grid_v1", "candidate_version": "grid_500m_min_60", "candidate_status": "sensitivity", "recommended_for_review": false, "cbsa_code": "27260", "market_slug": "jacksonville_fl", "amenity_hub_id": "27260_grid_500m_min_60_121", "cell_size_meters": 500, "min_pois_per_cell": 60, "cell_count": 1, "cluster_area_sq_km": 0.25, "poi_count": 324, "category_count": 16, "sub_category_count": 51, "centroid_longitude": -81.46242654227629, "centroid_latitude": 30.670858334582892, "poi_density_per_sq_km": 1296.0}}, {"type": "Feature", "geometry": {"type": "Polygon", "coordinates": [[[456500.0, 3317000.0], [456500.0, 3317500.0], [456000.0, 3317500.0], [456000.0, 3317000.0], [456500.0, 3317000.0]]]}, "properties": {"method_version": "q4_amenity_hub_grid_v1", "candidate_version": "grid_500m_min_60", "candidate_status": "sensitivity", "recommended_for_review": false, "cbsa_code": "27260", "market_slug": "jacksonville_fl", "amenity_hub_id": "27260_grid_500m_min_60_122", "cell_size_meters": 500, "min_pois_per_cell": 60, "cell_count": 1, "cluster_area_sq_km": 0.25, "poi_count": 76, "category_count": 14, "sub_category_count": 35, "centroid_longitude": -81.4536010859957, "centroid_latitude": 29.986240366633613, "poi_density_per_sq_km": 304.0}}, {"type": "Feature", "geometry": {"type": "Polygon", "coordinates": [[[456500.0, 3354500.0], [456500.0, 3355000.0], [456000.0, 3355000.0], [456000.0, 3354500.0], [456500.0, 3354500.0]]]}, "properties": {"method_version": "q4_amenity_hub_grid_v1", "candidate_version": "grid_500m_min_60", "candidate_status": "sensitivity", "recommended_for_review": false, "cbsa_code": "27260", "market_slug": "jacksonville_fl", "amenity_hub_id": "27260_grid_500m_min_60_123", "cell_size_meters": 500, "min_pois_per_cell": 60, "cell_count": 1, "cluster_area_sq_km": 0.25, "poi_count": 128, "category_count": 10, "sub_category_count": 32, "centroid_longitude": -81.4528622406285, "centroid_latitude": 30.32206989310823, "poi_density_per_sq_km": 512.0}}, {"type": "Feature", "geometry": {"type": "Polygon", "coordinates": [[[456500.0, 3384000.0], [456500.0, 3384500.0], [456000.0, 3384500.0], [456000.0, 3384000.0], [456500.0, 3384000.0]]]}, "properties": {"method_version": "q4_amenity_hub_grid_v1", "candidate_version": "grid_500m_min_60", "candidate_status": "sensitivity", "recommended_for_review": false, "cbsa_code": "27260", "market_slug": "jacksonville_fl", "amenity_hub_id": "27260_grid_500m_min_60_124", "cell_size_meters": 500, "min_pois_per_cell": 60, "cell_count": 1, "cluster_area_sq_km": 0.25, "poi_count": 69, "category_count": 9, "sub_category_count": 23, "centroid_longitude": -81.45672001685078, "centroid_latitude": 30.590298450654178, "poi_density_per_sq_km": 276.0}}, {"type": "Feature", "geometry": {"type": "Polygon", "coordinates": [[[456500.0, 3389500.0], [456000.0, 3389500.0], [456000.0, 3390000.0], [456000.0, 3390500.0], [456000.0, 3391000.0], [456500.0, 3391000.0], [456500.0, 3390500.0], [456500.0, 3390000.0], [456500.0, 3389500.0]]]}, "properties": {"method_version": "q4_amenity_hub_grid_v1", "candidate_version": "grid_500m_min_60", "candidate_status": "sensitivity", "recommended_for_review": false, "cbsa_code": "27260", "market_slug": "jacksonville_fl", "amenity_hub_id": "27260_grid_500m_min_60_125", "cell_size_meters": 500, "min_pois_per_cell": 60, "cell_count": 3, "cluster_area_sq_km": 0.75, "poi_count": 368, "category_count": 16, "sub_category_count": 58, "centroid_longitude": -81.45605333694773, "centroid_latitude": 30.643616478776263, "poi_density_per_sq_km": 490.6666666666667}}, {"type": "Feature", "geometry": {"type": "Polygon", "coordinates": [[[457000.0, 3354000.0], [457000.0, 3354500.0], [456500.0, 3354500.0], [456500.0, 3354000.0], [457000.0, 3354000.0]]]}, "properties": {"method_version": "q4_amenity_hub_grid_v1", "candidate_version": "grid_500m_min_60", "candidate_status": "sensitivity", "recommended_for_review": false, "cbsa_code": "27260", "market_slug": "jacksonville_fl", "amenity_hub_id": "27260_grid_500m_min_60_126", "cell_size_meters": 500, "min_pois_per_cell": 60, "cell_count": 1, "cluster_area_sq_km": 0.25, "poi_count": 62, "category_count": 12, "sub_category_count": 30, "centroid_longitude": -81.45044684078138, "centroid_latitude": 30.319712305950354, "poi_density_per_sq_km": 248.0}}, {"type": "Feature", "geometry": {"type": "Polygon", "coordinates": [[[457000.0, 3391000.0], [457000.0, 3391500.0], [456500.0, 3391500.0], [456500.0, 3391000.0], [457000.0, 3391000.0]]]}, "properties": {"method_version": "q4_amenity_hub_grid_v1", "candidate_version": "grid_500m_min_60", "candidate_status": "sensitivity", "recommended_for_review": false, "cbsa_code": "27260", "market_slug": "jacksonville_fl", "amenity_hub_id": "27260_grid_500m_min_60_127", "cell_size_meters": 500, "min_pois_per_cell": 60, "cell_count": 1, "cluster_area_sq_km": 0.25, "poi_count": 93, "category_count": 11, "sub_category_count": 26, "centroid_longitude": -81.45050674586012, "centroid_latitude": 30.652858992607097, "poi_density_per_sq_km": 372.0}}, {"type": "Feature", "geometry": {"type": "Polygon", "coordinates": [[[458000.0, 3348000.0], [458000.0, 3348500.0], [457500.0, 3348500.0], [457500.0, 3348000.0], [458000.0, 3348000.0]]]}, "properties": {"method_version": "q4_amenity_hub_grid_v1", "candidate_version": "grid_500m_min_60", "candidate_status": "sensitivity", "recommended_for_review": false, "cbsa_code": "27260", "market_slug": "jacksonville_fl", "amenity_hub_id": "27260_grid_500m_min_60_128", "cell_size_meters": 500, "min_pois_per_cell": 60, "cell_count": 1, "cluster_area_sq_km": 0.25, "poi_count": 66, "category_count": 6, "sub_category_count": 16, "centroid_longitude": -81.44050872388996, "centroid_latitude": 30.264408514915452, "poi_density_per_sq_km": 264.0}}, {"type": "Feature", "geometry": {"type": "Polygon", "coordinates": [[[460000.0, 3310000.0], [460000.0, 3310500.0], [459500.0, 3310500.0], [459500.0, 3310000.0], [460000.0, 3310000.0]]]}, "properties": {"method_version": "q4_amenity_hub_grid_v1", "candidate_version": "grid_500m_min_60", "candidate_status": "sensitivity", "recommended_for_review": false, "cbsa_code": "27260", "market_slug": "jacksonville_fl", "amenity_hub_id": "27260_grid_500m_min_60_129", "cell_size_meters": 500, "min_pois_per_cell": 60, "cell_count": 1, "cluster_area_sq_km": 0.25, "poi_count": 100, "category_count": 13, "sub_category_count": 25, "centroid_longitude": -81.41639228924936, "centroid_latitude": 29.922561335786877, "poi_density_per_sq_km": 400.0}}, {"type": "Feature", "geometry": {"type": "Polygon", "coordinates": [[[460000.0, 3330500.0], [459500.0, 3330500.0], [459500.0, 3331000.0], [459500.0, 3331500.0], [460000.0, 3331500.0], [460000.0, 3331000.0], [460000.0, 3330500.0]]]}, "properties": {"method_version": "q4_amenity_hub_grid_v1", "candidate_version": "grid_500m_min_60", "candidate_status": "sensitivity", "recommended_for_review": false, "cbsa_code": "27260", "market_slug": "jacksonville_fl", "amenity_hub_id": "27260_grid_500m_min_60_130", "cell_size_meters": 500, "min_pois_per_cell": 60, "cell_count": 2, "cluster_area_sq_km": 0.5, "poi_count": 197, "category_count": 13, "sub_category_count": 50, "centroid_longitude": -81.41825105852043, "centroid_latitude": 30.110099780062388, "poi_density_per_sq_km": 394.0}}, {"type": "Feature", "geometry": {"type": "Polygon", "coordinates": [[[461500.0, 3354500.0], [461000.0, 3354500.0], [460500.0, 3354500.0], [460000.0, 3354500.0], [459500.0, 3354500.0], [459500.0, 3355000.0], [459500.0, 3355500.0], [460000.0, 3355500.0], [460000.0, 3355000.0], [460500.0, 3355000.0], [461000.0, 3355000.0], [461500.0, 3355000.0], [462000.0, 3355000.0], [462000.0, 3354500.0], [462000.0, 3354000.0], [461500.0, 3354000.0], [461500.0, 3354500.0]]]}, "properties": {"method_version": "q4_amenity_hub_grid_v1", "candidate_version": "grid_500m_min_60", "candidate_status": "sensitivity", "recommended_for_review": false, "cbsa_code": "27260", "market_slug": "jacksonville_fl", "amenity_hub_id": "27260_grid_500m_min_60_131", "cell_size_meters": 500, "min_pois_per_cell": 60, "cell_count": 7, "cluster_area_sq_km": 1.75, "poi_count": 970, "category_count": 19, "sub_category_count": 80, "centroid_longitude": -81.4070260948001, "centroid_latitude": 30.324235982140692, "poi_density_per_sq_km": 554.2857142857143}}, {"type": "Feature", "geometry": {"type": "Polygon", "coordinates": [[[460500.0, 3310500.0], [460500.0, 3311000.0], [460000.0, 3311000.0], [460000.0, 3310500.0], [460500.0, 3310500.0]]]}, "properties": {"method_version": "q4_amenity_hub_grid_v1", "candidate_version": "grid_500m_min_60", "candidate_status": "sensitivity", "recommended_for_review": false, "cbsa_code": "27260", "market_slug": "jacksonville_fl", "amenity_hub_id": "27260_grid_500m_min_60_132", "cell_size_meters": 500, "min_pois_per_cell": 60, "cell_count": 1, "cluster_area_sq_km": 0.25, "poi_count": 63, "category_count": 7, "sub_category_count": 18, "centroid_longitude": -81.41262195136358, "centroid_latitude": 29.926025676973676, "poi_density_per_sq_km": 252.0}}, {"type": "Feature", "geometry": {"type": "Polygon", "coordinates": [[[460500.0, 3357500.0], [460500.0, 3358000.0], [460000.0, 3358000.0], [460000.0, 3357500.0], [460500.0, 3357500.0]]]}, "properties": {"method_version": "q4_amenity_hub_grid_v1", "candidate_version": "grid_500m_min_60", "candidate_status": "sensitivity", "recommended_for_review": false, "cbsa_code": "27260", "market_slug": "jacksonville_fl", "amenity_hub_id": "27260_grid_500m_min_60_133", "cell_size_meters": 500, "min_pois_per_cell": 60, "cell_count": 1, "cluster_area_sq_km": 0.25, "poi_count": 66, "category_count": 14, "sub_category_count": 32, "centroid_longitude": -81.41417668021401, "centroid_latitude": 30.350588179815844, "poi_density_per_sq_km": 264.0}}, {"type": "Feature", "geometry": {"type": "Polygon", "coordinates": [[[461500.0, 3349500.0], [461500.0, 3350000.0], [462000.0, 3350000.0], [462000.0, 3350500.0], [461500.0, 3350500.0], [461000.0, 3350500.0], [460500.0, 3350500.0], [460500.0, 3351000.0], [461000.0, 3351000.0], [461500.0, 3351000.0], [462000.0, 3351000.0], [462000.0, 3351500.0], [462000.0, 3352000.0], [462000.0, 3352500.0], [462500.0, 3352500.0], [462500.0, 3352000.0], [462500.0, 3351500.0], [462500.0, 3351000.0], [462500.0, 3350500.0], [462500.0, 3350000.0], [462500.0, 3349500.0], [462000.0, 3349500.0], [462000.0, 3349000.0], [461500.0, 3349000.0], [461500.0, 3349500.0]]]}, "properties": {"method_version": "q4_amenity_hub_grid_v1", "candidate_version": "grid_500m_min_60", "candidate_status": "sensitivity", "recommended_for_review": false, "cbsa_code": "27260", "market_slug": "jacksonville_fl", "amenity_hub_id": "27260_grid_500m_min_60_134", "cell_size_meters": 500, "min_pois_per_cell": 60, "cell_count": 11, "cluster_area_sq_km": 2.75, "poi_count": 1377, "category_count": 21, "sub_category_count": 84, "centroid_longitude": -81.39564243963214, "centroid_latitude": 30.287916454598186, "poi_density_per_sq_km": 500.72727272727275}}, {"type": "Feature", "geometry": {"type": "Polygon", "coordinates": [[[461000.0, 3352000.0], [461000.0, 3352500.0], [460500.0, 3352500.0], [460500.0, 3352000.0], [461000.0, 3352000.0]]]}, "properties": {"method_version": "q4_amenity_hub_grid_v1", "candidate_version": "grid_500m_min_60", "candidate_status": "sensitivity", "recommended_for_review": false, "cbsa_code": "27260", "market_slug": "jacksonville_fl", "amenity_hub_id": "27260_grid_500m_min_60_135", "cell_size_meters": 500, "min_pois_per_cell": 60, "cell_count": 1, "cluster_area_sq_km": 0.25, "poi_count": 85, "category_count": 12, "sub_category_count": 32, "centroid_longitude": -81.40638512241252, "centroid_latitude": 30.301065883496946, "poi_density_per_sq_km": 340.0}}, {"type": "Feature", "geometry": {"type": "Polygon", "coordinates": [[[462500.0, 3320000.0], [462000.0, 3320000.0], [462000.0, 3320500.0], [462000.0, 3321000.0], [462500.0, 3321000.0], [462500.0, 3320500.0], [462500.0, 3320000.0]]]}, "properties": {"method_version": "q4_amenity_hub_grid_v1", "candidate_version": "grid_500m_min_60", "candidate_status": "sensitivity", "recommended_for_review": false, "cbsa_code": "27260", "market_slug": "jacksonville_fl", "amenity_hub_id": "27260_grid_500m_min_60_136", "cell_size_meters": 500, "min_pois_per_cell": 60, "cell_count": 2, "cluster_area_sq_km": 0.5, "poi_count": 141, "category_count": 15, "sub_category_count": 40, "centroid_longitude": -81.39146834105111, "centroid_latitude": 30.014271294376886, "poi_density_per_sq_km": 282.0}}, {"type": "Feature", "geometry": {"type": "Polygon", "coordinates": [[[462500.0, 3347000.0], [462500.0, 3347500.0], [462000.0, 3347500.0], [462000.0, 3347000.0], [462500.0, 3347000.0]]]}, "properties": {"method_version": "q4_amenity_hub_grid_v1", "candidate_version": "grid_500m_min_60", "candidate_status": "sensitivity", "recommended_for_review": false, "cbsa_code": "27260", "market_slug": "jacksonville_fl", "amenity_hub_id": "27260_grid_500m_min_60_137", "cell_size_meters": 500, "min_pois_per_cell": 60, "cell_count": 1, "cluster_area_sq_km": 0.25, "poi_count": 121, "category_count": 12, "sub_category_count": 36, "centroid_longitude": -81.39169798266394, "centroid_latitude": 30.257348748723693, "poi_density_per_sq_km": 484.0}}, {"type": "Feature", "geometry": {"type": "Polygon", "coordinates": [[[463000.0, 3321500.0], [463000.0, 3322000.0], [462500.0, 3322000.0], [462500.0, 3321500.0], [463000.0, 3321500.0]]]}, "properties": {"method_version": "q4_amenity_hub_grid_v1", "candidate_version": "grid_500m_min_60", "candidate_status": "sensitivity", "recommended_for_review": false, "cbsa_code": "27260", "market_slug": "jacksonville_fl", "amenity_hub_id": "27260_grid_500m_min_60_138", "cell_size_meters": 500, "min_pois_per_cell": 60, "cell_count": 1, "cluster_area_sq_km": 0.25, "poi_count": 97, "category_count": 10, "sub_category_count": 33, "centroid_longitude": -81.38695136831866, "centroid_latitude": 30.025508343431845, "poi_density_per_sq_km": 388.0}}, {"type": "Feature", "geometry": {"type": "Polygon", "coordinates": [[[463000.0, 3343500.0], [463000.0, 3344000.0], [462500.0, 3344000.0], [462500.0, 3343500.0], [463000.0, 3343500.0]]]}, "properties": {"method_version": "q4_amenity_hub_grid_v1", "candidate_version": "grid_500m_min_60", "candidate_status": "sensitivity", "recommended_for_review": false, "cbsa_code": "27260", "market_slug": "jacksonville_fl", "amenity_hub_id": "27260_grid_500m_min_60_139", "cell_size_meters": 500, "min_pois_per_cell": 60, "cell_count": 1, "cluster_area_sq_km": 0.25, "poi_count": 77, "category_count": 12, "sub_category_count": 35, "centroid_longitude": -81.38729380419063, "centroid_latitude": 30.226047501133785, "poi_density_per_sq_km": 308.0}}, {"type": "Feature", "geometry": {"type": "Polygon", "coordinates": [[[462500.0, 3347500.0], [462500.0, 3348000.0], [462500.0, 3348500.0], [462500.0, 3349000.0], [462500.0, 3349500.0], [463000.0, 3349500.0], [463000.0, 3349000.0], [463000.0, 3348500.0], [463000.0, 3348000.0], [463000.0, 3347500.0], [462500.0, 3347500.0]]]}, "properties": {"method_version": "q4_amenity_hub_grid_v1", "candidate_version": "grid_500m_min_60", "candidate_status": "sensitivity", "recommended_for_review": false, "cbsa_code": "27260", "market_slug": "jacksonville_fl", "amenity_hub_id": "27260_grid_500m_min_60_140", "cell_size_meters": 500, "min_pois_per_cell": 60, "cell_count": 4, "cluster_area_sq_km": 1.0, "poi_count": 348, "category_count": 17, "sub_category_count": 58, "centroid_longitude": -81.38858802325966, "centroid_latitude": 30.268461412557414, "poi_density_per_sq_km": 348.0}}, {"type": "Feature", "geometry": {"type": "Polygon", "coordinates": [[[463000.0, 3339500.0], [463000.0, 3340000.0], [463000.0, 3340500.0], [463000.0, 3341000.0], [463000.0, 3341500.0], [463000.0, 3342000.0], [463500.0, 3342000.0], [463500.0, 3341500.0], [463500.0, 3341000.0], [463500.0, 3340500.0], [463500.0, 3340000.0], [463500.0, 3339500.0], [463000.0, 3339500.0]]]}, "properties": {"method_version": "q4_amenity_hub_grid_v1", "candidate_version": "grid_500m_min_60", "candidate_status": "sensitivity", "recommended_for_review": false, "cbsa_code": "27260", "market_slug": "jacksonville_fl", "amenity_hub_id": "27260_grid_500m_min_60_141", "cell_size_meters": 500, "min_pois_per_cell": 60, "cell_count": 5, "cluster_area_sq_km": 1.25, "poi_count": 608, "category_count": 19, "sub_category_count": 69, "centroid_longitude": -81.38169375851756, "centroid_latitude": 30.199352279838106, "poi_density_per_sq_km": 486.4}}, {"type": "Feature", "geometry": {"type": "Polygon", "coordinates": [[[468500.0, 3303000.0], [468500.0, 3303500.0], [468000.0, 3303500.0], [468000.0, 3304000.0], [468000.0, 3304500.0], [468500.0, 3304500.0], [469000.0, 3304500.0], [469500.0, 3304500.0], [469500.0, 3304000.0], [469500.0, 3303500.0], [469000.0, 3303500.0], [469000.0, 3303000.0], [468500.0, 3303000.0]]]}, "properties": {"method_version": "q4_amenity_hub_grid_v1", "candidate_version": "grid_500m_min_60", "candidate_status": "sensitivity", "recommended_for_review": false, "cbsa_code": "27260", "market_slug": "jacksonville_fl", "amenity_hub_id": "27260_grid_500m_min_60_142", "cell_size_meters": 500, "min_pois_per_cell": 60, "cell_count": 7, "cluster_area_sq_km": 1.75, "poi_count": 740, "category_count": 17, "sub_category_count": 63, "centroid_longitude": -81.32339553326332, "centroid_latitude": 29.86512727498926, "poi_density_per_sq_km": 422.85714285714283}}, {"type": "Feature", "geometry": {"type": "Polygon", "coordinates": [[[469000.0, 3305000.0], [468500.0, 3305000.0], [468500.0, 3305500.0], [468000.0, 3305500.0], [468000.0, 3306000.0], [468500.0, 3306000.0], [469000.0, 3306000.0], [469000.0, 3305500.0], [469000.0, 3305000.0]]]}, "properties": {"method_version": "q4_amenity_hub_grid_v1", "candidate_version": "grid_500m_min_60", "candidate_status": "sensitivity", "recommended_for_review": false, "cbsa_code": "27260", "market_slug": "jacksonville_fl", "amenity_hub_id": "27260_grid_500m_min_60_143", "cell_size_meters": 500, "min_pois_per_cell": 60, "cell_count": 3, "cluster_area_sq_km": 0.75, "poi_count": 257, "category_count": 15, "sub_category_count": 54, "centroid_longitude": -81.32531195646227, "centroid_latitude": 29.88059931788928, "poi_density_per_sq_km": 342.6666666666667}}, {"type": "Feature", "geometry": {"type": "Polygon", "coordinates": [[[468500.0, 3306500.0], [468500.0, 3307000.0], [468000.0, 3307000.0], [468000.0, 3306500.0], [468500.0, 3306500.0]]]}, "properties": {"method_version": "q4_amenity_hub_grid_v1", "candidate_version": "grid_500m_min_60", "candidate_status": "sensitivity", "recommended_for_review": false, "cbsa_code": "27260", "market_slug": "jacksonville_fl", "amenity_hub_id": "27260_grid_500m_min_60_144", "cell_size_meters": 500, "min_pois_per_cell": 60, "cell_count": 1, "cluster_area_sq_km": 0.25, "poi_count": 67, "category_count": 13, "sub_category_count": 32, "centroid_longitude": -81.32813937947289, "centroid_latitude": 29.890682601436197, "poi_density_per_sq_km": 268.0}}, {"type": "Feature", "geometry": {"type": "Polygon", "coordinates": [[[469000.0, 3297500.0], [468500.0, 3297500.0], [468500.0, 3298000.0], [468500.0, 3298500.0], [469000.0, 3298500.0], [469000.0, 3298000.0], [469000.0, 3297500.0]]]}, "properties": {"method_version": "q4_amenity_hub_grid_v1", "candidate_version": "grid_500m_min_60", "candidate_status": "sensitivity", "recommended_for_review": false, "cbsa_code": "27260", "market_slug": "jacksonville_fl", "amenity_hub_id": "27260_grid_500m_min_60_145", "cell_size_meters": 500, "min_pois_per_cell": 60, "cell_count": 2, "cluster_area_sq_km": 0.5, "poi_count": 151, "category_count": 15, "sub_category_count": 48, "centroid_longitude": -81.32313136949037, "centroid_latitude": 29.81152255013972, "poi_density_per_sq_km": 302.0}}, {"type": "Feature", "geometry": {"type": "Polygon", "coordinates": [[[469000.0, 3299500.0], [469000.0, 3300000.0], [468500.0, 3300000.0], [468500.0, 3299500.0], [469000.0, 3299500.0]]]}, "properties": {"method_version": "q4_amenity_hub_grid_v1", "candidate_version": "grid_500m_min_60", "candidate_status": "sensitivity", "recommended_for_review": false, "cbsa_code": "27260", "market_slug": "jacksonville_fl", "amenity_hub_id": "27260_grid_500m_min_60_146", "cell_size_meters": 500, "min_pois_per_cell": 60, "cell_count": 1, "cluster_area_sq_km": 0.25, "poi_count": 67, "category_count": 8, "sub_category_count": 20, "centroid_longitude": -81.32280544629884, "centroid_latitude": 29.828120471312825, "poi_density_per_sq_km": 268.0}}, {"type": "Feature", "geometry": {"type": "Polygon", "coordinates": [[[469000.0, 3300500.0], [469000.0, 3301000.0], [468500.0, 3301000.0], [468500.0, 3300500.0], [469000.0, 3300500.0]]]}, "properties": {"method_version": "q4_amenity_hub_grid_v1", "candidate_version": "grid_500m_min_60", "candidate_status": "sensitivity", "recommended_for_review": false, "cbsa_code": "27260", "market_slug": "jacksonville_fl", "amenity_hub_id": "27260_grid_500m_min_60_147", "cell_size_meters": 500, "min_pois_per_cell": 60, "cell_count": 1, "cluster_area_sq_km": 0.25, "poi_count": 69, "category_count": 11, "sub_category_count": 22, "centroid_longitude": -81.32310851933036, "centroid_latitude": 29.837028534689942, "poi_density_per_sq_km": 276.0}}, {"type": "Feature", "geometry": {"type": "Polygon", "coordinates": [[[469000.0, 3301500.0], [468500.0, 3301500.0], [468500.0, 3302000.0], [468500.0, 3302500.0], [469000.0, 3302500.0], [469000.0, 3302000.0], [469000.0, 3301500.0]]]}, "properties": {"method_version": "q4_amenity_hub_grid_v1", "candidate_version": "grid_500m_min_60", "candidate_status": "sensitivity", "recommended_for_review": false, "cbsa_code": "27260", "market_slug": "jacksonville_fl", "amenity_hub_id": "27260_grid_500m_min_60_148", "cell_size_meters": 500, "min_pois_per_cell": 60, "cell_count": 2, "cluster_area_sq_km": 0.5, "poi_count": 152, "category_count": 15, "sub_category_count": 47, "centroid_longitude": -81.32265407038692, "centroid_latitude": 29.848111095938872, "poi_density_per_sq_km": 304.0}}, {"type": "Feature", "geometry": {"type": "Polygon", "coordinates": [[[469000.0, 3309000.0], [468500.0, 3309000.0], [468500.0, 3309500.0], [468500.0, 3310000.0], [469000.0, 3310000.0], [469000.0, 3309500.0], [469000.0, 3309000.0]]]}, "properties": {"method_version": "q4_amenity_hub_grid_v1", "candidate_version": "grid_500m_min_60", "candidate_status": "sensitivity", "recommended_for_review": false, "cbsa_code": "27260", "market_slug": "jacksonville_fl", "amenity_hub_id": "27260_grid_500m_min_60_149", "cell_size_meters": 500, "min_pois_per_cell": 60, "cell_count": 2, "cluster_area_sq_km": 0.5, "poi_count": 182, "category_count": 16, "sub_category_count": 49, "centroid_longitude": -81.32327223915493, "centroid_latitude": 29.915479600214944, "poi_density_per_sq_km": 364.0}}, {"type": "Feature", "geometry": {"type": "Polygon", "coordinates": [[[469000.0, 3307000.0], [469500.0, 3307000.0], [469500.0, 3307500.0], [469000.0, 3307500.0], [469000.0, 3308000.0], [469000.0, 3308500.0], [469000.0, 3309000.0], [469500.0, 3309000.0], [469500.0, 3308500.0], [469500.0, 3308000.0], [470000.0, 3308000.0], [470000.0, 3307500.0], [470000.0, 3307000.0], [470000.0, 3306500.0], [469500.0, 3306500.0], [469000.0, 3306500.0], [469000.0, 3307000.0]]]}, "properties": {"method_version": "q4_amenity_hub_grid_v1", "candidate_version": "grid_500m_min_60", "candidate_status": "sensitivity", "recommended_for_review": false, "cbsa_code": "27260", "market_slug": "jacksonville_fl", "amenity_hub_id": "27260_grid_500m_min_60_150", "cell_size_meters": 500, "min_pois_per_cell": 60, "cell_count": 7, "cluster_area_sq_km": 1.75, "poi_count": 1286, "category_count": 20, "sub_category_count": 88, "centroid_longitude": -81.31489722925174, "centroid_latitude": 29.89587508261155, "poi_density_per_sq_km": 734.8571428571429}}, {"type": "Feature", "geometry": {"type": "Polygon", "coordinates": [[[471500.0, 3303500.0], [471500.0, 3304000.0], [471000.0, 3304000.0], [471000.0, 3303500.0], [471500.0, 3303500.0]]]}, "properties": {"method_version": "q4_amenity_hub_grid_v1", "candidate_version": "grid_500m_min_60", "candidate_status": "sensitivity", "recommended_for_review": false, "cbsa_code": "27260", "market_slug": "jacksonville_fl", "amenity_hub_id": "27260_grid_500m_min_60_151", "cell_size_meters": 500, "min_pois_per_cell": 60, "cell_count": 1, "cluster_area_sq_km": 0.25, "poi_count": 88, "category_count": 10, "sub_category_count": 23, "centroid_longitude": -81.29710986368372, "centroid_latitude": 29.863472024522284, "poi_density_per_sq_km": 352.0}}, {"type": "Feature", "geometry": {"type": "Polygon", "coordinates": [[[471500.0, 3306500.0], [471500.0, 3307000.0], [471000.0, 3307000.0], [471000.0, 3306500.0], [471500.0, 3306500.0]]]}, "properties": {"method_version": "q4_amenity_hub_grid_v1", "candidate_version": "grid_500m_min_60", "candidate_status": "sensitivity", "recommended_for_review": false, "cbsa_code": "27260", "market_slug": "jacksonville_fl", "amenity_hub_id": "27260_grid_500m_min_60_152", "cell_size_meters": 500, "min_pois_per_cell": 60, "cell_count": 1, "cluster_area_sq_km": 0.25, "poi_count": 76, "category_count": 12, "sub_category_count": 39, "centroid_longitude": -81.29766695183682, "centroid_latitude": 29.89142403713766, "poi_density_per_sq_km": 304.0}}, {"type": "Feature", "geometry": {"type": "Polygon", "coordinates": [[[472000.0, 3306000.0], [472000.0, 3306500.0], [471500.0, 3306500.0], [471500.0, 3306000.0], [472000.0, 3306000.0]]]}, "properties": {"method_version": "q4_amenity_hub_grid_v1", "candidate_version": "grid_500m_min_60", "candidate_status": "sensitivity", "recommended_for_review": false, "cbsa_code": "27260", "market_slug": "jacksonville_fl", "amenity_hub_id": "27260_grid_500m_min_60_153", "cell_size_meters": 500, "min_pois_per_cell": 60, "cell_count": 1, "cluster_area_sq_km": 0.25, "poi_count": 62, "category_count": 11, "sub_category_count": 27, "centroid_longitude": -81.29103233974978, "centroid_latitude": 29.886656205418678, "poi_density_per_sq_km": 248.0}}, {"type": "Feature", "geometry": {"type": "Polygon", "coordinates": [[[473000.0, 3303000.0], [473000.0, 3303500.0], [472500.0, 3303500.0], [472500.0, 3303000.0], [473000.0, 3303000.0]]]}, "properties": {"method_version": "q4_amenity_hub_grid_v1", "candidate_version": "grid_500m_min_60", "candidate_status": "sensitivity", "recommended_for_review": false, "cbsa_code": "27260", "market_slug": "jacksonville_fl", "amenity_hub_id": "27260_grid_500m_min_60_154", "cell_size_meters": 500, "min_pois_per_cell": 60, "cell_count": 1, "cluster_area_sq_km": 0.25, "poi_count": 73, "category_count": 13, "sub_category_count": 41, "centroid_longitude": -81.28189076156598, "centroid_latitude": 29.859408016401694, "poi_density_per_sq_km": 292.0}}, {"type": "Feature", "geometry": {"type": "Polygon", "coordinates": [[[473500.0, 3301500.0], [473500.0, 3302000.0], [473000.0, 3302000.0], [473000.0, 3301500.0], [473500.0, 3301500.0]]]}, "properties": {"method_version": "q4_amenity_hub_grid_v1", "candidate_version": "grid_500m_min_60", "candidate_status": "sensitivity", "recommended_for_review": false, "cbsa_code": "27260", "market_slug": "jacksonville_fl", "amenity_hub_id": "27260_grid_500m_min_60_155", "cell_size_meters": 500, "min_pois_per_cell": 60, "cell_count": 1, "cluster_area_sq_km": 0.25, "poi_count": 91, "category_count": 14, "sub_category_count": 24, "centroid_longitude": -81.27770242886554, "centroid_latitude": 29.844950930460243, "poi_density_per_sq_km": 364.0}}, {"type": "Feature", "geometry": {"type": "Polygon", "coordinates": [[[474000.0, 3299500.0], [474000.0, 3300000.0], [473500.0, 3300000.0], [473500.0, 3299500.0], [474000.0, 3299500.0]]]}, "properties": {"method_version": "q4_amenity_hub_grid_v1", "candidate_version": "grid_500m_min_60", "candidate_status": "sensitivity", "recommended_for_review": false, "cbsa_code": "27260", "market_slug": "jacksonville_fl", "amenity_hub_id": "27260_grid_500m_min_60_156", "cell_size_meters": 500, "min_pois_per_cell": 60, "cell_count": 1, "cluster_area_sq_km": 0.25, "poi_count": 89, "category_count": 12, "sub_category_count": 34, "centroid_longitude": -81.27164342713967, "centroid_latitude": 29.828357078762377, "poi_density_per_sq_km": 356.0}}, {"type": "Feature", "geometry": {"type": "Polygon", "coordinates": [[[474500.0, 3301500.0], [474500.0, 3302000.0], [474000.0, 3302000.0], [474000.0, 3301500.0], [474500.0, 3301500.0]]]}, "properties": {"method_version": "q4_amenity_hub_grid_v1", "candidate_version": "grid_500m_min_60", "candidate_status": "sensitivity", "recommended_for_review": false, "cbsa_code": "27260", "market_slug": "jacksonville_fl", "amenity_hub_id": "27260_grid_500m_min_60_157", "cell_size_meters": 500, "min_pois_per_cell": 60, "cell_count": 1, "cluster_area_sq_km": 0.25, "poi_count": 74, "category_count": 10, "sub_category_count": 23, "centroid_longitude": -81.26732515329003, "centroid_latitude": 29.845249479736857, "poi_density_per_sq_km": 296.0}}]}
