name,poi_class,display_category,lon,lat,ring_mi
,,Social Or Community Service,-81.68964248,30.25272765,5
,,Sport Or Recreation Club,-81.685478,30.247351,5
,,Golf Course,-81.68531281267033,30.247280216620343,5
,,Political Organization,-81.68738,30.246130000000004,5
,,Home Service,-81.69233277,30.245702690000005,5
,,Social Or Community Service,-81.68854962668095,30.243455663956343,5
,,Bar,-81.69457,30.24285,5
,,Uncategorized,-81.693641,30.244041999999993,5
,,Historic Site,-81.6932005,30.241288970000006,5
,,Personal Or Beauty Service,-81.69382,30.24097,5
,,Uncategorized,-81.67236328125,30.240086360983007,5
,,Uncategorized,-81.687887907028,30.240032485576997,5
,,Printing Service,-81.69425,30.240180000000006,5
,,Legal Service,-81.6949334,30.240004100000004,5
,,Storage Facility,-81.695662,30.2399908,5
,,Specialty Store,-81.69578948,30.240084760000002,5
,,Personal Or Beauty Service,-81.69614894,30.23973553,5
,,Personal Or Beauty Service,-81.69583365000001,30.23968442,5
,,Park,-81.694802977145,30.239683018850997,5
,,Convenience Store,-81.695775,30.239824,5
,,Restaurant,-81.69581023,30.239842109999994,5
,,Food And Beverage Store,-81.6956033,30.239835799999987,5
,,Gas Station,-81.69563734525092,30.239844410671314,5
,,Personal Or Beauty Service,-81.69562,30.239905999999994,5
,,Home Service,-81.6959,30.239259999999994,5
,,Hardware Home And Garden Store,-81.69636846,30.239284229999996,5
,,Vehicle Dealer,-81.69595101000002,30.238479860000012,5
,,Building Or Construction Service,-81.6964154,30.2385302,5
,,Storage Facility,-81.69540312,30.23800874999999,5
,,Airport,-81.680555555556,30.235833333332994,5
,,Military Site,-81.680555555556,30.235833333332994,5
,,Pharmacy And Drug Store,-81.6946593,30.23566890000001,5
,,Specialty Store,-81.6946593,30.23566890000001,5
,,Department Store,-81.69438016,30.23540785,5
,,Electronics Store,-81.6943881,30.235403099999996,5
,,Books Music And Video Store,-81.69474,30.235343999999994,5
,,Coffee Shop,-81.69473782,30.235331320000004,5
,,Corporate Or Business Office,-81.69475383237499,30.23522633833808,5
,,Bank Or Credit Union,-81.694754,30.235225999999994,5
,,Restaurant,-81.6951325,30.23525690000001,5
,,Uncategorized,-81.6951325,30.23525690000001,5
,,Atm,-81.6951325,30.23525690000001,5
,,Bank Or Credit Union,-81.69458768622694,30.235379537983903,5
,,Atm,-81.69438934326172,30.235403060913086,5
,,Coffee Shop,-81.69476,30.235520000000005,5
,,Electronics Store,-81.697622,30.235422999999994,5
,,Electronics Store,-81.69695017375,30.235370113250006,5
,,Restaurant,-81.6968829,30.235327600000005,5
,,Electronics Store,-81.6968829,30.235327600000005,5
,,Casual Eatery,-81.69686492,30.23521767,5
,,Bank Or Credit Union,-81.696725,30.2360895,5
,,Bank Or Credit Union,-81.696748,30.23605,5
,,Home Service,-81.69471488,30.236071330000005,5
,,Community And Government,-81.69472248,30.23606239,5
,,Personal Or Beauty Service,-81.69461068,30.236397919999995,5
,,Fast Food Restaurant,-81.694577,30.236400999999994,5
,,Personal Or Beauty Service,-81.694617,30.236349000000004,5
,,Financial Service,-81.6973761,30.236237900000003,5
,,Food And Beverage Store,-81.69657721,30.23667930999999,5
,,Corporate Or Business Office,-81.69451405,30.23661458,5
,,Restaurant,-81.69461945,30.23652108999999,5
,,Real Estate Service,-81.6965023,30.2372302,5
,,Preschool,-81.69655384460204,30.237278987608036,5
,,Shopping,-81.698036,30.233949,5
,,Restaurant,-81.69689851,30.23483698000001,5
,,Department Store,-81.6952,30.234999999999996,5
,,Restaurant,-81.69488485922686,30.235196066101775,5
,,Specialty Store,-81.69448,30.235199999999992,5
,,Pharmacy And Drug Store,-81.69448,30.235199999999992,5
,,Restaurant,-81.694553,30.235149,5
,,Fire Station,-81.67642319718921,30.234399470404448,5
,,Military Site,-81.68120783,30.234757000000002,5
,,Airport,-81.66895346298115,30.228959416322315,5
,,Airport,-81.66904175,30.22861782999999,5
,,Military Site,-81.69919,30.228869999999993,5
,,Bank Or Credit Union,-81.69919,30.228869999999993,5
,,Vision Or Eye Care Clinic,-81.69919,30.228869999999993,5
,,Financial Service,-81.69919,30.228869999999993,5
,,Professional Service,-81.69974598382554,30.225461337855204,5
,,Bank Or Credit Union,-81.69974598382554,30.225461337855204,5
,,Restaurant,-81.69974598382554,30.225461337855204,5
,,Government Office,-81.6859558,30.225155100000002,5
,,Airport,-81.69891154,30.22574736,5
,,Financial Service,-81.69956331,30.225906379999998,5
,,Uncategorized,-81.68784899585441,30.226527599111737,5
,,Hotel,-81.678398,30.226474,5
,,College University,-81.67644302,30.225991280000002,5
,,College University,-81.676627,30.22600186,5
,,Airport,-81.68302602552832,30.226114012462926,5
,,Government Office,-81.676495291935,30.22597920869899,5
,,Government Office,-81.678828,30.225190999999995,5
,,Government Office,-81.66846972925316,30.225586800317195,5
,,Military Site,-81.66823538,30.224827020000003,5
,,Automotive Service,-81.673167,30.224311999999998,5
,,Lodging,-81.67766196,30.22409758,5
,,Coffee Shop,-81.67576871,30.223799529999997,5
,,Restaurant,-81.6765419,30.2238551,5
,,Swimming Pool,-81.68087298312702,30.223852808984898,5
,,Government Office,-81.681929,30.224732999999997,5
,,Park,-81.69709703088002,30.225010253578994,5
,,Surgery,-81.6928705,30.224678199999996,5
,,Reproductive Perinatal And Womens Care,-81.6928705,30.224678199999996,5
,,Reproductive Perinatal And Womens Care,-81.6928705,30.224678199999996,5
,,Reproductive Perinatal And Womens Care,-81.6928705,30.224678199999996,5
,,Surgery,-81.6928705,30.224678199999996,5
,,Playground,-81.69372945,30.224403279999994,5
,,Restaurant,-81.68397555306818,30.22434136772631,5
,,Sport Or Fitness Facility,-81.68911022976746,30.223499222891938,5
,,Sport Or Fitness Facility,-81.68928264821037,30.223465846049002,5
,,Sport Or Fitness Facility,-81.6891028824,30.22352881759999,5
,,Restaurant,-81.69065886,30.22365352,5
,,Military Site,-81.69527896,30.223345549999994,5
,,Food And Beverage Store,-81.6965855370596,30.22282646967966,5
,,Food And Beverage Store,-81.69665541,30.22288809,5
,,Gym,-81.68808589274421,30.222587854083574,5
,,Gym,-81.68922849,30.22278912000001,5
,,Fast Food Restaurant,-81.67914422000001,30.223744,5
,,Bank Or Credit Union,-81.67577541418135,30.223710338075207,5
,,Community And Government,-81.66833,30.223650999999993,5
,,Hospital,-81.68010910236052,30.221684609551037,5
,,Government Office,-81.67870880111484,30.221282844470494,5
,,Fast Food Restaurant,-81.6756251,30.22110635,5
,,Hospital,-81.67805,30.221179999999993,5
,,Food And Beverage Store,-81.68734024,30.221079419999988,5
,,Vehicle Dealer,-81.68740748,30.22083789,5
,,Government Office,-81.687389,30.220862000000007,5
,,Community And Government,-81.68467875718385,30.220302271040193,5
,,Government Office,-81.686082780361,30.220230405232,5
,,Uncategorized,-81.69469258365132,30.220552815381186,5
,,Gas Station,-81.697167187689,30.220172125807714,5
,,Department Store,-81.6924261,30.221046299999998,5
,,Storage Facility,-81.6953958,30.221601599999985,5
,,Fashion And Apparel Store,-81.6951362,30.221632300000014,5
,,Fast Food Restaurant,-81.695136,30.221632,5
,,Shipping Or Delivery Service,-81.692679,30.221629,5
,,Shipping Or Delivery Service,-81.692698,30.221624999999992,5
,,Fast Food Restaurant,-81.69537767363519,30.221476495111528,5
,,Food And Beverage Store,-81.69625640000001,30.221407780000007,5
,,Department Store,-81.69459275,30.221423779999995,5
,,Discount Store,-81.6872,30.221600000000006,5
,,Electronics Store,-81.6872,30.221600000000006,5
,,Hospital,-81.68820643000001,30.22248572,5
,,Gym,-81.68822237,30.222365700000008,5
,,Restaurant,-81.69642086885725,30.22244817496208,5
,,Personal Or Beauty Service,-81.694896853728,30.221874687953743,5
,,Department Store,-81.69538225392313,30.22188632662212,5
,,Military Site,-81.695189,30.221922000000003,5
,,Fashion And Apparel Store,-81.695104248074,30.222094341961995,5
,,Government Office,-81.698949,30.222222,5
,,Research Institute,-81.69378471,30.218105489999985,5
,,Vision Or Eye Care Clinic,-81.7000454,30.219383599999993,5
,,Fast Food Restaurant,-81.7000454,30.219383599999993,5
,,Restaurant,-81.7000454,30.219383599999993,5
,,Park,-81.698022,30.21971700000001,5
,,Automotive Service,-81.696245,30.219690000000003,5
,,Rv Park,-81.681887,30.218971000000007,5
,,Rv Park,-81.68161632870482,30.219212837457107,5
,,Personal Or Beauty Service,-81.67348690000001,30.218759499999997,5
,,Marina,-81.67347908671945,30.218390142845852,5
,,Military Site,-81.673489,30.218440999999995,5
,,Park,-81.67432372,30.218625400000008,5
,,Rental Service,-81.682723999023,30.218355178833004,5
,,Military Site,-81.68153132809512,30.217662726009017,5
,,Military Site,-81.68140473525153,30.217642234212356,5
,,Military Site,-81.681403415354,30.217331657214007,5
,,Animal Or Pet Service,-81.69540747,30.21722315,5
,,Restaurant,-81.68176521,30.214852739999994,5
,,Golf Course,-81.68163791,30.214884679999994,5
,,Restaurant,-81.681661,30.214888,5
,,Sport Or Recreation Club,-81.681661,30.214888,5
,,Golf Course,-81.68161264520397,30.214841982339674,5
,,Military Site,-81.680178,30.214083000000002,5
,,Government Office,-81.683416,30.211957,5
,,Hotel,-81.67945875997547,30.211034687837998,5
,,Uncategorized,-81.67949388150751,30.21091176511095,5
,,Lodging,-81.67954911,30.210954589999997,5
,,Government Office,-81.67978445938746,30.210864792164873,5
,,Military Site,-81.68306930109225,30.20852367998158,5
,,Reproductive Perinatal And Womens Care,-81.6835766,30.2093625,5
,,Reproductive Perinatal And Womens Care,-81.6835766,30.2093625,5
,,Reproductive Perinatal And Womens Care,-81.6835766,30.2093625,5
,,Hospital,-81.68360798,30.2088526,5
,,Hospital,-81.68393445028741,30.20879436142913,5
,,Doctor,-81.683578491211,30.208541870117,5
,,Hospital,-81.683736640702,30.208416336871,5
,,Hospital,-81.68406936075519,30.20829957109811,5
,,Government Office,-81.68806,30.208250000000007,5
,,Travel Service,-81.6865387,30.207433699999996,5
,,Fashion And Apparel Store,-81.68135160000001,30.205864100000003,5
,,Military Site,-81.68583996879381,30.202208410313425,5
,,Personal Or Beauty Service,-81.68662198,30.202294700000003,5
,,Community And Government,-81.68350559997845,30.202817375028385,5
,,Park,-81.684302,30.203714999999992,5
,,Social Or Community Service,-81.69099038,30.193072430000004,5
,,Bridge,-81.6665,30.190500000000004,5
,,River,-81.6833485,30.189779949999995,5
,,Uncategorized,-81.66957564629587,30.188430751235895,5
,,Hardware Home And Garden Store,-81.65841261855304,30.15844653623872,5
,,Restaurant,-81.658141575956,30.156280945243985,5
,,Financial Service,-81.6355776,30.1471984,5
,,Financial Service,-81.63557259,30.14719101,5
,,Real Estate Service,-81.63549354,30.147046319999994,5
,,Personal Or Beauty Service,-81.63549966,30.14704364,5
,,Professional Service,-81.63549959,30.14704036000001,5
,,Financial Service,-81.6354929,30.147042499999998,5
,,Doctor,-81.635493,30.147042999999993,5
,,Surgery,-81.6354929,30.147042499999998,5
,,Uncategorized,-81.6354929,30.147042499999998,5
,,Uncategorized,-81.6354929,30.147042499999998,5
,,Financial Service,-81.6354929,30.147042499999998,5
,,Financial Service,-81.6354929,30.147042499999998,5
,,Financial Service,-81.6354929,30.147042499999998,5
,,Home Service,-81.63549535,30.147040939999993,5
,,Financial Service,-81.63549602,30.14704425,5
,,Financial Service,-81.63549791,30.14704543,5
,,Financial Service,-81.63549666,30.147042819999996,5
,,Complementary And Alternative Medicine,-81.63563309667,30.147076182569165,5
,,Complementary And Alternative Medicine,-81.63563309667,30.147076182569165,5
,,Legal Service,-81.63565066148512,30.147014729972714,5
,,Financial Service,-81.63565066148512,30.147014729972714,5
,,Professional Service,-81.63577493,30.14722718,5
,,Behavioral Or Mental Health Clinic,-81.63583293,30.147156729999995,5
,,Attorney Or Law Firm,-81.63591742,30.147167819999993,5
,,Specialty Store,-81.63589,30.147043000000007,5
,,Complementary And Alternative Medicine,-81.6358108,30.147073700000004,5
,,Personal Or Beauty Service,-81.63576392983902,30.147045898203803,5
,,Sport Or Recreation Club,-81.63576392983902,30.147045898203803,5
,,Doctor,-81.63576392983902,30.147045898203803,5
,,Uncategorized,-81.63436786476096,30.14789137325408,5
,,Professional Service,-81.63451714,30.146877049999997,5
,,Discount Store,-81.63415396571992,30.14776286734768,5
,,Department Store,-81.6342863,30.148436299999986,5
,,Second Hand Store,-81.63427026080092,30.148424582092655,5
,,Personal Or Beauty Service,-81.63427026080092,30.148424582092655,5
,,Personal Or Beauty Service,-81.63412665,30.148438429999995,5
,,Casual Eatery,-81.63410914303772,30.14834710109726,5
,,Department Store,-81.6339179,30.148532300000003,5
,,Food And Beverage Store,-81.6339179,30.148532300000003,5
,,Second Hand Store,-81.6339,30.1485,5
,,Arts Crafts And Hobby Store,-81.633854,30.148536999999997,5
,,Casual Eatery,-81.633854,30.148536999999997,5
,,Coffee Shop,-81.633854,30.148536999999997,5
,,Arts Crafts And Hobby Store,-81.63385,30.14855,5
,,Restaurant,-81.63400814,30.14762586,5
,,Technical Service,-81.63326618,30.14778679,5
,,Electronics Store,-81.63314729649936,30.147651550374135,5
,,Family Service,-81.63330100000002,30.147329,5
,,Financial Service,-81.632777,30.146527999999993,5
,,Real Estate Service,-81.63268983,30.1468829,5
,,Bank Or Credit Union,-81.6330435,30.14703664000001,5
,,Bank Or Credit Union,-81.63311399102814,30.146913247394288,5
,,Electronics Store,-81.633061,30.147685000000003,5
,,Electronics Store,-81.633059031625,30.147660500875002,5
,,Books Music And Video Store,-81.6325074,30.1475009,5
,,Atm,-81.6325074,30.1475009,5
,,Convenience Store,-81.63233158,30.1474749,5
,,Gas Station,-81.632138,30.14832,5
,,Atm,-81.63214111328125,30.14831924438475,5
,,Atm,-81.63214111328125,30.14831924438475,5
,,Casual Eatery,-81.63202738070214,30.147509056278444,5
,,Restaurant,-81.63206328,30.14680458,5
,,Automotive Service,-81.63025,30.14706,5
,,Home Service,-81.63091,30.14669,5
,,Convenience Store,-81.631865,30.148249999999997,5
,,Library,-81.63188434348383,30.149946860088196,5
,,Reproductive Perinatal And Womens Care,-81.63186014,30.15343875,5
,,Vision Or Eye Care Clinic,-81.6316375732422,30.1532192230225,5
,,Doctor,-81.63166201783675,30.153274674519544,5
,,Outpatient Care Facility,-81.631662,30.153275,5
,,Uncategorized,-81.6276808,30.154735599999995,5
,,Animal Or Pet Service,-81.62778826563941,30.158704114026857,5
,,Religious Organization,-81.63183836977825,30.153892643627593,5
,,Vision Or Eye Care Clinic,-81.6319430638237,30.154170084703193,5
,,Vision Or Eye Care Clinic,-81.6318924,30.154235299999996,5
,,Vision Or Eye Care Clinic,-81.6318924,30.154235299999996,5
,,Vision Or Eye Care Clinic,-81.6318924,30.154235299999996,5
,,Doctor,-81.63191700123133,30.15430597329832,5
,,Doctor,-81.63191700123133,30.15430597329832,5
,,Specialized Health Care,-81.63191215053197,30.154536632074628,5
,,Vision Or Eye Care Clinic,-81.6319351196289,30.154556274414105,5
,,Vision Or Eye Care Clinic,-81.6319351196289,30.154556274414105,5
,,Hospital,-81.631589,30.15863299999999,5
,,Specialized Health Care,-81.63181176,30.158717700000008,5
,,Specialty School,-81.63178347,30.158821130000003,5
,,Diagnostics Imaging Or Lab Service,-81.63184521,30.15891393,5
,,Dental Clinic,-81.63193648,30.158647010000003,5
,,Restaurant,-81.63234799,30.15821795000001,5
,,Uncategorized,-81.63216347283749,30.15729030055487,5
,,Family Service,-81.63225176000002,30.157314550000002,5
,,Automotive Service,-81.63220054,30.156609020000005,5
,,Casual Eatery,-81.63214836,30.156773389999998,5
,,Wellness Service,-81.632789,30.157360000000008,5
,,Uncategorized,-81.632591,30.156678000000007,5
,,Complementary And Alternative Medicine,-81.63312365,30.156768489999994,5
,,Home Service,-81.6330834452345,30.15756145305143,5
,,Real Estate Service,-81.6330834452345,30.15756145305143,5
,,Vision Or Eye Care Clinic,-81.63356625,30.15799501,5
,,Gym,-81.63353365785568,30.158694829954303,5
,,Animal And Pet Store,-81.63352189,30.158763550000003,5
,,Animal Or Pet Service,-81.63353165,30.15878960000001,5
,,Music Venue,-81.63366,30.15866,5
,,Complementary And Alternative Medicine,-81.633713,30.158776000000007,5
,,Gym,-81.63373299,30.158785900000012,5
,,Animal Or Pet Service,-81.63376021140022,30.158757185544875,5
,,Complementary And Alternative Medicine,-81.63388,30.157340000000005,5
,,Complementary And Alternative Medicine,-81.63410239,30.157038949999997,5
,,Specialty Store,-81.63321813,30.15749437,5
,,Automotive Service,-81.63322476,30.157068789999997,5
,,Real Estate Service,-81.63318303,30.156763440000002,5
,,Financial Service,-81.633182,30.156699999999997,5
,,Specialty Store,-81.633198,30.156714299999997,5
,,Financial Service,-81.633315,30.156744,5
,,Real Estate Service,-81.6331961,30.156678689999993,5
,,Automotive Service,-81.63321316,30.1560009,5
,,Food Bank,-81.633402,30.155247999999997,5
,,Christian Place Of Worship,-81.63349908,30.155265210000003,5
,,Farmers Market,-81.6340007085964,30.154282905712556,5
,,Christian Place Of Worship,-81.63351248599089,30.154281107021113,5
,,Christian Place Of Worship,-81.63358429,30.15439072,5
,,Farmers Market,-81.633683,30.154418999999994,5
,,Christian Place Of Worship,-81.63342802,30.154675490000002,5
,,Hardware Home And Garden Store,-81.63237576,30.155633369999993,5
,,Casual Eatery,-81.63229074000002,30.15610228,5
,,Specialty Store,-81.63228964,30.156032619999994,5
,,Vehicle Parts Store,-81.63225377000002,30.15487664999999,5
,,Doctor,-81.63210722329171,30.152999504958323,5
,,Preschool,-81.63212883,30.153106299999994,5
,,Financial Service,-81.63284765,30.15181244,5
,,Real Estate Service,-81.63295,30.15178999999999,5
,,Financial Service,-81.63295,30.15178999999999,5
,,Complementary And Alternative Medicine,-81.63304762,30.1517998,5
,,Building Or Construction Service,-81.63312373,30.15179007,5
,,Dental Clinic,-81.63300298,30.151444499999993,5
,,Financial Service,-81.63305216163546,30.151403608977233,5
,,Uncategorized,-81.633087,30.151398,5
,,Social Or Community Service,-81.63298674443125,30.151418747512565,5
,,Uncategorized,-81.6327062,30.15139290000001,5
,,Uncategorized,-81.6327062,30.15139290000001,5
,,Uncategorized,-81.6327062,30.15139290000001,5
,,Financial Service,-81.6327062,30.15139290000001,5
,,Hardware Home And Garden Store,-81.63231784,30.15209467,5
,,Automotive Service,-81.632047,30.152504000000004,5
,,Animal Or Pet Service,-81.63220474000002,30.151446810000003,5
,,Personal Or Beauty Service,-81.632168,30.150862,5
,,Animal Or Pet Service,-81.63215446,30.15116765000001,5
,,Personal Or Beauty Service,-81.63231372,30.1508245,5
,,Corporate Or Business Office,-81.63219619,30.150279819999994,5
,,Casual Eatery,-81.6321,30.150190000000002,5
,,Library,-81.63201587000002,30.150113989999994,5
,,Bank Or Credit Union,-81.632062,30.149217000000004,5
,,Pharmacy And Drug Store,-81.632059,30.149236999999992,5
,,Atm,-81.63204193115234,30.149185180664066,5
,,Doctor,-81.6321504,30.149203199999995,5
,,Books Music And Video Store,-81.632512,30.1491962,5
,,Financial Service,-81.632512,30.1491962,5
,,Uncategorized,-81.632512,30.1491962,5
,,Reproductive Perinatal And Womens Care,-81.633072,30.150376999999995,5
,,Reproductive Perinatal And Womens Care,-81.6330063,30.15042289999999,5
,,Reproductive Perinatal And Womens Care,-81.6330412701717,30.15037319818127,5
,,Dental Clinic,-81.6327058,30.150944,5
,,Dental Clinic,-81.6327058,30.150944,5
,,Dental Clinic,-81.63310499,30.15083523,5
,,Dental Clinic,-81.63309296,30.15110257,5
,,Specialized Health Care,-81.6332622,30.1510091,5
,,Specialized Health Care,-81.6332337,30.150986700000004,5
,,Dental Clinic,-81.63318916,30.150916510000002,5
,,Christian Place Of Worship,-81.6332,30.150020000000005,5
,,Gym,-81.6332,30.150020000000005,5
,,Community Center,-81.633229,30.149997000000003,5
,,Real Estate Service,-81.633137,30.149356000000004,5
,,Atm,-81.63322703,30.149360289999994,5
,,Christian Place Of Worship,-81.63361799157579,30.149883619824955,5
,,Personal Or Beauty Service,-81.633767235579,30.1492082579782,5
,,Restaurant,-81.63405295,30.149323569999986,5
,,Personal Or Beauty Service,-81.634138,30.14922046,5
,,Personal Or Beauty Service,-81.63408979,30.14928022999999,5
,,Coffee Shop,-81.63407276,30.14915001,5
,,Animal Or Pet Service,-81.63400617,30.149179629999995,5
,,Fashion And Apparel Store,-81.634164,30.14933,5
,,Personal Or Beauty Service,-81.634263,30.149423599999995,5
,,Christian Place Of Worship,-81.634045,30.149854,5
,,Sport Or Fitness Facility,-81.63395,30.150490000000012,5
,,Health Care,-81.63382434844972,30.151041679819432,5
,,Financial Service,-81.63400616589112,30.151699303171707,5
,,Financial Service,-81.63374675,30.151641329999993,5
,,Financial Service,-81.633643982837,30.151741647154,5
,,Financial Service,-81.63360629447746,30.15175082415442,5
,,Uncategorized,-81.63361903497028,30.151742863145106,5
,,Financial Service,-81.6336194,30.151750309999994,5
,,Financial Service,-81.6335549,30.15165325,5
,,Financial Service,-81.63345638,30.151442569999993,5
,,Financial Service,-81.63334722000002,30.151547410000003,5
,,Attorney Or Law Firm,-81.633268,30.151396999999996,5
,,Dental Clinic,-81.6331829961625,30.151373331767868,5
,,B2B Industrial And Machine Service,-81.6332778,30.15147298,5
,,Financial Service,-81.63327126000001,30.15148497,5
,,Real Estate Service,-81.63315792,30.151610120000004,5
,,Specialized Health Care,-81.63312544905416,30.1517883443557,5
,,Real Estate Service,-81.63521556,30.15138556,5
,,Building Or Construction Service,-81.63499577,30.151721199999994,5
,,Building Or Construction Service,-81.63500458,30.151526330000003,5
,,Behavioral Or Mental Health Clinic,-81.63465346,30.15168657,5
,,Building Or Construction Service,-81.63442232,30.15160333,5
,,Attorney Or Law Firm,-81.63442993164062,30.15167617797851,5
,,Wellness Service,-81.63442524,30.151819469999992,5
,,Real Estate Service,-81.63442292,30.151812819999993,5
,,Financial Service,-81.63442046,30.15183491999999,5
,,Financial Service,-81.63457736459313,30.151624501331735,5
,,Home Service,-81.63502829,30.149375660000004,5
,,Specialized Health Care,-81.63562,30.151280000000003,5
,,Specialized Health Care,-81.63562,30.151280000000003,5
,,Doctor,-81.63562,30.151280000000003,5
,,Doctor,-81.63562,30.151280000000003,5
,,Behavioral Or Mental Health Clinic,-81.63561019,30.151288880000003,5
,,Park,-81.63604569,30.15490983,5
,,Sporting Goods Store,-81.635392,30.153903999999994,5
,,Home Service,-81.637805,30.158210000000004,5
,,Uncategorized,-81.6379971429706,30.15821964784819,5
,,Food Bank,-81.640603,30.1526197,5
,,Park,-81.6396423,30.148864550000003,5
,,Park,-81.63889661,30.149157869999996,5
,,Park,-81.6381184318024,30.148853777172786,5
,,Christian Place Of Worship,-81.64249448,30.149740289999997,5
,,Social Or Community Service,-81.64255921,30.160819979999996,5
,,Preschool,-81.64393057,30.167062289999997,5
,,Christian Place Of Worship,-81.64382287,30.166595069999985,5
,,Christian Place Of Worship,-81.64553137230801,30.164465084618005,5
,,Uncategorized,-81.6423402,30.169635099999994,5
,,Theatre Venue,-81.63724000000002,30.176120000000008,5
,,Home Service,-81.63691651,30.1642185,5
,,Hardware Home And Garden Store,-81.6412004,30.166343599999998,5
,,Uncategorized,-81.6393793,30.161677599999997,5
,,Uncategorized,-81.641038,30.1615278,5
,,Home Service,-81.63772,30.163310000000003,5
,,Social Or Community Service,-81.635520458221,30.16047485520999,5
,,Social Or Community Service,-81.63523355,30.15998108000001,5
,,Printing Service,-81.63521,30.159929999999996,5
,,Hotel,-81.634841,30.159642000000005,5
,,Dental Clinic,-81.63362286,30.164319349999996,5
,,Dental Clinic,-81.633676,30.164453999999992,5
,,Complementary And Alternative Medicine,-81.63312717,30.164413740000004,5
,,Uncategorized,-81.63318589817888,30.164398911745298,5
,,Home Service,-81.63350332852832,30.164784561462547,5
,,Social Or Community Service,-81.6333023892,30.165367167696004,5
,,Gas Station,-81.633175,30.165346999999993,5
,,Casual Eatery,-81.63341070000001,30.166099700000004,5
,,Restaurant,-81.63324367,30.16610502,5
,,Personal Or Beauty Service,-81.63326306,30.166235229999998,5
,,Government Department,-81.6331692,30.166515299999997,5
,,Bank Or Credit Union,-81.6331692,30.166515299999997,5
,,Financial Service,-81.6331692,30.166515299999997,5
,,Vision Or Eye Care Clinic,-81.63332807,30.166227799999994,5
,,Casual Eatery,-81.63346,30.16645999999999,5
,,Restaurant,-81.63355702,30.166498560000004,5
,,Bank Or Credit Union,-81.6335569,30.166493299999996,5
,,Bank Or Credit Union,-81.6335569,30.166493299999996,5
,,Restaurant,-81.63351725064578,30.166445468059695,5
,,Restaurant,-81.63351725064578,30.166445468059695,5
,,Vision Or Eye Care Clinic,-81.6334336996078,30.1662505334044,5
,,Atm,-81.63359895443952,30.166580285824207,5
,,Bank Or Credit Union,-81.633548,30.166619,5
,,Food And Beverage Store,-81.63338277,30.166578249999993,5
,,Sporting Goods Store,-81.63266746,30.16765312,5
,,Smoothie Juice Bar,-81.63261657,30.16771892,5
,,Dental Clinic,-81.63268613000001,30.16767093,5
,,Fashion And Apparel Store,-81.6327428,30.16772495,5
,,Casual Eatery,-81.63274629,30.16772449999999,5
,,Personal Or Beauty Service,-81.63274649,30.167724450000005,5
,,Legal Service,-81.63274729,30.16772997000001,5
,,Restaurant,-81.63271747,30.167610130000003,5
,,Personal Or Beauty Service,-81.63279602,30.16775906,5
,,Financial Service,-81.632402,30.167986999999986,5
,,Casual Eatery,-81.632403,30.167975000000002,5
,,Hardware Home And Garden Store,-81.63247646760342,30.167948599188325,5
,,Wellness Service,-81.63246636,30.16785077,5
,,Restaurant,-81.63227774,30.16791033,5
,,Personal Or Beauty Service,-81.63225,30.167919999999995,5
,,Fitness Studio,-81.632346,30.167979,5
,,Travel Service,-81.632346,30.167979,5
,,Personal Or Beauty Service,-81.632346,30.167979,5
,,Restaurant,-81.63234561422752,30.167978859961842,5
,,Casual Eatery,-81.63234561422752,30.167978859961842,5
,,Gym,-81.63234561422752,30.167978859961842,5
,,Wellness Service,-81.63239163,30.168012219999998,5
,,Casual Eatery,-81.63239347164495,30.168025175453806,5
,,Wellness Service,-81.63239347164495,30.168025175453806,5
,,Wellness Service,-81.63198579,30.16826229999999,5
,,Casual Eatery,-81.632121,30.168177,5
,,Casual Eatery,-81.63213954,30.168132779999993,5
,,Uncategorized,-81.632210612297,30.1681236555458,5
,,Casual Eatery,-81.63218921,30.16798890999999,5
,,Personal Or Beauty Service,-81.632247924805,30.167919780653996,5
,,Dental Clinic,-81.63219452,30.167865749999997,5
,,Smoothie Juice Bar,-81.632194,30.167865000000006,5
,,Casual Eatery,-81.6320419311523,30.1672439575195,5
,,Casual Eatery,-81.6324571,30.16781325,5
,,Personal Or Beauty Service,-81.632504,30.167752939999996,5
,,Gas Station,-81.63227878,30.167015360000004,5
,,Atm,-81.6319851,30.166919500000002,5
,,Sporting Goods Store,-81.63196642824198,30.165886004496596,5
,,Automotive Service,-81.63203185337186,30.165870873375347,5
,,Design Service,-81.632032,30.165871000000003,5
,,Atm,-81.63206481933594,30.165430068969727,5
,,Bank Or Credit Union,-81.63209,30.165452000000005,5
,,Hardware Home And Garden Store,-81.6322024,30.16547909999999,5
,,Fashion And Apparel Store,-81.63215964,30.165593219999995,5
,,Uncategorized,-81.6323013305664,30.165557861328107,5
,,Restaurant,-81.6326002,30.165244600000012,5
,,Rental Service,-81.63282751,30.16493567,5
,,Financial Service,-81.63288406,30.164387449999996,5
,,Real Estate Service,-81.63312438,30.16441786,5
,,Real Estate Service,-81.6331247,30.16441667,5
,,Real Estate Service,-81.63312304,30.164413769999992,5
,,Real Estate Service,-81.63312203,30.164419050000003,5
,,Real Estate Service,-81.63305,30.164433000000002,5
,,Real Estate Service,-81.63302,30.16443,5
,,Uncategorized,-81.6324903,30.16409459999999,5
,,Shopping,-81.6324757,30.1645605,5
,,Restaurant,-81.6321579,30.16491072,5
,,Bar,-81.63217735419414,30.164900508200876,5
,,Bar,-81.63206882595045,30.16488681209421,5
,,Uncategorized,-81.632076,30.164901999999994,5
,,Second Hand Store,-81.6319921,30.164338990000008,5
,,Building Or Construction Service,-81.63219855,30.164445499999996,5
,,Restaurant,-81.63205853897828,30.164067917597162,5
,,Personal Or Beauty Service,-81.63206454,30.16409203,5
,,Casual Eatery,-81.6320507,30.164136400000004,5
,,Restaurant,-81.6320507,30.164136400000004,5
,,Restaurant,-81.6320507,30.164136400000004,5
,,Fashion And Apparel Store,-81.6320507,30.164136400000004,5
,,Personal Or Beauty Service,-81.63206,30.164150000000003,5
,,Restaurant,-81.63207268,30.16409897,5
,,Fashion And Apparel Store,-81.63208818000001,30.164091239999994,5
,,Shipping Or Delivery Service,-81.63200151,30.164098310000004,5
,,Personal Or Beauty Service,-81.63200958,30.164090750000007,5
,,Laundry Service,-81.63200939,30.163906989999997,5
,,Casual Eatery,-81.63205476,30.16384091,5
,,Supplier Or Distributor,-81.6319686,30.163744900000008,5
,,Bank Or Credit Union,-81.63212,30.163210999999986,5
,,Bank Or Credit Union,-81.63211751595554,30.16313842018913,5
,,Automotive Service,-81.63207414,30.16313639,5
,,Health Care,-81.63202,30.162529999999997,5
,,Casual Eatery,-81.63221189,30.162213289999997,5
,,Flowers And Gifts Store,-81.63223225,30.162098089999997,5
,,Technical Service,-81.63215634,30.162165590000004,5
,,Fashion And Apparel Store,-81.63201375725687,30.162087774214832,5
,,Restaurant,-81.632035,30.162014,5
,,Vehicle Parts Store,-81.63213696,30.16156627,5
,,Personal Or Beauty Service,-81.63218837,30.16183575000001,5
,,Arts Crafts And Hobby Store,-81.63216318,30.161951960000003,5
,,Event Or Party Service,-81.63221578,30.16202328,5
,,Animal Or Pet Service,-81.63237212,30.162394730000003,5
,,Uncategorized,-81.63227846648839,30.162657761758137,5
,,Travel Service,-81.63237264,30.162602589999995,5
,,Surgery,-81.6325247,30.162649,5
,,Shipping Or Delivery Service,-81.6325485,30.1616821,5
,,Casual Eatery,-81.63295731,30.16207495,5
,,Automotive Service,-81.63305437,30.16179117,5
,,Automotive Service,-81.633017,30.161777000000004,5
,,Food And Beverage Store,-81.63286327,30.16236437,5
,,Food And Beverage Store,-81.63303231,30.163208769999994,5
,,Real Estate Service,-81.6330414,30.163200400000004,5
,,Real Estate Service,-81.63304900398931,30.163168134516702,5
,,Real Estate Service,-81.63304900398931,30.163168134516702,5
,,Real Estate Service,-81.63304900398931,30.163168134516702,5
,,Real Estate Service,-81.63303,30.16313999999999,5
,,Real Estate Service,-81.63303,30.16313999999999,5
,,Real Estate Service,-81.63303,30.16313999999999,5
,,Wellness Service,-81.6327041,30.1629316,5
,,Personal Or Beauty Service,-81.6327041,30.1629316,5
,,Real Estate Service,-81.632683,30.163091,5
,,Dental Clinic,-81.63308262,30.1635217,5
,,Second Hand Store,-81.6334,30.163909999999998,5
,,Automotive Service,-81.63323558026158,30.163584048464788,5
,,Dental Clinic,-81.633145,30.163590999999997,5
,,Sport Or Fitness Facility,-81.63350154,30.16310561000001,5
,,Sport Or Recreation Club,-81.633438110352,30.163103715975,5
,,Fashion And Apparel Store,-81.633441,30.162896,5
,,Christian Place Of Worship,-81.63355947,30.162821849999997,5
,,Books Music And Video Store,-81.63353,30.162830327619996,5
,,Real Estate Service,-81.63355406,30.162917270000005,5
,,Sport Or Recreation Club,-81.63354589,30.16291722,5
,,Rental Service,-81.63354638,30.16293126,5
,,Wellness Service,-81.63360539,30.16302127,5
,,Rental Service,-81.6335992,30.16291043,5
,,Fashion And Apparel Store,-81.63365489,30.162818869999988,5
,,Personal Or Beauty Service,-81.63369546,30.16294017000001,5
,,Personal Or Beauty Service,-81.63369047,30.162949010000002,5
,,Personal Or Beauty Service,-81.63369583,30.162963829999992,5
,,Sport Or Recreation Club,-81.63365539217803,30.162970487705927,5
,,Books Music And Video Store,-81.63365539217803,30.162970487705927,5
,,Second Hand Store,-81.63350664,30.16390708,5
,,Hardware Home And Garden Store,-81.63361843378475,30.16395456408464,5
,,Wellness Service,-81.634282,30.16334200000001,5
,,Rental Service,-81.633757,30.161718,5
,,Storage Facility,-81.63369612,30.162110059999996,5
,,Fast Food Restaurant,-81.63316894,30.160555600000006,5
,,Vehicle Parts Store,-81.63406553860113,30.16027864406881,5
,,Restaurant,-81.6340533971899,30.16029612584364,5
,,Sport Or Recreation Club,-81.63374174,30.16061836,5
,,Personal Or Beauty Service,-81.63372681,30.160532319999994,5
,,Shopping,-81.63374286667174,30.16046995000359,5
,,Food And Beverage Store,-81.63372743,30.160129509999997,5
,,Personal Or Beauty Service,-81.633749,30.160079999999997,5
,,Personal Or Beauty Service,-81.63377366,30.16014473,5
,,Vehicle Parts Store,-81.63383004,30.160002419999994,5
,,Bank Or Credit Union,-81.633835,30.160015,5
,,Home Service,-81.63376,30.160010000000003,5
,,Home Service,-81.63376,30.160010000000003,5
,,Home Service,-81.63376,30.160010000000003,5
,,Restaurant,-81.63382727,30.159640219999993,5
,,Animal And Pet Store,-81.63381017,30.15975821,5
,,Casual Eatery,-81.63392479,30.159860640000005,5
,,Animal Or Pet Service,-81.6339876,30.159895100000004,5
,,Supplier Or Distributor,-81.6339876,30.1598952,5
,,Personal Or Beauty Service,-81.634008,30.159967000000005,5
,,Uncategorized,-81.633985,30.15997999999999,5
,,Personal Or Beauty Service,-81.6339625324179,30.159972839314708,5
,,Fast Food Restaurant,-81.63391467685719,30.15992652577822,5
,,Food And Beverage Store,-81.63395600000001,30.160042,5
,,Market,-81.6340932576163,30.160100739087497,5
,,Restaurant,-81.63373410701752,30.15938595542482,5
,,Food And Beverage Store,-81.633726,30.15913199999999,5
,,Animal Or Pet Service,-81.63347706,30.159013440000006,5
,,Animal Or Pet Service,-81.63345338057918,30.15947496814032,5
,,Restaurant,-81.6336628,30.159323230000002,5
,,Shopping Mall,-81.633685,30.159897,5
,,Restaurant,-81.633685,30.159897,5
,,Vehicle Parts Store,-81.633685,30.159897,5
,,Hardware Home And Garden Store,-81.63368,30.159910000000007,5
,,Fashion And Apparel Store,-81.63370084055823,30.16003337923705,5
,,Fast Food Restaurant,-81.6335834,30.159941100000008,5
,,Financial Service,-81.6335834,30.159941100000008,5
,,Animal And Pet Store,-81.6333629,30.1596176,5
,,Specialty Store,-81.632755,30.160002000000002,5
,,Fast Food Restaurant,-81.6330555,30.16112643,5
,,Automotive Service,-81.63303894,30.16135239,5
,,Uncategorized,-81.6325778,30.160516100000002,5
,,Bank Or Credit Union,-81.63229288,30.16053916,5
,,Gas Station,-81.63237299065688,30.161258693640573,5
,,Casual Eatery,-81.63231827,30.16008652,5
,,Primary Care Or General Clinic,-81.63185115,30.159296535397,5
,,Restaurant,-81.63162,30.159181,5
,,Surgery,-81.63150922,30.159008780000004,5
,,Doctor,-81.63140353,30.159005499999992,5
,,Financial Service,-81.6312736,30.159247500000003,5
,,Restaurant,-81.63123332,30.159282049999998,5
,,Real Estate Service,-81.63122736,30.15924603,5
,,Sport Or Recreation Club,-81.6311987,30.159250340000003,5
,,Real Estate Service,-81.63118200000001,30.15934899999999,5
,,Gym,-81.6312103271484,30.1593818664551,5
,,Hospital,-81.6312253,30.159430699999998,5
,,Real Estate Service,-81.63116511536,30.159460659207003,5
,,Real Estate Service,-81.63116511536,30.159460659207003,5
,,Real Estate Service,-81.63116511536,30.159460659207003,5
,,Fitness Studio,-81.63116511536,30.159460659207003,5
,,Specialized Health Care,-81.63118000000001,30.159430000000004,5
,,Corporate Or Business Office,-81.6310906515918,30.159546911038987,5
,,Bank Or Credit Union,-81.6310906515918,30.159546911038987,5
,,Restaurant,-81.63112578819603,30.159424016705525,5
,,Restaurant,-81.63112578819603,30.159424016705525,5
,,Doctor,-81.63112578819603,30.159424016705525,5
,,Bank Or Credit Union,-81.63109600000001,30.159316,5
,,Restaurant,-81.63115412,30.159188390000004,5
,,Restaurant,-81.630938,30.159071999999995,5
,,Personal Or Beauty Service,-81.63103008369978,30.159331389609857,5
,,Real Estate Service,-81.631048,30.159270000000003,5
,,Personal Or Beauty Service,-81.63108299999999,30.15949399999999,5
,,Professional Service,-81.63082014,30.160034379999995,5
,,Farm,-81.63100319000002,30.160044309999996,5
,,Diagnostics Imaging Or Lab Service,-81.63122140000002,30.159567999999997,5
,,Physical Medicine And Rehabilitation,-81.63124975,30.15965942,5
,,Casual Eatery,-81.63108880942586,30.16040808322608,5
,,Restaurant,-81.6315558501362,30.160512545175113,5
,,Animal Or Pet Service,-81.63189742,30.1611311,5
,,Laundry Service,-81.6319099,30.161156650000002,5
,,Restaurant,-81.63188378,30.161658879999994,5
,,Building Or Construction Service,-81.62930388,30.164757440000002,5
,,Fashion And Apparel Store,-81.62897,30.165650000000007,5
,,Financial Service,-81.62915049,30.167765199999995,5
,,Financial Service,-81.62915114,30.167767879999996,5
,,Financial Service,-81.629146,30.167781000000012,5
,,Financial Service,-81.62917755,30.167801039999997,5
,,Financial Service,-81.62915863,30.167764729999995,5
,,Financial Service,-81.62915276,30.16776753,5
,,Financial Service,-81.62915313,30.167763689999994,5
,,Financial Service,-81.62915399,30.16776461000001,5
,,Financial Service,-81.62917634000001,30.16780063,5
,,Sport Or Fitness Facility,-81.62954957,30.167531999999998,5
,,Sport Field,-81.629587,30.167584,5
,,Auto Dealer,-81.6296,30.167574,5
,,Uncategorized,-81.6296005249023,30.1676063537598,5
,,Technical Service,-81.6295994,30.16760947,5
,,Bank Or Credit Union,-81.6292,30.16889999999999,5
,,Bank Or Credit Union,-81.62977273,30.168492579999995,5
,,Automotive Service,-81.6306054,30.168077389999993,5
,,Wellness Service,-81.63037325,30.16782063000001,5
,,Diagnostics Imaging Or Lab Service,-81.6303765,30.167829399999995,5
,,Second Hand Store,-81.630393,30.168227999999992,5
,,Complementary And Alternative Medicine,-81.63027426,30.16758574,5
,,Personal Or Beauty Service,-81.63046831000001,30.167686230000005,5
,,Complementary And Alternative Medicine,-81.63057584,30.16780116,5
,,Personal Care And Beauty Store,-81.630632,30.167521,5
,,Christian Place Of Worship,-81.63078762340973,30.16772594873296,5
,,Automotive Service,-81.63074426,30.16693725,5
,,Automotive Service,-81.63024572,30.166684389999997,5
,,Education,-81.63012298096591,30.167632111825327,5
,,Specialty Store,-81.63003030000002,30.167571499999998,5
,,Financial Service,-81.62996262,30.167573400000006,5
,,Christian Place Of Worship,-81.62996,30.16756,5
,,Home Service,-81.63028557,30.165617410000003,5
,,Food And Beverage Store,-81.631938,30.164063999999996,5
,,Fire Station,-81.63177514000002,30.166022059999996,5
,,Uncategorized,-81.6319333,30.166646499999995,5
,,Attorney Or Law Firm,-81.631927,30.167778560388577,5
,,Restaurant,-81.631621,30.167460000000002,5
,,Uncategorized,-81.6315736,30.167525599999998,5
,,Electronics Store,-81.63138418,30.16691626,5
,,Coffee Shop,-81.63164981,30.166558019999993,5
,,Specialty Store,-81.63136285000002,30.166696100000006,5
,,Uncategorized,-81.6313103385876,30.166898475747928,5
,,Convenience Store,-81.63127998,30.167062539999986,5
,,Supplier Or Distributor,-81.6312568,30.1670907,5
,,Vehicle Service,-81.63129276914873,30.166959921253934,5
,,Vehicle Service,-81.63106209,30.16655021,5
,,Hardware Home And Garden Store,-81.630966,30.166745,5
,,Bank Or Credit Union,-81.63103841,30.167486789999998,5
,,Gas Station,-81.63113464349428,30.167512929718452,5
,,Uncategorized,-81.6310058,30.16800039999999,5
,,Auto Dealer,-81.631625,30.168505,5
,,Tutoring Service,-81.63190329,30.168293910000006,5
,,Christian Place Of Worship,-81.63172284,30.169076129999997,5
,,Social Or Community Service,-81.631536038231,30.169460398484002,5
,,Christian Place Of Worship,-81.63115,30.16963,5
,,Religious Organization,-81.63115,30.16963,5
,,Christian Place Of Worship,-81.63101073317856,30.16954066771429,5
,,Christian Place Of Worship,-81.63120944,30.169901439999993,5
,,Christian Place Of Worship,-81.63088572,30.17079290000001,5
,,Christian Place Of Worship,-81.63082802,30.170844359999997,5
,,Home Service,-81.6309481,30.171121199999988,5
,,Building Or Construction Service,-81.63080342,30.171196550000005,5
,,Home Service,-81.63092613962317,30.171233590878256,5
,,B2B Office And Professional Service,-81.63033,30.172669999999997,5
,,Restaurant,-81.63033,30.172669999999997,5
,,Bar,-81.6299793,30.173505260000006,5
,,Food And Beverage Store,-81.63018616,30.173900099999997,5
,,Bar,-81.63013776,30.173917669999998,5
,,Personal Or Beauty Service,-81.63007,30.174111000000003,5
,,Restaurant,-81.63003489167355,30.174136571276023,5
,,Electronics Store,-81.63000900000002,30.174106999999992,5
,,Personal Or Beauty Service,-81.63,30.17408,5
,,Personal Or Beauty Service,-81.62995674761476,30.173982494134055,5
,,Restaurant,-81.62995674761476,30.173982494134055,5
,,Doctor,-81.62988131,30.17366756,5
,,Specialty Store,-81.62983776155662,30.174060117856616,5
,,Home Service,-81.6298045,30.174037599999995,5
,,Musical Instrument And Pro Audio Store,-81.6298045,30.174037599999995,5
,,Fashion And Apparel Store,-81.6298045,30.174037599999995,5
,,Personal Or Beauty Service,-81.62981109946908,30.173913749985534,5
,,Restaurant,-81.62973989999999,30.17343110000001,5
,,Hardware Home And Garden Store,-81.62977977,30.17347910000001,5
,,Automotive Service,-81.62971795,30.17262016999999,5
,,Automotive Service,-81.62976466510962,30.172338256410303,5
,,Automotive Service,-81.62981106,30.17251138,5
,,Food And Beverage Store,-81.62980589,30.171665589999993,5
,,Bank Or Credit Union,-81.6296958503,30.17147176499999,5
,,Electronics Store,-81.62976552,30.17155659,5
,,Restaurant,-81.62984416262263,30.171598519571567,5
,,Food And Beverage Store,-81.629857,30.171606,5
,,Real Estate Service,-81.6298055,30.17127129,5
,,Real Estate Service,-81.62979695616666,30.17119619300001,5
,,Real Estate Service,-81.62985005,30.171229379999996,5
,,Real Estate Service,-81.62985032,30.171229759999996,5
,,Real Estate Service,-81.6298522,30.171228439999997,5
,,Real Estate Service,-81.62981618,30.171267729999993,5
,,Real Estate Service,-81.62981596,30.171277830000008,5
,,Real Estate Service,-81.62981927,30.171276690000003,5
,,Real Estate Service,-81.629902,30.171183999999993,5
,,Real Estate Service,-81.6298547,30.171228330000005,5
,,Real Estate Service,-81.62985883,30.171221680000002,5
,,Real Estate Service,-81.62985394,30.171227590000004,5
,,Real Estate Service,-81.62985793,30.171224249999998,5
,,Real Estate Service,-81.62983746,30.171120879999993,5
,,Real Estate Service,-81.63013,30.171150000000004,5
,,Real Estate Service,-81.63013,30.171150000000004,5
,,Real Estate Service,-81.63013,30.171150000000004,5
,,Real Estate Service,-81.629959,30.17110299999999,5
,,Real Estate Service,-81.62993961,30.171205470000004,5
,,Storage Facility,-81.63061718,30.171065740000007,5
,,Christian Place Of Worship,-81.63057000000002,30.17052,5
,,Religious Organization,-81.63057000000002,30.17052,5
,,Uncategorized,-81.63057000000002,30.17052,5
,,Preschool,-81.63075345,30.169786640000005,5
,,Primary Care Or General Clinic,-81.62930598,30.169746299999993,5
,,Apartment,-81.629621,30.170103,5
,,Uncategorized,-81.6291913,30.171237599999998,5
,,Home Service,-81.62885603,30.17074506,5
,,Storage Facility,-81.62877022,30.171371260000008,5
,,Reproductive Perinatal And Womens Care,-81.6287387,30.171115400000016,5
,,Fast Food Restaurant,-81.62866842,30.171590510000005,5
,,Family Service,-81.62864,30.17066999999999,5
,,Vehicle Parts Store,-81.62837542,30.172103179999993,5
,,Casual Eatery,-81.62817073,30.172853539999995,5
,,Bar,-81.62809,30.17289999999999,5
,,Hardware Home And Garden Store,-81.62758935,30.17214047,5
,,Department Store,-81.62758938614635,30.172005056711626,5
,,Personal Or Beauty Service,-81.62737078,30.172031959999995,5
,,Personal Or Beauty Service,-81.62731011276847,30.17212700084632,5
,,Restaurant,-81.6278982,30.17359082000001,5
,,Electronics Store,-81.62789,30.173479999999994,5
,,Corporate Or Business Office,-81.62796316,30.173442079999997,5
,,Arts Crafts And Hobby Store,-81.62846,30.173180000000006,5
,,Arts Crafts And Hobby Store,-81.62846,30.173180000000006,5
,,Hardware Home And Garden Store,-81.628219,30.173810999999993,5
,,Hardware Home And Garden Store,-81.628748,30.172908999999994,5
,,Auto Dealer,-81.62871837615967,30.173373735009246,5
,,Fashion And Apparel Store,-81.628639,30.172811000000003,5
,,Automotive Service,-81.6289403,30.172408299999997,5
,,Vehicle Parts Store,-81.628762,30.172310000000007,5
,,Restaurant,-81.629142,30.171857000000003,5
,,Gas Station,-81.62940662473568,30.172505642704163,5
,,Automotive Service,-81.629384,30.172565999999993,5
,,Gas Station,-81.629417,30.172558000000006,5
,,Fashion And Apparel Store,-81.62949574766805,30.17345788153228,5
,,Restaurant,-81.62951331874217,30.17339643855392,5
,,Uncategorized,-81.629456375141,30.173387688835,5
,,Art Gallery,-81.62939881,30.173464579999994,5
,,Personal Care And Beauty Store,-81.62936783,30.17335320999999,5
,,Restaurant,-81.6291925,30.1729632,5
,,Real Estate Service,-81.62961318280315,30.175611198700985,3
,,Arts Crafts And Hobby Store,-81.62959561140457,30.175672641207495,3
,,B2B Office And Professional Service,-81.62943,30.17560900000001,3
,,Personal Or Beauty Service,-81.62944432597371,30.176017223416352,3
,,Home Service,-81.62956382,30.175858789999996,3
,,Personal Or Beauty Service,-81.62956861,30.175964929999992,3
,,Hardware Home And Garden Store,-81.62956187,30.176295870000015,3
,,Hardware Home And Garden Store,-81.6295,30.176395999999993,3
,,Personal Or Beauty Service,-81.6294804693744,30.176502584613175,3
,,Professional Service,-81.62948911,30.17640654999999,3
,,Uncategorized,-81.62942775457027,30.17668691120612,3
,,Restaurant,-81.62937989652303,30.176640593547635,3
,,Home Service,-81.62938956,30.176677139999992,3
,,Uncategorized,-81.6293539,30.176454,3
,,Uncategorized,-81.6293539,30.176454,3
,,Media Service,-81.6293539,30.176454,3
,,Uncategorized,-81.6293539,30.176454,3
,,Legal Service,-81.6293539,30.176454,3
,,Home Service,-81.62947838,30.176389559999997,3
,,Uncategorized,-81.62934265684346,30.176195623199263,3
,,Hardware Home And Garden Store,-81.629335,30.176437999999997,3
,,Personal Or Beauty Service,-81.6293144668983,30.176655718016324,3
,,Hardware Home And Garden Store,-81.62928283000001,30.17659595,3
,,Home Service,-81.629249,30.176670999999992,3
,,Gym,-81.62924903731314,30.176670842438767,3
,,Personal Or Beauty Service,-81.62914861710372,30.17612114327733,3
,,Corporate Or Business Office,-81.629206,30.175695520000005,3
,,Animal Or Pet Service,-81.62926754,30.175718999999994,3
,,Shipping Or Delivery Service,-81.62926791,30.175668139999996,3
,,Complementary And Alternative Medicine,-81.629199,30.175570999999998,3
,,Uncategorized,-81.629142,30.175585000000005,3
,,Shipping Or Delivery Service,-81.62918696,30.17563315,3
,,Social Or Community Service,-81.628967987,30.175746406499993,3
,,Medical Service,-81.62887,30.1756,3
,,Tutoring Service,-81.62887,30.1756,3
,,Specialty Store,-81.62887,30.1756,3
,,Food And Beverage Store,-81.62883371,30.175593210000006,3
,,Bank Or Credit Union,-81.62878123,30.17573364,3
,,Casual Eatery,-81.62904357910156,30.176471710205078,3
,,Government Office,-81.62901,30.176410000000004,3
,,Casual Eatery,-81.629005,30.176539,3
,,Restaurant,-81.629005,30.176539,3
,,Department Store,-81.6286773681641,30.1757698059082,3
,,Bank Or Credit Union,-81.62853300000002,30.175704999999994,3
,,Bar,-81.62848817900355,30.175699117753393,3
,,Bank Or Credit Union,-81.6285018920898,30.175733566284197,3
,,Bank Or Credit Union,-81.62865557000002,30.174854430000007,5
,,Personal Care And Beauty Store,-81.6283,30.175099999999993,5
,,Bank Or Credit Union,-81.628087,30.174876000000005,5
,,Restaurant,-81.627815,30.174247999999995,5
,,Restaurant,-81.6274493,30.1744041,5
,,Restaurant,-81.6274296,30.1742805,5
,,Restaurant,-81.62734534,30.17425623,5
,,Restaurant,-81.627483,30.174501,5
,,Hardware Home And Garden Store,-81.62756334,30.17451237,5
,,Restaurant,-81.627321,30.174875999999998,5
,,Restaurant,-81.627321,30.174875999999998,5
,,Restaurant,-81.6273217,30.174876799999996,5
,,Personal Or Beauty Service,-81.627425551414,30.175779456,3
,,Restaurant,-81.6275,30.1765,3
,,Financial Service,-81.627665,30.176378999999994,3
,,Shipping Or Delivery Service,-81.6278717,30.176548799999996,3
,,Bank Or Credit Union,-81.6279278,30.175633,3
,,Electronics Store,-81.6284238825485,30.17720585739849,3
,,Emergency Or Urgent Care Facility,-81.6280031,30.17786909999999,3
,,Gym,-81.62768382512466,30.177262968261378,3
,,Food And Beverage Store,-81.62766,30.176759999999998,3
,,Specialized Health Care,-81.627915,30.178867000000004,3
,,Emergency Department,-81.62886073,30.17800563999999,3
,,Sport Or Fitness Facility,-81.628572,30.177114000000007,3
,,Home Service,-81.62883403078581,30.177053672905107,3
,,Sport Or Fitness Facility,-81.62875575,30.177061229999993,3
,,Non Alcoholic Beverage Venue,-81.62886333,30.17703338,3
,,Casual Eatery,-81.62892655,30.17698687,3
,,Personal Or Beauty Service,-81.62895945,30.176891430000005,3
,,Emergency Department,-81.62880188461524,30.177807043011022,3
,,Sport Or Recreation Club,-81.62908303477347,30.17682397507328,3
,,Food And Beverage Store,-81.62916913,30.176829059999992,3
,,Professional Service,-81.62916617,30.176855810000003,3
,,Dental Clinic,-81.62915858,30.17684019,3
,,Gym,-81.62915938,30.176841380000003,3
,,Personal Or Beauty Service,-81.62915944,30.17684575000001,3
,,Shopping Mall,-81.62922646,30.17689076000001,3
,,Uncategorized,-81.62928177055224,30.176913768932344,3
,,Wellness Service,-81.62928764,30.17694574999999,3
,,Restaurant,-81.6292811,30.1769482,3
,,Vision Or Eye Care Clinic,-81.62928032,30.17694682000001,3
,,Personal Or Beauty Service,-81.62934475322567,30.176763477791415,3
,,Wellness Service,-81.629386,30.176780999999988,3
,,Hardware Home And Garden Store,-81.629111,30.17837000000001,3
,,Hardware Home And Garden Store,-81.62908164,30.17854014,3
,,Christian Place Of Worship,-81.62940163,30.178821880000005,3
,,Storage Facility,-81.6296,30.179059999999993,3
,,Storage Facility,-81.62966911,30.179248399999995,3
,,Real Estate Service,-81.63017631,30.17803693999999,3
,,Home Service,-81.63020215,30.17862816,3
,,Real Estate Service,-81.63019174,30.178765959999996,3
,,Financial Service,-81.63019051,30.178723889999993,3
,,Real Estate Service,-81.63019561,30.178721890000006,3
,,Wellness Service,-81.63020241,30.178768140000003,3
,,Uncategorized,-81.630188,30.178816,3
,,Uncategorized,-81.6300614,30.1787097,3
,,Uncategorized,-81.6300614,30.1787097,3
,,Financial Service,-81.6300614,30.1787097,3
,,Real Estate Service,-81.63031,30.178949999999993,3
,,Behavioral Or Mental Health Clinic,-81.63024562698364,30.178951493067423,3
,,Corporate Or Business Office,-81.63022979272326,30.17879673883271,3
,,Behavioral Or Mental Health Clinic,-81.63022979272326,30.17879673883271,3
,,Financial Service,-81.63023000000001,30.178797,3
,,Real Estate Service,-81.63023000000001,30.178797,3
,,Behavioral Or Mental Health Clinic,-81.630239,30.178719999999995,3
,,Wellness Service,-81.63028956,30.178763069999995,3
,,Specialty Store,-81.6303100585938,30.178766250610398,3
,,Financial Service,-81.6303165029478,30.178755505531694,3
,,Financial Service,-81.6303160675429,30.17875922992891,3
,,Specialized Health Care,-81.63031,30.178720000000002,3
,,Real Estate Service,-81.63033556,30.178654419999994,3
,,Real Estate Service,-81.63032607,30.178718819999997,3
,,Doctor,-81.63033,30.178770000000004,3
,,Behavioral Or Mental Health Clinic,-81.63035453,30.17877008,3
,,Professional Service,-81.63048069,30.17868892,3
,,Complementary And Alternative Medicine,-81.63047785,30.178674549999993,3
,,Building Or Construction Service,-81.63048601,30.17866662,3
,,Professional Service,-81.63071008,30.179026549999996,3
,,Behavioral Or Mental Health Clinic,-81.63078393,30.17865324,3
,,Behavioral Or Mental Health Clinic,-81.63078419,30.178659450000005,3
,,Behavioral Or Mental Health Clinic,-81.63070126,30.17873214,3
,,Attorney Or Law Firm,-81.63064227,30.178647689999995,3
,,Personal Or Beauty Service,-81.63074684143066,30.178527016454524,3
,,Uncategorized,-81.63063148000002,30.17826313999999,3
,,Real Estate Service,-81.630558,30.178177000000005,3
,,Real Estate Service,-81.630551,30.178196000000003,3
,,Personal Or Beauty Service,-81.63053988,30.178242329999996,3
,,Attorney Or Law Firm,-81.63051866,30.178309820000003,3
,,Personal Care And Beauty Store,-81.6305169,30.178253999999992,3
,,Financial Service,-81.63053637171359,30.178152067782825,3
,,Attorney Or Law Firm,-81.63050102218848,30.1781354387116,3
,,Behavioral Or Mental Health Clinic,-81.63039131,30.17815118000001,3
,,Complementary And Alternative Medicine,-81.6304225,30.178240839999997,3
,,Real Estate Service,-81.6304933,30.17828966,3
,,Real Estate Service,-81.63047892,30.17831759,3
,,Real Estate Service,-81.63048278,30.178322099999995,3
,,Real Estate Service,-81.63032774,30.177991969999994,3
,,Real Estate Service,-81.63032928,30.177995530000008,3
,,Real Estate Service,-81.63032225,30.1779921,3
,,Real Estate Service,-81.6303119,30.17804728000001,3
,,Real Estate Service,-81.63029667,30.178068079999996,3
,,Real Estate Service,-81.63025585,30.178056740000006,3
,,Real Estate Service,-81.63024447,30.177982900000003,3
,,Financial Service,-81.6303231,30.177992900000003,3
,,Real Estate Service,-81.63032045,30.177990749999992,3
,,Real Estate Service,-81.63032792,30.177990959999995,3
,,Corporate Or Business Office,-81.63007049221802,30.177858091113297,3
,,Real Estate Service,-81.630053,30.17792,3
,,Personal Or Beauty Service,-81.62968592,30.176196850000004,3
,,Restaurant,-81.62966792012035,30.175641805401884,3
,,Personal Or Beauty Service,-81.62977012,30.17496515,5
,,Home Service,-81.62974703,30.17502712,5
,,Bank Or Credit Union,-81.62985949,30.17465381,5
,,Fitness Studio,-81.62984992,30.17468222,5
,,Hardware Home And Garden Store,-81.62999003855137,30.174720749638194,5
,,Corporate Or Business Office,-81.62999586,30.1742087,5
,,Coffee Shop,-81.63008274932209,30.17418288831864,5
,,Books Music And Video Store,-81.63019936,30.174424569999996,5
,,Atm,-81.62992300000002,30.175064,5
,,Uncategorized,-81.63056,30.174979999999998,5
,,Specialized Health Care,-81.6306027,30.175305899999998,5
,,Specialized Health Care,-81.63063,30.175439999999984,5
,,Doctor,-81.63071217,30.17558137,5
,,Financial Service,-81.63058589,30.175616099999992,5
,,B2B Transportation And Storage Service,-81.63034743,30.175794609999997,3
,,Specialized Health Care,-81.63038,30.17588999999999,3
,,Medical Service,-81.63041042,30.175823679999993,3
,,Home Service,-81.63146807,30.174506729999994,5
,,Social Or Community Service,-81.631729,30.174835,5
,,Uncategorized,-81.6308462,30.1785718,3
,,Real Estate Service,-81.63088571,30.17855893,3
,,Real Estate Service,-81.63088486,30.17855022000001,3
,,Personal Or Beauty Service,-81.630831,30.178734999999996,3
,,Behavioral Or Mental Health Clinic,-81.63079438,30.17905225999999,3
,,Home Service,-81.63212614220876,30.17686647464897,3
,,Real Estate Service,-81.63318315,30.171058840000004,5
,,Real Estate Service,-81.63319855857661,30.170765529578127,5
,,Home Service,-81.63466,30.172230000000006,5
,,Historic Site,-81.6346887,30.172177500000004,5
,,Uncategorized,-81.635757,30.170001,5
,,Uncategorized,-81.635898,30.177421400000004,3
,,Building Or Construction Service,-81.63213986,30.183831359999996,3
,,Attorney Or Law Firm,-81.6319825,30.1818717,3
,,Home Service,-81.6319825,30.1818717,3
,,Specialty Store,-81.633391,30.182785,3
,,Home Service,-81.633029,30.179299999999998,3
,,Hardware Home And Garden Store,-81.63098886276703,30.180629612507804,3
,,B2B Industrial And Machine Service,-81.63148462,30.181706109999993,3
,,Real Estate Service,-81.63183766,30.181972589999997,3
,,Hotel,-81.63095672,30.18404847,3
,,Fitness Studio,-81.63079996316586,30.183865370669746,3
,,Restaurant,-81.63068618343941,30.18398857748772,3
,,Physical Medicine And Rehabilitation,-81.63037985585234,30.184041042754693,3
,,Uncategorized,-81.63033199355576,30.18399472343436,3
,,Uncategorized,-81.63033199355576,30.18399472343436,3
,,Manufacturer,-81.62978844,30.184278950000007,3
,,Attorney Or Law Firm,-81.62982067,30.184189650000004,3
,,Financial Service,-81.629824,30.184189,3
,,Corporate Or Business Office,-81.62970793676575,30.184253697048568,3
,,Real Estate Service,-81.62973661,30.18423387999999,3
,,Sport Or Fitness Facility,-81.6304709,30.180075389999992,3
,,Real Estate Service,-81.6303,30.17938,3
,,Real Estate Service,-81.6303,30.17938,3
,,Real Estate Service,-81.6303,30.17938,3
,,Real Estate Service,-81.6303,30.17938,3
,,Real Estate Service,-81.6303,30.17938,3
,,Real Estate Service,-81.6303,30.17938,3
,,Real Estate Service,-81.6303,30.17938,3
,,Real Estate Service,-81.6303,30.17938,3
,,Real Estate Service,-81.6303,30.17938,3
,,Real Estate Service,-81.6303,30.17938,3
,,Behavioral Or Mental Health Clinic,-81.6302656,30.1792733,3
,,Hardware Home And Garden Store,-81.6302657,30.179294399999996,3
,,Home Service,-81.63020451,30.179364699999994,3
,,Financial Service,-81.63020407,30.17941831000001,3
,,Rental Service,-81.6291798,30.179665899999996,3
,,Animal Or Pet Service,-81.62925246,30.180076870000004,3
,,Restaurant,-81.6275954,30.182924400000008,3
,,Restaurant,-81.62773466,30.183372389999995,3
,,Restaurant,-81.62768935,30.184240710000008,3
,,Hotel,-81.628115,30.183811,3
,,Real Estate Service,-81.6295269,30.1843283,3
,,Financial Service,-81.629603566667,30.184457866667,3
,,Vision Or Eye Care Clinic,-81.62962799,30.184920699999992,3
,,Fast Food Restaurant,-81.62911,30.185210999999995,3
,,Fast Food Restaurant,-81.62911,30.185210999999995,3
,,Real Estate Service,-81.6295353,30.1854768,3
,,Personal Or Beauty Service,-81.62956649,30.185937610000003,3
,,Complementary And Alternative Medicine,-81.62957073,30.185880160000004,3
,,Financial Service,-81.62935542,30.18583181,3
,,Specialty Store,-81.629471,30.185987,3
,,Shopping Mall,-81.6295807,30.186847400000005,3
,,Specialty School,-81.62945160000001,30.186668899999997,3
,,Personal Or Beauty Service,-81.6292,30.185930000000006,3
,,Real Estate Service,-81.62920317799862,30.18580482241986,3
,,Hardware Home And Garden Store,-81.629199,30.185660999999993,3
,,Personal Or Beauty Service,-81.6287848,30.185736999999992,3
,,Casual Eatery,-81.62890629168996,30.18598818171926,3
,,Convenience Store,-81.62870900000001,30.186037999999993,3
,,Gas Station,-81.62872,30.186040000000002,3
,,Gas Station,-81.6286341,30.186071389999995,3
,,Bank Or Credit Union,-81.6285231,30.185083099999993,3
,,Bank Or Credit Union,-81.6285231,30.185083099999993,3
,,Financial Service,-81.62892010032542,30.18468021892675,3
,,Fitness Studio,-81.62761228,30.18588142,3
,,Restaurant,-81.62733535,30.185692239999998,3
,,Automotive Service,-81.627449,30.18614,3
,,Outpatient Care Facility,-81.62732474,30.18676541,3
,,Food And Beverage Store,-81.6273073,30.186792699999994,3
,,Restaurant,-81.6273073,30.186792699999994,3
,,Office Supply Store,-81.6273073,30.186792699999994,3
,,Shopping Mall,-81.6273073,30.186792699999994,3
,,Diagnostics Imaging Or Lab Service,-81.6273082,30.186799119999993,3
,,Professional Service,-81.627304,30.186800000000005,3
,,Family Service,-81.627326,30.186812,3
,,Pharmacy And Drug Store,-81.62733041763694,30.186828621934485,3
,,Apartment,-81.628051,30.186003999999986,3
,,Gas Station,-81.6282956,30.185875499999995,3
,,Convenience Store,-81.6282956,30.185875499999995,3
,,Restaurant,-81.62818833,30.187962049999992,3
,,Dental Clinic,-81.628036,30.187943999999998,3
,,Dental Clinic,-81.62809039,30.18800879999999,3
,,Dental Clinic,-81.62809039,30.18800879999999,3
,,Dental Clinic,-81.628013,30.187493999999994,3
,,B2B Service,-81.62773,30.187319999999993,3
,,Animal And Pet Store,-81.6275826,30.187678799999993,3
,,Coffee Shop,-81.62777,30.187760000000004,3
,,Restaurant,-81.62798565626144,30.189234393757182,3
,,Financial Service,-81.6280197537307,30.188660300905756,3
,,Technical Service,-81.628102,30.18871100000001,3
,,Personal Or Beauty Service,-81.62810204,30.18872427,3
,,Professional Service,-81.62806022,30.18866721,3
,,Personal Or Beauty Service,-81.62806671,30.188664320000004,3
,,Wellness Service,-81.62807415,30.18878451,3
,,Personal Or Beauty Service,-81.62807809000002,30.188789080000003,3
,,Personal Or Beauty Service,-81.62808164,30.188783939999986,3
,,Doctor,-81.62809,30.188759999999995,3
,,Personal Or Beauty Service,-81.62809,30.188759999999995,3
,,Behavioral Or Mental Health Clinic,-81.628084,30.188776,3
,,Medical Service,-81.628106,30.18877000000001,3
,,Wellness Service,-81.6281077,30.18872331,3
,,Pediatric Clinic,-81.62810826,30.1887227,3
,,Uncategorized,-81.6280975341797,30.188739776611303,3
,,Personal Or Beauty Service,-81.62810906,30.18872876,3
,,Home Service,-81.6281041,30.18872959999999,3
,,Personal Or Beauty Service,-81.62810744,30.188720189999994,3
,,Professional Service,-81.628133,30.188692000000003,3
,,Electronics Store,-81.628166,30.188662,3
,,Financial Service,-81.6293702,30.18692299999999,3
,,Vision Or Eye Care Clinic,-81.6295023,30.187747799999997,3
,,Personal Care And Beauty Store,-81.62958,30.188329999999997,3
,,Coffee Shop,-81.6297371453197,30.188176438416995,3
,,Superstore,-81.62979793,30.188169189999986,3
,,Home Service,-81.6302703,30.188250899999993,3
,,Pharmacy And Drug Store,-81.630091,30.188084,3
,,Electronics Store,-81.6300517,30.187652500000002,3
,,Fashion And Apparel Store,-81.6300517,30.187652500000002,3
,,Atm,-81.62979888916016,30.188161849975586,3
,,Atm,-81.62979216774467,30.18693049308874,3
,,Books Music And Video Store,-81.6297416,30.1869601,3
,,Bank Or Credit Union,-81.629756,30.186978000000003,3
,,Food And Beverage Store,-81.629696,30.187181999999993,3
,,Animal Or Pet Service,-81.630132,30.185762000000004,3
,,Personal Or Beauty Service,-81.62966306,30.18606129,3
,,Personal Or Beauty Service,-81.62966072,30.18606235,3
,,Diagnostics Imaging Or Lab Service,-81.629689650816,30.18595147472,3
,,Personal Or Beauty Service,-81.62967,30.185969999999998,3
,,Real Estate Service,-81.62964,30.184780000000007,3
,,Real Estate Service,-81.62980754,30.18440094000001,3
,,Professional Service,-81.63001607,30.184687930000006,3
,,Travel Service,-81.630004,30.184677999999998,3
,,Professional Service,-81.63001,30.18468,3
,,Financial Service,-81.63001,30.18468,3
,,Financial Service,-81.62994239010966,30.184715935353275,3
,,Hardware Home And Garden Store,-81.62994239010966,30.184715935353275,3
,,Corporate Or Business Office,-81.62994239010966,30.184715935353275,3
,,Real Estate Service,-81.63015,30.185509999999994,3
,,Real Estate Service,-81.63042101529426,30.18517913080583,3
,,Uncategorized,-81.630438,30.185122200000006,3
,,Financial Service,-81.630316,30.185023,3
,,Building Or Construction Service,-81.63036576,30.184498809999994,3
,,Home Service,-81.63069246694005,30.18465736163918,3
,,Financial Service,-81.63069246694005,30.18465736163918,3
,,Professional Service,-81.63074005,30.184476859999997,3
,,Financial Service,-81.63074935,30.184433959999996,3
,,Behavioral Or Mental Health Clinic,-81.6306724,30.184670299999997,3
,,Financial Service,-81.63067573,30.185237629999996,3
,,Uncategorized,-81.630692,30.185024000000006,3
,,Attorney Or Law Firm,-81.63055917,30.18517439000001,3
,,Surgery,-81.63077478,30.185614369999996,3
,,Surgery,-81.63077294,30.185580479999995,3
,,Animal Or Pet Service,-81.63030012,30.1857982,3
,,Uncategorized,-81.631033,30.185243,3
,,Real Estate Service,-81.630849,30.184965999999992,3
,,Uncategorized,-81.6311208,30.1849346,3
,,Corporate Or Business Office,-81.6315188666844,30.1856139955338,3
,,Animal Or Pet Service,-81.631511,30.186562999999996,3
,,Park,-81.6307679,30.1919445,3
,,Fast Food Restaurant,-81.62775413,30.189695540000002,3
,,Personal Or Beauty Service,-81.62739382,30.19062718000001,3
,,Electronics Store,-81.62757035,30.19050079999999,3
,,Personal Or Beauty Service,-81.627574,30.190666,3
,,Hospital,-81.627676321625,30.190509254625,3
,,Restaurant,-81.62751983,30.190743469999997,3
,,Restaurant,-81.62745251572763,30.19085695600808,3
,,Uncategorized,-81.62747460921003,30.19085771802872,3
,,Personal Or Beauty Service,-81.627387,30.190872,3
,,Shipping Or Delivery Service,-81.62737507,30.190836300000004,3
,,Wellness Service,-81.627433,30.190882,3
,,Wellness Service,-81.627433,30.190882,3
,,Shipping Or Delivery Service,-81.62744165096092,30.190875736929765,3
,,Complementary And Alternative Medicine,-81.62743494116368,30.19091839370219,3
,,Financial Service,-81.62741736658407,30.19097983137204,3
,,Shopping,-81.62814331054688,30.191978620462788,3
,,Professional Service,-81.62951551354281,30.192618132605308,3
,,Uncategorized,-81.6277923583984,30.19711303710941,3
,,Uncategorized,-81.6341096,30.19682809999999,3
,,Park,-81.633017,30.19490800000001,3
,,Printing Service,-81.632364,30.19419799999999,3
,,Home Service,-81.63777026,30.18015508,3
,,Home Service,-81.63799297168279,30.18199452426321,3
,,Behavioral Or Mental Health Clinic,-81.63789201,30.182952050000004,3
,,Hardware Home And Garden Store,-81.63793733736497,30.18301009225835,3
,,Political Organization,-81.638484,30.183261999999996,3
,,B2B Office And Professional Service,-81.6404724121094,30.1824417114258,3
,,Bridge,-81.64104,30.186749999999993,3
,,Home Service,-81.639939,30.185446999999996,3
,,Bridge,-81.64298109,30.18723265,3
,,Home Service,-81.6426902116804,30.181597240471458,3
,,Lake,-81.648241586591,30.168333694683,5
,,Museum,-81.64620304,30.165178829999995,5
,,Park,-81.64634849,30.165240949999994,5
,,Community And Government,-81.64919211,30.162382369999992,5
,,Christian Place Of Worship,-81.65285473634546,30.164209861533273,5
,,Christian Place Of Worship,-81.65260514,30.163541320000004,5
,,Social Or Community Service,-81.6588986,30.161141929999992,5
,,Social Or Community Service,-81.65888311000002,30.160962249999994,5
,,Museum,-81.65921,30.160729999999994,5
,,Museum,-81.65952205000002,30.161195080000002,5
,,Home Service,-81.66217670000002,30.159107899999995,5
,,Bridge,-81.663198066667,30.18963625,5
,,Fashion And Apparel Store,-81.6607,30.276539999999994,5
,,Professional Service,-81.657287,30.276185,5
,,Specialty Store,-81.65745,30.278200000000002,5
,,Professional Service,-81.65575508,30.278927890000006,5
,,Home Service,-81.6560909,30.274402600000002,5
,,Christian Place Of Worship,-81.65248034280418,30.280562413783016,5
,,Christian Place Of Worship,-81.65111314,30.280734830000007,5
,,Real Estate Service,-81.65070514,30.275417970000007,5
,,Personal Or Beauty Service,-81.65070868,30.275436250000002,5
,,Animal Or Pet Service,-81.650764465332,30.2754955291748,5
,,Coffee Shop,-81.65078424,30.275512159999998,5
,,Pharmacy And Drug Store,-81.65083569,30.27540562,5
,,Uncategorized,-81.65117233229056,30.2752978407004,5
,,Uncategorized,-81.65115809999999,30.275320299999986,5
,,Media Service,-81.651128,30.275331000000005,5
,,Laundry Service,-81.65111200000001,30.275343999999997,5
,,Personal Or Beauty Service,-81.65108924671488,30.27537436214731,5
,,Restaurant,-81.65094629,30.275331119999993,5
,,Financial Service,-81.65107794,30.27525637,5
,,Social Or Community Service,-81.65107815,30.275259930000004,5
,,Print Media Service,-81.65107711,30.275256670000008,5
,,Social Or Community Service,-81.65107625000002,30.27525686000001,5
,,Technical Service,-81.65110783,30.275249910000007,5
,,Professional Service,-81.65111195,30.27524772000001,5
,,Medical Service,-81.65108825,30.275265120000004,5
,,Home Service,-81.65112204,30.2752589,5
,,Shipping Or Delivery Service,-81.65111557,30.275255779999984,5
,,B2B Office And Professional Service,-81.651122,30.275278999999998,5
,,Laundry Service,-81.65116299,30.275180280000004,5
,,Second Hand Store,-81.65108831000002,30.27501626,5
,,Social Or Community Service,-81.65113,30.275029999999997,5
,,Educational Service,-81.65113,30.275029999999997,5
,,Home Service,-81.6510812997134,30.2749745314847,5
,,Restaurant,-81.65098545089248,30.274881852975557,5
,,Home Service,-81.65098545089248,30.274881852975557,5
,,Home Service,-81.65098545089248,30.274881852975557,5
,,Personal Or Beauty Service,-81.65092,30.274897,5
,,Restaurant,-81.65088960235842,30.274789174498924,5
,,Sporting Goods Store,-81.65085471,30.274918159999984,5
,,Financial Service,-81.65087202191917,30.274850604881888,5
,,Food And Beverage Store,-81.650733,30.274713999999996,5
,,Discount Store,-81.650741,30.274656999999998,5
,,Sport Or Recreation Club,-81.650634,30.273758,5
,,Animal Or Pet Service,-81.65127335,30.274814239999994,5
,,Food Service,-81.65123559,30.27513872999999,5
,,Personal Care And Beauty Store,-81.651231,30.275226999999987,5
,,Restaurant,-81.649995,30.274997999999997,5
,,Public Utility,-81.6501344,30.274435599999997,5
,,Second Hand Store,-81.65015,30.274530000000006,5
,,Casual Eatery,-81.65035025,30.273839419999987,5
,,Casual Eatery,-81.650571,30.273674,5
,,Restaurant,-81.65056675,30.27383744,5
,,Outpatient Care Facility,-81.65035418,30.274442329999996,5
,,Food And Beverage Store,-81.650544,30.274726000000005,5
,,Bar,-81.65059804,30.27489892,5
,,Shipping Or Delivery Service,-81.650356,30.275131999999992,5
,,Uncategorized,-81.650239,30.274961900000005,5
,,Restaurant,-81.6501974,30.274704200000002,5
,,Laundry Service,-81.650301,30.275399,5
,,Uncategorized,-81.6503073,30.275446500000008,5
,,Uncategorized,-81.6503073,30.275446500000008,5
,,Electronics Store,-81.650399,30.275462,5
,,Casual Eatery,-81.65061317,30.275725499999993,5
,,Food And Beverage Store,-81.65054044,30.275698649999992,5
,,Supplier Or Distributor,-81.64985259882214,30.276060909844574,5
,,Christian Place Of Worship,-81.64964577,30.27783926,5
,,Christian Place Of Worship,-81.650031,30.278429999999993,5
,,Preschool,-81.650278,30.277501000000004,5
,,Preschool,-81.6504845,30.277846400000005,5
,,Christian Place Of Worship,-81.6500469,30.278750059999993,5
,,Family Service,-81.65009989744084,30.279045051247664,5
,,Attorney Or Law Firm,-81.65030324,30.279035679999996,5
,,Christian Place Of Worship,-81.65018125,30.280705679999997,5
,,Place Of Learning,-81.65015954,30.28076847,5
,,Social Or Community Service,-81.64974295703473,30.28023819168269,5
,,Preschool,-81.64969687,30.28060509,5
,,Sport League,-81.64969745,30.280602190000007,5
,,Religious Organization,-81.649897,30.278624000000004,5
,,Real Estate Service,-81.648278,30.276409999999984,5
,,Home Service,-81.6482172,30.279688599999993,5
,,Real Estate Service,-81.6476938,30.275634629999995,5
,,Arts Crafts And Hobby Store,-81.648262,30.271524000000003,5
,,Community And Government,-81.64639875,30.26977566,5
,,Cemetery,-81.64611064594457,30.267971894045445,5
,,Family Service,-81.64611064594457,30.267971894045445,5
,,Historic Site,-81.646854177366,30.266538871539996,5
,,Historic Site,-81.64713231,30.267104349999997,5
,,Convenience Store,-81.647399,30.266401,5
,,Professional Service,-81.64716926,30.26604109000001,5
,,Casual Eatery,-81.647171,30.26597200000001,5
,,Restaurant,-81.64713,30.265870000000007,5
,,Laundry Service,-81.64724732,30.26596206,5
,,Casual Eatery,-81.647256,30.266022999999986,5
,,Professional Service,-81.64726062000001,30.266036309999993,5
,,Restaurant,-81.64731173,30.266116719999992,5
,,Personal Or Beauty Service,-81.647288,30.266209000000003,5
,,Restaurant,-81.64750263,30.265948889999994,5
,,Family Service,-81.64790455,30.26948905,5
,,Professional Service,-81.6494518,30.27082809000001,5
,,Historic Site,-81.64908475,30.26540002,5
,,Community And Government,-81.650034,30.264905,5
,,Historic Site,-81.64730076,30.26119332,5
,,Attorney Or Law Firm,-81.64666950000002,30.263845099999998,5
,,Real Estate Service,-81.64654798,30.263881779999995,5
,,Social Or Community Service,-81.6468363,30.26468132,5
,,Second Hand Store,-81.64705827345666,30.26551575525598,5
,,Second Hand Store,-81.64702737,30.265628409999994,5
,,Second Hand Store,-81.64694837,30.2655747,5
,,Second Hand Store,-81.646855,30.265661999999995,5
,,Second Hand Store,-81.64661,30.265520000000002,5
,,Fast Food Restaurant,-81.646673,30.265029000000002,5
,,Real Estate Service,-81.64668676000001,30.26473497,5
,,Second Hand Store,-81.64653,30.265595000000005,5
,,Real Estate Service,-81.64649,30.26397,5
,,Real Estate Service,-81.64649,30.26397,5
,,Real Estate Service,-81.64653146,30.263905420000004,5
,,Real Estate Service,-81.64640636,30.263921020000005,5
,,Real Estate Service,-81.646372,30.263951,5
,,Real Estate Service,-81.64639100000001,30.263950999999995,5
,,Real Estate Service,-81.64627184,30.26356940000001,5
,,Shopping,-81.646509,30.263460500000008,5
,,Home Service,-81.64638021,30.26350821,5
,,Specialty School,-81.646285422469,30.263513450204563,5
,,Real Estate Service,-81.64627,30.263509999999993,5
,,Real Estate Service,-81.645972,30.262897,5
,,Real Estate Service,-81.64606,30.263000000000005,5
,,Real Estate Service,-81.6460963,30.262808570000008,5
,,Real Estate Service,-81.646038,30.26288200000001,5
,,Real Estate Service,-81.646012,30.262866999999996,5
,,Real Estate Service,-81.645997,30.262849,5
,,Attorney Or Law Firm,-81.6460029,30.262815800000002,5
,,Real Estate Service,-81.6459563,30.2628099,5
,,Real Estate Service,-81.64595879,30.262802419999993,5
,,Fashion And Apparel Store,-81.64641062,30.262476600000006,5
,,B2B Transportation And Storage Service,-81.64665632266345,30.261362313062477,5
,,Home Service,-81.64626336295717,30.261452881944937,5
,,Animal Or Pet Service,-81.64614331,30.261576469999998,5
,,Food And Beverage Store,-81.64619786981135,30.261467976596453,5
,,Hardware Home And Garden Store,-81.64623049,30.261535679999998,5
,,Travel Service,-81.64602,30.26152,5
,,Sport Or Recreation Club,-81.63912825,30.249114660000004,3
,,Gym,-81.64044507329005,30.249130386136464,3
,,Corporate Or Business Office,-81.6407025,30.248664000000012,3
,,Park,-81.63944375000001,30.253556019999994,3
,,Park,-81.6397932,30.2528792,3
,,Travel Service,-81.63969,30.252249999999986,3
,,Uncategorized,-81.63928863211798,30.25141280115476,3
,,Shopping,-81.63804574703595,30.25319109172101,3
,,Legal Service,-81.63689056,30.258159830000004,5
,,Uncategorized,-81.637016,30.260599000000003,5
,,Specialized Health Care,-81.6379564,30.26061006999999,5
,,Medical Service,-81.63800603,30.260624380000003,5
,,Real Estate Service,-81.63879,30.26057,5
,,Real Estate Service,-81.63881643,30.260600169999993,5
,,Real Estate Service,-81.63881098,30.260604759999996,5
,,Real Estate Service,-81.63881685000001,30.260600070000002,5
,,Uncategorized,-81.6392336,30.2605868,5
,,Park,-81.6413051,30.260421619999995,5
,,Bank Or Credit Union,-81.64229441,30.26057451999999,5
,,Department Store,-81.6425348,30.260255000000004,5
,,Animal Or Pet Service,-81.64313343,30.260083100000003,5
,,Restaurant,-81.64317246,30.260035100000003,5
,,Animal Or Pet Service,-81.64320342,30.260182529999994,5
,,Personal Or Beauty Service,-81.64349072,30.260081479999997,5
,,Personal Or Beauty Service,-81.64349668,30.260082060000002,5
,,Restaurant,-81.64335459,30.260037639999997,5
,,Casual Eatery,-81.643339,30.259963,5
,,Personal Or Beauty Service,-81.643377,30.259995000000007,5
,,Personal Or Beauty Service,-81.64343235,30.259971489999995,5
,,Personal Or Beauty Service,-81.64341599,30.25999557999999,5
,,Personal Or Beauty Service,-81.64344692,30.25999829,5
,,Personal Or Beauty Service,-81.64346465,30.260016560000004,5
,,Books Music And Video Store,-81.64331899999999,30.260017000000005,5
,,Home Service,-81.64331178896809,30.260010132526922,5
,,Personal Or Beauty Service,-81.643298,30.259954999999994,5
,,Personal Or Beauty Service,-81.643216,30.259917,5
,,Professional Service,-81.64317238,30.259898530000005,5
,,Uncategorized,-81.643533,30.258885999999997,5
,,Education,-81.64356994628906,30.258235931396488,5
,,Christian Place Of Worship,-81.64299552,30.257758780000003,5
,,Family Service,-81.6421259,30.2572689,5
,,Event Or Party Service,-81.6428691,30.253521810000002,3
,,Event Or Party Service,-81.64282554955732,30.254264619215657,3
,,Dental Clinic,-81.64466816,30.258726790000008,5
,,Real Estate Service,-81.644722,30.259115,5
,,Corporate Or Business Office,-81.64478,30.2592346,5
,,Behavioral Or Mental Health Clinic,-81.64459813,30.259213359999993,5
,,Behavioral Or Mental Health Clinic,-81.644633,30.259077,5
,,Event Venue,-81.64457542568323,30.258800833895112,5
,,Christian Place Of Worship,-81.64427665,30.258146419999992,5
,,Preschool,-81.64387415,30.25891273,5
,,Christian Place Of Worship,-81.64366339637752,30.258781531352486,5
,,Personal Or Beauty Service,-81.64418,30.2597,5
,,Restaurant,-81.644067,30.259909000000004,5
,,Atm,-81.64397430419922,30.259706497192383,5
,,Supplier Or Distributor,-81.6438345,30.2596952,5
,,Uncategorized,-81.64381813072545,30.259950812475296,5
,,Atm,-81.64378322,30.25977004,5
,,Bank Or Credit Union,-81.643823,30.259716000000004,5
,,Financial Service,-81.64382374,30.259771319999995,5
,,Books Music And Video Store,-81.64385170000001,30.2597671,5
,,Restaurant,-81.64387087171039,30.25976652204781,5
,,Food And Beverage Store,-81.64390405,30.25985433,5
,,Home Service,-81.6439852,30.260089599999997,5
,,Financial Service,-81.6439852,30.260089599999997,5
,,Animal Or Pet Service,-81.6446366,30.259504800000002,5
,,Casual Eatery,-81.6446022816035,30.260630762181773,5
,,Casual Eatery,-81.644768,30.260477999999996,5
,,Hardware Home And Garden Store,-81.64511347,30.260257379999995,5
,,Food And Beverage Store,-81.645074,30.259897000000002,5
,,Complementary And Alternative Medicine,-81.64487564047194,30.25924804704472,5
,,Animal Or Pet Service,-81.6450872,30.25926189999999,5
,,Specialized Health Care,-81.64550158571868,30.260480871617485,5
,,Real Estate Service,-81.645517,30.2605715,5
,,Professional Service,-81.64555023,30.260463069999993,5
,,Real Estate Service,-81.64574752,30.26049172,5
,,Sport Or Fitness Facility,-81.64578113387734,30.26035906147305,5
,,Real Estate Service,-81.64576837,30.260388159999998,5
,,Real Estate Service,-81.645732,30.260386,5
,,Restaurant,-81.64569806194133,30.26043558738063,5
,,Real Estate Service,-81.64593499,30.26041100000001,5
,,Real Estate Service,-81.6459387,30.260418770000005,5
,,Real Estate Service,-81.64593636,30.26041899,5
,,Fast Food Restaurant,-81.6458538,30.260374800000005,5
,,Financial Service,-81.645813,30.260439999999985,5
,,Financial Service,-81.64585828,30.260509840000005,5
,,Gas Station,-81.64588223995264,30.26111390206107,5
,,Coffee Shop,-81.64595618,30.261123180000002,5
,,Restaurant,-81.64551,30.261349999999997,5
,,Home Service,-81.64487600000001,30.260873,5
,,Arts Crafts And Hobby Store,-81.64504492,30.26151593000001,5
,,Electronics Store,-81.644948,30.261337200000003,5
,,Electronics Store,-81.6449011,30.261443699999997,5
,,Restaurant,-81.64489,30.261329999999997,5
,,Restaurant,-81.64481909,30.261329550000003,5
,,Restaurant,-81.644846,30.261522999999993,5
,,Restaurant,-81.6448135375977,30.2614727020264,5
,,Restaurant,-81.645197,30.261879000000008,5
,,Restaurant,-81.64518359,30.261855250000007,5
,,Gym,-81.64509905000001,30.261730050000008,5
,,Personal Or Beauty Service,-81.64531999999902,30.261469999999903,5
,,Restaurant,-81.64522000000001,30.26163333,5
,,Restaurant,-81.64525210540133,30.261758463345934,5
,,Real Estate Service,-81.64595547,30.26280362,5
,,Real Estate Service,-81.64595019,30.262800050000003,5
,,Real Estate Service,-81.64591631,30.262783249999995,5
,,Specialty Store,-81.6447059608994,30.2623175555697,5
,,Financial Service,-81.6442043,30.261312400000016,5
,,Flowers And Gifts Store,-81.64474910853922,30.261400223064292,5
,,Fashion And Apparel Store,-81.644605,30.261260999999994,5
,,Fashion And Apparel Store,-81.64458648,30.261233480000005,5
,,Restaurant,-81.64465697,30.261265459999994,5
,,Restaurant,-81.6447536,30.260880999999998,5
,,Coffee Shop,-81.6447536,30.260880999999998,5
,,Personal Or Beauty Service,-81.64465019287123,30.260677098490234,5
,,Flowers And Gifts Store,-81.6445025,30.260883,5
,,Financial Service,-81.6444181,30.260905300000005,5
,,Financial Service,-81.6443686,30.260884000000004,5
,,Fashion And Apparel Store,-81.6444981,30.2609784,5
,,Restaurant,-81.644419,30.261263999999994,5
,,Smoothie Juice Bar,-81.64436098711587,30.261260158320134,5
,,Personal Or Beauty Service,-81.64421324,30.261232990000003,5
,,Personal Or Beauty Service,-81.6440642763394,30.26085916154699,5
,,Restaurant,-81.644024,30.261237,5
,,Restaurant,-81.64410143,30.26127895999999,5
,,Smoothie Juice Bar,-81.6441066,30.26127117,5
,,Personal Or Beauty Service,-81.64410893,30.26121995000001,5
,,Restaurant,-81.644155,30.261253,5
,,Storage Facility,-81.64392588,30.261789990000004,5
,,Restaurant,-81.64368422417553,30.261155855216124,5
,,Second Hand Store,-81.6436854053699,30.26084207457314,5
,,Atm,-81.6435194,30.260890299999996,5
,,Restaurant,-81.64354645,30.261249300000003,5
,,Laundry Service,-81.64350048000001,30.261239039999992,5
,,Atm,-81.6433771,30.26125632,5
,,Food And Beverage Store,-81.64334804,30.261241060000003,5
,,Bar,-81.6431902,30.2608933,5
,,Fashion And Apparel Store,-81.64307462,30.261027659999996,5
,,Laundry Service,-81.64336586824061,30.261317361920327,5
,,Restaurant,-81.643417,30.261320999999995,5
,,Fashion And Apparel Store,-81.643032,30.261095000000005,5
,,Historic Site,-81.64182,30.262017999999998,5
,,Historic Site,-81.64484608,30.26819804999999,5
,,Media Service,-81.645471,30.27499299999999,5
,,Christian Place Of Worship,-81.64513025005749,30.280566016856735,5
,,Uncategorized,-81.64421307933331,30.278942982965603,5
,,Professional Service,-81.64379805,30.280919089999998,5
,,Vehicle Dealer,-81.64369940000002,30.280475600000006,5
,,Home Service,-81.64379849,30.279944550000003,5
,,Food And Beverage Store,-81.643944,30.279602000000004,5
,,Automotive Service,-81.64399763,30.279731399999996,5
,,Christian Place Of Worship,-81.64402636,30.27889686,5
,,Auto Dealer,-81.64374507,30.278601329999994,5
,,Automotive Service,-81.6437835693359,30.27795028686519,5
,,Auto Dealer,-81.64362535,30.27801154999999,5
,,Uncategorized,-81.6426651,30.277024500000003,5
,,Sport Or Recreation Club,-81.64293392,30.276821440000006,5
,,Design Service,-81.64296671,30.277175690000004,5
,,Automotive Service,-81.64349,30.278058000000005,5
,,Family Service,-81.643361,30.278646000000002,5
,,Christian Place Of Worship,-81.64338,30.279210000000006,5
,,Christian Place Of Worship,-81.64349435,30.27987619,5
,,Manufacturer,-81.64343292814438,30.279892008509947,5
,,Rental Service,-81.643321,30.280482999999993,5
,,Professional Service,-81.64278935,30.279383170000003,5
,,Christian Place Of Worship,-81.64173822,30.279822190000004,5
,,Manufacturer,-81.64223806,30.276864770000003,5
,,Printing Service,-81.64222146,30.276421069999998,5
,,B2B Service,-81.6416499,30.275980700000005,5
,,Storage Facility,-81.64145098,30.27614562,5
,,Uncategorized,-81.6415035,30.275832500000003,5
,,Auto Dealer,-81.64181991000001,30.275620990000004,5
,,Supplier Or Distributor,-81.641838,30.27536,5
,,Automotive Service,-81.64178352549403,30.27539494174229,5
,,Hardware Home And Garden Store,-81.64178352549403,30.27539494174229,5
,,Automotive Service,-81.64204084,30.27450574,5
,,Home Service,-81.64241705,30.274910059999993,5
,,Home Service,-81.642,30.274999999999995,5
,,Home Service,-81.64212799072271,30.2750244140625,5
,,Home Service,-81.641907,30.275529,5
,,Storage Facility,-81.63902458,30.271733189999996,5
,,Sport Or Fitness Facility,-81.63907186851749,30.27183113238634,5
,,Auto Dealer,-81.63938421,30.27178549,5
,,Home Service,-81.63914832480644,30.27284626258883,5
,,Home Service,-81.63946264000002,30.27320768,5
,,Home Service,-81.64006832,30.274161139999993,5
,,Auto Dealer,-81.63963052,30.27428867000001,5
,,Uncategorized,-81.6395756,30.27385489999999,5
,,Vehicle Parts Store,-81.63897424,30.273421370000005,5
,,Home Service,-81.63912411893571,30.273999324664018,5
,,Home Service,-81.63917687133934,30.27381505210631,5
,,Hardware Home And Garden Store,-81.63919658,30.27402091,5
,,Hardware Home And Garden Store,-81.6391404490738,30.274042322414893,5
,,Home Service,-81.639132,30.274042,5
,,Uncategorized,-81.6391049,30.274090199999996,5
,,Fashion And Apparel Store,-81.63905788,30.274560669999993,5
,,Fashion And Apparel Store,-81.639307,30.274717999999986,5
,,Ground Transport Facility Or Service,-81.63982009887695,30.27490208197767,5
,,Professional Service,-81.64003444561936,30.274879779732636,5
,,Home Service,-81.64002,30.274840000000008,5
,,Uncategorized,-81.6399917602539,30.274820327758807,5
,,Specialty Store,-81.640028,30.274729999999995,5
,,Automotive Service,-81.64008235826712,30.274926119554575,5
,,Automotive Service,-81.64025847,30.275421900000005,5
,,Automotive Service,-81.64047345,30.275636140000003,5
,,Vehicle Dealer,-81.640526,30.275754000000003,5
,,Home Service,-81.64057167,30.275610139999998,5
,,Home Service,-81.6401918,30.274763929999995,5
,,Home Service,-81.640689,30.274394,5
,,Home Service,-81.64108897,30.273562630000004,5
,,Home Service,-81.64124,30.274199999999997,5
,,Home Service,-81.64118029,30.27445831,5
,,Auto Dealer,-81.641201,30.274438999999994,5
,,Auto Dealer,-81.641285,30.274409,5
,,Auto Dealer,-81.640982,30.274901000000003,5
,,Automotive Service,-81.64077604,30.275268809999993,5
,,Ground Transport Facility Or Service,-81.640877,30.275406000000004,5
,,Automotive Service,-81.640826,30.275656000000012,5
,,Home Service,-81.64111153,30.275607199999993,5
,,Home Service,-81.64092607,30.276930059999998,5
,,Home Service,-81.64047224,30.276922539999997,5
,,Christian Place Of Worship,-81.63935289,30.276902120000006,5
,,Laundry Service,-81.638965,30.276904999999996,5
,,Home Service,-81.63898387,30.276268070000008,5
,,Uncategorized,-81.6387515,30.276511599999996,5
,,Electronics Store,-81.63856931760326,30.27636468190072,5
,,Vehicle Service,-81.638066629024,30.276099066278,5
,,Social Or Community Service,-81.63834019,30.276812249999995,5
,,Christian Place Of Worship,-81.638791,30.279009999999992,5
,,Elementary School,-81.63823907238425,30.28030265962141,5
,,Elementary School,-81.63800273,30.280575450000004,5
,,Hospital,-81.638179,30.27946700000001,5
,,Christian Place Of Worship,-81.63684063,30.277029819999992,5
,,Public Utility,-81.63665211,30.273435750000004,5
,,Vehicle Dealer,-81.63750403,30.2734691,5
,,Manufacturer,-81.63756147,30.27365762,5
,,Electronics Store,-81.637531,30.27348,5
,,Professional Service,-81.63750911,30.27346822000001,5
,,Hardware Home And Garden Store,-81.63763711220916,30.273423816432597,5
,,Gym,-81.63761952764925,30.27348523989487,5
,,Home Service,-81.6377747,30.2735327,5
,,Home Service,-81.63727572793294,30.27511349851862,5
,,Home Service,-81.638063,30.27545,5
,,Home Service,-81.63833460295744,30.275902370972783,5
,,Home Service,-81.63850739249051,30.27465772879704,5
,,Hardware Home And Garden Store,-81.63848190868187,30.274319354434013,5
,,Home Service,-81.63867355206621,30.274504713579176,5
,,Hardware Home And Garden Store,-81.638687,30.274438999999994,5
,,Hardware Home And Garden Store,-81.638687,30.274438999999994,5
,,Fashion And Apparel Store,-81.638684,30.274454,5
,,Vehicle Service,-81.63808,30.273899999999994,5
,,Home Service,-81.638361,30.274109000000006,5
,,Vehicle Parts Store,-81.638067,30.27389,5
,,Hardware Home And Garden Store,-81.63806829974774,30.27384087323672,5
,,Financial Service,-81.63800280524013,30.273855957141674,5
,,Automotive Service,-81.63800280524013,30.273855957141674,5
,,Home Service,-81.63800590000001,30.27384485000001,5
,,Rental Service,-81.6378860473633,30.273628234863295,5
,,Ground Transport Facility Or Service,-81.6378860473633,30.273628234863295,5
,,Warehouse Club Store,-81.63789,30.273630000000008,5
,,Ground Transport Facility Or Service,-81.63789,30.273630000000008,5
,,Fashion And Apparel Store,-81.63789500000001,30.273617,5
,,Hardware Home And Garden Store,-81.63789500000001,30.273617,5
,,Home Service,-81.637894,30.273594,5
,,Home Service,-81.6380006,30.2727045,5
,,Home Service,-81.63828,30.272950000000012,5
,,Fashion And Apparel Store,-81.63826909,30.27289770999999,5
,,Home Service,-81.63859612,30.272497709999985,5
,,Hardware Home And Garden Store,-81.63802113,30.271913820000005,5
,,Flowers And Gifts Store,-81.637617,30.271237999999997,5
,,Flowers And Gifts Store,-81.63734805,30.2712955,5
,,Fashion And Apparel Store,-81.6372639,30.271486199999995,5
,,Manufacturer,-81.6372196,30.271609800000004,5
,,Uncategorized,-81.6372817,30.272001700000004,5
,,Hardware Home And Garden Store,-81.637787,30.272508,5
,,Home Service,-81.637397,30.272397000000005,5
,,Home Service,-81.63677636,30.271593449999997,5
,,Restaurant,-81.63712310791016,30.271545410156257,5
,,Home Service,-81.6368181,30.2710212,5
,,Uncategorized,-81.636876,30.271087000000005,5
,,Home Service,-81.636865,30.271077,5
,,Manufacturer,-81.63691485000001,30.271429889999986,5
,,Lake,-81.63814423396366,30.268800409380937,5
,,Attorney Or Law Firm,-81.64073774000002,30.261123570000002,5
,,Personal Or Beauty Service,-81.64072317,30.260764899999998,5
,,Specialized Health Care,-81.6407059,30.260875099999996,5
,,Taxi Or Ride Share Service,-81.64014,30.260889999999996,5
,,Financial Service,-81.64017749,30.260700569999997,5
,,Real Estate Service,-81.63975991,30.26093232,5
,,Medical Service,-81.6392643,30.260834299999996,5
,,Financial Service,-81.63919571,30.260945190000005,5
,,Financial Service,-81.6391699,30.261049999999997,5
,,Christian Place Of Worship,-81.63879274000001,30.260968170000005,5
,,Christian Place Of Worship,-81.63881457,30.261008460000003,5
,,Financial Service,-81.63881,30.261140000000005,5
,,Printing Service,-81.6385723,30.26070669000001,5
,,Personal Or Beauty Service,-81.63833756,30.26070216,5
,,Christian Place Of Worship,-81.63820788,30.260971929999993,5
,,Arts Crafts And Hobby Store,-81.63747611,30.260715300000005,5
,,Uncategorized,-81.637017,30.260836999999995,5
,,Home Service,-81.63638358,30.260758899999995,5
,,Reproductive Perinatal And Womens Care,-81.63639425,30.260953769999997,5
,,Personal Or Beauty Service,-81.63639733595862,30.261087138557194,5
,,Professional Service,-81.63618337,30.261238799999994,5
,,Complementary And Alternative Medicine,-81.63615497,30.26072211,5
,,Park,-81.635835,30.261141000000002,5
,,Health Care,-81.63560887,30.26100186000001,5
,,Surgery,-81.63562909470285,30.261206777141403,5
,,Building Or Construction Service,-81.6353,30.261499999999998,5
,,Wellness Service,-81.6352719,30.261141060000003,5
,,Environmental Or Ecological Service,-81.635269165039,30.261099665186997,5
,,Real Estate Service,-81.63483917,30.26074356999999,5
,,Wellness Service,-81.63486952,30.261159359999997,5
,,Financial Service,-81.63471230699604,30.261418010470038,5
,,Outpatient Care Facility,-81.63430666719609,30.26133935013835,5
,,Professional Service,-81.6342757,30.261294299999996,5
,,Home Service,-81.63411305,30.260772710000005,5
,,Complementary And Alternative Medicine,-81.63377158,30.26115748,5
,,Uncategorized,-81.633797,30.261765999999998,5
,,Doctor,-81.63357222,30.261159969999998,5
,,Personal Or Beauty Service,-81.63369643,30.26073857,5
,,Doctor,-81.633044,30.260669999999998,5
,,Attorney Or Law Firm,-81.63284902,30.260755979999985,5
,,Financial Service,-81.6325623,30.261107599999995,5
,,Real Estate Service,-81.63282984,30.261158260000002,5
,,Real Estate Service,-81.63282447,30.261157719999996,5
,,Real Estate Service,-81.63281174,30.261161369999993,5
,,Wellness Service,-81.63257916,30.260762789999994,5
,,Financial Service,-81.63249049,30.261062999999993,5
,,Travel Service,-81.632518,30.26117799999999,5
,,Uncategorized,-81.63251700000002,30.261201999999994,5
,,Financial Service,-81.63229,30.261218000000007,5
,,Real Estate Service,-81.6322736555264,30.261176643602028,5
,,Financial Service,-81.63227306000002,30.261015620000002,5
,,Financial Service,-81.63227591,30.261041359999993,5
,,Home Service,-81.6321425,30.260891200000003,5
,,Uncategorized,-81.6320245,30.260892100000003,5
,,Medical Service,-81.6320366,30.261139799999995,5
,,Auto Dealer,-81.6322311,30.26550869999999,5
,,Hardware Home And Garden Store,-81.6340562,30.268154399999993,5
,,Gas Station,-81.63358145347154,30.267932160291984,5
,,Gas Station,-81.63352200000001,30.267970999999992,5
,,Casual Eatery,-81.63336425,30.26789673,5
,,Corporate Or Business Office,-81.63277865744215,30.265822194138114,5
,,Corporate Or Business Office,-81.63251186023746,30.266113137470526,5
,,Professional Service,-81.632457,30.2661122,5
,,Home Service,-81.63234449,30.26676877999999,5
,,Home Service,-81.6324997,30.2672616,5
,,Professional Service,-81.6320767,30.267528299999995,5
,,Home Service,-81.63207919,30.267563419999995,5
,,Vehicle Service,-81.63214543,30.26785820999999,5
,,Fashion And Apparel Store,-81.63213617,30.26781807,5
,,B2B Office And Professional Service,-81.632,30.267719999999997,5
,,Hardware Home And Garden Store,-81.6327532,30.268237000000006,5
,,Home Service,-81.63226209999999,30.2685402,5
,,Home Service,-81.63197326,30.269339619999997,5
,,Home Service,-81.6319971,30.26939960000001,5
,,Hardware Home And Garden Store,-81.632518,30.270635,5
,,Home Service,-81.63244993881722,30.270602380466716,5
,,Uncategorized,-81.6325607299805,30.270704269409205,5
,,Home Service,-81.63341748,30.270240970000003,5
,,Vehicle Parts Store,-81.6336613,30.269596779999993,5
,,Hardware Home And Garden Store,-81.6333389282227,30.268482208252,5
,,Printing Service,-81.63373438,30.26854646,5
,,Printing Service,-81.63396018,30.268479039999995,5
,,Hardware Home And Garden Store,-81.63413632,30.270113449999986,5
,,Professional Service,-81.63415,30.270790000000005,5
,,Automotive Service,-81.6342620849609,30.270708084106385,5
,,Supplier Or Distributor,-81.63431572914124,30.270720851898776,5
,,Health Care,-81.634385,30.270642,5
,,Event Or Party Service,-81.63439298,30.270638959999996,5
,,Personal Care And Beauty Store,-81.63440049,30.270735409999997,5
,,Fashion And Apparel Store,-81.63439611,30.270826669999998,5
,,Supplier Or Distributor,-81.63452339,30.270668960000002,5
,,Second Hand Store,-81.634453,30.27065700000001,5
,,Shopping,-81.6346318,30.2707281,5
,,Hardware Home And Garden Store,-81.63513243,30.26962343,5
,,Corporate Or Business Office,-81.6350743559479,30.269768452182664,5
,,Automotive Service,-81.63433387,30.268709099999995,5
,,Park,-81.635949611664,30.26800027555999,5
,,Sport Field,-81.63584098,30.269370360000003,5
,,Manufacturer,-81.63578902,30.270451390000012,5
,,Restaurant,-81.63660735427835,30.271251301203336,5
,,Vehicle Parts Store,-81.63662613,30.271288799999994,5
,,Financial Service,-81.63653,30.271319999999996,5
,,Hardware Home And Garden Store,-81.63648,30.271289999999993,5
,,Sport Or Recreation Club,-81.63586412,30.272416029999995,5
,,Hardware Home And Garden Store,-81.63558676,30.27161753,5
,,Public Utility,-81.63579327996,30.271410245278993,5
,,Public Utility,-81.63579327995953,30.271410245279213,5
,,Supplier Or Distributor,-81.635808,30.271438,5
,,Home Service,-81.63587246000002,30.271438649999997,5
,,Hardware Home And Garden Store,-81.6359191,30.271434000000003,5
,,Home Service,-81.6350929,30.270897250000004,5
,,Hardware Home And Garden Store,-81.63632676,30.273530379999997,5
,,Second Hand Store,-81.636251,30.278906999999997,5
,,Home Service,-81.63590414,30.279014569999998,5
,,Home Service,-81.6329913615419,30.276616408743173,5
,,Christian Place Of Worship,-81.63280852,30.274217389999997,5
,,Home Service,-81.63372795,30.273206140000006,5
,,Gym,-81.634267,30.271187999999995,5
,,Event Or Party Service,-81.6329996,30.271333369999997,5
,,Event Or Party Service,-81.63297424,30.27114401,5
,,Event Or Party Service,-81.6329844,30.270951,5
,,Building Or Construction Service,-81.632192,30.272783999999998,5
,,Home Service,-81.63216035,30.272897879999995,5
,,Building Or Construction Service,-81.63085421,30.27207899,5
,,Specialty Store,-81.630917,30.271619,5
,,Shopping,-81.6313342570257,30.271777210392823,5
,,Hardware Home And Garden Store,-81.6308397,30.27103481,5
,,Home Service,-81.63083000000002,30.270917999999998,5
,,Specialty Store,-81.63077824,30.271707919999997,5
,,Home Service,-81.63027968,30.271435559999997,5
,,Public Utility,-81.62982,30.27145,5
,,Christian Place Of Worship,-81.629659124737,30.274140377138426,5
,,Supplier Or Distributor,-81.63135640979554,30.27997607402151,5
,,Electronics Store,-81.629728,30.280196,5
,,Casual Eatery,-81.629728,30.280196,5
,,Fashion And Apparel Store,-81.629728,30.280196,5
,,Pharmacy And Drug Store,-81.629728,30.280196,5
,,Personal Or Beauty Service,-81.629823,30.279164999999992,5
,,Automotive Service,-81.62960039192149,30.276708697784503,5
,,Bank Or Credit Union,-81.629079,30.279209999999992,5
,,Books Music And Video Store,-81.6291237,30.279341700000007,5
,,Supplier Or Distributor,-81.6291237,30.279341700000007,5
,,Hardware Home And Garden Store,-81.62916400880336,30.279432799320286,5
,,Uncategorized,-81.629197,30.279550999999998,5
,,Personal Or Beauty Service,-81.62926956000001,30.279483350000003,5
,,Uncategorized,-81.6294756,30.2797276,5
,,Financial Service,-81.6294756,30.2797276,5
,,Casual Eatery,-81.62948321,30.279404019999998,5
,,Superstore,-81.62904467,30.27987228,5
,,Bank Or Credit Union,-81.629028,30.279296000000002,5
,,Home Service,-81.6289962,30.279193800000005,5
,,Financial Service,-81.62899291,30.2791934,5
,,Home Service,-81.62896955218906,30.279152055922342,5
,,Technical Service,-81.628969,30.279249,5
,,Pharmacy And Drug Store,-81.62842720783374,30.27914295359242,5
,,Food And Beverage Store,-81.6281747058823,30.2798703529412,5
,,Food And Beverage Store,-81.62834092,30.28082193,5
,,Fast Food Restaurant,-81.62817760281924,30.280822550399687,5
,,Gas Station,-81.628218,30.280469000000004,5
,,Corporate Or Business Office,-81.62802252,30.280275769999985,5
,,Housing Or Property Service,-81.62738698,30.280905239999996,5
,,Uncategorized,-81.6273235,30.280503000000003,5
,,Printing Service,-81.627507,30.279841,5
,,Convenience Store,-81.62734401,30.279861469999997,5
,,Home Service,-81.62734,30.2797415,5
,,Home Service,-81.627724,30.279734000000005,5
,,Auto Dealer,-81.62743038,30.278153239999998,5
,,B2B Office And Professional Service,-81.6281890869141,30.278429031372095,5
,,Shipping Or Delivery Service,-81.6281890869141,30.278427124023395,5
,,Parking,-81.62754,30.276419999999998,5
,,Food Bank,-81.62952661,30.2742476,5
,,Electronics Store,-81.6288276,30.271469399999994,5
,,Arts Crafts And Hobby Store,-81.628834,30.271353000000005,5
,,Automotive Service,-81.6280575,30.271635699999994,5
,,Shipping Or Delivery Service,-81.62841102,30.271650669999993,5
,,Home Service,-81.62822184,30.272195750000005,5
,,Hardware Home And Garden Store,-81.627374,30.270454000000008,5
,,Shipping Or Delivery Service,-81.62785664,30.27001522,5
,,Hardware Home And Garden Store,-81.62808575,30.270140030000004,5
,,Home Service,-81.62789426743984,30.26962177807314,5
,,Hardware Home And Garden Store,-81.627627,30.26878,5
,,Home Service,-81.627781,30.268752000000003,5
,,Warehouse Club Store,-81.62787371,30.269532969999997,5
,,Warehouse Club Store,-81.62751982,30.26835881,5
,,Hardware Home And Garden Store,-81.62739659,30.26835897999999,5
,,Supplier Or Distributor,-81.6276966,30.268138199999992,5
,,Home Service,-81.6276966,30.268138199999992,5
,,Uncategorized,-81.62928000000001,30.269496999999994,5
,,Corporate Or Business Office,-81.6292799452278,30.269496561529014,5
,,Supplier Or Distributor,-81.62923204653804,30.269450222393786,5
,,Event Venue,-81.6288634458153,30.268387714441907,5
,,Home Service,-81.62880882392464,30.26943294701221,5
,,Food And Beverage Store,-81.62874492,30.26976562999999,5
,,Home Service,-81.6291819,30.270222679999996,5
,,Home Service,-81.62925441,30.2701229,5
,,Home Service,-81.62995053441198,30.27014531028089,5
,,Supplier Or Distributor,-81.63004332659467,30.269607609895882,5
,,Hardware Home And Garden Store,-81.629918,30.269584000000002,5
,,Home Service,-81.63005003847259,30.268516029672956,5
,,Home Service,-81.62998756017701,30.269161491278258,5
,,Home Service,-81.63030306,30.269502790000004,5
,,Supplier Or Distributor,-81.63036275,30.26860988,5
,,Home Service,-81.63073363,30.26860212,5
,,Home Service,-81.63068914,30.2706613,5
,,Manufacturer,-81.63084,30.270457000000007,5
,,Home Service,-81.63098073361205,30.26996543214128,5
,,Hardware Home And Garden Store,-81.6310362,30.270195899999994,5
,,Professional Service,-81.631802,30.269661999999993,5
,,Supplier Or Distributor,-81.631551,30.269721000000004,5
,,Hardware Home And Garden Store,-81.63172537333638,30.268646519307758,5
,,Hardware Home And Garden Store,-81.63177327434276,30.26869285812894,5
,,Home Service,-81.63194391,30.2684406,5
,,Home Service,-81.63144369,30.268318259999994,5
,,Animal Or Pet Service,-81.63153275,30.268129010000003,5
,,Hardware Home And Garden Store,-81.631669,30.268193,5
,,Manufacturer,-81.63184411,30.268069070000006,5
,,Vehicle Service,-81.63182256,30.26599623,5
,,Home Service,-81.631557,30.265817,5
,,Religious Organization,-81.63155,30.265839999999994,5
,,Pediatric Clinic,-81.6297656,30.263698400000003,5
,,Bank Or Credit Union,-81.630274,30.26422000000001,5
,,Arts Crafts And Hobby Store,-81.63050009414796,30.26416694055391,5
,,Home Service,-81.63050009414796,30.26416694055391,5
,,Personal Or Beauty Service,-81.63047658,30.264199129999994,5
,,Convenience Store,-81.6303683,30.264045480000004,5
,,Atm,-81.630368,30.264041999999996,5
,,Second Hand Store,-81.630384,30.264064,5
,,Casual Eatery,-81.63040583,30.263942349999994,5
,,Toys And Games Store,-81.63037398681892,30.263966505271817,5
,,Casual Eatery,-81.6303259,30.2641174,5
,,Personal Or Beauty Service,-81.63026,30.26388,5
,,Personal Or Beauty Service,-81.63051551,30.264131250000002,5
,,Flowers And Gifts Store,-81.63060089,30.26426405,5
,,Preschool,-81.630568,30.264267999999994,5
,,Personal Or Beauty Service,-81.63062675,30.264350349999994,5
,,Elementary School,-81.63094428,30.265399910000006,5
,,Behavioral Or Mental Health Clinic,-81.63111277,30.26475428,5
,,Arts Crafts And Hobby Store,-81.63178053,30.265580719999996,5
,,Uncategorized,-81.6315586,30.2611349,5
,,Specialized Health Care,-81.63155988,30.261133,5
,,Legal Service,-81.63146575,30.260763540000003,5
,,Sport Or Fitness Facility,-81.63113957,30.261701799999997,5
,,Event Or Party Service,-81.631055,30.261802000000007,5
,,Gym,-81.63095161,30.26189131,5
,,Uncategorized,-81.6309538,30.261894499999993,5
,,Restaurant,-81.630952,30.261874,5
,,Art Gallery,-81.63085850231198,30.261846898582405,5
,,Discount Store,-81.63085850231198,30.261846898582405,5
,,Arts Crafts And Hobby Store,-81.63085850231198,30.261846898582405,5
,,Sport Or Fitness Facility,-81.63093208,30.26156814,5
,,Personal Or Beauty Service,-81.63054626040905,30.261230312782736,5
,,Food And Beverage Store,-81.63032307,30.261882779999986,5
,,Casual Eatery,-81.630498,30.26170400000001,5
,,Flowers And Gifts Store,-81.630498,30.26170400000001,5
,,Bar,-81.630498,30.26170400000001,5
,,Restaurant,-81.63044111,30.26192821,5
,,Fashion And Apparel Store,-81.63055,30.261750000000006,5
,,Casual Eatery,-81.630767822266,30.261656612074997,5
,,Personal Care And Beauty Store,-81.63079564,30.261872459999996,5
,,Gym,-81.63075785049867,30.261984828805385,5
,,Primary Care Or General Clinic,-81.63054172,30.261953549999994,5
,,Home Service,-81.63022462,30.261942980000004,5
,,Walk In Clinic,-81.6300849,30.2619501,5
,,Discount Store,-81.629838,30.261290999999996,5
,,Dental Clinic,-81.62980456,30.261171189999995,5
,,Wellness Service,-81.62973976148352,30.260683371345284,5
,,Bank Or Credit Union,-81.629072,30.261732,5
,,Financial Service,-81.6290663,30.2609313,5
,,Books Music And Video Store,-81.6290663,30.2609313,5
,,Food And Beverage Store,-81.62889176,30.261659299999994,5
,,Dental Clinic,-81.62881,30.26171,5
,,Atm,-81.62882093502482,30.26177884865108,5
,,Arts Crafts And Hobby Store,-81.62852164,30.26261987,5
,,Hardware Home And Garden Store,-81.62860482852783,30.262882393823542,5
,,Food And Beverage Store,-81.62870045,30.26292430000001,5
,,Uncategorized,-81.6290973,30.26300900000001,5
,,Building Or Construction Service,-81.62940307,30.262619680000004,5
,,Media Service,-81.62933,30.2636,5
,,Pediatric Clinic,-81.6293897,30.26401449999999,5
,,Health Care,-81.629445,30.264008000000008,5
,,Ground Transport Facility Or Service,-81.628949411466,30.263440930502,5
,,Specialty Store,-81.628983,30.263516,5
,,Christian Place Of Worship,-81.62875656509017,30.263307859282232,5
,,Christian Place Of Worship,-81.62872,30.26329000000001,5
,,Auto Dealer,-81.628708,30.263279999999998,5
,,Christian Place Of Worship,-81.628678,30.263267,5
,,Sport Or Fitness Facility,-81.62800796,30.26356636,5
,,Home Service,-81.62792712,30.263712100000006,5
,,Home Service,-81.62825310926914,30.264110810418714,5
,,Building Or Construction Service,-81.627593,30.264335,5
,,Uncategorized,-81.6278673,30.2635821,5
,,Uncategorized,-81.62737551721904,30.262619702676492,5
,,Flowers And Gifts Store,-81.627415,30.262786,5
,,Second Hand Store,-81.627471,30.262569999999997,5
,,Food And Beverage Store,-81.628231,30.263094000000002,5
,,Food Truck Stand,-81.62823,30.263109999999994,5
,,Food Service,-81.628176,30.263129999999997,5
,,Home Service,-81.62821102142334,30.262709791749828,5
,,Arts Crafts And Hobby Store,-81.62825,30.262720000000005,5
,,Home Service,-81.62820408420333,30.262573113807576,5
,,Second Hand Store,-81.62792,30.262040000000002,5
,,Uncategorized,-81.6278852847529,30.260695968926374,5
,,Atm,-81.6273530833672,30.261343421601808,5
,,Smoothie Juice Bar,-81.62735607,30.26081018000001,5
,,Food And Beverage Store,-81.62763245,30.26064349,5
,,Food And Beverage Store,-81.62763000000001,30.26056,5
,,Food And Beverage Store,-81.62763000000001,30.26056,5
,,Food And Beverage Store,-81.627611,30.260586999999994,5
,,Casual Eatery,-81.62761064735965,30.26058712531223,5
,,Casual Eatery,-81.62767612615804,30.26057204138149,5
,,Home Service,-81.628,30.260480000000005,5
,,Auto Dealer,-81.628013,30.260487999999995,5
,,Printing Service,-81.627995,30.260480000000005,5
,,Second Hand Store,-81.627968,30.260619,5
,,Specialized Health Care,-81.62795321,30.260510840000002,5
,,Uncategorized,-81.62834363906151,30.26059037964556,5
,,Food And Beverage Store,-81.628724,30.260331,5
,,Storage Facility,-81.62943,30.260379999999994,5
,,Real Estate Service,-81.62847235,30.25388223,3
,,Home Service,-81.63149354,30.254707900000007,3
,,Personal Or Beauty Service,-81.6297109,30.260223719999992,5
,,Personal Or Beauty Service,-81.630082,30.260504850000004,5
,,Personal Or Beauty Service,-81.63010251,30.26050344,5
,,Home Service,-81.63010223000002,30.260505419999994,5
,,Personal Or Beauty Service,-81.63010723,30.260503349999997,5
,,Wellness Service,-81.63011,30.260509999999993,5
,,Personal Or Beauty Service,-81.63011,30.260509999999993,5
,,Fashion And Apparel Store,-81.63011,30.260509999999993,5
,,Home Service,-81.630333,30.260475999999993,5
,,Personal Or Beauty Service,-81.63045643,30.2606171,5
,,Personal Or Beauty Service,-81.63037,30.260460000000002,5
,,Physical Medicine And Rehabilitation,-81.63043017,30.26031953,5
,,Personal Or Beauty Service,-81.63043184,30.260312309999996,5
,,Diagnostics Imaging Or Lab Service,-81.6304369,30.260314499999986,5
,,Personal Or Beauty Service,-81.63043633,30.260315570000003,5
,,Personal Or Beauty Service,-81.6304347,30.260312290000005,5
,,Personal Or Beauty Service,-81.63043425,30.26031139,5
,,Personal Or Beauty Service,-81.63043954,30.260314359999995,5
,,Animal Or Pet Service,-81.63043274,30.26031463,5
,,Home Service,-81.63037,30.260009999999994,5
,,Complementary And Alternative Medicine,-81.63037,30.260009999999994,5
,,Physical Medicine And Rehabilitation,-81.6305405,30.25993360000001,5
,,Physical Medicine And Rehabilitation,-81.6305405,30.25993360000001,5
,,Attorney Or Law Firm,-81.6305405,30.25993360000001,5
,,Historic Site,-81.630722,30.260019299999993,5
,,Real Estate Service,-81.63067,30.260530000000003,5
,,Real Estate Service,-81.63067,30.260530000000003,5
,,Legal Service,-81.63119783,30.260262779999998,5
,,Legal Service,-81.63119899,30.260262280000003,5
,,Physical Medicine And Rehabilitation,-81.6312931,30.259384899999993,5
,,Complementary And Alternative Medicine,-81.63154524,30.259935649999992,5
,,Restaurant,-81.631552,30.25985100000001,5
,,Physical Medicine And Rehabilitation,-81.63149,30.26029,5
,,Legal Service,-81.631424,30.260511999999984,5
,,Physical Medicine And Rehabilitation,-81.6314133,30.260510000000007,5
,,Wellness Service,-81.63140664180199,30.26057318419833,5
,,Personal Or Beauty Service,-81.63191,30.260640000000006,5
,,Hardware Home And Garden Store,-81.63205660458182,30.26065292752279,5
,,Hardware Home And Garden Store,-81.632300949167,30.26065400463845,5
,,Animal And Pet Store,-81.63299600000002,30.260650999999985,5
,,Hardware Home And Garden Store,-81.63228822,30.257002160000003,3
,,Manufacturer,-81.6329,30.256199999999993,3
,,Personal Or Beauty Service,-81.6337,30.260620000000003,5
,,Personal Or Beauty Service,-81.6337,30.260620000000003,5
,,Real Estate Service,-81.634579,30.260626999999992,5
,,Specialized Health Care,-81.63528648,30.260600829999998,5
,,Professional Service,-81.6354921,30.26062339,5
,,Wellness Service,-81.636341543093,30.260640999149786,5
,,Sport Or Fitness Facility,-81.634015,30.252743000000002,3
,,Middle School,-81.63196836,30.250561150000003,3
,,Place Of Learning,-81.63263256737918,30.25010156093017,3
,,Home Service,-81.63426725245576,30.2469475358167,3
,,Christian Place Of Worship,-81.63384255,30.24737079999999,3
,,Historic Site,-81.63367854,30.249777820000002,3
,,Professional Service,-81.63547070540481,30.249366736607946,3
,,Tutoring Service,-81.62976,30.24225,3
,,Park,-81.63061340001981,30.244206900106324,3
,,Real Estate Service,-81.631228,30.248885,3
,,Uncategorized,-81.6300478,30.2467196,3
,,Behavioral Or Mental Health Clinic,-81.63006213,30.246092190000006,3
,,Historic Site,-81.6289972222,30.245813888899995,3
,,Home Service,-81.62791518711282,30.24692006486122,3
,,Event Or Party Service,-81.62829,30.245449999999995,3
,,Sport Field,-81.62785917,30.24299336,3
,,Sport Field,-81.628283149232,30.242944858062994,3
,,Place Of Learning,-81.62853318,30.241824930000003,3
,,Place Of Learning,-81.62843,30.242210000000007,3
,,Corporate Or Business Office,-81.628411575199,30.242725096108813,3
,,Swimming Pool,-81.62777447168457,30.241273583374984,3
,,Social Or Community Service,-81.63701224,30.2027903,3
,,B2B Transportation And Storage Service,-81.63754586420932,30.204075437060233,3
,,Travel Service,-81.638352,30.204463,3
,,Real Estate Service,-81.6320841,30.20463708,3
,,Specialty Store,-81.63217568,30.204606890000004,3
,,Theatre Venue,-81.63427,30.2057,3
,,Fashion And Apparel Store,-81.63218688964844,30.207609176635746,3
,,Uncategorized,-81.6276655,30.207464800000004,1
,,Professional Service,-81.63019002769586,30.205429799769096,3
,,Personal Or Beauty Service,-81.63011571,30.20258916,3
,,Park,-81.62863533156667,30.200395320123,3
,,Real Estate Service,-81.62541389465301,30.204561579039005,3
,,Park,-81.62525572,30.20238186999999,3
,,Electronics Store,-81.624771,30.20065599999999,3
,,Financial Service,-81.6229784488678,30.199841319768144,3
,,Home Service,-81.6251720415617,30.20480968868857,3
,,Home Service,-81.625991,30.205367,3
,,Home Service,-81.626968,30.209137000000002,1
,,Uncategorized,-81.6265766,30.211518500000004,1
,,Real Estate Service,-81.62071,30.210130000000003,1
,,Shopping,-81.61994454790235,30.2181359940664,1
,,Supplier Or Distributor,-81.61882645,30.21836435,1
,,Vehicle Service,-81.61827015,30.217550160000002,1
,,Marina,-81.61814955,30.21746558000001,1
,,Professional Service,-81.61840338207654,30.21692838421652,1
,,Vehicle Dealer,-81.61829487,30.217040180000005,1
,,Vehicle Service,-81.61833461,30.2171657,1
,,Recreational Equipment Rental,-81.61835827,30.217309620000005,1
,,Corporate Or Business Office,-81.61806326,30.215187940000003,1
,,Automotive Service,-81.6179745240299,30.211806626539726,1
,,Restaurant,-81.61801518,30.211333639999985,1
,,Shipping Or Delivery Service,-81.618048,30.208752,1
,,Outpatient Care Facility,-81.61892581594334,30.20762848508352,1
,,Behavioral Or Mental Health Clinic,-81.61895,30.207639999999998,1
,,Diagnostics Imaging Or Lab Service,-81.6186416,30.207305799999997,1
,,Real Estate Service,-81.61839,30.20794,1
,,Surgery,-81.6184491,30.20711650000001,1
,,Specialty School,-81.61853,30.20681099999999,1
,,Theatre Venue,-81.618547,30.206810999999995,1
,,Medical Service,-81.6185141,30.2068114,1
,,Outpatient Care Facility,-81.61859152,30.20592997,1
,,Dental Clinic,-81.61891124,30.206481270000005,1
,,Dental Clinic,-81.6189185,30.20651268,1
,,Dental Clinic,-81.61872689,30.206669670000007,1
,,Family Service,-81.6186379,30.207014419999997,1
,,Uncategorized,-81.618851,30.206734000000004,1
,,Surgery,-81.61912612617016,30.206840783357617,1
,,Dental Clinic,-81.619049,30.206966999999995,1
,,Dental Clinic,-81.61968115,30.20668885,1
,,Dental Clinic,-81.61951004,30.20687780000001,1
,,Reproductive Perinatal And Womens Care,-81.61956926,30.206218390000007,1
,,Reproductive Perinatal And Womens Care,-81.61946065,30.206148979999984,1
,,Reproductive Perinatal And Womens Care,-81.6194573,30.2061094,1
,,Reproductive Perinatal And Womens Care,-81.61945765,30.20610756,1
,,Reproductive Perinatal And Womens Care,-81.6194553,30.206131799999994,1
,,Uncategorized,-81.6194553,30.206131799999994,1
,,Reproductive Perinatal And Womens Care,-81.6191865,30.2064021,1
,,Reproductive Perinatal And Womens Care,-81.6191865,30.2064021,1
,,Financial Service,-81.6192853,30.205925000000004,1
,,Dental Clinic,-81.61999155,30.205887619999995,1
,,Home Service,-81.62006025000001,30.205702580000004,1
,,Financial Service,-81.62027545,30.206527460000004,1
,,Attorney Or Law Firm,-81.62027107,30.20652228,1
,,Financial Service,-81.620242,30.206547999999998,1
,,Attorney Or Law Firm,-81.62025454,30.20651392999999,1
,,Home Service,-81.620155,30.205996,1
,,Uncategorized,-81.6199965,30.2066907,1
,,Professional Service,-81.6199965,30.2066907,1
,,Medical Service,-81.61978,30.20679,1
,,Dental Clinic,-81.619767,30.206950999999997,1
,,Historic Site,-81.61983954,30.20829091,1
,,Real Estate Service,-81.61924904,30.20739902,1
,,Real Estate Service,-81.61924223,30.20739564,1
,,Real Estate Service,-81.6192381,30.20738104,1
,,Real Estate Service,-81.61923177,30.207381540000004,1
,,Real Estate Service,-81.6191811,30.207298100000006,1
,,Uncategorized,-81.619186,30.207310000000003,1
,,Real Estate Service,-81.61918,30.207309999999996,1
,,Complementary And Alternative Medicine,-81.61917011,30.207397419999996,1
,,Real Estate Service,-81.61921526,30.20742813,1
,,Real Estate Service,-81.619252,30.207425000000008,1
,,Home Service,-81.62040169748514,30.208664777008988,1
,,Professional Service,-81.62102082319564,30.204792653365207,1
,,Attorney Or Law Firm,-81.62100414,30.205738779999997,1
,,Labor Union,-81.62094,30.2057,1
,,Wellness Service,-81.62094,30.2057,1
,,Wellness Service,-81.62094,30.2057,1
,,Elementary School,-81.62045,30.206359000000003,1
,,Behavioral Or Mental Health Clinic,-81.62040074,30.205927959999993,1
,,Complementary And Alternative Medicine,-81.62060800000002,30.20571,1
,,Civic Organization,-81.62064383569216,30.205682894304335,1
,,Professional Service,-81.62070927630418,30.205667788684984,1
,,Personal Or Beauty Service,-81.62071798,30.20576973,1
,,Wellness Service,-81.62071603,30.20576846999999,1
,,Wellness Service,-81.62075,30.205717000000003,1
,,Library,-81.62078856,30.205225469999995,1
,,Library,-81.62083232997463,30.205237774729344,1
,,Financial Service,-81.62053227,30.204703030000005,1
,,Financial Service,-81.6205999,30.204687200000002,1
,,Complementary And Alternative Medicine,-81.62082477,30.20396005,1
,,Food And Beverage Store,-81.62083445,30.203581259999993,1
,,Financial Service,-81.62078163,30.203571979999992,1
,,Health Care,-81.6205764,30.2040252,1
,,Uncategorized,-81.6205764,30.2040252,1
,,Uncategorized,-81.6205764,30.2040252,1
,,Casual Eatery,-81.620421,30.203838999999995,1
,,Skate Park,-81.62038578066807,30.203195382690748,3
,,Medical Service,-81.6205237,30.20272709999999,3
,,Travel Service,-81.62071939,30.202791959999985,3
,,Personal Or Beauty Service,-81.62083389,30.202736550000004,3
,,Personal Or Beauty Service,-81.62083069,30.20273449999999,3
,,Personal Or Beauty Service,-81.62087566,30.2027201,3
,,Medical Service,-81.62087851,30.202726789999996,3
,,Event Or Party Service,-81.6208425,30.202823729999984,3
,,Financial Service,-81.62084113,30.202859150000002,3
,,Wellness Service,-81.62083965,30.202854659999993,3
,,Legal Service,-81.6207187,30.20279686,3
,,Corporate Or Business Office,-81.62091624322147,30.20280873943032,3
,,Wellness Service,-81.62091444,30.20272021,3
,,Wellness Service,-81.6209514004332,30.20268587682934,3
,,Financial Service,-81.620937,30.202722999999995,3
,,Event Or Party Service,-81.620955,30.202763,3
,,Personal Or Beauty Service,-81.620962,30.202755999999997,3
,,Casual Eatery,-81.620959,30.202728000000008,3
,,B2B Transportation And Storage Service,-81.620959,30.202728000000008,3
,,Music Venue,-81.62098,30.20274,3
,,Professional Service,-81.62098,30.20274,3
,,Environmental Or Ecological Service,-81.62097852,30.203691489999994,1
,,Attorney Or Law Firm,-81.62097595,30.20361335999999,1
,,Uncategorized,-81.62102762068162,30.203700997018867,1
,,Corporate Or Business Office,-81.62099,30.203960000000002,1
,,Health Care,-81.62099,30.203960000000002,1
,,Financial Service,-81.62106277,30.20432858,1
,,Financial Service,-81.62092457,30.20431159,1
,,Casual Eatery,-81.62099541604843,30.204454280632415,1
,,Building Or Construction Service,-81.62162,30.201549999999994,3
,,Home Service,-81.622284,30.199617999999994,3
,,Legal Service,-81.621504,30.199684,3
,,Department Store,-81.6213721,30.199647300000002,3
,,Personal Or Beauty Service,-81.62115588,30.200375039999997,3
,,Home Service,-81.62112498,30.200436,3
,,Print Media Service,-81.62095681,30.200398650000004,3
,,Medical Service,-81.62093117,30.20026184,3
,,Financial Service,-81.620938,30.20038299999999,3
,,Department Store,-81.62094116,30.200412749999987,3
,,Home Service,-81.62101285590663,30.20054887716512,3
,,Specialty School,-81.62101285590663,30.20054887716512,3
,,Religious Organization,-81.62102,30.200570000000006,3
,,Shopping,-81.62102,30.200570000000006,3
,,Christian Place Of Worship,-81.62031102000002,30.20209109,3
,,Animal Or Pet Service,-81.62043215,30.20068324,3
,,Dental Clinic,-81.62053968,30.200580229999993,3
,,Christian Place Of Worship,-81.6204566,30.20065009,3
,,Dental Clinic,-81.6206824,30.200816309999993,3
,,Dental Clinic,-81.6207809,30.2008018,3
,,Complementary And Alternative Medicine,-81.62084341049194,30.200630073747245,3
,,Flowers And Gifts Store,-81.62082141825096,30.200363582693534,3
,,Uncategorized,-81.620849,30.200332999999997,3
,,Home Service,-81.62076442,30.200352989999992,3
,,Financial Service,-81.62076693,30.20035456,3
,,Financial Service,-81.62068147,30.200304069999998,3
,,Financial Service,-81.62068978,30.200304350000003,3
,,Event Or Party Service,-81.62080854,30.20017248,3
,,Restaurant,-81.62068939208986,30.199655532836914,3
,,Restaurant,-81.62014651861818,30.19994567130405,3
,,Medical Service,-81.61974287,30.20044569,3
,,Rental Service,-81.61987092,30.200321419999995,3
,,Restaurant,-81.6199925,30.19986104999999,3
,,Sport Or Fitness Facility,-81.6197487,30.199921599999996,3
,,Home Service,-81.61939745,30.20066891,3
,,Vision Or Eye Care Clinic,-81.619583,30.200420000000005,3
,,Uncategorized,-81.61965624992521,30.200804708825626,3
,,Automotive Service,-81.61947263980674,30.201019216184854,3
,,Automotive Service,-81.619391,30.201033,3
,,Automotive Service,-81.61930372,30.20096433000001,3
,,Building Or Construction Service,-81.61980184000001,30.201884040000003,3
,,Bar,-81.62010262597524,30.202021229846924,3
,,Telecommunications Service,-81.62010262597524,30.202021229846924,3
,,Sport Or Fitness Facility,-81.62028077,30.20312552,3
,,Home Service,-81.62028879,30.2039056,1
,,Department Store,-81.6195371,30.203584200000005,1
,,Fashion And Apparel Store,-81.61797736389802,30.20090543880792,3
,,Convenience Store,-81.61808,30.200909999999997,3
,,Personal Or Beauty Service,-81.61815262,30.201076710000002,3
,,Shopping,-81.6184819,30.200996200000002,3
,,Bank Or Credit Union,-81.61900500000002,30.201703999999985,3
,,Personal Or Beauty Service,-81.618561,30.200635600000002,3
,,Specialized Health Care,-81.6190296,30.200317099999996,3
,,Primary Care Or General Clinic,-81.6188027,30.200045370000005,3
,,Doctor,-81.61844037,30.199989059999993,3
,,Specialized Health Care,-81.618448,30.199972999999993,3
,,Doctor,-81.618449,30.2000283,3
,,Specialized Health Care,-81.61848521415226,30.19998498715214,3
,,Event Or Party Service,-81.618537000001,30.199942982353,3
,,Financial Service,-81.61843478679657,30.20048055290532,3
,,Real Estate Service,-81.61813217,30.20042709000001,3
,,Home Service,-81.61810000000001,30.20078395,3
,,Specialty Store,-81.617903,30.200079000000006,3
,,Restaurant,-81.61769,30.199958,3
,,Specialty School,-81.61772655,30.19983107,3
,,Real Estate Service,-81.61765701641642,30.199889329798207,3
,,Fashion And Apparel Store,-81.61763,30.199889999999996,3
,,Wellness Service,-81.61760671,30.19991892,3
,,Personal Or Beauty Service,-81.61760025,30.199915739999994,3
,,Specialty School,-81.61760413000002,30.19991478,3
,,Corporate Or Business Office,-81.61759158154605,30.199904436311584,3
,,Personal Or Beauty Service,-81.61752424925007,30.200045425356276,3
,,Personal Or Beauty Service,-81.61748037,30.200047909999988,3
,,Personal Or Beauty Service,-81.61748394,30.20004412000001,3
,,Home Service,-81.61749234,30.200045460000002,3
,,Fashion And Apparel Store,-81.61757400229858,30.199965866448334,3
,,Uncategorized,-81.61746364409514,30.200565060400496,3
,,Financial Service,-81.61776402,30.200819939999988,3
,,Personal Or Beauty Service,-81.6177785,30.20080911999999,3
,,Personal Or Beauty Service,-81.617773,30.200730099999994,3
,,Food And Drink,-81.61781785,30.200687410000004,3
,,Personal Or Beauty Service,-81.61784676,30.20072915,3
,,Personal Or Beauty Service,-81.61787491,30.200703879999995,3
,,Personal Or Beauty Service,-81.61787405,30.200703060000006,3
,,Ground Transport Facility Or Service,-81.6177253,30.201967000000003,3
,,Automotive Service,-81.6177253,30.201967000000003,3
,,Restaurant,-81.6175307,30.201980200000012,3
,,Farm,-81.61729571,30.201912419999996,3
,,Restaurant,-81.61713600254208,30.201540612984118,3
,,Automotive Service,-81.617,30.202000000000005,3
,,Automotive Service,-81.61692393,30.201773940000002,3
,,Restaurant,-81.61705385,30.201501890000003,3
,,Laundry Service,-81.61693324,30.20058895,3
,,Discount Store,-81.6173548,30.2007115,3
,,Home Service,-81.6173558,30.200156700000008,3
,,Technical Service,-81.6173558,30.200156700000008,3
,,B2B Service,-81.61725866,30.19995226,3
,,Hardware Home And Garden Store,-81.616811,30.199854999999996,3
,,Storage Facility,-81.61655506,30.19999058,3
,,Personal Or Beauty Service,-81.6166167,30.20009329,3
,,Home Service,-81.61666916,30.20010427,3
,,Home Service,-81.616694,30.200024999999997,3
,,Hardware Home And Garden Store,-81.61658249,30.20067865,3
,,Shopping,-81.616589,30.200672,3
,,Second Hand Store,-81.616496,30.20057,3
,,Second Hand Store,-81.61638641178384,30.200698998910013,3
,,Hardware Home And Garden Store,-81.6164158,30.2006286,3
,,Storage Facility,-81.6163356315324,30.200022268673155,3
,,Specialty School,-81.6164206,30.200105350000005,3
,,Auto Dealer,-81.616389,30.199789999999993,3
,,Home Service,-81.6164,30.19975,3
,,Automotive Service,-81.616402,30.199759000000007,3
,,Uncategorized,-81.616394,30.199753,3
,,Wellness Service,-81.61617832,30.19988527,3
,,Home Service,-81.61617118,30.199886690000003,3
,,Convenience Store,-81.615981746478,30.200134687263702,3
,,Restaurant,-81.61585000000001,30.19980000000001,3
,,Restaurant,-81.615828,30.199836000000012,3
,,Art Gallery,-81.61582193239934,30.199681890106437,3
,,Gym,-81.61582193239934,30.199681890106437,3
,,Food And Beverage Store,-81.6157984,30.19967636000001,3
,,Specialized Health Care,-81.61577122,30.199652419999996,3
,,Restaurant,-81.61577407881674,30.199635566413825,3
,,Atm,-81.61575800000001,30.199655,3
,,Personal Or Beauty Service,-81.61577383,30.19966434000001,3
,,Uncategorized,-81.615764,30.199700999999994,3
,,Food And Beverage Store,-81.61575600000002,30.199696999999997,3
,,Cafe,-81.61573,30.199649999999995,3
,,Restaurant,-81.615685,30.199636,3
,,Gas Station,-81.615822,30.200137999999995,3
,,Gas Station,-81.6158086971577,30.200084675743987,3
,,Convenience Store,-81.6156694,30.200310699999992,3
,,Uncategorized,-81.615777,30.20066700000001,3
,,Food And Beverage Store,-81.616066,30.2008464,3
,,Personal Or Beauty Service,-81.61571664,30.20122109,3
,,Personal Or Beauty Service,-81.61581380053738,30.201449530210127,3
,,Restaurant,-81.615809,30.201391999999995,3
,,Fashion And Apparel Store,-81.615809,30.201391999999995,3
,,Laundry Service,-81.6158555,30.20120444,3
,,Second Hand Store,-81.61591576,30.20155201000001,3
,,Personal Or Beauty Service,-81.61571915,30.201630809999997,3
,,Casual Eatery,-81.6157133,30.201521479999993,3
,,Restaurant,-81.61567034,30.201531149999997,3
,,Restaurant,-81.61569983133978,30.20160331078997,3
,,Restaurant,-81.61623600329533,30.201651654968373,3
,,Casual Eatery,-81.6163679,30.201285999999993,3
,,Food And Beverage Store,-81.6167195,30.2024025,3
,,Fashion And Apparel Store,-81.616587,30.202776,3
,,Event Or Party Service,-81.6166514,30.202772529999997,3
,,Wellness Service,-81.61665228,30.202773309999998,3
,,Technical Service,-81.6166587,30.20277897000001,3
,,Ground Transport Facility Or Service,-81.61669,30.203249999999986,1
,,Hardware Home And Garden Store,-81.61666,30.20326,1
,,Animal And Pet Store,-81.616622,30.202834000000003,3
,,Home Service,-81.61661,30.20286,3
,,Automotive Service,-81.616255,30.202378,3
,,Automotive Service,-81.61622446,30.202366220000002,3
,,Animal Or Pet Service,-81.6162,30.20297,3
,,Animal Or Pet Service,-81.61619474,30.20321475,1
,,Animal Or Pet Service,-81.61610609697156,30.20317328075015,1
,,Storage Facility,-81.61565,30.203659999999992,1
,,Atm,-81.61592864990234,30.204383850097656,1
,,Uncategorized,-81.61592864990234,30.20464134216309,1
,,Gym,-81.61601928,30.204664999999995,1
,,Gym,-81.61597214,30.204377519999994,1
,,Vehicle Parts Store,-81.616304,30.203722000000003,1
,,Automotive Service,-81.61645200000001,30.203702999999997,1
,,Complementary And Alternative Medicine,-81.616698,30.203668000000004,1
,,Convenience Store,-81.61684685,30.204384050000005,1
,,Wellness Service,-81.6172528267998,30.20395405292207,1
,,Coffee Shop,-81.61719664,30.202216739999997,3
,,Restaurant,-81.61721557894586,30.202286097694245,3
,,Coffee Shop,-81.6174716,30.202406400000005,3
,,Restaurant,-81.61789401,30.202778550000005,3
,,Restaurant,-81.61792073276168,30.202811778515564,3
,,Bank Or Credit Union,-81.61758561,30.20426259,1
,,Outpatient Care Facility,-81.61758183520044,30.20420954926273,1
,,Bank Or Credit Union,-81.6175871,30.204160399999996,1
,,Financial Service,-81.617753,30.204961000000008,1
,,Convenience Store,-81.61791737,30.205082480000005,1
,,Gas Station,-81.6176453238042,30.20505546335772,1
,,Gas Station,-81.61725983,30.204726849999997,1
,,Uncategorized,-81.6171023,30.205037700000002,1
,,Shipping Or Delivery Service,-81.6171023,30.205037700000002,1
,,Food And Beverage Store,-81.6173073,30.20605309999999,1
,,Restaurant,-81.617311,30.206459999999996,1
,,Automotive Service,-81.6172702,30.2071892,1
,,Flowers And Gifts Store,-81.61749999,30.20677437,1
,,Restaurant,-81.61774779,30.206533770000004,1
,,Food And Beverage Store,-81.61788016,30.20607233,1
,,Automotive Service,-81.617785,30.207171000000006,1
,,Financial Service,-81.617829,30.20779699999999,1
,,Bank Or Credit Union,-81.61772846,30.20786592,1
,,Dental Clinic,-81.617425,30.207401,1
,,Hardware Home And Garden Store,-81.61775642,30.20822048,1
,,Bank Or Credit Union,-81.617777,30.207911999999997,1
,,Vehicle Parts Store,-81.6176571,30.208631160000003,1
,,Animal Or Pet Service,-81.6173341,30.2086227,1
,,Animal Or Pet Service,-81.6171662,30.208586499999992,1
,,Financial Service,-81.61720217,30.209626010000008,1
,,Complementary And Alternative Medicine,-81.61721206,30.209641829999995,1
,,Personal Or Beauty Service,-81.61721621,30.209660270000004,1
,,Dental Clinic,-81.6171985,30.209251279999997,1
,,Dental Clinic,-81.61707690000001,30.209256099999998,1
,,Dental Clinic,-81.61699516,30.209288850000007,1
,,Personal Or Beauty Service,-81.61703133,30.209563819999996,1
,,Behavioral Or Mental Health Clinic,-81.61703476,30.209673780000003,1
,,Wellness Service,-81.61706918956452,30.208845612185748,1
,,Professional Service,-81.61685948,30.208800169999996,1
,,Shipping Or Delivery Service,-81.617334,30.208259,1
,,Hardware Home And Garden Store,-81.6173182,30.208265299999994,1
,,Financial Service,-81.6173006,30.207861800000003,1
,,Automotive Service,-81.61728,30.207500000000003,1
,,Doctor,-81.61683082580566,30.207621368355273,1
,,Specialized Health Care,-81.6168231,30.207527600000002,1
,,Vision Or Eye Care Clinic,-81.61689399,30.207468979999994,1
,,Dental Clinic,-81.61629260685838,30.207433016405226,1
,,Uncategorized,-81.61629260685838,30.207433016405226,1
,,Behavioral Or Mental Health Clinic,-81.61633828,30.207557629999997,1
,,Playground,-81.6162567138672,30.207611083984382,1
,,Physical Medicine And Rehabilitation,-81.61566222,30.208480959999992,1
,,Senior Living Facility,-81.61574507,30.208282149999995,1
,,Outpatient Care Facility,-81.61570168,30.208199059999995,1
,,Fashion And Apparel Store,-81.616126,30.207489999999996,1
,,Uncategorized,-81.61606,30.207489999999996,1
,,Behavioral Or Mental Health Clinic,-81.616,30.20751,1
,,Fashion And Apparel Store,-81.61585000000001,30.20748,1
,,Uncategorized,-81.61580426297702,30.20743097757331,1
,,Uncategorized,-81.61587,30.207620000000002,1
,,Atm,-81.61652848404407,30.205023663830037,1
,,Books Music And Video Store,-81.6165996,30.205074300000003,1
,,Pharmacy And Drug Store,-81.61661,30.20502099999999,1
,,Shopping,-81.61662,30.205190000000005,1
,,Gas Station,-81.61662,30.205190000000005,1
,,Atm,-81.6165542602539,30.205009460449222,1
,,Vehicle Parts Store,-81.61547675,30.205306750000002,1
,,Automotive Service,-81.61512005,30.20527525,1
,,Casual Eatery,-81.6147946,30.205351379999996,1
,,Historic Site,-81.61488529,30.207128669999992,1
,,Home Service,-81.6155076,30.207713899999995,1
,,Doctor,-81.6155327,30.207713599999995,1
,,Building Or Construction Service,-81.61543252,30.20757357999999,1
,,Specialized Medical Facility,-81.61536,30.207530000000002,1
,,Real Estate Service,-81.615381,30.20741399999999,1
,,Personal Or Beauty Service,-81.61544841,30.207561820000002,1
,,Behavioral Or Mental Health Clinic,-81.61546762,30.207564879999993,1
,,Real Estate Service,-81.61542921660771,30.207460160853746,1
,,Real Estate Service,-81.615429,30.207460000000005,1
,,Attorney Or Law Firm,-81.61508664,30.207663510000003,1
,,Place Of Learning,-81.61503039,30.207808100000005,1
,,Home Service,-81.61464607,30.207565239999994,1
,,Uncategorized,-81.614143,30.20542099999999,1
,,Home Service,-81.614143,30.205416999999994,1
,,Financial Service,-81.61412105,30.205512999999996,1
,,Home Service,-81.614152,30.205717999999994,1
,,Personal Or Beauty Service,-81.61425495,30.205306770000004,1
,,Home Service,-81.614292432089,30.205026141431436,1
,,Uncategorized,-81.614258,30.20530000000001,1
,,Personal Or Beauty Service,-81.61425892,30.205309100000008,1
,,Civic Organization,-81.61427,30.205317999999995,1
,,Wellness Service,-81.614358,30.205011000000002,1
,,Wellness Service,-81.61422919,30.204887800000005,1
,,Home Service,-81.6138168034279,30.20519328186091,1
,,Home Service,-81.6138168034279,30.20519328186091,1
,,Media Service,-81.613877,30.205208,1
,,Professional Service,-81.61382609,30.205184759999998,1
,,Professional Service,-81.6138278,30.205189,1
,,Uncategorized,-81.61383,30.205204999999992,1
,,Home Service,-81.6138467,30.205725499999996,1
,,Arts Crafts And Hobby Store,-81.6138467,30.205725499999996,1
,,Preschool,-81.61342652,30.20542173000001,1
,,Condominium,-81.61336563146058,30.20420739447405,1
,,Historic Site,-81.61446935,30.202696449999994,3
,,Condominium,-81.61446730180711,30.202920472931012,3
,,Storage Facility,-81.6153598716615,30.203648999343603,1
,,Corporate Or Business Office,-81.61496050427573,30.202691893356054,3
,,Historic Site,-81.61456188,30.202668839999994,3
,,Arts Crafts And Hobby Store,-81.61563439689566,30.201618415325225,3
,,Personal Or Beauty Service,-81.61549083441274,30.20147944289528,3
,,Sport Or Fitness Facility,-81.61549083441274,30.20147944289528,3
,,Gym,-81.61550841458535,30.201418014260653,3
,,Restaurant,-81.61551674,30.20128885999999,3
,,Personal Or Beauty Service,-81.615496,30.201248999999994,3
,,Restaurant,-81.61537462620484,30.200817821922932,3
,,Bar,-81.6154174804688,30.200790405273395,3
,,Food And Beverage Store,-81.61558581,30.19979869999999,3
,,Christian Place Of Worship,-81.61557095,30.19977935,3
,,Personal Or Beauty Service,-81.61541182,30.199641739999993,3
,,Hardware Home And Garden Store,-81.61501915436861,30.199924581955973,3
,,Real Estate Service,-81.6146583,30.19970440000001,3
,,Discount Store,-81.614536,30.199692000000002,3
,,Home Service,-81.6143859,30.201586599999995,3
,,Social Or Community Service,-81.61298985479365,30.202410526156125,3
,,Restaurant,-81.61186173333323,30.199987600000608,3
,,Wellness Service,-81.6112678,30.199906800000004,3
,,Uncategorized,-81.6098625,30.201777,3
,,Lodging,-81.60962196983638,30.201355697592522,3
,,Uncategorized,-81.6092078,30.204049100000002,3
,,Uncategorized,-81.6088522,30.204694999999994,3
,,Specialized Health Care,-81.6088522,30.204694999999994,3
,,Elementary School,-81.61051065,30.204879419999997,1
,,High School,-81.61051196,30.204872109999993,1
,,Elementary School,-81.61027757839074,30.204747959229113,1
,,Specialized Health Care,-81.60896724,30.2052879,1
,,Attorney Or Law Firm,-81.6090066,30.204762819999996,1
,,Uncategorized,-81.6089756,30.2054207,1
,,Doctor,-81.609117118076,30.205433251508,1
,,Historic Site,-81.60929994,30.207973179999996,1
,,Home Service,-81.608769,30.209780999999996,1
,,Technical Service,-81.6099088,30.207854799999986,1
,,Lodging,-81.60984806,30.207348159999984,1
,,Historic Site,-81.6111,30.207427000000006,1
,,Uncategorized,-81.6115816,30.205770199999996,1
,,Specialized Health Care,-81.6115886,30.205416400000004,1
,,Real Estate Service,-81.61159717,30.206122469999986,1
,,Real Estate Service,-81.61168000000002,30.20623,1
,,Media Service,-81.612314,30.207299,1
,,Historic Site,-81.61229533,30.207298510000008,1
,,Surgery,-81.60969432,30.21863104,1
,,Legal Service,-81.6091907,30.21894119999999,1
,,Police Station,-81.60902610000001,30.218968,1
,,Outpatient Care Facility,-81.60890437295149,30.219578428604567,1
,,Personal Or Beauty Service,-81.608891,30.219519999999996,1
,,Educational Service,-81.60865,30.219560000000005,1
,,Uncategorized,-81.60865,30.219560000000005,1
,,Religious Organization,-81.60865,30.219560000000005,1
,,Doctor,-81.60871056,30.219604629999992,1
,,Personal Or Beauty Service,-81.60871694,30.219598759999997,1
,,Personal Or Beauty Service,-81.60879299,30.21961343,1
,,Physical Medicine And Rehabilitation,-81.60895585,30.219845020000005,1
,,Personal Or Beauty Service,-81.60897312,30.219755550000002,1
,,Personal Or Beauty Service,-81.609133,30.21938,1
,,Wellness Service,-81.609456,30.219447,1
,,Personal Or Beauty Service,-81.609445,30.219395999999993,1
,,Complementary And Alternative Medicine,-81.60936908,30.21938986,1
,,Doctor,-81.6093146000165,30.219426454675354,1
,,Personal Care And Beauty Store,-81.609298,30.219281999999996,1
,,Fashion And Apparel Store,-81.609298,30.219281999999996,1
,,Primary Care Or General Clinic,-81.60933,30.21928,1
,,Personal Or Beauty Service,-81.60964096,30.21925113,1
,,Personal Or Beauty Service,-81.60962023,30.219156550000008,1
,,Personal Or Beauty Service,-81.60959449,30.21907326,1
,,Legal Service,-81.60953638,30.21908781,1
,,Surgery,-81.6097005,30.2188582,1
,,Home Service,-81.6097912,30.2188434,1
,,Behavioral Or Mental Health Clinic,-81.6097912,30.2188434,1
,,Uncategorized,-81.6097878199845,30.219081096916305,1
,,Wellness Service,-81.609623,30.21937900000001,1
,,Building Or Construction Service,-81.61029205,30.218950930000002,1
,,Social Or Community Service,-81.6101719,30.218931629999997,1
,,B2B Service,-81.6100792,30.219205599999995,1
,,Personal Or Beauty Service,-81.61007848,30.21920957999999,1
,,Wellness Service,-81.60986638,30.219264050000007,1
,,Attorney Or Law Firm,-81.60981,30.219196000000004,1
,,Wellness Service,-81.60981,30.219189999999994,1
,,Environmental Or Ecological Service,-81.60981,30.219189999999994,1
,,Personal Or Beauty Service,-81.60987894,30.219043359999997,1
,,Christian Place Of Worship,-81.609941,30.218967000000003,1
,,Home Service,-81.609823,30.218505999999998,1
,,Vehicle Parts Store,-81.609925,30.21846,1
,,Christian Place Of Worship,-81.60993,30.21845999999999,1
,,Dental Clinic,-81.61052199,30.21854151,1
,,Wellness Service,-81.61086993,30.218868510000004,1
,,Uncategorized,-81.610877,30.219086799999992,1
,,Doctor,-81.61077188345155,30.219032990087474,1
,,Specialized Health Care,-81.610724,30.218987,1
,,Doctor,-81.6107,30.21897000000001,1
,,Behavioral Or Mental Health Clinic,-81.61065329,30.218952069999997,1
,,Dental Clinic,-81.61042792,30.21943259,1
,,Attorney Or Law Firm,-81.61070349000002,30.21970768,1
,,Attorney Or Law Firm,-81.61096781,30.21958187000001,1
,,Attorney Or Law Firm,-81.61092930000001,30.219825300000004,1
,,Personal Or Beauty Service,-81.61095517,30.21983996,1
,,Dental Clinic,-81.61103164762694,30.219833571023674,1
,,Attorney Or Law Firm,-81.61101409999999,30.219837999999992,1
,,Professional Service,-81.61113225871375,30.219695634108263,1
,,Financial Service,-81.61110836,30.219197519999994,1
,,Financial Service,-81.611078,30.218793,1
,,Wellness Service,-81.611085,30.218825999999993,1
,,Wellness Service,-81.61127176,30.218742909999985,1
,,Diagnostics Imaging Or Lab Service,-81.61126966,30.21904822,1
,,Wellness Service,-81.6115308,30.218768299999997,1
,,Government Office,-81.61156100000001,30.218775,1
,,Professional Service,-81.611555,30.218776,1
,,Technical Service,-81.6114,30.219369999999998,1
,,Complementary And Alternative Medicine,-81.6116402075463,30.218775349594942,1
,,Wellness Service,-81.611565,30.218809,1
,,Personal Or Beauty Service,-81.61157074,30.218761439999998,1
,,Wellness Service,-81.61157359,30.218767769999992,1
,,Wellness Service,-81.61157518,30.21876298,1
,,Fitness Studio,-81.611134025334,30.21817581490599,1
,,Brewery,-81.61122067,30.2184789,1
,,Restaurant,-81.613196,30.219105000000003,1
,,Personal Or Beauty Service,-81.61354001672443,30.217476630856225,1
,,Restaurant,-81.61434813,30.217766729999994,1
,,Real Estate Service,-81.6141978,30.2183783,1
,,Real Estate Service,-81.61419033,30.218463579999998,1
,,Wellness Service,-81.614258,30.218850999999997,1
,,Dental Clinic,-81.61417876,30.218995789999994,1
,,Swimming Pool,-81.61419803,30.2193782,1
,,Swimming Pool,-81.61431159837774,30.21947862943092,1
,,Education,-81.6143291818414,30.21941720574483,1
,,Financial Service,-81.61454601352773,30.219940870948644,1
,,Pediatric Clinic,-81.6146821,30.219657399999992,1
,,Pediatric Clinic,-81.61466197,30.219513439999993,1
,,Real Estate Service,-81.614577770233,30.219414575274,1
,,Dental Clinic,-81.61461283,30.21887020000001,1
,,Financial Service,-81.61492795765506,30.21882014459104,1
,,Arcade,-81.614946,30.218759000000006,1
,,Wellness Service,-81.61497281,30.21873871,1
,,Specialty School,-81.6149884,30.2190223,1
,,Attorney Or Law Firm,-81.61534596,30.219927030000004,1
,,Christian Place Of Worship,-81.61541176,30.219940049999995,1
,,Personal Or Beauty Service,-81.6154079,30.219897599999996,1
,,Professional Service,-81.61541477,30.219856289999992,1
,,Family Service,-81.615638,30.219616999999996,1
,,Personal Or Beauty Service,-81.61527204,30.21869525999999,1
,,Automotive Service,-81.61534777,30.21821536,1
,,Doctor,-81.61522792091299,30.218642768231796,1
,,Outpatient Care Facility,-81.61522628,30.218691040000003,1
,,Personal Or Beauty Service,-81.61535699,30.2186797,1
,,Primary Care Or General Clinic,-81.61549,30.218569999999993,1
,,Pediatric Clinic,-81.61549,30.218569999999993,1
,,Outpatient Care Facility,-81.6156241,30.218554099999988,1
,,Restaurant,-81.615578,30.218198,1
,,Personal Or Beauty Service,-81.61552095,30.218167169999994,1
,,Coffee Shop,-81.61545214,30.218162379999995,1
,,B2B Service,-81.6155963,30.2177817,1
,,Restaurant,-81.61560588,30.217434859999997,1
,,Personal Or Beauty Service,-81.61551111477293,30.217423516203514,1
,,Personal Or Beauty Service,-81.6153009,30.217564349999993,1
,,Home Service,-81.61526185,30.2174702,1
,,Printing Service,-81.61524774,30.217485400000005,1
,,Specialty Store,-81.6152863,30.2178657,1
,,Specialty Store,-81.6151298,30.217912799999993,1
,,Fashion And Apparel Store,-81.6151298,30.217912799999993,1
,,Restaurant,-81.61481932,30.217649859999998,1
,,Sporting Goods Store,-81.61484789,30.218277909999998,1
,,Financial Service,-81.61463026,30.218345789999994,1
,,Civic Organization,-81.61453237736418,30.218280343191324,1
,,Professional Service,-81.61473,30.21761,1
,,Family Service,-81.61451969,30.217584900000006,1
,,Cemetery,-81.6145109,30.217587600000005,1
,,Home Service,-81.61451,30.21759,1
,,Casual Eatery,-81.61451345,30.217586759999996,1
,,Lake,-81.61488824,30.216566500000003,1
,,B2B Office And Professional Service,-81.61521,30.217348,1
,,Hardware Home And Garden Store,-81.615415,30.217331,1
,,Legal Service,-81.61552203,30.217353440000004,1
,,Social Or Community Service,-81.61558048,30.21734869999999,1
,,Hardware Home And Garden Store,-81.615592956543,30.217350006103498,1
,,Religious Organization,-81.61558,30.217340000000007,1
,,Home Service,-81.61558,30.217340000000007,1
,,Apartment,-81.61623660000001,30.2143416,1
,,Historic Site,-81.61633456,30.21436164,1
,,Home Service,-81.61644,30.214410000000004,1
,,Senior Living Facility,-81.616667,30.213313999999997,1
,,Senior Living Facility,-81.61677268000001,30.213283649999994,1
,,Complementary And Alternative Medicine,-81.61663055419922,30.20999336242675,1
,,Wellness Service,-81.61762655,30.211031219999995,1
,,Home Service,-81.617401,30.209977000000002,1
,,Personal Or Beauty Service,-81.61797,30.211180000000006,1
,,Personal Or Beauty Service,-81.61793808000002,30.211174439999997,1
,,Personal Or Beauty Service,-81.61794,30.211180000000013,1
,,Restaurant,-81.61785828582254,30.211145001969832,1
,,Automotive Service,-81.61781973,30.21183547,1
,,Senior Living Facility,-81.617568,30.2132706,1
,,Fast Food Restaurant,-81.617771,30.216787000000004,1
,,Restaurant,-81.61783862,30.21680004,1
,,Restaurant,-81.6177063,30.216890300000003,1
,,Lodging,-81.61771,30.216890000000003,1
,,Uncategorized,-81.6173919,30.217173499999998,1
,,Financial Service,-81.6173919,30.217173499999998,1
,,Ground Transport Facility Or Service,-81.6173466666667,30.21697333333329,1
,,Gym,-81.61647241,30.215432049999993,1
,,Historic Site,-81.61566006,30.21671102,1
,,Atm,-81.6167936346232,30.217088230627766,1
,,Bank Or Credit Union,-81.616767,30.217118999999997,1
,,Atm,-81.61677551269531,30.217155456542976,1
,,Pharmacy And Drug Store,-81.616806,30.217163,1
,,Rental Service,-81.6167954,30.217147399999998,1
,,Supplier Or Distributor,-81.6167954,30.217147399999998,1
,,Wellness Service,-81.61677799422877,30.218336013470616,1
,,Dental Clinic,-81.61661216,30.218359910000004,1
,,Uncategorized,-81.61645000000001,30.218410000000002,1
,,Personal Or Beauty Service,-81.616337,30.218379999999996,1
,,Real Estate Service,-81.61633746060237,30.21838026857304,1
,,Complementary And Alternative Medicine,-81.61623477,30.218516759999993,1
,,Rental Service,-81.6162415,30.2183307,1
,,Personal Or Beauty Service,-81.61622174000001,30.21823456,1
,,Personal Or Beauty Service,-81.61626876000001,30.218127389999992,1
,,Restaurant,-81.616494,30.217635,1
,,Restaurant,-81.61588,30.21791000000001,1
,,Restaurant,-81.6158449,30.218279000000006,1
,,Restaurant,-81.61565625,30.218164799999997,1
,,Personal Or Beauty Service,-81.61567985,30.218541380000005,1
,,Personal Or Beauty Service,-81.61570053000001,30.218620119999997,1
,,Dental Clinic,-81.6159210205078,30.218639373779297,1
,,Personal Or Beauty Service,-81.61593994,30.21859229,1
,,Personal Or Beauty Service,-81.61599,30.218470000000003,1
,,Food And Beverage Store,-81.61608713,30.21817699,1
,,Laundry Service,-81.61613712,30.218147669999993,1
,,Restaurant,-81.616171,30.218087000000004,1
,,Laundry Service,-81.616167875,30.218219079,1
,,Personal Or Beauty Service,-81.616076,30.218441000000002,1
,,Complementary And Alternative Medicine,-81.615746,30.218771000000004,1
,,Financial Service,-81.61572,30.219300000000004,1
,,Financial Service,-81.61587249690578,30.219577532548524,1
,,Financial Service,-81.61587249690578,30.219577532548524,1
,,Financial Service,-81.615872,30.219578000000002,1
,,Financial Service,-81.615807,30.219593000000003,1
,,Financial Service,-81.61571462000002,30.219533269999992,1
,,Financial Service,-81.61571369,30.219619820000002,1
,,Uncategorized,-81.6158788,30.21975249999999,1
,,Attorney Or Law Firm,-81.61604977000002,30.21990142,1
,,Fitness Studio,-81.61595528,30.219495270000007,1
,,Behavioral Or Mental Health Clinic,-81.616067,30.219546,1
,,Personal Or Beauty Service,-81.61619725,30.219477359999996,1
,,Coffee Shop,-81.61628,30.21947,1
,,Financial Service,-81.61648397504614,30.219149637078637,1
,,Corporate Or Business Office,-81.6164069,30.2191247,1
,,B2B Industrial And Machine Service,-81.61641817,30.219113880000005,1
,,Specialized Health Care,-81.61654812,30.21914273999999,1
,,Uncategorized,-81.6168209,30.219153299999995,1
,,Financial Service,-81.6169281005859,30.21881866455079,1
,,Home Service,-81.61693534,30.21857458,1
,,Supplier Or Distributor,-81.617082,30.2180776,1
,,Gas Station,-81.61694972,30.218017629999995,1
,,Travel Service,-81.61688203396551,30.217516873918417,1
,,Automotive Service,-81.61767371654226,30.21755568156507,1
,,Specialized Health Care,-81.61781781716854,30.21755491248198,1
,,Automotive Service,-81.61777007,30.217621960000006,1
,,Real Estate Service,-81.617431640625,30.221101852486004,1
,,Attorney Or Law Firm,-81.61702990000002,30.2201606,1
,,Real Estate Service,-81.616107,30.220039999999997,1
,,Financial Service,-81.61610692382854,30.220039776220208,1
,,Financial Service,-81.616092,30.22007,1
,,Professional Service,-81.61738509,30.224444420000005,1
,,Professional Service,-81.61764,30.223014,1
,,Social Or Community Service,-81.615333,30.226027,1
,,Wellness Service,-81.61527846639756,30.22630664443875,1
,,Physical Medicine And Rehabilitation,-81.61523672,30.226103320000004,1
,,Community Center,-81.61515249,30.226028879999994,1
,,Social Or Community Service,-81.61515211,30.226025600000003,1
,,Social Or Community Service,-81.61515000000001,30.22620999999999,1
,,Elementary School,-81.61513,30.22618,1
,,Gym,-81.61511145692899,30.226293017325556,1
,,Wellness Service,-81.6152535,30.226354800000003,1
,,Professional Service,-81.61470687819063,30.229696264674033,1
,,Real Estate Service,-81.61436879000001,30.228694729999987,1
,,Real Estate Service,-81.614361,30.228699,1
,,Elementary School,-81.6148534,30.221254570000003,1
,,Jewish Place Of Worship,-81.61494272,30.221468959999992,1
,,Attorney Or Law Firm,-81.61560249000001,30.220133690000004,1
,,Behavioral Or Mental Health Clinic,-81.6154727,30.220135960000004,1
,,Real Estate Service,-81.615483,30.220133,1
,,Health Care,-81.61547,30.22013,1
,,Corporate Or Business Office,-81.61510153,30.22016747,1
,,Behavioral Or Mental Health Clinic,-81.61514758000001,30.220064850000004,1
,,Real Estate Service,-81.61519557382817,30.2200205168986,1
,,Religious Organization,-81.614861,30.221187999999998,1
,,Financial Service,-81.61464298,30.220288599999996,1
,,Security Service,-81.614729,30.220115199999988,1
,,Uncategorized,-81.614729,30.220115199999988,1
,,Behavioral Or Mental Health Clinic,-81.61464201,30.220008419999996,1
,,Uncategorized,-81.6145898,30.2199838,1
,,Specialized Health Care,-81.61461403309929,30.22028223209628,1
,,Corporate Or Business Office,-81.61454112426306,30.220171470422706,1
,,Personal Care And Beauty Store,-81.61454112426306,30.220171470422706,1
,,Automotive Service,-81.61447567952443,30.22018656552056,1
,,Home Service,-81.61291471,30.22498933,1
,,Professional Service,-81.6093714,30.224680609999993,1
,,Attorney Or Law Firm,-81.61084039,30.22638553,1
,,Arts And Entertainment,-81.613219385237,30.231969169610988,3
,,Professional Service,-81.60870828,30.23048145,3
,,Home Service,-81.61427749,30.236213739999997,3
,,Professional Service,-81.61443534351275,30.232070878089395,3
,,Media Service,-81.61451990000002,30.231830799999994,1
,,Automotive Service,-81.61627190232744,30.233770051078537,3
,,Home Service,-81.61759727,30.231320510000003,1
,,Hardware Home And Garden Store,-81.617756,30.231363000000005,1
,,Uncategorized,-81.617821,30.231347999999997,1
,,Doctor,-81.61714999683142,30.236723998544758,3
,,Home Service,-81.61816917670443,30.23952837551914,3
,,Wholesaler,-81.618201,30.239592,3
,,Park,-81.61804859122863,30.235924472017665,3
,,Vehicle Dealer,-81.6187836,30.2358357,3
,,Home Service,-81.61882107,30.227908369999994,1
,,B2B Office And Professional Service,-81.6250983,30.239789200000004,3
,,High School,-81.6271723322171,30.242088324204946,3
,,Sport Field,-81.62714864328966,30.242334906702162,3
,,Stadium Arena,-81.62713496,30.242241159999992,3
,,High School,-81.6269956130551,30.242031967863632,3
,,Home Service,-81.625541,30.240379479999998,3
,,Christian Place Of Worship,-81.62522256,30.240738249999996,3
,,Christian Place Of Worship,-81.62586456,30.242634449999986,3
,,Place Of Learning,-81.62610856,30.24377322,3
,,Sport Court,-81.62690622,30.242897550000002,3
,,Gas Station,-81.6270870274003,30.242919021274155,3
,,Park,-81.62681695,30.246970569999995,3
,,Uncategorized,-81.62629990000002,30.2499184,3
,,Real Estate Service,-81.62521862,30.25013741,3
,,Community And Government,-81.62547785,30.24855791999999,3
,,Christian Place Of Worship,-81.6253801,30.24817798999999,3
,,Elementary School,-81.62438518,30.24833894,3
,,Historic Site,-81.62446366503987,30.25047182598791,3
,,Religious Organization,-81.62419,30.24866999999999,3
,,Sport Court,-81.62422118,30.24356682,3
,,Golf Course,-81.62430692434748,30.24184574104786,3
,,Social Or Community Service,-81.62435747,30.242029380000005,3
,,Home Service,-81.61961922542687,30.246422493436064,3
,,Apartment,-81.6181927,30.247267700000002,3
,,Hardware Home And Garden Store,-81.618935,30.247957000000003,3
,,Historic Site,-81.61961548,30.249148509999994,3
,,Home Service,-81.6225,30.249829999999992,3
,,Historic Site,-81.62250129,30.25031638,3
,,Senior Living Facility,-81.62225062,30.25510489,3
,,Senior Living Facility,-81.62216593467039,30.254612957046422,3
,,Historic Site,-81.62127,30.254909999999995,3
,,Real Estate Service,-81.62145047671073,30.250704675180646,3
,,Senior Living Facility,-81.6210246,30.250824319999992,3
,,Food And Beverage Store,-81.61966000000001,30.252979999999997,3
,,Christian Place Of Worship,-81.61939234,30.25077765,3
,,Historic Site,-81.61827666,30.252679799999992,3
,,Home Service,-81.6188176,30.25428979999999,3
,,Home Service,-81.61896878,30.25438322,3
,,Apartment,-81.62012636673676,30.255572018411314,3
,,Historic Site,-81.62001388,30.255405099999997,3
,,Financial Service,-81.61907,30.25866999999999,3
,,Uncategorized,-81.619075,30.259351999999996,3
,,Manufacturer,-81.618988,30.259227999999997,3
,,Flowers And Gifts Store,-81.618853,30.259044000000006,3
,,Fire Station,-81.61869838000001,30.258361750000006,3
,,Sport Or Fitness Facility,-81.61803,30.25849000000001,3
,,Automotive Service,-81.61803,30.25849000000001,3
,,Ground Transport Facility Or Service,-81.61803,30.25849000000001,3
,,Smoothie Juice Bar,-81.61798,30.258583,3
,,Professional Service,-81.61804694,30.25866993,3
,,Storage Facility,-81.618112,30.258749,3
,,Auto Dealer,-81.61811986,30.25875162,3
,,Automotive Service,-81.61824632,30.25875747000001,3
,,Casual Eatery,-81.61799904,30.25916877,3
,,Automotive Service,-81.61830759,30.25885246,3
,,Shopping,-81.61831,30.258880000000005,3
,,Hardware Home And Garden Store,-81.61845666386323,30.25902412515134,3
,,Auto Dealer,-81.6184113,30.25879789,3
,,Automotive Service,-81.6185579,30.258978050000003,3
,,Food And Beverage Store,-81.6182,30.260006999999998,3
,,Building Or Construction Service,-81.61806058,30.260647839999994,3
,,Hardware Home And Garden Store,-81.6189804,30.259471899999994,3
,,Home Service,-81.61907138,30.260532270000002,3
,,Storage Facility,-81.61953451,30.25983543,3
,,Home Service,-81.61966005,30.25967327,3
,,Home Service,-81.61966774,30.25967597,3
,,Cultural Center,-81.61967284,30.259467080000007,3
,,Legal Service,-81.61948023,30.259560919999988,3
,,Specialty Store,-81.61943793296815,30.259437886275908,3
,,Printing Service,-81.61935229,30.259449120000003,3
,,Automotive Service,-81.6194213,30.2598446,3
,,Uncategorized,-81.6194213,30.2598446,3
,,Home Service,-81.62009704,30.259981019999998,3
,,Technical Service,-81.6197738647461,30.2596588134766,3
,,Uncategorized,-81.61981204346992,30.259629807492608,3
,,Uncategorized,-81.61979211,30.260201050000006,3
,,Personal Or Beauty Service,-81.62022798,30.260512340000002,3
,,Personal Or Beauty Service,-81.62030681,30.260542589999993,3
,,Automotive Service,-81.6204525,30.26063795,3
,,Hardware Home And Garden Store,-81.62044237482627,30.260631954818727,3
,,Music Venue,-81.62048423000002,30.26057179,3
,,Second Hand Store,-81.620531,30.26062900000001,3
,,Supplier Or Distributor,-81.62043963000002,30.259670279999998,3
,,Home Service,-81.62146092,30.259731370000008,3
,,Professional Service,-81.62135605084939,30.259790481617042,3
,,Senior Living Facility,-81.62118,30.256140000000006,3
,,Senior Living Facility,-81.62107007,30.257625289999993,3
,,Senior Living Facility,-81.6211,30.257939999999998,3
,,Senior Living Facility,-81.621641,30.257086000000005,3
,,Home Service,-81.62164128834922,30.25708589197228,3
,,Senior Living Facility,-81.621573,30.256470999999998,3
,,Financial Service,-81.62209482,30.256533190000003,3
,,Uncategorized,-81.6221160888672,30.256582260131793,3
,,Financial Service,-81.62211252,30.256532510000007,3
,,Legal Service,-81.62206633589992,30.256242199656267,3
,,Attorney Or Law Firm,-81.6223,30.255609999999997,3
,,Attorney Or Law Firm,-81.62228767,30.2556512,3
,,Building Or Construction Service,-81.62252634,30.25627877,3
,,Attorney Or Law Firm,-81.62247,30.256450000000008,3
,,Books Music And Video Store,-81.6223907470703,30.25655364990229,3
,,Financial Service,-81.62259087,30.256970240000005,3
,,Home Service,-81.62188817,30.260342169999998,3
,,Home Service,-81.6223029853456,30.259687105198644,3
,,Home Service,-81.62236172,30.25953233,3
,,Electronics Store,-81.622541,30.260517999999994,3
,,Behavioral Or Mental Health Clinic,-81.62249961,30.26051766000001,3
,,Financial Service,-81.62249,30.260500000000004,3
,,Health Care,-81.62249,30.260500000000004,3
,,Financial Service,-81.6225,30.2605,3
,,Financial Service,-81.6225,30.2605,3
,,Financial Service,-81.62251983,30.260480629999993,3
,,Social Or Community Service,-81.62250568,30.260470180000002,3
,,Medical Service,-81.62252984,30.26049677,3
,,Behavioral Or Mental Health Clinic,-81.62258893,30.26050927,3
,,Uncategorized,-81.62262,30.260459999999995,3
,,Uncategorized,-81.6226242,30.260462699999994,3
,,Real Estate Service,-81.62262649,30.260468149999998,3
,,Home Service,-81.62265499140166,30.26053288985445,3
,,Home Service,-81.622643,30.260547,3
,,Real Estate Service,-81.6226648,30.260547000000006,3
,,Religious Organization,-81.62284,30.260319999999993,3
,,Christian Place Of Worship,-81.6229079343351,30.2603509086161,3
,,Christian Place Of Worship,-81.622842,30.260366000000012,3
,,Personal Care And Beauty Store,-81.62309713,30.259849929999998,3
,,Financial Service,-81.62308380616561,30.2597367217397,3
,,Professional Service,-81.62337875366211,30.259738115659136,3
,,Home Service,-81.62350236,30.259772609999995,3
,,Automotive Service,-81.62479130000001,30.260176550000004,3
,,Automotive Service,-81.62382649128362,30.259278807129828,3
,,Historic Site,-81.62405066000001,30.25789023,3
,,Place Of Learning,-81.62418,30.256990000000002,3
,,Shopping,-81.62418,30.256990000000002,3
,,Home Service,-81.62418,30.256990000000002,3
,,Historic Site,-81.62412526,30.25788235000001,3
,,Uncategorized,-81.62444,30.257519999999996,3
,,Home Service,-81.62492881,30.25697178,3
,,Technical Service,-81.62492082,30.25697162000001,3
,,Sport Or Fitness Facility,-81.62492189000001,30.25697436,3
,,Financial Service,-81.62486503687506,30.25700901720933,3
,,Professional Service,-81.62457513,30.25691573,3
,,Personal Or Beauty Service,-81.62457704,30.256853499999995,3
,,Social Or Community Service,-81.62454775,30.25687989,3
,,Outpatient Care Facility,-81.62449477789704,30.25694485508583,3
,,Discount Store,-81.624518,30.25682779,3
,,Specialized Health Care,-81.6245822,30.2568143,3
,,Professional Service,-81.6245822,30.2568143,3
,,Restaurant,-81.6245822,30.2568143,3
,,Professional Service,-81.6245822,30.2568143,3
,,Restaurant,-81.624684,30.25652199999999,3
,,Personal Care And Beauty Store,-81.624684,30.25652199999999,3
,,Restaurant,-81.624684,30.25652199999999,3
,,Fashion And Apparel Store,-81.624684,30.25652199999999,3
,,Restaurant,-81.62482404294558,30.256008464147744,3
,,Dental Clinic,-81.6248762,30.25612445999999,3
,,Dental Clinic,-81.62487373,30.256062310000004,3
,,Lounge,-81.624925,30.255986,3
,,Restaurant,-81.62495499092934,30.255978295263574,3
,,Restaurant,-81.6248783,30.2558596,3
,,Animal Or Pet Service,-81.624698,30.25580799999999,3
,,Restaurant,-81.62456514,30.256068260000003,3
,,Personal Or Beauty Service,-81.62451785,30.256051029999995,3
,,Convenience Store,-81.62431446,30.255828530000006,3
,,Laundry Service,-81.62427364,30.25581728,3
,,Sport Or Fitness Facility,-81.62412,30.25578,3
,,Gym,-81.624144,30.255821000000005,3
,,Hardware Home And Garden Store,-81.62416251,30.25592542,3
,,Design Service,-81.62416779,30.255920400000004,3
,,Shipping Or Delivery Service,-81.62422483,30.256580279999994,3
,,Restaurant,-81.62398802,30.256423739999992,3
,,Casual Eatery,-81.62399559,30.25646768999999,3
,,Sport Or Recreation Club,-81.62401948,30.2557021,3
,,Real Estate Service,-81.623535,30.255759,3
,,Real Estate Service,-81.62322787,30.255876620000006,3
,,Media Service,-81.62327387,30.25587236,3
,,Real Estate Service,-81.62346335,30.25589763,3
,,Financial Service,-81.62348585,30.255908680000005,3
,,Hardware Home And Garden Store,-81.6232167,30.257004504689792,3
,,Event Or Party Service,-81.62322455,30.256935290000005,3
,,Media Service,-81.62323,30.256908929792008,3
,,Personal Or Beauty Service,-81.62321511,30.25692744000001,3
,,Personal Or Beauty Service,-81.62321877,30.256923699999994,3
,,Professional Service,-81.62321877,30.256924749999992,3
,,Financial Service,-81.62321432,30.256927190000006,3
,,Personal Or Beauty Service,-81.62321385,30.256924540000007,3
,,Building Or Construction Service,-81.62312158,30.257111800000004,3
,,Behavioral Or Mental Health Clinic,-81.623086,30.256952999999996,3
,,Financial Service,-81.623185,30.257247,3
,,Attorney Or Law Firm,-81.6232057,30.2572254,3
,,Attorney Or Law Firm,-81.6232001,30.257226370000005,3
,,Uncategorized,-81.622818,30.257064999999994,3
,,Attorney Or Law Firm,-81.622818,30.257064999999994,3
,,Home Service,-81.6228312,30.2568917,3
,,Attorney Or Law Firm,-81.62265332,30.256323210000005,3
,,Legal Service,-81.62306868,30.256592470000005,3
,,Attorney Or Law Firm,-81.62312378,30.256333590000004,3
,,Real Estate Service,-81.623196,30.256034,3
,,Real Estate Service,-81.62321127,30.256001620000003,3
,,Home Service,-81.6231754,30.25571409999999,3
,,Behavioral Or Mental Health Clinic,-81.62280454000002,30.25590052,3
,,Attorney Or Law Firm,-81.622724855,30.255932736000005,3
,,Real Estate Service,-81.622691,30.255984000000005,3
,,Legal Service,-81.62269075916495,30.255983615128034,3
,,Historic Site,-81.62314788,30.255089709999996,3
,,Professional Service,-81.62454619297459,30.251425572346818,3
,,Electronics Store,-81.62455273,30.25100322999999,3
,,Atm,-81.6249106,30.2522882,3
,,Historic Site,-81.62456559,30.252034089999995,3
,,Media Service,-81.62496,30.253576999999996,3
,,Financial Service,-81.62517541,30.254760779999994,3
,,Historic Site,-81.62518852,30.254935829999997,3
,,Social Club,-81.6251831054688,30.254922866821296,3
,,Uncategorized,-81.6261346,30.2531723,3
,,Bar,-81.62533780661937,30.252505295017098,3
,,Food And Beverage Store,-81.625307,30.252496999999995,3
,,Personal Or Beauty Service,-81.62503959,30.252225520000007,3
,,Personal Or Beauty Service,-81.62507306,30.25221092,3
,,Convenience Store,-81.62499175,30.2521188,3
,,Historic Site,-81.62503545776379,30.251604072857166,3
,,Professional Service,-81.62575,30.251620000000003,3
,,Personal Or Beauty Service,-81.62575742,30.25138110999999,3
,,Restaurant,-81.625687,30.251345,3
,,Pharmacy And Drug Store,-81.625629,30.251060999999996,3
,,Food And Beverage Store,-81.62579966,30.25206833,3
,,Home Service,-81.62584359,30.252304680000005,3
,,Personal Or Beauty Service,-81.62579926,30.252437820000004,3
,,Arts Crafts And Hobby Store,-81.62569397,30.252541349999998,3
,,Uncategorized,-81.62565,30.25253,3
,,Restaurant,-81.62561202,30.252405130000007,3
,,Personal Or Beauty Service,-81.62566,30.252699999999997,3
,,Food And Beverage Store,-81.62565647817075,30.25260324744989,3
,,Personal Or Beauty Service,-81.62573757,30.25271983,3
,,Animal Or Pet Service,-81.6260861,30.252564299999992,3
,,Uncategorized,-81.62640631198883,30.252820983206707,3
,,Professional Service,-81.6262899,30.25283985,3
,,Personal Or Beauty Service,-81.626471,30.252817999999998,3
,,Personal Or Beauty Service,-81.62653688437133,30.252802696283336,3
,,Wellness Service,-81.62648114356367,30.25235657808119,3
,,Real Estate Service,-81.62651407,30.251822989999994,3
,,Uncategorized,-81.6264656,30.251912900000004,3
,,Real Estate Service,-81.62638043,30.25181461,3
,,Senior Living Facility,-81.62639808,30.25215240999999,3
,,Personal Or Beauty Service,-81.62642000000001,30.252299999999998,3
,,Personal Or Beauty Service,-81.62629889,30.252392820000004,3
,,Real Estate Service,-81.62622967,30.25131291,3
,,Behavioral Or Mental Health Clinic,-81.62648,30.25123,3
,,Professional Service,-81.62648788977076,30.25126498591007,3
,,Personal Or Beauty Service,-81.62657311000001,30.25310195000001,3
,,Wellness Service,-81.62655998,30.253122750000003,3
,,Personal Care And Beauty Store,-81.626479,30.253097999999994,3
,,Personal Or Beauty Service,-81.62634467,30.253140930000008,3
,,Attorney Or Law Firm,-81.62634277,30.253380090000004,3
,,Dental Clinic,-81.62655108,30.25370651,3
,,Attorney Or Law Firm,-81.62669282,30.25466697,3
,,Attorney Or Law Firm,-81.6266616,30.254771199999993,3
,,Building Or Construction Service,-81.62669505,30.25471483,3
,,Education,-81.626591,30.254762000000003,3
,,Bank Or Credit Union,-81.62679976000001,30.255156730000007,3
,,Financial Service,-81.62674047,30.25466043,3
,,Specialized Health Care,-81.6271527005252,30.254496650064556,3
,,Real Estate Service,-81.62717028544417,30.2544352277534,3
,,Financial Service,-81.62717,30.254434999999994,3
,,Fashion And Apparel Store,-81.62717761,30.255823220000003,3
,,Real Estate Service,-81.6271410957183,30.255818842079947,3
,,Uncategorized,-81.627106,30.25581199999999,3
,,Printing Service,-81.62688005,30.25642463999999,3
,,Christian Place Of Worship,-81.62683,30.256300000000003,3
,,Professional Service,-81.62674993,30.25623434,3
,,Professional Service,-81.62674551,30.25623617,3
,,Specialized Medical Facility,-81.62673061,30.256237900000006,3
,,Home Service,-81.62684631347656,30.256698608398445,3
,,Personal Or Beauty Service,-81.6268928,30.25659718,3
,,Complementary And Alternative Medicine,-81.62693,30.25666,3
,,B2B Office And Professional Service,-81.626961,30.256697000000006,3
,,Uncategorized,-81.6270564,30.256491200000003,3
,,Uncategorized,-81.626752,30.25690700000001,3
,,Uncategorized,-81.626157,30.257421,3
,,Financial Service,-81.6261601,30.2571884,3
,,Complementary And Alternative Medicine,-81.62668088921247,30.256785424582553,3
,,Real Estate Service,-81.62666,30.2566,3
,,Fashion And Apparel Store,-81.62669756,30.256238759999995,3
,,Real Estate Service,-81.62657572,30.256251290000005,3
,,Doctor,-81.62653762,30.256206639999995,3
,,Atm,-81.62571124492376,30.256041598975532,3
,,Food And Beverage Store,-81.62507135194005,30.256764043718473,3
,,Shopping,-81.62543,30.25717,3
,,Fashion And Apparel Store,-81.62517247,30.25706119,3
,,Legal Service,-81.62517376,30.257066839999997,3
,,Warehouse Club Store,-81.62517202,30.257067309999993,3
,,Home Service,-81.62517406,30.257065619999995,3
,,Print Media Service,-81.62517068,30.257061079999986,3
,,Uncategorized,-81.625178,30.257067999999997,3
,,Financial Service,-81.62517830000002,30.257067599999992,3
,,Pediatric Clinic,-81.62517830000002,30.257067599999992,3
,,Pediatric Clinic,-81.62501227,30.25693885,3
,,Restaurant,-81.62500771,30.2569499,3
,,Uncategorized,-81.62548772582744,30.257748745512266,3
,,Personal Or Beauty Service,-81.62547,30.25781,3
,,Doctor,-81.62547013982267,30.257810166104633,3
,,Bar,-81.62549175,30.257995919999995,3
,,Flowers And Gifts Store,-81.62555160000001,30.257807879999998,3
,,Food And Beverage Store,-81.62557533000002,30.257723110000004,3
,,Bank Or Credit Union,-81.625728,30.257098000000003,3
,,Specialized Medical Facility,-81.625729,30.257119000000007,3
,,Bank Or Credit Union,-81.62582883,30.25709419,3
,,Rental Service,-81.626007,30.257351000000003,3
,,Legal Service,-81.6261155,30.2578848,3
,,Automotive Service,-81.62575600000001,30.25884,3
,,Convenience Store,-81.62582958,30.25930573999999,3
,,Supplier Or Distributor,-81.6258021,30.25926309999999,3
,,B2B Office And Professional Service,-81.6255915,30.2592698,3
,,Design Service,-81.62562534,30.259336029999993,3
,,Vehicle Service,-81.62565362,30.258872730000007,3
,,Hardware Home And Garden Store,-81.625027,30.259236,3
,,Home Service,-81.62535,30.258870000000012,3
,,Vehicle Parts Store,-81.62526991000001,30.26000081000001,3
,,Vehicle Service,-81.62505635,30.259786549999994,3
,,Home Service,-81.62536311,30.26006748,3
,,Home Service,-81.625381,30.260244999999998,3
,,Restaurant,-81.62574628,30.26009429000001,3
,,Financial Service,-81.62571261,30.260096769999997,3
,,Personal Or Beauty Service,-81.62570108,30.26006397,3
,,Electronics Store,-81.62558608,30.25988943,3
,,Electronics Store,-81.625699,30.2599,3
,,Personal Or Beauty Service,-81.625671,30.259887,3
,,Legal Service,-81.625671,30.259887,3
,,Food And Beverage Store,-81.62567924,30.25972311,3
,,Casual Eatery,-81.62566796,30.25958273,3
,,Pharmacy And Drug Store,-81.62573911,30.259796919999996,3
,,Bank Or Credit Union,-81.6260808,30.259911400000004,3
,,Uncategorized,-81.6262746,30.260318300000012,3
,,Dental Clinic,-81.6262746,30.260318300000012,3
,,Financial Service,-81.6263195,30.260391899999995,5
,,Financial Service,-81.626721,30.260275999999998,3
,,Financial Service,-81.626285,30.259507000000003,3
,,Laundry Service,-81.62627453,30.25946709,3
,,Second Hand Store,-81.62621046,30.259536890000003,3
,,Second Hand Store,-81.62638790580627,30.25909034166265,3
,,Personal Or Beauty Service,-81.62638790580627,30.25909034166265,3
,,Uncategorized,-81.62638790580627,30.25909034166265,3
,,Restaurant,-81.62629990000002,30.259100090000008,3
,,Flowers And Gifts Store,-81.62617985,30.25859596000001,3
,,Restaurant,-81.62636,30.258340000000008,3
,,Real Estate Service,-81.6266,30.258630000000004,3
,,Real Estate Service,-81.62665264,30.25875336,3
,,Real Estate Service,-81.626642,30.258629999999997,3
,,B2B Office And Professional Service,-81.62663572,30.25908285,3
,,Second Hand Store,-81.626718,30.260214,3
,,Electronics Store,-81.6269910335227,30.260615120646037,5
,,Casual Eatery,-81.627282,30.260456999999995,5
,,Bank Or Credit Union,-81.62720329,30.261212369999992,5
,,Bank Or Credit Union,-81.6272807,30.2612612,5
,,Uncategorized,-81.6263121,30.261094499999995,5
,,Books Music And Video Store,-81.6263121,30.261094499999995,5
,,Atm,-81.6263121,30.261094499999995,5
,,Pharmacy And Drug Store,-81.626695,30.261638,5
,,Financial Service,-81.62669162804988,30.26164734952894,5
,,Bank Or Credit Union,-81.626692,30.261676000000005,5
,,Atm,-81.62664794921875,30.26167869567871,5
,,Corporate Or Business Office,-81.6250142646039,30.26474204683065,5
,,Professional Service,-81.625014,30.264742,5
,,Civic Organization,-81.625014,30.264742,5
,,Home Service,-81.6250142646039,30.26474204683065,5
,,Home Service,-81.62500122,30.26457223,5
,,Home Service,-81.62500588,30.264572189999996,5
,,Warehouse Club Store,-81.62500445,30.2645726,5
,,Medical Service,-81.625,30.262999999999998,5
,,Electronics Store,-81.625132,30.262187999999995,5
,,Electronics Store,-81.62512843940274,30.262421016754786,5
,,Restaurant,-81.62538664,30.262080809999997,5
,,Electronics Store,-81.62538894110449,30.262235458292068,5
,,Financial Service,-81.62542036,30.26221903,5
,,Uncategorized,-81.62544311211299,30.262176431727777,5
,,Casual Eatery,-81.62542589,30.26201548,5
,,Bank Or Credit Union,-81.62597843,30.261871049999993,5
,,Shipping Or Delivery Service,-81.62553,30.260699999999996,5
,,Atm,-81.62551719395505,30.260723493153428,5
,,Convenience Store,-81.62552,30.26071000000001,5
,,Atm,-81.62551879882812,30.260704040527337,5
,,Shopping,-81.62545,30.26072999999999,5
,,Discount Store,-81.62496988,30.260803319999997,5
,,Department Store,-81.6244127,30.260719099999992,5
,,Bank Or Credit Union,-81.62477343,30.261765510000004,5
,,Rental Service,-81.6248519067459,30.26284816585241,5
,,Home Service,-81.624684,30.262879000000005,5
,,Rental Service,-81.624684,30.26286899999999,5
,,Attorney Or Law Firm,-81.62468813,30.262881889999992,5
,,Uncategorized,-81.62469552750646,30.26286493802756,5
,,Behavioral Or Mental Health Clinic,-81.6246738,30.26275126,5
,,Home Service,-81.62471,30.262759999999997,5
,,Doctor,-81.62477000000001,30.262719999999998,5
,,Hardware Home And Garden Store,-81.62466915000002,30.26269195999999,5
,,Real Estate Service,-81.6245498,30.262751490000003,5
,,Medical Service,-81.62460423,30.26275963999999,5
,,Behavioral Or Mental Health Clinic,-81.62464474,30.262762410000004,5
,,Behavioral Or Mental Health Clinic,-81.6244091,30.262792769999997,5
,,Fast Food Restaurant,-81.62423325,30.26200306000001,5
,,Uncategorized,-81.6242608,30.262411800000006,5
,,Medical Service,-81.6242608,30.262411800000006,5
,,Animal And Pet Store,-81.6239486,30.262616800000004,5
,,Books Music And Video Store,-81.62405346532341,30.263184921581388,5
,,Discount Store,-81.62389165,30.26299339,5
,,Electronics Store,-81.62384631,30.263206520000004,5
,,Behavioral Or Mental Health Clinic,-81.62401,30.262280000000008,5
,,Fashion And Apparel Store,-81.62425483000001,30.260985629999986,5
,,Department Store,-81.624234,30.260915199999996,5
,,Personal Or Beauty Service,-81.62371102,30.261783379999997,5
,,Gym,-81.6235446,30.2613494,5
,,Swimming Pool,-81.62353155,30.26136809,5
,,Home Service,-81.62334,30.26076999999999,3
,,Legal Service,-81.62318677,30.260672669999998,3
,,Social Or Community Service,-81.62322231,30.260750629999997,3
,,Home Service,-81.623214,30.260771999999992,3
,,Home Service,-81.62317463000001,30.260684279999992,3
,,Medical Service,-81.62291753,30.260797270000005,3
,,Real Estate Service,-81.622919,30.260927000000002,5
,,Design Service,-81.62286259,30.260953420000003,5
,,Financial Service,-81.62287706,30.26085557,5
,,Financial Service,-81.62285162,30.26084876,3
,,Personal Or Beauty Service,-81.62264583,30.26162289,5
,,Social Or Community Service,-81.62264701,30.261624540000003,5
,,Behavioral Or Mental Health Clinic,-81.622652,30.261672,5
,,Fast Food Restaurant,-81.62310366,30.262460769999993,5
,,Restaurant,-81.62291979677327,30.262872344941673,5
,,Restaurant,-81.62299514,30.262970440000004,5
,,Restaurant,-81.62295766555422,30.26289568237083,5
,,Restaurant,-81.62323446638516,30.26262777001139,5
,,Animal And Pet Store,-81.6237633,30.26240511,5
,,Animal And Pet Store,-81.623678,30.262287000000004,5
,,Home Service,-81.623758,30.262909,5
,,Fast Food Restaurant,-81.62378638959308,30.263211463145705,5
,,Restaurant,-81.62372403,30.263228680000005,5
,,Professional Service,-81.62377693809879,30.263937021994696,5
,,Restaurant,-81.62328829129282,30.263934824999826,5
,,Restaurant,-81.62327846,30.263992359999996,5
,,Restaurant,-81.62328,30.26379,5
,,Restaurant,-81.62339869035013,30.26333572478956,5
,,Vehicle Parts Store,-81.62290369,30.263875529999996,5
,,Fast Food Restaurant,-81.62281723559197,30.263871208550036,5
,,Vehicle Parts Store,-81.622809,30.263902000000005,5
,,Food And Beverage Store,-81.623027,30.264303999999996,5
,,Vehicle Parts Store,-81.6229435801506,30.26389755719607,5
,,Automotive Service,-81.623114,30.264398,5
,,Restaurant,-81.6230803,30.264329400000005,5
,,Event Or Party Service,-81.62306496,30.2646845,5
,,Storage Facility,-81.62323338,30.26459972,5
,,Discount Store,-81.62402,30.26329000000001,5
,,Animal And Pet Store,-81.62417277947623,30.264476902204883,5
,,Diagnostics Imaging Or Lab Service,-81.624787163199,30.263554223777994,5
,,Hospital,-81.624959,30.26324200000001,5
,,Hardware Home And Garden Store,-81.62485382,30.264646499999994,5
,,Vehicle Service,-81.62490089331118,30.26471078893291,5
,,Printing Service,-81.6247787475586,30.264802932739293,5
,,Electronics Store,-81.624773,30.264681,5
,,Hardware Home And Garden Store,-81.624773,30.264681,5
,,Electronics Store,-81.624773,30.264681,5
,,Office Supply Store,-81.624773,30.264681,5
,,Fashion And Apparel Store,-81.624773,30.264681,5
,,Home Service,-81.624773,30.264681,5
,,Hardware Home And Garden Store,-81.62460657,30.26459654,5
,,Home Service,-81.62455131,30.264622069999994,5
,,Home Service,-81.62458621435567,30.264955365160287,5
,,B2B Service,-81.62486551,30.26513093,5
,,Home Service,-81.6244573203656,30.266085727125947,5
,,Supplier Or Distributor,-81.62299769,30.266252699999992,5
,,Hardware Home And Garden Store,-81.6228596,30.266316499999984,5
,,Home Service,-81.62296117,30.267140720000008,5
,,Shopping,-81.622814,30.267084000000004,5
,,Hardware Home And Garden Store,-81.62334071474518,30.267284991661175,5
,,Shopping,-81.62289,30.270452,5
,,Casual Eatery,-81.62433203,30.26977326,5
,,Food And Beverage Store,-81.62489700000002,30.269271000000007,5
,,Professional Service,-81.62519747007237,30.27072348547469,5
,,Printing Service,-81.625461,30.269802,5
,,Home Service,-81.62551703592615,30.270248329556825,5
,,Fashion And Apparel Store,-81.62596503,30.270506879999996,5
,,Home Service,-81.6259552,30.269113200000007,5
,,Sporting Goods Store,-81.62593395,30.268399379999995,5
,,Sporting Goods Store,-81.625619,30.268523000000005,5
,,Social Or Community Service,-81.62547516,30.269140930000006,5
,,Home Service,-81.62508191803424,30.267709603799478,5
,,Home Service,-81.62512207031251,30.267789840698192,5
,,Real Estate Service,-81.625502,30.267097000000003,5
,,Hardware Home And Garden Store,-81.625362,30.267113,5
,,Physical Medicine And Rehabilitation,-81.62533803,30.267237669999997,5
,,Hardware Home And Garden Store,-81.625056,30.26764,5
,,Sport Or Fitness Facility,-81.62501947,30.266691170000005,5
,,Real Estate Service,-81.62535043,30.26699643,5
,,Real Estate Service,-81.62552179,30.267009010000006,5
,,Supplier Or Distributor,-81.62552238,30.267007299999996,5
,,Wholesaler,-81.626671,30.268038000000004,5
,,Electronics Store,-81.626636,30.26740899999999,5
,,Automotive Service,-81.62663,30.26748,5
,,Home Service,-81.62688152,30.26923893,5
,,Home Service,-81.62677626,30.2695081,5
,,Hardware Home And Garden Store,-81.626388,30.269438699999995,5
,,Corporate Or Business Office,-81.6265337,30.269228999999985,5
,,Swimming Pool,-81.62656,30.269704000000008,5
,,Uncategorized,-81.626562,30.269680299999994,5
,,Social Or Community Service,-81.62616200000001,30.270559000000002,5
,,Hardware Home And Garden Store,-81.626284,30.270531999999992,5
,,Printing Service,-81.62678477,30.270047359999996,5
,,Professional Service,-81.62675103,30.269813069999994,5
,,Hardware Home And Garden Store,-81.62717397,30.270047650000006,5
,,Specialty Store,-81.626876,30.271484000000004,5
,,Office Supply Store,-81.6271359,30.27214430000001,5
,,Specialty Store,-81.62690084,30.272793329999992,5
,,B2B Office And Professional Service,-81.6268109,30.272269299999998,5
,,Shopping,-81.626406,30.273095999999985,5
,,Social Or Community Service,-81.62643647,30.271319209999994,5
,,Home Service,-81.62601342,30.270862499999993,5
,,Animal And Pet Store,-81.62606792,30.27183438999999,5
,,Supplier Or Distributor,-81.62580027,30.271430079999995,5
,,Event Or Party Service,-81.626032,30.272525,5
,,Technical Service,-81.6253357,30.274796500000004,5
,,Automotive Service,-81.62624126,30.275521660000006,5
,,Electronics Store,-81.626431,30.275708,5
,,Home Service,-81.626559,30.275899,5
,,Vehicle Dealer,-81.626575,30.273416,5
,,Hardware Home And Garden Store,-81.626688,30.273450999999994,5
,,Manufacturer,-81.62680658000001,30.273748580000003,5
,,Medical Service,-81.62618706,30.27639555999999,5
,,Restaurant,-81.62645393296847,30.276802009688804,5
,,Auto Dealer,-81.62639213,30.278417969999992,5
,,Automotive Service,-81.627102226247,30.27823993884291,5
,,Adult Entertainment Venue,-81.62686944,30.278594260000002,5
,,Uncategorized,-81.6269760131836,30.28042602539063,5
,,Ground Transport Facility Or Service,-81.626710664103,30.278718329999997,5
,,Auto Dealer,-81.62569083,30.278100290000012,5
,,Auto Dealer,-81.6260999,30.277839999999994,5
,,Auto Dealer,-81.625909,30.277809,5
,,Auto Dealer,-81.62594653,30.27778116,5
,,Auto Dealer,-81.62610702277951,30.277799746088835,5
,,Automotive Service,-81.62610702277951,30.277799746088835,5
,,Rv Park,-81.62483752000001,30.276877850000012,5
,,Housing Or Property Service,-81.62487665969614,30.277113399341676,5
,,Event Or Party Service,-81.62396211,30.27931697,5
,,Christian Place Of Worship,-81.623525,30.280955,5
,,Buddhist Place Of Worship,-81.62351004,30.280943120000007,5
,,Religious Organization,-81.623487,30.280972999999992,5
,,Education,-81.62344,30.280859999999997,5
,,Real Estate Service,-81.62278,30.27948,5
,,Home Service,-81.62310821,30.279397729999996,5
,,Research Institute,-81.6230611,30.274794399999998,5
,,Christian Place Of Worship,-81.623074,30.274889999999996,5
,,Home Service,-81.6227737690223,30.27363353702021,5
,,Social Or Community Service,-81.62340996,30.274543289999997,5
,,Social Or Community Service,-81.62341499,30.274530090000003,5
,,Social Or Community Service,-81.62347084,30.27454557000001,5
,,Auto Dealer,-81.62333731,30.274044499999995,5
,,Home Service,-81.62328,30.27385,5
,,Printing Service,-81.62376923,30.2752273,5
,,Pharmacy And Drug Store,-81.623261,30.274665000000006,5
,,Uncategorized,-81.6235178,30.275631099999988,5
,,Uncategorized,-81.623532,30.275436000000006,5
,,Home Service,-81.623526,30.27545,5
,,Financial Service,-81.62401589,30.275521589999997,5
,,Jail Or Prison,-81.6240333,30.275507980000008,5
,,Uncategorized,-81.6239734,30.2754206,5
,,Legal Service,-81.62410677,30.27521146999999,5
,,Park,-81.62432491779329,30.27544542592831,5
,,Printing Service,-81.62489488,30.274990569999996,5
,,Manufacturer,-81.624912,30.273427999999992,5
,,Home Service,-81.62398745,30.273399229999992,5
,,Professional Service,-81.623851,30.272008999999994,5
,,Automotive Service,-81.623432,30.27176100000001,5
,,Home Service,-81.62374033185125,30.27260788822044,5
,,Automotive Service,-81.62304446848218,30.272198828697015,5
,,Uncategorized,-81.62271,30.272471999999997,5
,,Automotive Service,-81.62283684,30.27174238,5
,,Rental Service,-81.62281931,30.2717402,5
,,Rental Service,-81.62282551,30.271570490000002,5
,,Automotive Service,-81.62291607,30.272064580000002,5
,,Vehicle Service,-81.62310987275839,30.27160570750991,5
,,Vehicle Parts Store,-81.623124,30.271576000000003,5
,,B2B Transportation And Storage Service,-81.6224654,30.27126092000001,5
,,Travel Service,-81.622153,30.271329,5
,,Travel Service,-81.622153,30.271329,5
,,Hardware Home And Garden Store,-81.62247338,30.272527629999995,5
,,Home Service,-81.62235371,30.27273458,5
,,Uncategorized,-81.62231,30.272710000000004,5
,,Manufacturer,-81.6220142728919,30.271800577825584,5
,,Rv Park,-81.62130125,30.271736520000005,5
,,Park,-81.621279,30.271710999999996,5
,,Home Service,-81.62048079,30.270912260000006,5
,,Uncategorized,-81.620422,30.271498,5
,,Laundry Service,-81.620403,30.272516,5
,,Home Service,-81.6207275390625,30.275354385376005,5
,,Travel And Transportation,-81.62241604,30.273918440000003,5
,,Building Or Construction Service,-81.62185674,30.275954609999996,5
,,Professional Service,-81.62160951,30.279400070000012,5
,,Home Service,-81.6213968,30.277732,5
,,Christian Place Of Worship,-81.61899481,30.280063279999997,5
,,Home Service,-81.6182282,30.276355800000005,5
,,Professional Service,-81.620299,30.271222999999996,5
,,Home Service,-81.62021300000002,30.271146999999992,5
,,Arts And Crafts Space,-81.62005002,30.27109676,5
,,Building Or Construction Service,-81.6200086,30.270899500000002,5
,,Electronics Store,-81.620004,30.271134,5
,,Automotive Service,-81.61994624,30.271311479999987,5
,,Automotive Service,-81.61995644,30.27137308,5
,,Automotive Service,-81.61966881,30.270916859999993,5
,,Home Service,-81.61939036000001,30.27088025,5
,,Uncategorized,-81.619391,30.270880999999992,5
,,Home Service,-81.61939232,30.270885259999996,5
,,Arts And Entertainment,-81.618024,30.26693600000001,5
,,Bar,-81.618003845215,30.266846517845003,5
,,Food Truck Stand,-81.61852943,30.265778430000005,5
,,Automotive Service,-81.61843443,30.266980030000003,5
,,Home Service,-81.6190303934784,30.26577583276019,5
,,Rental Service,-81.61889965,30.26656255,5
,,Automotive Service,-81.61962716,30.267169799999998,5
,,Home Service,-81.620195,30.269484999999992,5
,,Vehicle Dealer,-81.62003599,30.269234389999998,5
,,B2B Transportation And Storage Service,-81.62003366,30.269211319999993,5
,,Home Service,-81.61975645000001,30.26938876000001,5
,,Atm,-81.6197,30.268860000000004,5
,,Manufacturer,-81.6193312,30.268412119999994,5
,,Hardware Home And Garden Store,-81.619246,30.269374,5
,,Hardware Home And Garden Store,-81.619246,30.269374,5
,,Hardware Home And Garden Store,-81.620034,30.270161799999997,5
,,Natural Gas Utility Provider,-81.620034,30.270161799999997,5
,,Hardware Home And Garden Store,-81.620291,30.269654,5
,,Vehicle Parts Store,-81.62012919,30.27051665999999,5
,,Hardware Home And Garden Store,-81.6205451,30.270246699999998,5
,,Uncategorized,-81.620826,30.270842999999992,5
,,Shopping,-81.620709,30.270380000000003,5
,,Building Or Construction Service,-81.62031,30.26968,5
,,Automotive Service,-81.62075301,30.268780350000004,5
,,Automotive Service,-81.62108426,30.269078559999993,5
,,Automotive Service,-81.6214370727539,30.268478393554688,5
,,Supplier Or Distributor,-81.62094807,30.27034586,5
,,Hardware Home And Garden Store,-81.620943,30.27084299999999,5
,,Technical Service,-81.6210085575904,30.270827438680353,5
,,Electronics Store,-81.6210485,30.2706861,5
,,Home Service,-81.62104258,30.27059996000001,5
,,Warehouse Club Store,-81.62188201,30.270348910000003,5
,,Home Service,-81.6221204,30.270778899999996,5
,,Hardware Home And Garden Store,-81.622379,30.27074100000001,5
,,Manufacturer,-81.62032657,30.268174340000005,5
,,Manufacturer,-81.62082733,30.264887780000006,5
,,Hardware Home And Garden Store,-81.6208226,30.2635359,5
,,Hardware Home And Garden Store,-81.6207404,30.26413118,5
,,Home Service,-81.6209223,30.264046399999998,5
,,Home Service,-81.62131886851758,30.26379504178394,5
,,Home Service,-81.62147263,30.263405960000004,5
,,Home Service,-81.62106879,30.26512144999999,5
,,Dental Clinic,-81.62136912345886,30.265128274874474,5
,,Hardware Home And Garden Store,-81.62142122,30.265280510000004,5
,,Real Estate Service,-81.6213826605349,30.26546364331105,5
,,Automotive Service,-81.62169432,30.265536529999995,5
,,Casual Eatery,-81.62158396880314,30.265187820956736,5
,,Hardware Home And Garden Store,-81.62192313799403,30.26487645942552,5
,,Hardware Home And Garden Store,-81.6221927,30.265246200000007,5
,,Hardware Home And Garden Store,-81.6221735,30.264482500000003,5
,,Fast Food Restaurant,-81.62229263,30.26340791,5
,,Financial Service,-81.621841,30.263932999999998,5
,,Financial Service,-81.621841,30.263932999999998,5
,,Financial Service,-81.62155172,30.263612150000004,5
,,Auto Dealer,-81.62161322948398,30.263804287346066,5
,,Specialized Medical Facility,-81.62166734,30.262385349999995,5
,,Restaurant,-81.62191016,30.26275128,5
,,Fast Food Restaurant,-81.622629,30.263075999999995,5
,,Home Service,-81.62234,30.262109999999993,5
,,Place Of Learning,-81.62234,30.262109999999993,5
,,Physical Medicine And Rehabilitation,-81.62235169,30.26205901,5
,,Food And Beverage Store,-81.62235369,30.262055620000005,5
,,Wellness Service,-81.62235487,30.262057109999997,5
,,Technical Service,-81.62236212,30.26202779,5
,,Behavioral Or Mental Health Clinic,-81.62236324,30.26206360000001,5
,,Wellness Service,-81.62228087,30.262017609999994,5
,,Financial Service,-81.62226285,30.262118910000012,5
,,Security Service,-81.62226249999999,30.26211469999999,5
,,Uncategorized,-81.6222625,30.26211469999999,5
,,Uncategorized,-81.6222625,30.26211469999999,5
,,Financial Service,-81.6222624,30.262114699999998,5
,,Professional Service,-81.62226009,30.262111959999995,5
,,Financial Service,-81.62226629,30.26211972,5
,,Home Service,-81.62228235968347,30.2621274746487,5
,,Hardware Home And Garden Store,-81.622336,30.262107,5
,,B2B Transportation And Storage Service,-81.622332,30.262147,5
,,Financial Service,-81.62245231,30.26188184,5
,,Financial Service,-81.62255539000002,30.261804260000012,5
,,Home Service,-81.62255951,30.261780439999992,5
,,Home Service,-81.62256696,30.261758900000004,5
,,Home Service,-81.62257,30.261699999999998,5
,,Professional Service,-81.62258824,30.261760409999994,5
,,Professional Service,-81.62260888,30.261753369999994,5
,,Financial Service,-81.62263908,30.261730579999995,5
,,Real Estate Service,-81.62260407404777,30.261625612710215,5
,,Uncategorized,-81.62260407404777,30.261625612710215,5
,,Attorney Or Law Firm,-81.622586,30.261679999999995,5
,,Technical Service,-81.62254794,30.26169106,5
,,Personal Or Beauty Service,-81.62254927,30.261698789999993,5
,,Social Or Community Service,-81.62254343,30.261693449999992,5
,,Wellness Service,-81.62253251,30.26170747,5
,,Hardware Home And Garden Store,-81.62252101078961,30.261702111146462,5
,,Financial Service,-81.62252101078961,30.261702111146462,5
,,Real Estate Service,-81.622545,30.261495000000004,5
,,Specialty School,-81.62234997,30.26104786,5
,,Uncategorized,-81.6225853,30.2611339,5
,,Uncategorized,-81.62229900000001,30.260721,3
,,Professional Service,-81.62153478,30.260869009999997,3
,,Home Service,-81.6214368,30.260781899999998,3
,,Gym,-81.62095494,30.26128098,5
,,Home Service,-81.621004,30.261393999999996,5
,,Hardware Home And Garden Store,-81.62093461,30.261317600000005,5
,,Financial Service,-81.62094,30.26131,5
,,Home Service,-81.62131777,30.26187467,5
,,Sporting Goods Store,-81.621312,30.261865999999994,5
,,Fast Food Restaurant,-81.6214,30.26185,5
,,Specialty School,-81.6212871,30.262493400000004,5
,,Personal Or Beauty Service,-81.62130048080691,30.263187913990148,5
,,Home Service,-81.62094854,30.2631554,5
,,Swimming Pool,-81.6209002,30.2619409,5
,,Home Service,-81.620825,30.262067000000005,5
,,Technical Service,-81.620822,30.262725000000007,5
,,Printing Service,-81.62065833,30.262805909999997,5
,,Corporate Or Business Office,-81.62072648,30.262697650000003,5
,,Storage Facility,-81.62072369,30.26269214,5
,,Specialty School,-81.62059078,30.262140919999997,5
,,Laundry Service,-81.62055589,30.262148820000007,5
,,Building Or Construction Service,-81.62053067,30.26216768,5
,,Sporting Goods Store,-81.6205559,30.26136199999999,5
,,Personal Or Beauty Service,-81.62086605,30.261353370000002,5
,,Sport Or Fitness Facility,-81.620873200888,30.261312385123002,5
,,Home Service,-81.62086927,30.261318990000007,5
,,Animal Or Pet Service,-81.62067194,30.261158950000006,5
,,Financial Service,-81.62074458,30.261166089999996,5
,,Vehicle Parts Store,-81.620793,30.260922,3
,,Fashion And Apparel Store,-81.62048578,30.260686720000002,3
,,Technical Service,-81.62048093,30.260679440000004,3
,,Uncategorized,-81.62053,30.261157,5
,,Home Service,-81.620536,30.261175,5
,,Financial Service,-81.62034787237644,30.261225253343568,5
,,Food And Beverage Store,-81.61981221,30.26111729,5
,,Personal Or Beauty Service,-81.61996221350061,30.260811728063285,3
,,Personal Or Beauty Service,-81.6199269,30.260794900000004,3
,,Personal Or Beauty Service,-81.61982209,30.260946270000005,3
,,Personal Or Beauty Service,-81.61982262,30.260874449999985,3
,,Arts And Entertainment,-81.619717,30.261028,3
,,Financial Service,-81.61967,30.26103,3
,,Personal Or Beauty Service,-81.61971,30.261080946617,3
,,Vehicle Service,-81.6191893,30.26111225000001,3
,,Recreational Equipment Rental,-81.61932445021296,30.261118888237405,3
,,Hardware Home And Garden Store,-81.620261,30.262150999999996,5
,,Public Utility,-81.6200134444453,30.263197479544978,5
,,Gas Station,-81.6200134444453,30.263197479544978,5
,,Supplier Or Distributor,-81.6203016,30.263277899999995,5
,,Rental Service,-81.619777,30.263255,5
,,Home Service,-81.61945726231424,30.264769680058272,5
,,Atm,-81.61869,30.265630000000005,5
,,Atm,-81.6186872,30.265630600000005,5
,,Food And Beverage Store,-81.61862915,30.265664299999994,5
,,Shipping Or Delivery Service,-81.618569,30.265353999999995,5
,,Automotive Service,-81.618553,30.265338999999997,5
,,Automotive Service,-81.61837394,30.26531796,5
,,Automotive Service,-81.61835095,30.265355100000008,5
,,Uncategorized,-81.6185064,30.261499500000003,5
,,Auto Dealer,-81.61731904,30.263124580000003,5
,,Automotive Service,-81.617412,30.263738999999994,5
,,Auto Dealer,-81.617472,30.263734999999997,5
,,Convenience Store,-81.61731600000002,30.265474000000005,5
,,Convenience Store,-81.6171598,30.26561235,5
,,Atm,-81.61699676513672,30.265716552734368,5
,,Atm,-81.6169713902559,30.265682153611632,5
,,Auto Dealer,-81.61706017,30.263906459999998,5
,,Event Or Party Service,-81.61709,30.263220000000004,5
,,Auto Dealer,-81.61706000000001,30.263334000000004,5
,,Auto Dealer,-81.61697534,30.263774760000004,5
,,Vehicle Dealer,-81.6165825,30.263495499999994,5
,,Storage Facility,-81.61663339,30.265512619999992,5
,,Auto Dealer,-81.61573938,30.265340670000004,5
,,Art Gallery,-81.6158837286577,30.264377889533062,5
,,Hardware Home And Garden Store,-81.615948,30.264262999999993,5
,,Art Gallery,-81.61619474,30.26423766,5
,,Home Service,-81.615684,30.262083999999998,5
,,Rental Service,-81.61626485572188,30.26176612108084,5
,,Home Service,-81.616265,30.261765999999998,5
,,B2B Industrial And Machine Service,-81.61511744,30.260744340000002,3
,,Home Service,-81.61506972,30.260711410000006,3
,,Home Service,-81.615119,30.2607468,3
,,Manufacturer,-81.61512208,30.260769159999985,3
,,Supplier Or Distributor,-81.61519172414623,30.26094644323201,3
,,Warehouse Club Store,-81.61535769,30.2616092,5
,,Rental Service,-81.615036,30.26185199999999,5
,,Technical Service,-81.61505025362658,30.26066908704935,3
,,Fashion And Apparel Store,-81.61495710000001,30.2607824,3
,,Specialty Store,-81.61495710000001,30.2607824,3
,,Building Or Construction Service,-81.61486783,30.260911140000005,3
,,Building Or Construction Service,-81.61480774,30.260855519999996,3
,,Real Estate Service,-81.61481894,30.260850789999996,3
,,Animal Or Pet Service,-81.61433898,30.261507900000005,5
,,Emergency Or Urgent Care Facility,-81.61429293508688,30.26181865327408,5
,,Home Service,-81.613626,30.2618,5
,,Manufacturer,-81.61442073,30.26277046,5
,,Manufacturer,-81.61333814135831,30.265365521802927,5
,,Home Service,-81.613386,30.265411999999994,5
,,Corporate Or Business Office,-81.6133860212271,30.26541186081847,5
,,Home Service,-81.61341354,30.26531237,5
,,Home Service,-81.61342093,30.26535618999999,5
,,Home Service,-81.61346944000002,30.265448040000006,5
,,Home Service,-81.61419383,30.265287209999993,5
,,Complementary And Alternative Medicine,-81.61459848,30.265388750000003,5
,,Doctor,-81.61459615,30.265389499999994,5
,,Primary Care Or General Clinic,-81.61473844145205,30.265387305829407,5
,,Travel And Transportation,-81.61523265,30.26376119,5
,,Uncategorized,-81.61532673861491,30.26376041270646,5
,,Attorney Or Law Firm,-81.61559946,30.264901780000002,5
,,Auto Dealer,-81.61543541,30.265338680000003,5
,,Animal Or Pet Service,-81.61551039723855,30.267389372821714,5
,,Adult Entertainment Venue,-81.61550598522828,30.26737072620579,5
,,Second Hand Store,-81.6156162,30.268215299999998,5
,,Second Hand Store,-81.615449,30.268279000000014,5
,,Fast Food Restaurant,-81.61513348,30.268280900000004,5
,,Casual Eatery,-81.6149122,30.267443829999998,5
,,Home Service,-81.61465461,30.267565669999996,5
,,Animal Or Pet Service,-81.61451,30.266438,5
,,Manufacturer,-81.61419818,30.265958859999994,5
,,Animal Or Pet Service,-81.614393,30.266426000000003,5
,,Casual Eatery,-81.614476,30.266773,5
,,Animal Or Pet Service,-81.614147,30.266460999999996,5
,,Animal Or Pet Service,-81.6139705,30.266352100000002,5
,,Animal Or Pet Service,-81.61400934,30.26637523000001,5
,,Animal Or Pet Service,-81.61415,30.26618,5
,,Home Service,-81.61385167,30.265848330000004,5
,,B2B Industrial And Machine Service,-81.61368533,30.266087400000004,5
,,Hardware Home And Garden Store,-81.61357998848,30.26594314628,5
,,Electronics Store,-81.61353831,30.26595844,5
,,Specialty Store,-81.6134934,30.26602580000001,5
,,Uncategorized,-81.6134934,30.26602580000001,5
,,Real Estate Service,-81.6133661,30.2662097,5
,,Real Estate Service,-81.61348,30.26662,5
,,Bar,-81.61331370191905,30.267296487158774,5
,,Storage Facility,-81.6136854,30.268081900000006,5
,,Gas Station,-81.613816,30.268180999999995,5
,,Financial Service,-81.61402709,30.268021669999992,5
,,Restaurant,-81.61398691,30.267914409999996,5
,,Christian Place Of Worship,-81.61435003,30.26790477,5
,,Convenience Store,-81.61442806,30.268608770000004,5
,,Gas Station,-81.61372,30.268609999999995,5
,,Gas Station,-81.61458900000001,30.268659999999993,5
,,Home Service,-81.61512298,30.270511669999998,5
,,Social Or Community Service,-81.6151226,30.270513979999993,5
,,Specialty School,-81.61514264,30.270547090000008,5
,,Home Service,-81.61526211,30.27073117999999,5
,,Social Or Community Service,-81.61542924190064,30.270448286284676,5
,,Hardware Home And Garden Store,-81.61645157,30.268349889999996,5
,,Ground Transport Facility Or Service,-81.61641106,30.268493509999985,5
,,Home Service,-81.61641805,30.268475310000003,5
,,Storage Facility,-81.61641831,30.26879046000001,5
,,Home Service,-81.616362,30.268730000000005,5
,,B2B Transportation And Storage Service,-81.61635659,30.26876402,5
,,Travel Service,-81.6163519,30.268762400000007,5
,,Media Service,-81.61632734683286,30.268807465950285,5
,,Warehouse Club Store,-81.61625,30.268829999999998,5
,,Discount Store,-81.61625,30.268829999999998,5
,,Automotive Service,-81.61619374786778,30.268103890795697,5
,,Gas Station,-81.616195,30.268014999999995,5
,,Ground Transport Facility Or Service,-81.6157177,30.267536700000008,5
,,Vehicle Dealer,-81.615747,30.266572999999994,5
,,Gas Station,-81.615661,30.266436999999996,5
,,Hotel,-81.61610335,30.26618226,5
,,Hotel,-81.61628,30.26655999999999,5
,,Restaurant,-81.61669701,30.266678830000007,5
,,Restaurant,-81.61683082580572,30.267845065732576,5
,,Restaurant,-81.61713748425402,30.267473682999007,5
,,Diagnostics Imaging Or Lab Service,-81.61734254,30.26712683000001,5
,,Diagnostics Imaging Or Lab Service,-81.617356,30.267135999999997,5
,,Specialty Store,-81.61708364,30.267374760000003,5
,,Sporting Goods Store,-81.617341,30.266337,5
,,Financial Service,-81.61766800000001,30.266051,5
,,Adult Entertainment Venue,-81.61796325303133,30.266939376745487,5
,,Doctor,-81.6174042706127,30.267182804199667,5
,,Attorney Or Law Firm,-81.61792222,30.26773089,5
,,Historic Site,-81.61699905,30.270024599999985,5
,,Christian Place Of Worship,-81.61786,30.271769999999997,5
,,Sport Or Fitness Facility,-81.61756744,30.2790791,5
,,Lodging,-81.617896,30.279345000000006,5
,,Elementary School,-81.61549359000001,30.278190159999998,5
,,Uncategorized,-81.61556,30.279840000000004,5
,,High School,-81.61345401942333,30.277556850574275,5
,,Uncategorized,-81.6133747,30.2734579,5
,,Technical Service,-81.6133747,30.2734579,5
,,Hospital,-81.61554406,30.271788079999997,5
,,Hospital,-81.61555857,30.271787250000006,5
,,Outpatient Care Facility,-81.61556603928818,30.271678774936838,5
,,Electronics Store,-81.613905,30.273208,5
,,Real Estate Service,-81.61390467484857,30.273208410560898,5
,,Arts Crafts And Hobby Store,-81.613905,30.273208,5
,,Financial Service,-81.61390467484857,30.273208410560898,5
,,Uncategorized,-81.613831,30.273188000000005,5
,,Technical Service,-81.613837,30.273216,5
,,Telecommunications Service,-81.6138686,30.27316639999999,5
,,Home Service,-81.61386848,30.273162610000004,5
,,Technical Service,-81.61386254,30.273160179999994,5
,,Technical Service,-81.61388708255613,30.27326982108423,5
,,Uncategorized,-81.61386949024802,30.273331231583096,5
,,Automotive Service,-81.61279556224495,30.271742842328617,5
,,Auto Dealer,-81.612875,30.27187199999999,5
,,Home Service,-81.612826,30.271851000000005,5
,,Vehicle Dealer,-81.61235035,30.271557339999998,5
,,Home Service,-81.612683,30.271683999999997,5
,,Home Service,-81.61252151,30.271729180000012,5
,,B2B Transportation And Storage Service,-81.61226,30.271139999999992,5
,,Home Service,-81.61213455767104,30.271153164886066,5
,,Home Service,-81.6121158,30.271137400000004,5
,,Sport Or Recreation Club,-81.61159389,30.273058229999986,5
,,Sport Or Recreation Club,-81.61189538,30.272473360000003,5
,,Social Or Community Service,-81.61204479,30.27220665,5
,,Home Service,-81.61111552074496,30.275685836860188,5
,,Christian Place Of Worship,-81.61293,30.275269999999992,5
,,Uncategorized,-81.6109368,30.27635260000001,5
,,High School,-81.61065578,30.277743019999996,5
,,Christian Place Of Worship,-81.61040138,30.27926447999999,5
,,Preschool,-81.61003587,30.279563309999997,5
,,Personal Or Beauty Service,-81.60913394,30.278225690000006,5
,,Shopping,-81.610748,30.271296999999993,5
,,Food And Beverage Store,-81.61055364,30.27129548,5
,,Hardware Home And Garden Store,-81.6105055860485,30.271383150832175,5
,,Shopping,-81.60998999872393,30.271929666449562,5
,,Sport Or Fitness Facility,-81.60984563,30.271682379999998,5
,,Restaurant,-81.60935921,30.272000190000007,5
,,Restaurant,-81.60954068,30.272017960000003,5
,,Professional Service,-81.60961,30.271859999999993,5
,,Financial Service,-81.60925127,30.272312969999994,5
,,Restaurant,-81.60896749,30.27263993,5
,,Vehicle Service,-81.60901568000001,30.27325520999999,5
,,Personal Or Beauty Service,-81.60901322,30.273259749999994,5
,,Real Estate Service,-81.60901462,30.27325867,5
,,Restaurant,-81.608963,30.273236000000004,5
,,Second Hand Store,-81.608963,30.273236000000004,5
,,Laundry Service,-81.6087897,30.272898939999994,5
,,Wellness Service,-81.60888128,30.2731306,5
,,Financial Service,-81.60888331,30.273180330000002,5
,,Personal Or Beauty Service,-81.60888694,30.273190899999992,5
,,Personal Or Beauty Service,-81.60893,30.27334,5
,,Home Service,-81.60893,30.27334,5
,,Home Service,-81.60893,30.27334,5
,,Restaurant,-81.60882042,30.273338710000004,5
,,Swimming Pool,-81.60877919617201,30.272953984660127,5
,,Uncategorized,-81.60877919617201,30.272953984660127,5
,,Food And Beverage Store,-81.60868958,30.27196993,5
,,Restaurant,-81.60900627,30.271658550000005,5
,,Fast Food Restaurant,-81.60896,30.271679999999996,5
,,Uncategorized,-81.609601,30.270298,5
,,Christian Place Of Worship,-81.60956073,30.270089180000003,5
,,Youth Organization,-81.60951397000001,30.269804949999994,5
,,Place Of Learning,-81.60932503,30.27014865,5
,,Personal Or Beauty Service,-81.6086731,30.266300200000003,5
,,Home Service,-81.609189,30.266362000000004,5
,,Religious Organization,-81.6099337,30.268283459999996,5
,,Primary Care Or General Clinic,-81.610073,30.268010000000007,5
,,Home Service,-81.61010173,30.2680189,5
,,Urgent Care Center,-81.61013878198236,30.267994943414546,5
,,Home Service,-81.61020041,30.265775160000008,5
,,Home Service,-81.61042057000002,30.26599912,5
,,Uncategorized,-81.6106737,30.266332300000006,5
,,Uncategorized,-81.610954284668,30.2666931152344,5
,,Home Service,-81.610924,30.266589999999997,5
,,Home Service,-81.61087,30.26674,5
,,Animal Or Pet Service,-81.61044732,30.268214790000005,5
,,Home Service,-81.610447,30.268842000000006,5
,,Hardware Home And Garden Store,-81.6104218,30.268806900000005,5
,,Diagnostics Imaging Or Lab Service,-81.6102444,30.268333400000003,5
,,Hardware Home And Garden Store,-81.6102946,30.268969109999986,5
,,Restaurant,-81.61098389091536,30.27038163777016,5
,,Restaurant,-81.61104323,30.270360719999992,5
,,Convenience Store,-81.6114686,30.2701392,5
,,Restaurant,-81.6114686,30.2701392,5
,,Atm,-81.611285,30.269880300000004,5
,,Gas Station,-81.61109417,30.27014908,5
,,Auto Dealer,-81.613257,30.268423999999996,5
,,Automotive Service,-81.61320379,30.26840785,5
,,Auto Dealer,-81.61320904780246,30.268378062891085,5
,,Resort,-81.6121826,30.267457999999998,5
,,Resort,-81.6123329,30.267354199999993,5
,,Resort,-81.613194,30.267444,5
,,Beach,-81.61303650279257,30.267191072446114,5
,,Real Estate Service,-81.612787,30.266538999999998,5
,,Private Lodging,-81.61281008,30.266406400000005,5
,,Real Estate Service,-81.6128041,30.266553700000006,5
,,Apartment,-81.61205830701071,30.266876469922654,5
,,Storage Facility,-81.6111386,30.266891730000005,5
,,Civic Organization,-81.61120900846187,30.263618597587524,5
,,Building Or Construction Service,-81.61165,30.26379,5
,,Real Estate Service,-81.6132318,30.265471040000005,5
,,Hardware Home And Garden Store,-81.61323655,30.265421069999988,5
,,Telecommunications Service,-81.61311,30.265300000000003,5
,,Vehicle Service,-81.612735,30.264010999999996,5
,,Hardware Home And Garden Store,-81.61290774,30.264390990000003,5
,,Vehicle Service,-81.61271799,30.264015289999996,5
,,Uncategorized,-81.61269629,30.264394369999998,5
,,Hardware Home And Garden Store,-81.61268617,30.264409109999995,5
,,Professional Service,-81.61258351,30.26447159,5
,,Department Store,-81.612512,30.264473999999993,5
,,Professional Service,-81.61220764,30.26402488,5
,,Arts And Entertainment,-81.61302185058591,30.2606887817383,3
,,Home Service,-81.61264038085938,30.26152038574218,5
,,Home Service,-81.611852,30.260946999999998,3
,,Automotive Service,-81.61163807,30.26170145,5
,,Automotive Service,-81.61171976000001,30.2618445,5
,,Home Service,-81.61193341,30.26149835,5
,,Corporate Or Business Office,-81.61209041,30.261633669999995,5
,,Media Service,-81.612067,30.262331,5
,,Automotive Service,-81.6117142,30.2619486,5
,,Home Service,-81.61134684267833,30.262496997105686,5
,,Restaurant,-81.61123,30.262940000000004,5
,,Vehicle Dealer,-81.61132,30.261760000000006,5
,,Restaurant,-81.6115188598633,30.2613697052002,5
,,Technical Service,-81.61147668,30.261447659999998,5
,,Food Truck Stand,-81.61146459,30.261437669999996,5
,,Food Truck Stand,-81.61146068,30.261439589999995,5
,,Event Or Party Service,-81.61142885684968,30.261434917203573,5
,,Fast Food Restaurant,-81.61097,30.261350000000007,5
,,Food And Beverage Store,-81.6108917,30.2614181,5
,,Restaurant,-81.6108917,30.2614181,5
,,Restaurant,-81.6108917,30.2614181,5
,,Food Truck Stand,-81.610729,30.261664000000003,5
,,Food Truck Stand,-81.61069,30.261659999999992,5
,,Fast Food Restaurant,-81.610691,30.261646000000002,5
,,Restaurant,-81.610817,30.261357000000004,5
,,Auto Dealer,-81.61044,30.26119,5
,,Automotive Service,-81.60998517,30.26138814,5
,,Storage Facility,-81.61026194,30.26161096,5
,,Uncategorized,-81.61030232906343,30.261527585866208,5
,,Christian Place Of Worship,-81.610181967008,30.26217455208399,5
,,Christian Place Of Worship,-81.61008872,30.262153809999994,5
,,Casual Eatery,-81.61006708,30.26216646,5
,,Food Truck Stand,-81.610537,30.263071,5
,,Department Store,-81.61066477646234,30.263170283375917,5
,,Printing Service,-81.61065755,30.262776369999994,5
,,Emergency Or Urgent Care Facility,-81.610275,30.263891000000005,5
,,Home Service,-81.60950194187906,30.26424104080563,5
,,Home Service,-81.60956540000001,30.264322699999994,5
,,Home Service,-81.6095697,30.264329400000005,5
,,Manufacturer,-81.6098,30.264281000000008,5
,,Home Service,-81.60973856,30.26435345,5
,,Uncategorized,-81.608831,30.26210100000001,5
,,Toys And Games Store,-81.608828,30.262090999999987,5
,,Musical Instrument And Pro Audio Store,-81.60917403000002,30.262120820000003,5
,,Storage Facility,-81.60934560000001,30.26277749999999,5
,,Christian Place Of Worship,-81.60967,30.26267,5
,,Gym,-81.60878707,30.26055041,3
,,Vehicle Service,-81.60886094,30.259889069999996,3
,,Automotive Service,-81.60881791,30.259004299999994,3
,,Automotive Service,-81.60878275,30.258962180000005,3
,,Hardware Home And Garden Store,-81.60993643,30.260076110000007,3
,,B2B Service,-81.6109128,30.259665599999998,3
,,Manufacturer,-81.61072975,30.25952463999999,3
,,Manufacturer,-81.61003774248856,30.258955208317722,3
,,Home Service,-81.61076184895097,30.257494506053504,3
,,Home Service,-81.60887524607065,30.25618276179675,3
,,Storage Facility,-81.60885307,30.25613677000001,3
,,Home Service,-81.60902182,30.255220659999992,3
,,Uncategorized,-81.609245,30.254984999999998,3
,,Supplier Or Distributor,-81.61034144,30.254687249999993,3
,,Beach,-81.61305112360002,30.257060238499996,3
,,Hardware Home And Garden Store,-81.61275311,30.258087999999997,3
,,Shopping,-81.612797,30.25786099999999,3
,,Vehicle Dealer,-81.612303,30.257344999999997,3
,,Home Service,-81.61142,30.25619,3
,,Apartment,-81.611351,30.256108999999995,3
,,Corporate Or Business Office,-81.61114395885167,30.25594710661471,3
,,Public Utility,-81.61115143,30.25591927,3
,,Gym,-81.61119847,30.256253539999992,3
,,Supplier Or Distributor,-81.611102,30.256266999999998,3
,,Medical Service,-81.6117878,30.2579633,3
,,Home Service,-81.6117878,30.2579633,3
,,Rental Service,-81.61167841,30.257092220000008,3
,,Hardware Home And Garden Store,-81.61179170578707,30.25688781529256,3
,,Apartment,-81.61189,30.257949999999987,3
,,Complementary And Alternative Medicine,-81.61152196,30.258121740000004,3
,,Doctor,-81.611488,30.258162,3
,,Complementary And Alternative Medicine,-81.61146700000002,30.258200000000002,3
,,Financial Service,-81.61145,30.25821,3
,,Medical Service,-81.611443,30.25821499999999,3
,,Uncategorized,-81.611442,30.258208999999987,3
,,Behavioral Or Mental Health Clinic,-81.61138674,30.258288830000012,3
,,Financial Service,-81.611357,30.25819299999999,3
,,Home Service,-81.61125996,30.258264380000007,3
,,Home Service,-81.611079,30.259354000000002,3
,,Ground Transport Facility Or Service,-81.6111311,30.260083090000002,3
,,Vehicle Parts Store,-81.61098800000002,30.26043799999999,3
,,Uncategorized,-81.612297,30.259201000000004,3
,,Manufacturer,-81.61253099,30.259142749999995,3
,,Office Supply Store,-81.6132331,30.25966439999999,3
,,Uncategorized,-81.613067,30.259512999999995,3
,,Vehicle Service,-81.61287496,30.25945564,3
,,Sporting Goods Store,-81.6128005981445,30.260324478149403,3
,,Professional Service,-81.6132157,30.26024216,3
,,Hardware Home And Garden Store,-81.61389546,30.259879039999998,3
,,Specialty Store,-81.61403362,30.25931758999999,3
,,Home Service,-81.6140382,30.259318799999985,3
,,Building Or Construction Service,-81.61347145,30.258876579999995,3
,,Food And Drink,-81.61359339,30.25894988999999,3
,,Home Service,-81.613821,30.257786,3
,,B2B Transportation And Storage Service,-81.61395015,30.25772779,3
,,Automotive Service,-81.61478846,30.25593261,3
,,Manufacturer,-81.614964,30.25623855,3
,,Real Estate Service,-81.61525949,30.25607511,3
,,Manufacturer,-81.61546757391322,30.255582309947062,3
,,Hardware Home And Garden Store,-81.61546757391322,30.255582309947062,3
,,Building Or Construction Service,-81.6150205,30.260667600000005,3
,,Automotive Service,-81.61708495000002,30.25988016,3
,,Auto Dealer,-81.6175,30.259099999999997,3
,,Automotive Service,-81.617432,30.258973000000005,3
,,Auto Dealer,-81.617552,30.259083000000008,3
,,Auto Dealer,-81.617552,30.259083000000008,3
,,Food And Beverage Store,-81.617552,30.259083000000008,3
,,Auto Dealer,-81.6177117704963,30.2592037483512,3
,,Automotive Service,-81.61768706,30.25919698,3
,,Uncategorized,-81.617946624756,30.258918929595993,3
,,Flowers And Gifts Store,-81.6178155,30.258613800000003,3
,,Government Office,-81.61765128,30.25851862,3
,,Sport Or Recreation Club,-81.61752,30.258467000000007,3
,,Storage Facility,-81.61726,30.25898,3
,,Home Service,-81.6172622,30.259014419999996,3
,,Storage Facility,-81.61735614,30.25912456,3
,,Specialty Store,-81.6173173,30.25910630000001,3
,,Uncategorized,-81.6173173,30.25910630000001,3
,,Fashion And Apparel Store,-81.61723519590669,30.259018620503127,3
,,Restaurant,-81.61707147,30.258844469999996,3
,,Vehicle Service,-81.61705618,30.25874785999999,3
,,Home Service,-81.61705084,30.258742310000002,3
,,Restaurant,-81.61778628,30.257776530000005,3
,,Building Or Construction Service,-81.6174354,30.256386600000003,3
,,Home Service,-81.61679755,30.255686549999993,3
,,Financial Service,-81.61667392,30.255749329999993,3
,,Hardware Home And Garden Store,-81.616601,30.255957000000006,3
,,Technical Service,-81.61633455,30.255602080000003,3
,,Shopping,-81.61653653330717,30.25740122466394,3
,,Government Office,-81.616458,30.257246999999992,3
,,Manufacturer,-81.61637530546092,30.25732362939473,3
,,Home Service,-81.6158584,30.256785600000004,3
,,Home Service,-81.6158953,30.256801499999995,3
,,Home Service,-81.615866,30.25679100000001,3
,,Home Service,-81.61589828,30.256803460000004,3
,,Home Service,-81.6160965,30.256682400000003,3
,,Home Service,-81.6160965,30.256682400000003,3
,,Automotive Service,-81.61582,30.25584499999999,3
,,Home Service,-81.61590953,30.25582988,3
,,Hardware Home And Garden Store,-81.61580300000001,30.255907,3
,,Hardware Home And Garden Store,-81.615656,30.255845999999995,3
,,Specialty Store,-81.615685,30.255869999999998,3
,,Uncategorized,-81.615684,30.255872,3
,,Building Or Construction Service,-81.6156501,30.255653699999996,3
,,Storage Facility,-81.61592347,30.25540919000001,3
,,Automotive Service,-81.61595493,30.25538922999999,3
,,Hardware Home And Garden Store,-81.61570794,30.253640919999988,3
,,Uncategorized,-81.615913,30.253166999999987,3
,,Atm,-81.6161903,30.2535528,3
,,Automotive Service,-81.61632121,30.253357079999994,3
,,Personal Or Beauty Service,-81.61628,30.253059914271997,3
,,Electronics Store,-81.61641598,30.253302100000003,3
,,Specialty Store,-81.61646004,30.253108329999996,3
,,Gas Station,-81.616466782,30.253114236299997,3
,,Personal Or Beauty Service,-81.616492,30.253065999999993,3
,,Storage Facility,-81.616492,30.253346,3
,,Personal Or Beauty Service,-81.61646395,30.253359959999994,3
,,Pharmacy And Drug Store,-81.61657984153427,30.253405614191525,3
,,Restaurant,-81.6165236,30.253380999999997,3
,,Electronics Store,-81.61658458,30.253317650000007,3
,,Bar,-81.616604523529,30.25331962353,3
,,Electronics Store,-81.61658811,30.253318779999997,3
,,Lounge,-81.616774,30.253119999999992,3
,,Food And Beverage Store,-81.61678,30.253489999999992,3
,,Auto Dealer,-81.6164831,30.25512154999999,3
,,Home Service,-81.616585,30.25556200000001,3
,,Historic Site,-81.617016,30.251668999999996,3
,,Food And Beverage Store,-81.61663077,30.25282109,3
,,Storage Facility,-81.6149689,30.252518299999995,3
,,Restaurant,-81.61509827279922,30.253028611719074,3
,,Electronics Store,-81.61532528,30.252857699999986,3
,,Laundry Service,-81.61527082,30.252585029999995,3
,,Storage Facility,-81.61524090130982,30.252430689415675,3
,,Auto Dealer,-81.61553,30.253350000000005,3
,,Home Service,-81.615612,30.253368999999996,3
,,Home Service,-81.6154479,30.2534869,3
,,B2B Transportation And Storage Service,-81.61540129,30.253429029999996,3
,,Specialty Store,-81.615566,30.255497999999992,3
,,Hardware Home And Garden Store,-81.615566,30.255497999999992,3
,,Automotive Service,-81.615533,30.255566999999992,3
,,Specialty Store,-81.615504,30.255488999999994,3
,,Vehicle Dealer,-81.615504,30.255488999999994,3
,,Supplier Or Distributor,-81.61526336365532,30.25522779563276,3
,,Vehicle Dealer,-81.614595,30.254095999999993,3
,,Food And Beverage Store,-81.614595,30.254095999999993,3
,,Bar,-81.614595,30.254095999999993,3
,,Warehouse Club Store,-81.61476029,30.254023589999992,3
,,Books Music And Video Store,-81.61475138737678,30.254026344754728,3
,,Automotive Service,-81.614751,30.254026,3
,,Financial Service,-81.61476427,30.25389669,3
,,Fashion And Apparel Store,-81.61477118,30.253900289999994,3
,,Storage Facility,-81.6135322,30.25432999,3
,,Building Or Construction Service,-81.61353772,30.254326959999993,3
,,Personal Or Beauty Service,-81.61367,30.25029000000001,3
,,Community Center,-81.615282,30.246323000000004,3
,,Family Service,-81.6156309,30.246865999999994,3
,,High School,-81.6157302,30.249877879999996,3
,,Swimming Pool,-81.61614266,30.249844010000004,3
,,Sport Field,-81.61595421,30.248215559999988,3
,,Condominium,-81.6173182290742,30.24741164919136,3
,,Apartment,-81.6175972,30.247425600000003,3
,,Lodging,-81.61772726,30.247316989999995,3
,,Uncategorized,-81.61773815,30.245966869999982,3
,,Youth Organization,-81.6162313,30.245805699999995,3
,,Hardware Home And Garden Store,-81.617431640625,30.2436270111099,3
,,Building Or Construction Service,-81.61610000000002,30.24269000000001,3
,,Uncategorized,-81.614746,30.241771999999997,3
,,Elementary School,-81.6149297,30.245258260000007,3
,,Elementary School,-81.61462400000002,30.24539900000001,3
,,Personal Or Beauty Service,-81.61101169000001,30.24284575,3
,,Apartment,-81.6118219,30.244363900000003,3
,,Historic Site,-81.61219931,30.24380376,3
,,Flowers And Gifts Store,-81.61311793368789,30.247916117258068,3
,,Historic Site,-81.61203042,30.247168519999995,3
,,Apartment,-81.61209,30.247079999999993,3
,,Home Service,-81.61211600000001,30.247072999999993,3
,,Condominium,-81.61209798003078,30.24706555878774,3
,,Home Service,-81.612086,30.247065,3
,,Professional Service,-81.6118,30.24722999999999,3
,,Uncategorized,-81.6117115,30.2472908,3
,,Home Service,-81.6117115,30.2472908,3
,,Corporate Or Business Office,-81.61164666057194,30.24607963087617,3
,,Apartment,-81.6104500918148,30.247642020021193,3
,,Historic Site,-81.60921619000001,30.24305162,3
,,Sport Or Recreation Club,-81.60843434,30.24256949,3
,,Park,-81.60778865,30.24318204,3
,,Sport Field,-81.60798147,30.243864010000003,3
,,Professional Service,-81.6040278,30.246856819999998,3
,,Shopping,-81.604007,30.246803,3
,,Vehicle Service,-81.60399529443303,30.246752376807013,3
,,Home Service,-81.60404046,30.2468128,3
,,Corporate Or Business Office,-81.6040431561081,30.246798712008474,3
,,Home Service,-81.60430065,30.246682099999997,3
,,Real Estate Service,-81.6043486,30.24668419999999,3
,,Vehicle Dealer,-81.60464350000281,30.247767850022807,3
,,Manufacturer,-81.6048054,30.24779103,3
,,Automotive Service,-81.60469993,30.2466878,3
,,Professional Service,-81.6045734,30.246753270000003,3
,,Home Service,-81.604274,30.246634,3
,,Vehicle Parts Store,-81.60423543,30.246640940000002,3
,,Home Service,-81.60423401000001,30.246645419999986,3
,,Physical Medicine And Rehabilitation,-81.60405917,30.24645625999999,3
,,Financial Service,-81.60402145000002,30.24592103,3
,,Security Service,-81.604092,30.24578,3
,,Hardware Home And Garden Store,-81.604083,30.245775999999992,3
,,Travel And Transportation,-81.60115748,30.240619959999986,3
,,Personal Or Beauty Service,-81.600148,30.241615999999997,3
,,Gas Station,-81.599892,30.242978999999988,3
,,Gas Station,-81.59978344166637,30.243056228466003,3
,,B2B Transportation And Storage Service,-81.59977499,30.24307357,3
,,Convenience Store,-81.599844,30.243026999999994,3
,,Gas Station,-81.5995692,30.243198299999996,3
,,Gas Station,-81.599364,30.244839000000002,3
,,Fast Food Restaurant,-81.5996994,30.24509279999999,3
,,Fast Food Restaurant,-81.59969,30.245033000000006,3
,,Gas Station,-81.60002132,30.24466119,3
,,Personal Or Beauty Service,-81.60040482,30.245377529999995,3
,,Christian Place Of Worship,-81.60051354,30.245027349999997,3
,,Professional Service,-81.60064065,30.24515235999999,3
,,Corporate Or Business Office,-81.60071911090672,30.245384716638537,3
,,Personal Or Beauty Service,-81.600768,30.245386999999997,3
,,Religious Organization,-81.600785,30.24537000000001,3
,,Specialty School,-81.60079326,30.24532300999999,3
,,Uncategorized,-81.6010436,30.2452532,3
,,Uncategorized,-81.6010436,30.2452532,3
,,Hardware Home And Garden Store,-81.6010436,30.2452532,3
,,Flowers And Gifts Store,-81.6010436,30.2452532,3
,,Supplier Or Distributor,-81.6005778,30.244741299999994,3
,,Atm,-81.6004814,30.244585499999996,3
,,Uncategorized,-81.60131875526108,30.246279048835287,3
,,Home Service,-81.60148794,30.246389109999992,3
,,Professional Service,-81.600491,30.247673999999996,3
,,Personal Or Beauty Service,-81.60100502,30.24549421,3
,,Restaurant,-81.600924,30.24555399999999,3
,,Sport Or Fitness Facility,-81.60081482610678,30.245477386751816,3
,,Restaurant,-81.60076696847094,30.24543105169105,3
,,Fashion And Apparel Store,-81.60073908,30.245471010000003,3
,,Hardware Home And Garden Store,-81.6007347,30.245478059999996,3
,,Flowers And Gifts Store,-81.600727,30.245436999999992,3
,,Hardware Home And Garden Store,-81.6007226,30.245432699999995,3
,,Personal Or Beauty Service,-81.600652,30.245452999999998,3
,,Technical Service,-81.60057,30.245510000000003,3
,,Personal Or Beauty Service,-81.60059682,30.245478929999997,3
,,Media Service,-81.60058456,30.24545128999999,3
,,Personal Or Beauty Service,-81.600411,30.24544,3
,,Personal Or Beauty Service,-81.60047736,30.245484299999994,3
,,Outpatient Care Facility,-81.59991120540944,30.245857586069615,3
,,Professional Service,-81.59991120540944,30.245857586069615,3
,,Place Of Learning,-81.60001551,30.245842449999994,3
,,Automotive Service,-81.59935736,30.245464180000003,3
,,Hotel,-81.59943972,30.246624290000003,3
,,Financial Service,-81.5995973682662,30.24759323056038,3
,,Dental Clinic,-81.59948885,30.247394029999985,3
,,Corporate Or Business Office,-81.5997692,30.247337599999998,3
,,Corporate Or Business Office,-81.59995,30.247282999999996,3
,,Doctor,-81.60019667823208,30.248174516841765,3
,,Outpatient Care Facility,-81.60036253000001,30.248295889999987,3
,,Uncategorized,-81.60047489451217,30.24835923379805,3
,,Uncategorized,-81.60046014236259,30.248362908061726,3
,,Supplier Or Distributor,-81.5999704,30.248430599999995,3
,,Hotel,-81.59949918,30.24882994,3
,,Religious Organization,-81.59947000000001,30.24891999999999,3
,,Resort,-81.599785,30.2491351,3
,,Senior Living Facility,-81.60038596,30.24934689000001,3
,,Resort,-81.601506,30.248029000000006,3
,,Vehicle Service,-81.60271115,30.247988589999995,3
,,Resort,-81.601861,30.247799999999984,3
,,Rental Service,-81.60168403407512,30.24671114113217,3
,,Travel Service,-81.6017,30.246647,3
,,Travel Service,-81.601783,30.246645999999984,3
,,Automotive Service,-81.60259047,30.246265079999993,3
,,Professional Service,-81.6027573,30.2464042,3
,,Hardware Home And Garden Store,-81.60279926,30.246526390000003,3
,,Home Service,-81.60227236,30.24732411999999,3
,,Home Service,-81.602609,30.24756199999999,3
,,Rental Service,-81.60287073,30.24762275999999,3
,,Home Service,-81.6028692,30.246915100000002,3
,,Technical Service,-81.6029,30.24694699999999,3
,,Behavioral Or Mental Health Clinic,-81.60290808,30.24670672,3
,,Technical Service,-81.60293733,30.24663832,3
,,Real Estate Service,-81.60335059440754,30.24644200003881,3
,,Home Service,-81.60340372,30.24644483999999,3
,,Environmental Or Ecological Service,-81.60340484,30.246447060000012,3
,,Home Service,-81.60341484,30.246466169999994,3
,,B2B Office And Professional Service,-81.6036682128906,30.246370315551797,3
,,Automotive Service,-81.60354968,30.24649270999999,3
,,Technical Service,-81.6036565,30.246040399999995,3
,,Home Service,-81.6036565,30.246040399999995,3
,,Hardware Home And Garden Store,-81.6036565,30.246040399999995,3
,,Home Service,-81.603553,30.246064999999994,3
,,Uncategorized,-81.603553,30.246064999999994,3
,,Sport Or Fitness Facility,-81.60350400338164,30.24611986745709,3
,,Home Service,-81.6034774780273,30.2461242675781,3
,,Hardware Home And Garden Store,-81.60348641206646,30.246181278808805,3
,,Building Or Construction Service,-81.60360014,30.24580549,3
,,Building Or Construction Service,-81.60363673,30.245916700000002,3
,,Design Service,-81.60368558,30.24598936,3
,,Hardware Home And Garden Store,-81.603743,30.246351999999998,3
,,B2B Office And Professional Service,-81.603743,30.246351999999998,3
,,Manufacturer,-81.60380484,30.24620536999999,3
,,Home Service,-81.603826,30.246274999999997,3
,,Hardware Home And Garden Store,-81.6038166,30.246376199999993,3
,,Fashion And Apparel Store,-81.6038166,30.246376199999993,3
,,Specialty Store,-81.6038166,30.246376199999993,3
,,Vehicle Parts Store,-81.6038166,30.246376199999993,3
,,Home Service,-81.603816,30.246373,3
,,Hardware Home And Garden Store,-81.603817,30.246376000000005,3
,,B2B Industrial And Machine Service,-81.60381,30.24637,3
,,Financial Service,-81.6037750244141,30.246372222900405,3
,,Home Service,-81.6038448,30.24641509999999,3
,,Home Service,-81.6038448,30.24641509999999,3
,,Home Service,-81.6038448,30.24641509999999,3
,,Uncategorized,-81.6038448,30.24641509999999,3
,,Professional Service,-81.6038448,30.24641509999999,3
,,Home Service,-81.6038448,30.24641509999999,3
,,Home Service,-81.6038448,30.24641509999999,3
,,Home Service,-81.60397886,30.24680517999999,3
,,B2B Service,-81.6039446,30.246830700000007,3
,,Hardware Home And Garden Store,-81.60391372,30.246895369999997,3
,,Home Service,-81.60397733,30.24694876,3
,,Vehicle Parts Store,-81.60394135,30.2470226,3
,,Technical Service,-81.60390179,30.24704312,3
,,Home Service,-81.60340622004523,30.246888061485084,3
,,Financial Service,-81.6038,30.24875,3
,,Auto Dealer,-81.60358144,30.24865798000001,3
,,Home Service,-81.60356,30.24841,3
,,Automotive Service,-81.60318619,30.248275440000008,3
,,Hardware Home And Garden Store,-81.603357,30.254528000000004,3
,,Manufacturer,-81.6033627,30.253369000000003,3
,,Supplier Or Distributor,-81.603361,30.253364,3
,,Electronics Store,-81.602996,30.253363000000004,3
,,Hardware Home And Garden Store,-81.60280171,30.254229369999994,3
,,Amusement Park,-81.60258,30.255349999999996,3
,,Amusement Park,-81.60258,30.255349999999996,3
,,Arcade,-81.602517,30.25535900000001,3
,,Sport Or Fitness Facility,-81.6023928,30.255428400000007,3
,,Sport Or Recreation Club,-81.60228611,30.25511605,3
,,Office Supply Store,-81.601476,30.252056,3
,,Technical Service,-81.60147030106224,30.252152016672245,3
,,Corporate Or Business Office,-81.60140211000001,30.252185890000007,3
,,Real Estate Service,-81.60151816240644,30.25219835324915,3
,,Emergency Or Urgent Care Facility,-81.60113832,30.252389529999995,3
,,B2B Industrial And Machine Service,-81.60055189,30.251418890000004,3
,,Preschool,-81.6005536,30.251401899999987,3
,,Supplier Or Distributor,-81.60065550000002,30.25155389999999,3
,,Professional Service,-81.600614,30.251087,3
,,Christian Place Of Worship,-81.59952793,30.252080880000005,3
,,Hardware Home And Garden Store,-81.59952428490978,30.252542755006694,3
,,Christian Place Of Worship,-81.599524,30.252542999999992,3
,,Manufacturer,-81.5994545,30.252522700000004,3
,,Manufacturer,-81.599455,30.252810000000007,3
,,Office Supply Store,-81.59981200000001,30.25272,3
,,Corporate Or Business Office,-81.60000288244596,30.253006123041555,3
,,Home Service,-81.59981000000002,30.25322,3
,,B2B Transportation And Storage Service,-81.6006018,30.254499299999985,3
,,Warehouse Club Store,-81.60148745,30.25376678,3
,,Sport Team,-81.601357,30.254274,3
,,Supplier Or Distributor,-81.6010745,30.254703699999993,3
,,Diagnostics Imaging Or Lab Service,-81.5998597,30.258588900000003,3
,,Specialized Medical Facility,-81.59962791,30.258868490000005,5
,,Real Estate Service,-81.59980247,30.258843419999998,5
,,Home Service,-81.599815,30.260283000000005,5
,,Rental Service,-81.599799,30.260306000000007,5
,,Storage Facility,-81.5998153686523,30.260261535644492,5
,,Home Service,-81.5998153686523,30.260261535644492,5
,,Shipping Or Delivery Service,-81.59986114502,30.260210838986985,5
,,Media Service,-81.599863,30.260323,5
,,Home Service,-81.60025154,30.260215500000008,5
,,Storage Facility,-81.6007063,30.26017544999999,5
,,College University,-81.60266201,30.259131419999992,3
,,College University,-81.60278821508238,30.259075632478904,3
,,Casual Eatery,-81.60280580870969,30.25901422461195,3
,,Corporate Or Business Office,-81.60251761812728,30.258575198501834,3
,,Doctor,-81.602245,30.258334999999995,3
,,Doctor,-81.602245,30.258334999999995,3
,,Financial Service,-81.60224759,30.258324490000003,3
,,Technical Service,-81.602267,30.258334999999995,3
,,Hotel,-81.60222150000001,30.2582808,3
,,Technical Service,-81.60221,30.258320000000005,3
,,Shopping,-81.60221,30.258320000000005,3
,,Professional Service,-81.60221,30.258320000000005,3
,,Financial Service,-81.6022122,30.258328849999998,3
,,Personal Care And Beauty Store,-81.60222,30.258327,3
,,Professional Service,-81.60208682,30.258399950000005,3
,,Corporate Or Business Office,-81.60206836,30.25836778,3
,,Professional Service,-81.60209374,30.25850014,3
,,Uncategorized,-81.60348,30.25973000000001,5
,,Real Estate Service,-81.60414042,30.260160070000005,5
,,Financial Service,-81.604199,30.260127,5
,,Technical Service,-81.60425478,30.26011593,5
,,Financial Service,-81.60425461,30.260118749999993,5
,,Financial Service,-81.6043067,30.2601952,5
,,Financial Service,-81.6043067,30.2601952,5
,,Financial Service,-81.6043059,30.2601952,5
,,Uncategorized,-81.604301,30.26018399999999,5
,,Park,-81.60587942,30.260568699999993,5
,,Manufacturer,-81.60428647424825,30.254486166128004,3
,,Home Service,-81.6045456,30.25411490000001,3
,,Specialty Store,-81.604217,30.254241000000004,3
,,Hardware Home And Garden Store,-81.60420264000001,30.254244169999993,3
,,Home Service,-81.6086056124988,30.255843327392196,3
,,Home Service,-81.608095,30.25762399999999,3
,,Social Or Community Service,-81.60717663,30.260137219999994,3
,,Uncategorized,-81.6071953915106,30.260125900695034,3
,,Food And Beverage Store,-81.60774582,30.25993669,3
,,Shipping Or Delivery Service,-81.6082305908203,30.26054573059079,3
,,Hardware Home And Garden Store,-81.60814301631991,30.261513802957012,5
,,B2B Service,-81.6081454,30.261008620000005,5
,,Sport Or Fitness Facility,-81.60828829,30.260954130000002,5
,,Corporate Or Business Office,-81.6080120866948,30.261543946483673,5
,,Home Service,-81.60845753,30.264855510000004,5
,,Printing Service,-81.6083199,30.265385540000008,5
,,Atm,-81.607853,30.2647183,5
,,Gas Station,-81.60787744,30.265006779999997,5
,,Supplier Or Distributor,-81.6078924,30.265035299999994,5
,,Gas Station,-81.60785406093437,30.265192406683784,5
,,Atm,-81.60749053955078,30.264390945434567,5
,,Storage Facility,-81.60754,30.264224,5
,,Sport Or Fitness Facility,-81.60702547,30.26357962,5
,,Printing Service,-81.606979,30.263538999999987,5
,,Casual Eatery,-81.60743305,30.26415354,5
,,Bank Or Credit Union,-81.6074,30.264300000000006,5
,,Gas Station,-81.6074,30.264300000000006,5
,,Atm,-81.6072986,30.2647084,5
,,Financial Service,-81.6072986,30.2647084,5
,,Gas Station,-81.60724667,30.265280689999997,5
,,Casual Eatery,-81.607118,30.265323,5
,,Restaurant,-81.607118,30.265323,5
,,Coffee Shop,-81.607118,30.265323,5
,,Convenience Store,-81.60695958,30.265326539999993,5
,,Bank Or Credit Union,-81.607012,30.265431999999997,5
,,Complementary And Alternative Medicine,-81.60687388,30.265388329999993,5
,,Wellness Service,-81.60672314,30.265458669999994,5
,,Coffee Shop,-81.60660087728648,30.26548908941549,5
,,Event Or Party Service,-81.60662678460936,30.265424518129382,5
,,Event Or Party Service,-81.6065063,30.265359899999996,5
,,Food And Beverage Store,-81.606521,30.265407,5
,,Atm,-81.606549164333,30.265652455215,5
,,Restaurant,-81.6065627,30.265633199999993,5
,,Restaurant,-81.60650473,30.265658049999992,5
,,Restaurant,-81.6065236277755,30.265672306259017,5
,,Restaurant,-81.60647267,30.265685170000005,5
,,Restaurant,-81.60648862,30.26565457,5
,,Wellness Service,-81.606439,30.265365499999994,5
,,Event Or Party Service,-81.6065717,30.2646709,5
,,Specialized Medical Facility,-81.6064421,30.264666099999996,5
,,Printing Service,-81.6064421,30.264666099999996,5
,,Building Or Construction Service,-81.60645437,30.264336679999996,5
,,Social Or Community Service,-81.60641919,30.26419236,5
,,Sport Or Fitness Facility,-81.60640945809504,30.264149900579497,5
,,Professional Service,-81.606409,30.264150000000004,5
,,Food And Beverage Store,-81.60646794,30.26423004,5
,,Christian Place Of Worship,-81.60646497,30.26423797,5
,,B2B Service,-81.6064609,30.264235199999998,5
,,Specialized Medical Facility,-81.60678059,30.26422697,5
,,Doctor,-81.60662835439234,30.2638127176507,5
,,Hardware Home And Garden Store,-81.60662835439234,30.2638127176507,5
,,Walk In Clinic,-81.6067431,30.263746599999997,5
,,Media Service,-81.60729,30.26113999999999,5
,,Supplier Or Distributor,-81.605162,30.262315,5
,,Supplier Or Distributor,-81.60485467,30.26292595,5
,,Restaurant,-81.60504861866558,30.262283535188025,5
,,Food And Beverage Store,-81.605106,30.262431999999993,5
,,Gym,-81.60615531,30.26431908,5
,,Personal Or Beauty Service,-81.60618153,30.26438085,5
,,Media Service,-81.60627,30.264169999999993,5
,,Sport Or Fitness Facility,-81.60627,30.264169999999993,5
,,Restaurant,-81.60615685,30.265103260000004,5
,,Personal Or Beauty Service,-81.606033876,30.265059034499995,5
,,Food And Beverage Store,-81.60599422,30.265197559999994,5
,,Professional Service,-81.60602249,30.26532256000001,5
,,Event Or Party Service,-81.60607403,30.265309010000003,5
,,Personal Or Beauty Service,-81.60604463,30.2653112,5
,,Event Or Party Service,-81.60603464,30.26532855,5
,,Casual Eatery,-81.60603315,30.26532091,5
,,Second Hand Store,-81.60611790000002,30.26528897,5
,,Convenience Store,-81.606118,30.265285999999993,5
,,Restaurant,-81.60611277,30.265282190000004,5
,,Travel Service,-81.606206,30.265287000000004,5
,,Shopping,-81.60620708,30.26522028999999,5
,,Restaurant,-81.60631403,30.265450019999996,5
,,Personal Or Beauty Service,-81.6062,30.265559999999986,5
,,Convenience Store,-81.60596200000002,30.270793,5
,,Financial Service,-81.606032,30.270826000000003,5
,,Senior Living Facility,-81.60829519,30.26689761,5
,,Stadium Arena,-81.607975346307,30.26847398795535,5
,,Home Service,-81.6079544,30.270555450000003,5
,,Fashion And Apparel Store,-81.60863758271499,30.27195411189807,5
,,Gas Station,-81.60835614431343,30.272316109246827,5
,,Fast Food Restaurant,-81.6082808,30.2732773,5
,,Fast Food Restaurant,-81.60816669,30.27320352,5
,,Gas Station,-81.60833560485442,30.272367759813516,5
,,Rental Service,-81.608278,30.272247999999994,5
,,Second Hand Store,-81.60779988,30.27278998,5
,,Coffee Shop,-81.60752877,30.273098710000003,5
,,Second Hand Store,-81.6077414571604,30.27273392208998,5
,,Apartment,-81.606779,30.272514999999995,5
,,Shopping Mall,-81.6073671,30.272494199999997,5
,,Food And Beverage Store,-81.60723,30.274133999999997,5
,,Food And Beverage Store,-81.60714393,30.27411084,5
,,Uncategorized,-81.6064426870851,30.274065227391727,5
,,Auto Dealer,-81.606642,30.274649999999998,5
,,Automotive Service,-81.60662770271301,30.274606890229716,5
,,Personal Care And Beauty Store,-81.60684616662394,30.275004827197304,5
,,Wellness Service,-81.60673154,30.275066529999993,5
,,Personal Or Beauty Service,-81.60665829,30.27504483999999,5
,,Automotive Service,-81.60646166,30.274658980000005,5
,,Financial Service,-81.606494,30.275495,5
,,Restaurant,-81.60635242,30.27556908,5
,,Restaurant,-81.6063538,30.27556929999999,5
,,Financial Service,-81.60634089550618,30.275654237151002,5
,,Food And Beverage Store,-81.606925,30.275079,5
,,Storage Facility,-81.60777819,30.27487466,5
,,Automotive Service,-81.60798,30.27369,5
,,Automotive Service,-81.6079123020172,30.273550836425002,5
,,Hardware Home And Garden Store,-81.6080453,30.274224000000004,5
,,Supplier Or Distributor,-81.6081484,30.274162299999993,5
,,Hardware Home And Garden Store,-81.60814928,30.274162070000003,5
,,Automotive Service,-81.60810828208923,30.273567438125625,5
,,Automotive Service,-81.60810073,30.27358189,5
,,Home Service,-81.6068272,30.279714500000004,5
,,Fashion And Apparel Store,-81.60587964342356,30.276030214619265,5
,,Fashion And Apparel Store,-81.6058,30.275978,5
,,Personal Or Beauty Service,-81.60575044,30.27604890000001,5
,,Printing Service,-81.60558387,30.276233799999993,5
,,Personal Care And Beauty Store,-81.60571350884655,30.27618315245804,5
,,Food And Beverage Store,-81.60529689,30.276548330000004,5
,,Atm,-81.60530090332031,30.27655410766602,5
,,Uncategorized,-81.605304,30.276553000000007,5
,,Atm,-81.60530144,30.27655155,5
,,Restaurant,-81.605416,30.276365999999992,5
,,Home Service,-81.60539,30.276549999999997,5
,,Supplier Or Distributor,-81.6053599,30.276582199999996,5
,,Bank Or Credit Union,-81.60534,30.27659000000001,5
,,Food And Beverage Store,-81.605283,30.276677999999993,5
,,Books Music And Video Store,-81.6051997,30.2766861,5
,,Home Service,-81.6052654,30.277015799999994,5
,,Financial Service,-81.6052654,30.277015799999994,5
,,Historic Site,-81.60558399,30.280427600000003,5
,,Complementary And Alternative Medicine,-81.60443576,30.28044882,5
,,Doctor,-81.60451206980777,30.28058921228908,5
,,Christian Place Of Worship,-81.60405621,30.278196640000008,5
,,Storage Facility,-81.603998,30.277625999999994,5
,,Discount Store,-81.60399978,30.27759766,5
,,Outpatient Care Facility,-81.60411445,30.277452120000007,5
,,Walk In Clinic,-81.604135,30.277669,5
,,Laundry Service,-81.60469910346767,30.277162171460407,5
,,Discount Store,-81.60463824,30.277055139999998,5
,,Laundry Service,-81.60481174,30.277062399999995,5
,,Electronics Store,-81.60441016,30.276502439999998,5
,,Restaurant,-81.60446887,30.2764589,5
,,Restaurant,-81.60446165885028,30.276347984709055,5
,,Casual Eatery,-81.60451742577185,30.27651569144688,5
,,Restaurant,-81.60451742577185,30.27651569144688,5
,,Restaurant,-81.60449982987477,30.276577096030763,5
,,Personal Care And Beauty Store,-81.604559,30.277148,5
,,Dental Clinic,-81.60440228,30.277187979999997,5
,,Fast Food Restaurant,-81.60427403,30.27686325,5
,,Fast Food Restaurant,-81.604316,30.276791000000003,5
,,Fashion And Apparel Store,-81.60409892,30.27716661,5
,,Ground Transport Facility Or Service,-81.6040511767933,30.27640561975701,5
,,Automotive Service,-81.60419744,30.27599787,5
,,Restaurant,-81.60420480945233,30.275899337358965,5
,,Restaurant,-81.60430584,30.275832480000002,5
,,Automotive Service,-81.604395,30.275534,5
,,Social Or Community Service,-81.6042311868165,30.274262969903223,5
,,Historic Site,-81.60441308,30.274443270000003,5
,,Christian Place Of Worship,-81.60478017,30.274790319999997,5
,,Automotive Service,-81.60474415,30.2753895,5
,,Fashion And Apparel Store,-81.6051609,30.2754558,5
,,Vehicle Parts Store,-81.605657,30.275117000000005,5
,,Gas Station,-81.6057,30.275299999999998,5
,,Bank Or Credit Union,-81.6057,30.275299999999998,5
,,Electronics Store,-81.60593727,30.275342269999992,5
,,Food And Beverage Store,-81.60603,30.275788999999996,5
,,Vehicle Service,-81.60605553,30.275723470000003,5
,,Fashion And Apparel Store,-81.6060469,30.275671440000004,5
,,Financial Service,-81.60612884511137,30.275800806737692,5
,,Personal Or Beauty Service,-81.60621761,30.275750920000004,5
,,Personal Or Beauty Service,-81.6062147,30.275750500000008,5
,,Electronics Store,-81.60622326,30.275590979999993,5
,,Atm,-81.60588073730469,30.27527046203613,5
,,Vehicle Parts Store,-81.60583300000002,30.274837999999995,5
,,Fast Food Restaurant,-81.60600969,30.274415240000007,5
,,Fast Food Restaurant,-81.605894,30.27440100000001,5
,,Lodging,-81.606241,30.27284999999999,5
,,Dance Club,-81.60617,30.27287,5
,,Psychic Advising,-81.60596902,30.272506429999993,5
,,Historic Site,-81.6058553,30.27255825999999,5
,,Personal Or Beauty Service,-81.6036647,30.27291629999999,5
,,Historic Site,-81.60225554,30.27559919,5
,,Uncategorized,-81.603584,30.274353000000005,5
,,Automotive Service,-81.60392771,30.27617400999999,5
,,Fashion And Apparel Store,-81.603938,30.276189999999986,5
,,Automotive Service,-81.603873,30.276205000000004,5
,,Shipping Or Delivery Service,-81.603431,30.276950999999997,5
,,Automotive Service,-81.60342693240104,30.27647979037518,5
,,Hardware Home And Garden Store,-81.60362777,30.276369459999998,5
,,Automotive Service,-81.60335163,30.276501930000002,5
,,Pharmacy And Drug Store,-81.60308202,30.276832349999996,5
,,Restaurant,-81.602895,30.276791000000003,5
,,Atm,-81.6029052734375,30.276760101318363,5
,,Atm,-81.6032837,30.277086300000004,5
,,Uncategorized,-81.6032837,30.277086300000004,5
,,Financial Service,-81.60308402,30.278269480000006,5
,,Electronics Store,-81.60320537,30.2778544,5
,,Food And Beverage Store,-81.60327674,30.278247399999998,5
,,Food And Beverage Store,-81.60346679,30.278267510000003,5
,,Food And Beverage Store,-81.60345308626222,30.27830915823167,5
,,Atm,-81.60353779792791,30.278331601769256,5
,,Financial Service,-81.60350366197127,30.2783547071147,5
,,Personal Or Beauty Service,-81.60358268,30.27821526,5
,,Bank Or Credit Union,-81.6035036,30.277720200000008,5
,,Bank Or Credit Union,-81.60384100000002,30.277941999999992,5
,,Financial Service,-81.60384100000002,30.277941999999992,5
,,Dance Club,-81.60382746563609,30.278132398138087,5
,,Personal Or Beauty Service,-81.60386557,30.280601740000012,5
,,Specialized Health Care,-81.60391765,30.280697990000004,5
,,Home Service,-81.60392248,30.280690059999998,5
,,Christian Place Of Worship,-81.60383,30.280679999999997,5
,,Religious Organization,-81.60383,30.280679999999997,5
,,Dental Clinic,-81.60348937,30.280078260000003,5
,,Doctor,-81.6035975039174,30.279939250086645,5
,,Dental Clinic,-81.60363269737323,30.27981644350711,5
,,Restaurant,-81.60312,30.279910000000005,5
,,Restaurant,-81.60321576,30.280454430000002,5
,,Food And Beverage Store,-81.60290011,30.280813470000002,5
,,Gas Station,-81.6028934,30.27992115999999,5
,,Specialized Health Care,-81.603237,30.279276999999997,5
,,Bar,-81.60328888,30.278552219999998,5
,,Vehicle Service,-81.60309093,30.278952849999996,5
,,Specialty Store,-81.6028098,30.2785262,5
,,Restaurant,-81.60261511802675,30.278984893158324,5
,,Electronics Store,-81.60258413,30.278995759999997,5
,,Restaurant,-81.60256862,30.27889989000001,5
,,Electronics Store,-81.60227458,30.27887228000001,5
,,Restaurant,-81.60240839442416,30.279180380625,5
,,Restaurant,-81.60247055,30.279496680000005,5
,,Medical Service,-81.6027598,30.279855900000012,5
,,Hardware Home And Garden Store,-81.6027192,30.2808228,5
,,Personal Or Beauty Service,-81.60239649032077,30.280502282839706,5
,,Reproductive Perinatal And Womens Care,-81.60232,30.280710000000003,5
,,Reproductive Perinatal And Womens Care,-81.60227029,30.280760120000004,5
,,Restaurant,-81.6024142,30.280237000000007,5
,,Restaurant,-81.602456,30.280138000000004,5
,,Restaurant,-81.60245,30.28014,5
,,Home Service,-81.60247778,30.27977844999999,5
,,Fashion And Apparel Store,-81.60211,30.28005100000001,5
,,Specialized Health Care,-81.60210802,30.280063329999997,5
,,Home Service,-81.60200373000002,30.280053090000003,5
,,Financial Service,-81.60201349445778,30.280131538642816,5
,,Specialty School,-81.60196509,30.280282440000004,5
,,Personal Or Beauty Service,-81.60211082,30.280158979999996,5
,,Wellness Service,-81.6020969,30.2801465,5
,,Outpatient Care Facility,-81.6019575,30.281016700000002,5
,,Primary Care Or General Clinic,-81.60196742,30.280756579999984,5
,,Casual Eatery,-81.602122,30.279724,5
,,Financial Service,-81.601986,30.279002,5
,,Restaurant,-81.6019874831158,30.278915231062594,5
,,Financial Service,-81.60209076113969,30.27898252861137,5
,,Cafe,-81.60215142725784,30.279010069673724,5
,,Restaurant,-81.60210820000002,30.278493299999994,5
,,Fashion And Apparel Store,-81.60210820000002,30.278493299999994,5
,,Restaurant,-81.60210820000002,30.278493299999994,5
,,Personal Or Beauty Service,-81.60191418,30.27856049,5
,,Personal Or Beauty Service,-81.60186910335943,30.278501462899754,5
,,Restaurant,-81.60189832,30.278747339999992,5
,,Food And Beverage Store,-81.60191154,30.278417549999993,5
,,Non Alcoholic Beverage Venue,-81.60192189451749,30.278317254791926,5
,,Restaurant,-81.60190416,30.27836592,5
,,Wellness Service,-81.60189602,30.277652379999992,5
,,Family Service,-81.60193253,30.277787599999996,5
,,Family Service,-81.60192644,30.277814120000002,5
,,Personal Or Beauty Service,-81.60221422,30.278099740000005,5
,,Personal Or Beauty Service,-81.60220161429773,30.278078128599383,5
,,Supplier Or Distributor,-81.6022,30.27802,5
,,Restaurant,-81.60250569,30.27809662,5
,,Restaurant,-81.60252278,30.278121410000004,5
,,Convenience Store,-81.602475643158,30.278248214251995,5
,,Casual Eatery,-81.60261416,30.278159800000005,5
,,Pharmacy And Drug Store,-81.60260646,30.278139550000002,5
,,Pharmacy And Drug Store,-81.6026,30.278030000000008,5
,,Place Of Learning,-81.60259968,30.27813589999999,5
,,Automotive Service,-81.60249592744,30.277835251792002,5
,,Christian Place Of Worship,-81.60126301,30.27747974,5
,,Home Service,-81.60150579358908,30.277208520411047,5
,,Home Service,-81.60138099,30.280905410000003,5
,,Personal Or Beauty Service,-81.60133235,30.280901100000012,5
,,Christian Place Of Worship,-81.6001517,30.27927776,5
,,Elementary School,-81.599977,30.277847000000012,5
,,Place Of Learning,-81.60016126,30.277849869999997,5
,,Home Service,-81.59980739,30.276047979999994,5
,,Historic Site,-81.60012908,30.269670470000012,5
,,Historic Site,-81.59947895,30.26946297,5
,,Uncategorized,-81.5998,30.267060000000004,5
,,Family Service,-81.60255432128906,30.263833999633786,5
,,Preschool,-81.60292335,30.26370418,5
,,Supplier Or Distributor,-81.60149366,30.26123417,5
,,Event Or Party Service,-81.601208,30.261389999999995,5
,,Christian Place Of Worship,-81.60072842,30.264042339999996,5
,,Christian Place Of Worship,-81.6007854,30.264142169999996,5
,,Youth Organization,-81.60097805,30.263797890000014,5
,,Printing Service,-81.600988,30.263809999999996,5
,,Christian Place Of Worship,-81.599371082246,30.26353300964829,5
,,Christian Place Of Worship,-81.59914897,30.26361783,5
,,Uncategorized,-81.598159,30.263929199999993,5
,,Historic Site,-81.59840356,30.26362655,5
,,Personal Or Beauty Service,-81.59764786,30.26372131,5
,,Uncategorized,-81.5976869,30.26553759999999,5
,,Restaurant,-81.59704843000002,30.26407243000001,5
,,Real Estate Service,-81.597012,30.263997000000003,5
,,Christian Place Of Worship,-81.59703781,30.263981370000007,5
,,Christian Place Of Worship,-81.59703809,30.263985449999996,5
,,Event Or Party Service,-81.59703729,30.263985340000005,5
,,Complementary And Alternative Medicine,-81.59709803,30.264025529999998,5
,,Restaurant,-81.59707852,30.26401423,5
,,Restaurant,-81.59731942352558,30.26404214150901,5
,,Restaurant,-81.597301,30.26392699999999,5
,,Restaurant,-81.597301,30.26392699999999,5
,,Shopping Mall,-81.597301,30.26392699999999,5
,,Restaurant,-81.597301,30.26392699999999,5
,,Restaurant,-81.597301,30.26392699999999,5
,,Cafe,-81.597301,30.26392699999999,5
,,Restaurant,-81.59730433781338,30.26378404081202,5
,,Restaurant,-81.59729892024477,30.26372313102446,5
,,Shopping Mall,-81.59729892024477,30.26372313102446,5
,,Casual Eatery,-81.5974242,30.26381350000001,5
,,Restaurant,-81.59746010249764,30.263800745640747,5
,,Restaurant,-81.59746,30.263800999999994,5
,,Restaurant,-81.59751,30.263739,5
,,Personal Or Beauty Service,-81.59718019,30.26381805,5
,,Casual Eatery,-81.59713305,30.263799719999998,5
,,Historic Site,-81.59719519,30.262813669999986,5
,,Uncategorized,-81.5975265767212,30.263156599599327,5
,,Manufacturer,-81.5955763,30.261043700000002,5
,,Hardware Home And Garden Store,-81.59526511,30.261185709999996,5
,,Education,-81.5952057305226,30.261853348197615,5
,,Hardware Home And Garden Store,-81.5953648,30.26283590000001,5
,,Manufacturer,-81.595676,30.26416099999999,5
,,B2B Service,-81.595545,30.264154,5
,,Physical Medicine And Rehabilitation,-81.59548654,30.26397231,5
,,B2B Transportation And Storage Service,-81.59541835,30.263951030000005,5
,,B2B Service,-81.5954742431641,30.264186859130902,5
,,Radio Station,-81.59469,30.26383,5
,,Behavioral Or Mental Health Clinic,-81.5946828,30.264389249999997,5
,,Personal Or Beauty Service,-81.59498538236289,30.264542301164404,5
,,Manufacturer,-81.5958404541016,30.264198303222706,5
,,Corporate Or Business Office,-81.59639729604267,30.26324237853733,5
,,Sport Or Fitness Facility,-81.59616346,30.264105559999994,5
,,Home Service,-81.595055,30.269201799999998,5
,,Park,-81.59756968000312,30.270632607070855,5
,,Uncategorized,-81.59924341139488,30.269048857213324,5
,,Real Estate Service,-81.599251,30.269927000000003,5
,,Park,-81.59890128,30.270954710000005,5
,,Park,-81.59903822,30.271740000000005,5
,,Park,-81.5976267,30.270999939999992,5
,,Elementary School,-81.59756613,30.27270018999999,5
,,Christian Place Of Worship,-81.59756886,30.279712719999992,5
,,Christian Place Of Worship,-81.5975305447075,30.27955672480092,5
,,Uncategorized,-81.5958938598633,30.2793865203857,5
,,Storage Facility,-81.5947139,30.27527209999999,5
,,Middle School,-81.59544695,30.271381489999985,5
,,Middle School,-81.59566096799585,30.271785359512545,5
,,Arts And Entertainment,-81.5956173231717,30.272654102947232,5
,,Specialty School,-81.594834,30.27254299999999,5
,,Restaurant,-81.594581,30.272778999999996,5
,,Park,-81.59297299406293,30.27148190661644,5
,,Sport League,-81.59295728,30.27107005,5
,,Sport Or Fitness Facility,-81.592863,30.271408,5
,,Park,-81.59281842160696,30.271256335271218,5
,,Uncategorized,-81.5923233032227,30.275789260864308,5
,,Real Estate Service,-81.5924145333707,30.275858487779875,5
,,Christian Place Of Worship,-81.59327900000001,30.277676000000003,5
,,Christian Place Of Worship,-81.59328368,30.277492499999994,5
,,Social Or Community Service,-81.59247326,30.27669240000001,5
,,Christian Place Of Worship,-81.59180793,30.276992420000003,5
,,Christian Place Of Worship,-81.591641602586,30.277039087283995,5
,,Shopping,-81.591085,30.280924000000002,5
,,Arts Crafts And Hobby Store,-81.5917,30.275549999999992,5
,,Historic Site,-81.59170452,30.275835320000002,5
,,Senior Living Facility,-81.59168515,30.27425302,5
,,Behavioral Or Mental Health Clinic,-81.59110216,30.27078548,5
,,Fast Food Restaurant,-81.59184212,30.266499239999998,5
,,Event Or Party Service,-81.59184514,30.266494449999996,5
,,Social Or Community Service,-81.59241725,30.268447039999995,5
,,Vehicle Service,-81.59240561,30.267269929999994,5
,,Restaurant,-81.59277185,30.26442933,5
,,Casual Eatery,-81.59280493896426,30.26447051156791,5
,,Preschool,-81.594604,30.263851000000006,5
,,Historic Site,-81.59383403,30.262093219999997,5
,,B2B Service,-81.5942239,30.261857500000005,5
,,Specialized Health Care,-81.5942239,30.261857500000005,5
,,Event Venue,-81.59439086914061,30.261865615844705,5
,,Restaurant,-81.5937322019235,30.26128234402599,5
,,Restaurant,-81.59374693240758,30.261286672338194,5
,,Swimming Pool,-81.592503860593,30.261133743446003,5
,,Historic Site,-81.59155219,30.26399889,5
,,Home Service,-81.59085843,30.259210090000003,5
,,Social Or Community Service,-81.59177369,30.258806500000002,5
,,Pharmacy And Drug Store,-81.59215063324122,30.25928734814501,5
,,Dental Clinic,-81.5921516,30.259320230000007,5
,,Pediatric Clinic,-81.59227766,30.258997480000005,5
,,Medical Service,-81.59232,30.258900000000008,5
,,Medical Service,-81.5916624,30.258434300000005,5
,,Uncategorized,-81.5916624,30.258434300000005,5
,,Uncategorized,-81.5913,30.258500000000005,5
,,Uncategorized,-81.5913,30.258500000000005,5
,,Health Care,-81.59194334999964,30.25780255000005,5
,,Doctor,-81.59195858314835,30.257610984206835,5
,,Doctor,-81.59197618007785,30.257549581920408,5
,,Shopping,-81.592,30.257497,5
,,Surgery,-81.59096104,30.25753783,5
,,Reproductive Perinatal And Womens Care,-81.5907066,30.257662500000002,5
,,Reproductive Perinatal And Womens Care,-81.5907066,30.257662500000002,5
,,Reproductive Perinatal And Womens Care,-81.5906902,30.257666500000003,5
,,Surgery,-81.58999231374827,30.257432657420583,5
,,Corporate Or Business Office,-81.58999231374827,30.257432657420583,5
,,Government Office,-81.59009,30.256664999999987,5
,,Travel And Transportation,-81.59009,30.256664999999987,5
,,Government Office,-81.59028019,30.256774169999996,5
,,Real Estate Service,-81.5902984,30.255723000000003,5
,,Financial Service,-81.5902984,30.255723000000003,5
,,Real Estate Service,-81.5902984,30.255723000000003,5
,,Event Or Party Service,-81.5902984,30.255723000000003,5
,,Financial Service,-81.590273,30.254959,5
,,Reproductive Perinatal And Womens Care,-81.59018761,30.254991439999998,5
,,Uncategorized,-81.590183,30.254999500000004,5
,,Uncategorized,-81.590183,30.255000000000006,5
,,Auto Dealer,-81.590183,30.25499328999999,5
,,Attorney Or Law Firm,-81.59004957,30.254959689999996,5
,,Financial Service,-81.59004076,30.254978490000003,5
,,B2B Transportation And Storage Service,-81.59003867,30.25496846,5
,,Home Service,-81.59003407,30.254947289999986,5
,,Home Service,-81.58999638,30.254927800000008,5
,,Social Or Community Service,-81.59004,30.254899999999992,5
,,B2B Office And Professional Service,-81.59004,30.254899999999992,5
,,Social Or Community Service,-81.5901181,30.254869900000003,5
,,Attorney Or Law Firm,-81.59014092,30.254804729999996,5
,,Real Estate Service,-81.59015594,30.254818300000007,5
,,Place Of Learning,-81.59015273,30.254921179999993,5
,,Real Estate Service,-81.590225,30.254912999999995,5
,,Legal Service,-81.590242,30.25492699999999,5
,,Home Service,-81.59022541233834,30.254912896547385,5
,,Real Estate Service,-81.59025,30.25489,5
,,Corporate Or Business Office,-81.59029085989998,30.254897832332855,5
,,Uncategorized,-81.590312,30.255055999999986,5
,,Real Estate Service,-81.59059,30.255560000000006,5
,,Event Or Party Service,-81.5906069,30.255458200000007,5
,,Professional Service,-81.59059392,30.25549524,5
,,Financial Service,-81.590623,30.255435,5
,,Financial Service,-81.59066872666209,30.255499078986514,5
,,Uncategorized,-81.59066872666209,30.255499078986514,5
,,Financial Service,-81.59066872666209,30.255499078986514,5
,,Real Estate Service,-81.59072,30.25546,5
,,Financial Service,-81.59072,30.25546,5
,,Professional Service,-81.590721,30.255455000000005,5
,,Financial Service,-81.59071059,30.255406689999994,5
,,Financial Service,-81.59071374,30.255400029999997,5
,,Real Estate Service,-81.59071777,30.25540254,5
,,Professional Service,-81.590703427792,30.255378540913984,5
,,Legal Service,-81.5907039206653,30.255376274786126,5
,,Pharmacy And Drug Store,-81.590638,30.255391,5
,,Personal Or Beauty Service,-81.59086564,30.25535432,5
,,Professional Service,-81.59083065,30.25534896999999,5
,,Uncategorized,-81.5907173,30.255407199999997,5
,,Uncategorized,-81.5907173,30.255407199999997,5
,,Real Estate Service,-81.59078002,30.25544006999999,5
,,Behavioral Or Mental Health Clinic,-81.5907211303711,30.255455017089794,5
,,Real Estate Service,-81.5907211303711,30.255455017089794,5
,,Professional Service,-81.590734,30.255484000000006,5
,,Professional Service,-81.59088243,30.25537243000001,5
,,Wellness Service,-81.59015459000001,30.251416089999992,3
,,Financial Service,-81.590257,30.251178000000003,3
,,Diagnostics Imaging Or Lab Service,-81.59023300846059,30.251157111495836,3
,,Health Care,-81.5901842,30.251146500000004,3
,,Diagnostics Imaging Or Lab Service,-81.59018,30.25114999999999,3
,,B2B Service,-81.59017472,30.251185399999997,3
,,Corporate Or Business Office,-81.59019116713996,30.251192910808626,3
,,Specialized Health Care,-81.59016187,30.25128735,3
,,Bank Or Credit Union,-81.59010837605236,30.251204653638997,3
,,Professional Service,-81.59009579,30.251149820000002,3
,,Technical Service,-81.59009364,30.251143179999996,3
,,Corporate Or Business Office,-81.590090500001,30.251255470009003,3
,,Cafe,-81.59010842000002,30.251294420000004,3
,,Corporate Or Business Office,-81.59009052884713,30.251330782282913,3
,,Bank Or Credit Union,-81.59027420888476,30.251116441958708,3
,,Attorney Or Law Firm,-81.5904546,30.251255499999992,3
,,Attorney Or Law Firm,-81.59031267,30.251255680000003,3
,,Design Service,-81.5903208,30.251398610000003,3
,,Professional Service,-81.59033052,30.251384199999993,3
,,Building Or Construction Service,-81.59033335,30.251386420000003,3
,,Bank Or Credit Union,-81.5906359,30.251574300000005,3
,,Uncategorized,-81.590691,30.251528999999998,3
,,Financial Service,-81.5908218,30.251380599999994,3
,,Financial Service,-81.5908218,30.251380599999994,3
,,Financial Service,-81.5908218,30.251380599999994,3
,,Uncategorized,-81.5908218,30.251380599999994,3
,,Financial Service,-81.5908218,30.251380599999994,3
,,Financial Service,-81.5908218,30.251380599999994,3
,,Financial Service,-81.5908218,30.251380599999994,3
,,Uncategorized,-81.5908218,30.251380599999994,3
,,Financial Service,-81.5908218,30.251380599999994,3
,,Attorney Or Law Firm,-81.5908218,30.251380599999994,3
,,Financial Service,-81.5908218,30.251380599999994,3
,,Uncategorized,-81.5908218,30.251380599999994,3
,,Financial Service,-81.5908218,30.251380599999994,3
,,Financial Service,-81.5908218,30.251380599999994,3
,,Financial Service,-81.5908218,30.251380599999994,3
,,Financial Service,-81.5908218,30.251380599999994,3
,,Financial Service,-81.5908218,30.251380599999994,3
,,Financial Service,-81.5908218,30.251380599999994,3
,,Real Estate Service,-81.5908218,30.251380599999994,3
,,Uncategorized,-81.5908218,30.251380599999994,3
,,Professional Service,-81.5906265,30.25302679999999,3
,,Real Estate Service,-81.591679,30.251892,3
,,Professional Service,-81.59160979,30.251850960000002,3
,,Financial Service,-81.59160849,30.251870229999994,3
,,Media Service,-81.59160956,30.25187436,3
,,Financial Service,-81.59160844,30.251877459999992,3
,,Vehicle Service,-81.59159174,30.251886009999986,3
,,Real Estate Service,-81.59160324,30.251879199999998,3
,,Financial Service,-81.59160428,30.25187699,3
,,Financial Service,-81.59160349,30.25187334,3
,,Professional Service,-81.59160307,30.25187113,3
,,Educational Service,-81.59160566,30.25187448,3
,,Medical Service,-81.59160202,30.251876890000002,3
,,Professional Service,-81.59160729,30.25187367,3
,,Financial Service,-81.5916064,30.25187869,3
,,Personal Or Beauty Service,-81.59160653000002,30.251878030000007,3
,,Financial Service,-81.59160691000001,30.25187567,3
,,Financial Service,-81.59160079,30.251851589999998,3
,,Legal Service,-81.59159362597114,30.25184504349343,3
,,Casual Eatery,-81.59159362597114,30.25184504349343,3
,,Financial Service,-81.59161122208772,30.251783640019408,3
,,Financial Service,-81.59156558,30.25178098,3
,,Financial Service,-81.59154577541521,30.251798706492895,3
,,Financial Service,-81.59154577541521,30.251798706492895,3
,,Financial Service,-81.59154577541521,30.251798706492895,3
,,Financial Service,-81.591533,30.251810000000003,3
,,Medical Service,-81.59151668096827,30.251840879733084,3
,,Home Service,-81.591524,30.251844000000002,3
,,Financial Service,-81.59152271593855,30.251845377212,3
,,Financial Service,-81.59152817927482,30.25186010992746,3
,,Corporate Or Business Office,-81.59152817927482,30.25186010992746,3
,,Professional Service,-81.59156767,30.25196186,3
,,Medical Service,-81.59147,30.251929999999994,3
,,Financial Service,-81.59147,30.251929999999994,3
,,Financial Service,-81.59147,30.251929999999994,3
,,Financial Service,-81.591516,30.251896,3
,,Theatre Venue,-81.59151096,30.25185803000001,3
,,Financial Service,-81.59149533,30.251846309999998,3
,,Environmental Or Ecological Service,-81.59149,30.25187999999998,3
,,Real Estate Service,-81.59148509,30.251802560000005,3
,,Shopping,-81.591495,30.251816999999985,3
,,Uncategorized,-81.59150416758307,30.25183257990184,3
,,Financial Service,-81.59149286,30.251840030000004,3
,,Uncategorized,-81.59150729323672,30.251836129412734,3
,,Uncategorized,-81.59151936317728,30.251834209993426,3
,,Financial Service,-81.59151323313522,30.25180557555301,3
,,Financial Service,-81.59148032878237,30.251813772920123,3
,,Financial Service,-81.59148,30.251814,3
,,Place Of Learning,-81.59148,30.251814,3
,,Professional Service,-81.59148,30.251814,3
,,Home Service,-81.591473,30.251814000000007,3
,,Financial Service,-81.59142306134225,30.251838474902808,3
,,Restaurant,-81.591419,30.251887999999997,3
,,Fashion And Apparel Store,-81.591419,30.251887999999997,3
,,Behavioral Or Mental Health Clinic,-81.59145159,30.25198133,3
,,Real Estate Service,-81.591414,30.25174700000001,3
,,Attorney Or Law Firm,-81.59146142,30.2517615,3
,,Financial Service,-81.591498,30.251752,3
,,Financial Service,-81.591498,30.251752,3
,,Outpatient Care Facility,-81.59149792493089,30.25175236950066,3
,,Professional Service,-81.59149792493089,30.25175236950066,3
,,Media Service,-81.59152,30.251689999999996,3
,,Behavioral Or Mental Health Clinic,-81.59163284,30.251737719999998,3
,,Financial Service,-81.59166378,30.251736639999994,3
,,Uncategorized,-81.591978,30.251265000000004,3
,,College University,-81.5918567,30.25091563000001,3
,,Behavioral Or Mental Health Clinic,-81.59176016,30.250817610000002,3
,,Restaurant,-81.591962,30.250605999999998,3
,,Uncategorized,-81.591976,30.2505713,3
,,Financial Service,-81.591976,30.2505713,3
,,Uncategorized,-81.591976,30.2505713,3
,,Home Service,-81.591988,30.25089399999999,3
,,Bank Or Credit Union,-81.59197100000002,30.250954999999998,3
,,Corporate Or Business Office,-81.59197086302147,30.25095525852295,3
,,Professional Service,-81.59196,30.25087,3
,,Hardware Home And Garden Store,-81.59196,30.25087,3
,,B2B Transportation And Storage Service,-81.59196,30.25087,3
,,B2B Transportation And Storage Service,-81.591963,30.25087099999999,3
,,Financial Service,-81.59192493,30.25087144,3
,,Cafe,-81.59215454338363,30.2507409122308,3
,,Travel And Transportation,-81.59217308,30.25103287,3
,,Financial Service,-81.5920729,30.252940799999994,3
,,Uncategorized,-81.5920729,30.252940799999994,3
,,Corporate Or Business Office,-81.5917356539105,30.25433586156776,3
,,Research Institute,-81.59147453,30.254429409999993,3
,,Professional Service,-81.59255314,30.253016570000003,3
,,Professional Service,-81.59255708,30.253029839999993,3
,,Medical Service,-81.592561,30.252994,3
,,Building Or Construction Service,-81.592681,30.252997999999998,3
,,Professional Service,-81.59268,30.253000000000007,3
,,Financial Service,-81.59267661258613,30.252972200583937,3
,,Professional Service,-81.59267661258613,30.252972200583937,3
,,Professional Service,-81.59277559255855,30.25300781504474,3
,,College University,-81.59272193,30.25210392,3
,,Specialty School,-81.59280732,30.25227342,3
,,Financial Service,-81.59281175,30.252107879999997,3
,,Elementary School,-81.59279205873473,30.25214267937538,3
,,Attorney Or Law Firm,-81.59284026,30.251947670000003,3
,,Corporate Or Business Office,-81.5929332,30.2515502,3
,,B2B Office And Professional Service,-81.59314158221436,30.251168049461196,3
,,Professional Service,-81.59334659576413,30.251747973187687,3
,,Financial Service,-81.593429,30.252159000000002,3
,,Medical Service,-81.59344,30.252130000000008,3
,,Financial Service,-81.59344,30.252130000000008,3
,,Financial Service,-81.59309,30.25207,3
,,Financial Service,-81.594033914153,30.251927969069,3
,,Media Service,-81.59375715,30.252114330000005,3
,,Print Media Service,-81.593525,30.252146,3
,,Attorney Or Law Firm,-81.59427783,30.25222592000001,3
,,Surgery,-81.59434806,30.25260147,3
,,Government Office,-81.5942,30.252564,3
,,Wellness Service,-81.59448945026237,30.25347252414524,3
,,Medical Service,-81.59456992,30.253447439999995,3
,,Real Estate Service,-81.59457224,30.25345235,3
,,Real Estate Service,-81.59425213,30.25392369,3
,,Professional Service,-81.594243,30.253981,3
,,Personal Or Beauty Service,-81.59429869,30.253888959999998,3
,,Personal Or Beauty Service,-81.59433879,30.254124239999992,3
,,Complementary And Alternative Medicine,-81.59426719000001,30.254097830000003,3
,,Fashion And Apparel Store,-81.59424,30.253994000000006,3
,,Professional Service,-81.594229,30.253998000000003,3
,,B2B Industrial And Machine Service,-81.594236,30.254002,3
,,Legal Service,-81.59409428,30.254007440000002,3
,,Specialty School,-81.594082,30.253878999999994,3
,,Hardware Home And Garden Store,-81.594083,30.253631000000002,3
,,Hardware Home And Garden Store,-81.594083,30.253631000000002,3
,,Personal Or Beauty Service,-81.59414435,30.253481539999992,3
,,Wellness Service,-81.59414523,30.25348753999999,3
,,Dental Clinic,-81.59418034668,30.253633194187,3
,,Professional Service,-81.59422765117421,30.25353279347013,3
,,Health Care,-81.594272,30.253543000000004,3
,,Corporate Or Business Office,-81.5942721,30.253527100000003,3
,,Technical Service,-81.594272,30.253524,3
,,Wellness Service,-81.59427578,30.253520670000004,3
,,Technical Service,-81.594299,30.253524999999996,3
,,Real Estate Service,-81.59429209000001,30.253525299999996,3
,,Financial Service,-81.59429691,30.25352552,3
,,Real Estate Service,-81.59429711,30.25352444,3
,,Wellness Service,-81.59411475,30.253340800000004,3
,,Social Or Community Service,-81.59382,30.253499999999992,3
,,Print Media Service,-81.59382,30.253499999999992,3
,,Real Estate Service,-81.59382,30.253499999999992,3
,,Real Estate Service,-81.59382,30.253499999999992,3
,,Real Estate Service,-81.59365086,30.25332799,3
,,Corporate Or Business Office,-81.59362594348568,30.253499251119145,3
,,Financial Service,-81.59359106,30.25344095000001,3
,,Technical Service,-81.59354732,30.25336073,3
,,Uncategorized,-81.59385681152344,30.253944396972656,3
,,Behavioral Or Mental Health Clinic,-81.59401751287221,30.254135174527796,3
,,B2B Service,-81.59401762500148,30.25412098330159,3
,,Complementary And Alternative Medicine,-81.594208,30.254870000000004,3
,,Health Care,-81.59432571,30.254556289999993,3
,,Restaurant,-81.594303,30.254746,3
,,Real Estate Service,-81.59429869806229,30.254778220817737,3
,,Professional Service,-81.59429168701172,30.25477027893067,3
,,Reproductive Perinatal And Womens Care,-81.59421878,30.25485587999999,3
,,B2B Science And Technology Service,-81.594329,30.254885999999996,3
,,Professional Service,-81.594329,30.254885999999996,3
,,Doctor,-81.59445871036375,30.254695553989787,3
,,Reproductive Perinatal And Womens Care,-81.59411775,30.256253440000002,3
,,Hospital,-81.59397738,30.257206790000005,5
,,Reproductive Perinatal And Womens Care,-81.594061,30.255743999999993,3
,,Social Or Community Service,-81.59345322,30.25944674,5
,,Specialty School,-81.59421377,30.258640220000004,5
,,Specialty School,-81.5940933227539,30.2583713531494,5
,,Technical Service,-81.5941895176482,30.258359267762362,5
,,Professional Service,-81.594249,30.25836699999999,5
,,Event Or Party Service,-81.59422867,30.258553240000005,5
,,Casual Eatery,-81.59497,30.255710000000004,3
,,Home Service,-81.596553,30.256404999999997,3
,,Professional Service,-81.5968158550199,30.256651875003865,3
,,B2B Science And Technology Service,-81.5960655,30.258971299999995,5
,,Environmental Or Ecological Service,-81.59614949000002,30.259299350000003,5
,,Place Of Learning,-81.59745724,30.260543390000002,5
,,Shipping Or Delivery Service,-81.5977172,30.259185019999993,5
,,Professional Service,-81.599088,30.256198999999985,3
,,Historic Site,-81.59820819,30.25674399,3
,,College University,-81.59792812329275,30.25790019463538,3
,,College University,-81.59781084,30.25775294000001,3
,,B2B Transportation And Storage Service,-81.5978467,30.25776431999999,3
,,Restaurant,-81.5974398,30.2578354,3
,,Financial Service,-81.597077,30.256605000000004,3
,,Financial Service,-81.59700601,30.256576879999997,3
,,Medical Service,-81.597082,30.25634,3
,,Condominium,-81.5971572,30.255346799999998,3
,,Home Service,-81.59902,30.251741000000003,3
,,Technical Service,-81.59904,30.251719999999988,3
,,Office Supply Store,-81.599109,30.251746000000004,3
,,Financial Service,-81.59703213,30.25285092,3
,,Auto Dealer,-81.59754118,30.251281309999992,3
,,Restaurant,-81.59735413,30.250807900000012,3
,,Legal Service,-81.59664157725837,30.252575569996083,3
,,Financial Service,-81.596845,30.25281,3
,,Attorney Or Law Firm,-81.59678,30.252790000000008,3
,,Real Estate Service,-81.59698196,30.25282983000001,3
,,Wellness Service,-81.59586241,30.253881610000004,3
,,Wellness Service,-81.59595449,30.2538149,3
,,Behavioral Or Mental Health Clinic,-81.59593787,30.25386832,3
,,Behavioral Or Mental Health Clinic,-81.59593826,30.253863300000003,3
,,Behavioral Or Mental Health Clinic,-81.59592419,30.253860099999994,3
,,Corporate Or Business Office,-81.59594483076476,30.253940432657235,3
,,Casual Eatery,-81.59595745,30.25395577999999,3
,,Hospital,-81.59601,30.25392499999999,3
,,Behavioral Or Mental Health Clinic,-81.59605821,30.25394545,3
,,Restaurant,-81.59605813827547,30.253971701823883,3
,,Coffee Shop,-81.596058,30.253971999999994,3
,,Professional Service,-81.59601599,30.253988960000008,3
,,Personal Or Beauty Service,-81.596124,30.253934999999995,3
,,Religious Organization,-81.59614,30.25382000000001,3
,,Uncategorized,-81.59614,30.25382000000001,3
,,Restaurant,-81.596169,30.253820000000005,3
,,Restaurant,-81.596169,30.253820000000005,3
,,Sports And Recreation,-81.59573,30.25406,3
,,Specialty School,-81.59573,30.25406,3
,,Uncategorized,-81.5957113,30.25403989999999,3
,,Education,-81.595301,30.254790000000003,3
,,Uncategorized,-81.5951158,30.254194099999992,3
,,Financial Service,-81.59510318378771,30.25409617746601,3
,,Financial Service,-81.595014,30.253877999999997,3
,,Financial Service,-81.59484,30.25278000000001,3
,,Doctor,-81.59569925320676,30.250957170762316,3
,,Hotel,-81.59507273,30.25158449,3
,,Lodging,-81.59509046,30.245481839999997,3
,,Dental Clinic,-81.59608312,30.247213580000004,3
,,Hotel,-81.59695992,30.249034519999995,3
,,Resort,-81.596579,30.2495234,3
,,Hotel,-81.59658014,30.24966211,3
,,Atm,-81.59660864,30.24962225,3
,,Hotel,-81.59681724,30.25043814,3
,,Restaurant,-81.5970886,30.24847560000001,3
,,Pharmacy And Drug Store,-81.59709167480469,30.24842453002929,3
,,Restaurant,-81.59702776,30.248372669999995,3
,,Beach,-81.5972467926,30.2482777261,3
,,Hotel,-81.59774961,30.2480109,3
,,Hotel,-81.59808263,30.24916254,3
,,Religious Organization,-81.598124,30.249241,3
,,Hotel,-81.598211,30.249232,3
,,Hotel,-81.59875446,30.2503665,3
,,Resort,-81.59901,30.248339999999995,3
,,Uncategorized,-81.598664,30.247966999999992,3
,,Hotel,-81.59822856719117,30.249170300359584,3
,,Hotel,-81.59908358,30.246253469999992,3
,,Hotel,-81.59910330169917,30.246330444946565,3
,,Ev Charging Station,-81.59893244504929,30.245647681692034,3
,,Restaurant,-81.59887637,30.24547964,3
,,Restaurant,-81.59844832,30.245839719999985,3
,,Restaurant,-81.59841,30.245883,3
,,Restaurant,-81.597656,30.246185000000004,3
,,Financial Service,-81.59750037,30.246893039999996,3
,,Financial Service,-81.5973821,30.246822369999993,3
,,Financial Service,-81.5973567,30.246831249999996,3
,,Financial Service,-81.59733261,30.246845299999993,3
,,Financial Service,-81.59735397,30.246839129999998,3
,,Medical Service,-81.59739739,30.246879650000007,3
,,Financial Service,-81.59738934,30.246860230000003,3
,,Financial Service,-81.59738939,30.246843259999995,3
,,Social Or Community Service,-81.597314,30.24702900000001,3
,,Professional Service,-81.597314,30.24702900000001,3
,,Campus Building,-81.59731367410767,30.247029380763166,3
,,Bank Or Credit Union,-81.59731367410767,30.247029380763166,3
,,Financial Service,-81.59731367410767,30.247029380763166,3
,,Bank Or Credit Union,-81.59730239999999,30.247006300000002,3
,,Attorney Or Law Firm,-81.59736486,30.247165770000006,3
,,Christian Place Of Worship,-81.59756000000002,30.247869999999995,3
,,Event Or Party Service,-81.597231,30.247106000000002,3
,,Corporate Or Business Office,-81.59723063253824,30.247105860594758,3
,,Financial Service,-81.59723063253824,30.247105860594758,3
,,Bank Or Credit Union,-81.59725852025508,30.24709207257876,3
,,Bank Or Credit Union,-81.59724822604714,30.24704445289243,3
,,Professional Service,-81.5972659,30.24700350000001,3
,,Uncategorized,-81.5972498,30.2470223,3
,,Financial Service,-81.59725,30.24701,3
,,Attorney Or Law Firm,-81.59725,30.24701,3
,,Financial Service,-81.59725,30.24701,3
,,Professional Service,-81.597207,30.247006000000003,3
,,Corporate Or Business Office,-81.59720037154328,30.246998117288133,3
,,Financial Service,-81.597183,30.247059999999998,3
,,Corporate Or Business Office,-81.59726581954033,30.24698304516572,3
,,Fast Food Restaurant,-81.59750649261532,30.244862791322383,3
,,Fast Food Restaurant,-81.59748877,30.24475703,3
,,Fast Food Restaurant,-81.5977939,30.244464,3
,,Restaurant,-81.59834741,30.244192440000003,3
,,Gas Station,-81.59914309,30.245176750000002,3
,,Financial Service,-81.599181,30.245333999999993,3
,,Storage Facility,-81.59927,30.245230000000003,3
,,Fast Food Restaurant,-81.59905063,30.24365164999999,3
,,Cafe,-81.59872934,30.243108319999997,3
,,Uncategorized,-81.598471,30.242895999999995,3
,,Fast Food Restaurant,-81.59872617,30.243947690000002,3
,,Casual Eatery,-81.59831658,30.243061030000003,3
,,Restaurant,-81.59844659259034,30.242953819868244,3
,,Restaurant,-81.59832219,30.242997889999994,3
,,Restaurant,-81.598281,30.242939999999994,3
,,Restaurant,-81.598281,30.242939999999994,3
,,Restaurant,-81.59824072,30.24293057,3
,,Restaurant,-81.59826067,30.242948150000007,3
,,Coffee Shop,-81.59821,30.243030000000005,3
,,Smoothie Juice Bar,-81.59821852,30.242846959999994,3
,,Restaurant,-81.598231,30.24285,3
,,Restaurant,-81.59810465,30.242608000000008,3
,,Fast Food Restaurant,-81.59810368350676,30.242600625501836,3
,,Coffee Shop,-81.59782587,30.242228609999994,3
,,Casual Eatery,-81.5978223,30.242221289999993,3
,,Professional Service,-81.596357,30.240398599999992,3
,,Professional Service,-81.5963446,30.240397500000004,3
,,Professional Service,-81.596351,30.24037390000001,3
,,Professional Service,-81.5963423,30.2403796,3
,,Professional Service,-81.59618889,30.240478599999996,3
,,Vision Or Eye Care Clinic,-81.59625,30.240439999999992,3
,,Home Service,-81.59620532000001,30.24034660000001,3
,,Research Institute,-81.59609,30.24166,3
,,Medical Service,-81.5960388183594,30.2417182922363,3
,,Financial Service,-81.59604,30.241720000000008,3
,,Home Service,-81.59604,30.241720000000008,3
,,Family Service,-81.596069,30.241714000000005,3
,,Professional Service,-81.596069,30.241714000000005,3
,,Real Estate Service,-81.59604163,30.24180521,3
,,Professional Service,-81.59598465,30.24180051000001,3
,,Religious Organization,-81.5959863,30.241802999999994,3
,,Home Service,-81.59602183,30.241723389999997,3
,,Behavioral Or Mental Health Clinic,-81.59602169000001,30.24172807000001,3
,,Financial Service,-81.59602921,30.241729749999998,3
,,Media Service,-81.59602425,30.241728789999996,3
,,Technical Service,-81.5960379,30.241714999999996,3
,,Home Service,-81.596038,30.241715999999993,3
,,Professional Service,-81.595979,30.241658000000005,3
,,Medical Service,-81.59597,30.241606999999995,3
,,Real Estate Service,-81.59593145,30.241730119999993,3
,,Professional Service,-81.59592524000001,30.24173691999999,3
,,Attorney Or Law Firm,-81.59592273,30.241738120000004,3
,,Real Estate Service,-81.59589413,30.241740449999995,3
,,Place Of Learning,-81.59589451,30.2417403,3
,,Financial Service,-81.5958833,30.2415867,3
,,Social Or Community Service,-81.59589106,30.241746530000004,3
,,Real Estate Service,-81.59585479,30.241749459999987,3
,,Radio Station,-81.59581978,30.24176454,3
,,Real Estate Service,-81.59584292,30.241840280000005,3
,,Professional Service,-81.59591077,30.24181352,3
,,Social Or Community Service,-81.5959182,30.241817549999993,3
,,Professional Service,-81.59594344,30.24181227,3
,,Behavioral Or Mental Health Clinic,-81.59607795683843,30.242381355875413,3
,,Casual Eatery,-81.596478,30.24530199999999,3
,,Restaurant,-81.59645945,30.245402670000008,3
,,Restaurant,-81.59664853,30.244284790000002,3
,,Restaurant,-81.59654013,30.24428335000001,3
,,Smoothie Juice Bar,-81.59644,30.244260000000008,3
,,Restaurant,-81.59639377,30.244385920000003,3
,,Restaurant,-81.59629326744036,30.245256918318628,3
,,Restaurant,-81.59629326744036,30.245256918318628,3
,,Golf Course,-81.59629326744036,30.245256918318628,3
,,Restaurant,-81.59626709,30.24530375,3
,,Auto Dealer,-81.59620249014557,30.244933689787203,3
,,Toys And Games Store,-81.59583514462771,30.245362423823327,3
,,Hardware Home And Garden Store,-81.59572,30.245276399999998,3
,,Home Service,-81.5955817,30.244785590000003,3
,,Hardware Home And Garden Store,-81.5955735,30.24478916,3
,,Vision Or Eye Care Clinic,-81.5949051,30.24228786,3
,,Doctor,-81.5946689445,30.242073252875,3
,,Vision Or Eye Care Clinic,-81.59473602027606,30.241944812766675,3
,,Behavioral Or Mental Health Clinic,-81.59570921,30.24178198,3
,,Social Or Community Service,-81.59571631,30.24182409999999,3
,,Financial Service,-81.5957913,30.24181800000001,3
,,Specialty School,-81.5957913,30.24181800000001,3
,,Professional Service,-81.5958227,30.24179665,3
,,Behavioral Or Mental Health Clinic,-81.59581584,30.24176745,3
,,Music Venue,-81.59580866,30.241745739999995,3
,,Uncategorized,-81.59578311502054,30.241703638747623,3
,,Attorney Or Law Firm,-81.595807,30.241664999999994,3
,,Christian Place Of Worship,-81.59571767130149,30.241718712470952,3
,,Real Estate Service,-81.5956635,30.24165939999999,3
,,Design Service,-81.59566982077847,30.241672378019697,3
,,B2B Office And Professional Service,-81.59555876628558,30.241738270414142,3
,,Media Service,-81.59564884,30.241580659999997,3
,,Religious Organization,-81.5956815324,30.2415566676,3
,,Attorney Or Law Firm,-81.59429,30.24133,3
,,Environmental Or Ecological Service,-81.59428536,30.241359250000002,3
,,Attorney Or Law Firm,-81.59435668,30.24140133,3
,,Environmental Or Ecological Service,-81.59442359984136,30.241328506606006,3
,,Real Estate Service,-81.59442359984136,30.241328506606006,3
,,Real Estate Service,-81.59440604,30.24139881,3
,,Resort,-81.593542,30.2425365,3
,,Real Estate Service,-81.5937395,30.2415479,3
,,Home Service,-81.59309184,30.243687149999996,3
,,Hardware Home And Garden Store,-81.59310500000001,30.243824,3
,,Historic Site,-81.59260436,30.244148510000006,3
,,Auto Dealer,-81.5937547,30.24533111,3
,,Auto Dealer,-81.59374857,30.245395820000002,3
,,Auto Dealer,-81.59396,30.245350883192,3
,,Auto Dealer,-81.59402239,30.245279150000002,3
,,Government Office,-81.59376388,30.242950930000003,3
,,Uncategorized,-81.59377,30.245490000000004,3
,,Surgery,-81.59391483,30.2503001,3
,,Specialty Store,-81.5910723,30.250271599999998,3
,,Beach,-81.590039514383,30.249228772880993,3
,,Restaurant,-81.590017,30.24922,3
,,Event Or Party Service,-81.59001164,30.24921213000001,3
,,Comedy Club,-81.59,30.24916,3
,,Restaurant,-81.58999,30.249166,3
,,Home Service,-81.59129,30.244260000000015,3
,,Uncategorized,-81.5911009,30.240112800000002,3
,,Home Service,-81.5910162,30.237798700000003,3
,,Sport Or Recreation Club,-81.59048729,30.237592349999996,3
,,Sport Or Recreation Club,-81.59031928,30.236619109999992,3
,,Vehicle Service,-81.59072233,30.236220650000003,3
,,Corporate Or Business Office,-81.59106188,30.23704637,3
,,Gym,-81.59106933,30.23705435,3
,,Gym,-81.59081994,30.237073459999998,3
,,Sport Or Fitness Facility,-81.590648,30.237271999999997,3
,,Technical Service,-81.59120830000002,30.2374763,3
,,Design Service,-81.59135263,30.237300110000007,3
,,Sport Or Fitness Facility,-81.59131407,30.236892399999995,3
,,B2B Service,-81.59173,30.235769999999988,3
,,B2B Service,-81.5918284,30.235734470000004,3
,,Historic Site,-81.591746,30.23756899999999,3
,,Home Service,-81.59194,30.237691,3
,,Real Estate Service,-81.59194694,30.23766906,3
,,Uncategorized,-81.5922623,30.2383672,3
,,Hardware Home And Garden Store,-81.5922623,30.2383672,3
,,Uncategorized,-81.5922623,30.2383672,3
,,Printing Service,-81.5922623,30.2383672,3
,,Home Service,-81.59124251,30.239969020000007,3
,,Restaurant,-81.591177,30.240207999999985,3
,,Rental Service,-81.5915741,30.239784800000002,3
,,Sporting Goods Store,-81.59271154,30.239791269999998,3
,,Professional Service,-81.59234792711622,30.237906469333353,3
,,Home Service,-81.59242429,30.238090069999995,3
,,Design Service,-81.59250063,30.23818436,3
,,Medical Service,-81.59275053,30.238152299999992,3
,,Home Service,-81.592846,30.238163000000004,3
,,Doctor,-81.5927589,30.238128180000004,3
,,Attorney Or Law Firm,-81.59275935,30.238155629999998,3
,,Home Service,-81.5931011,30.237933540000004,3
,,Building Or Construction Service,-81.59318781,30.238207999999997,3
,,Printing Service,-81.59333627,30.238344889999997,3
,,Home Service,-81.5933265,30.23793796,3
,,Hardware Home And Garden Store,-81.59416945,30.2379654,3
,,Professional Service,-81.59416713000002,30.237979009999997,3
,,Home Service,-81.593999,30.237886000000003,3
,,Supplier Or Distributor,-81.59349354,30.237900680000006,3
,,Hardware Home And Garden Store,-81.593039,30.235324999999996,3
,,Home Service,-81.59295596982933,30.23535749458667,3
,,Home Service,-81.59296218,30.235341210000012,3
,,Hardware Home And Garden Store,-81.593278,30.236010000000007,3
,,Financial Service,-81.59280688,30.23451948000001,3
,,Real Estate Service,-81.59289267647145,30.23451174691247,3
,,Real Estate Service,-81.592561,30.23456399999999,3
,,Professional Service,-81.5929969,30.2338135,3
,,Uncategorized,-81.5929746,30.233619,3
,,Corporate Or Business Office,-81.59294052087209,30.234558079848185,3
,,Home Service,-81.59428433,30.234504920000003,3
,,Uncategorized,-81.594327,30.233494999999998,3
,,Specialty Store,-81.5935287475586,30.231864929199222,3
,,Hardware Home And Garden Store,-81.5935,30.231869999999997,3
,,Warehouse Club Store,-81.59378046,30.23156922999999,3
,,Professional Service,-81.59378496155838,30.23161045084273,3
,,Hardware Home And Garden Store,-81.593888,30.231499999999993,3
,,B2B Service,-81.5941541,30.2322174,3
,,Automotive Service,-81.59448163,30.232443400000005,3
,,Shopping,-81.59449678,30.232382920000003,3
,,Hardware Home And Garden Store,-81.5929184,30.230560300000004,3
,,Hardware Home And Garden Store,-81.59301957,30.232344560000005,3
,,Hardware Home And Garden Store,-81.59266785,30.23178746,3
,,Real Estate Service,-81.5926602,30.231784039999994,3
,,Shopping,-81.5926351,30.231858500000005,3
,,Home Service,-81.592809,30.231781,3
,,Uncategorized,-81.592865,30.231789999999993,3
,,Home Service,-81.59238,30.232335,3
,,Real Estate Service,-81.59251304,30.23156829,3
,,Vehicle Dealer,-81.592685,30.230545,3
,,B2B Industrial And Machine Service,-81.592703,30.230515000000004,3
,,Sporting Goods Store,-81.592702,30.230482999999996,3
,,Hardware Home And Garden Store,-81.59201541431861,30.231387256051946,3
,,Attorney Or Law Firm,-81.59209,30.234885750000004,3
,,Home Service,-81.59199981,30.234600379999993,3
,,Real Estate Service,-81.59195055,30.234686209999992,3
,,Financial Service,-81.5918729,30.234666249999993,3
,,Real Estate Service,-81.59186799,30.23464915,3
,,Social Or Community Service,-81.5918,30.23428,3
,,Home Service,-81.591851,30.234521999999995,3
,,Real Estate Service,-81.59187673,30.234562899999986,3
,,Home Service,-81.59186603,30.23457676000001,3
,,Hardware Home And Garden Store,-81.59191605832822,30.234507316466786,3
,,Real Estate Service,-81.59195465,30.23447144,3
,,Uncategorized,-81.591161,30.232844999999998,3
,,Outpatient Care Facility,-81.5910795,30.2318554,3
,,Financial Service,-81.5910795,30.2318554,3
,,Behavioral Or Mental Health Clinic,-81.59104182,30.231466310000012,3
,,Financial Service,-81.59085284,30.231449220000005,3
,,Real Estate Service,-81.59084688,30.23143006,3
,,Specialty School,-81.590775,30.231474000000002,3
,,Sporting Goods Store,-81.59077,30.23147,3
,,Uncategorized,-81.59077,30.23147,3
,,Animal Or Pet Service,-81.59074,30.231999999999996,3
,,Home Service,-81.59069901185624,30.23128906987095,3
,,Real Estate Service,-81.5907,30.23127,3
,,Real Estate Service,-81.5907,30.23127,3
,,Shopping,-81.59074079,30.231230659999998,3
,,Medical Service,-81.5907225,30.231242799999986,3
,,Uncategorized,-81.5907219,30.231246399999996,3
,,Specialized Health Care,-81.590745,30.231243999999993,3
,,Medical Service,-81.5907387,30.23130649999999,3
,,Outpatient Care Facility,-81.59074685249058,30.23133540217163,3
,,Education,-81.59074685249058,30.23133540217163,3
,,Professional Service,-81.59074685249058,30.23133540217163,3
,,Behavioral Or Mental Health Clinic,-81.590747,30.231335,3
,,Social Or Community Service,-81.59077276,30.231381010000007,3
,,Place Of Learning,-81.59002711,30.231307650000005,3
,,Travel And Transportation,-81.59002402000002,30.231307439999995,3
,,Restaurant,-81.58999,30.231210000000004,3
,,Bank Or Credit Union,-81.5900247,30.2312519,3
,,Technical Service,-81.59004961693553,30.231209268710955,3
,,Attorney Or Law Firm,-81.5900234,30.2310107,3
,,Hardware Home And Garden Store,-81.5905,30.229200000000002,3
,,Hardware Home And Garden Store,-81.59025773,30.22775744999999,3
,,Shopping,-81.59023700000002,30.227781999999998,3
,,Hardware Home And Garden Store,-81.5908477,30.2288125,3
,,Automotive Service,-81.59083532,30.228558219999993,3
,,Vehicle Service,-81.59092969,30.228008900000003,3
,,Auto Dealer,-81.59091878244253,30.228551552383323,3
,,Design Service,-81.59110273,30.229369190000003,3
,,Home Service,-81.59107746,30.229442169999995,3
,,Jewish Place Of Worship,-81.59142165,30.229851699999998,3
,,Christian Place Of Worship,-81.59133056,30.229799190000012,3
,,Manufacturer,-81.591392,30.229198000000007,3
,,Christian Place Of Worship,-81.59146922,30.22977395999999,3
,,Social Or Community Service,-81.591447,30.229768,3
,,Social Or Community Service,-81.591528,30.229778999999994,3
,,Manufacturer,-81.59156454,30.229757180000004,3
,,Hardware Home And Garden Store,-81.592239,30.22984100000001,3
,,Supplier Or Distributor,-81.59177795,30.22885696999999,3
,,Hardware Home And Garden Store,-81.59180025655485,30.228511710993367,3
,,Automotive Service,-81.5917816162109,30.2285099029541,3
,,Hardware Home And Garden Store,-81.5916213989258,30.228790283203097,3
,,Automotive Service,-81.5915107,30.228685399999996,3
,,Travel Service,-81.590989,30.226862999999998,3
,,Supplier Or Distributor,-81.59098913670407,30.226863250337423,3
,,Hardware Home And Garden Store,-81.59081504,30.226971499999998,3
,,Sporting Goods Store,-81.590355,30.226801999999992,3
,,Hardware Home And Garden Store,-81.590355,30.226801999999992,3
,,Personal Care And Beauty Store,-81.590355,30.226801999999992,3
,,Hardware Home And Garden Store,-81.590424,30.226828999999988,3
,,Food And Beverage Store,-81.59007967,30.22735366,3
,,Hardware Home And Garden Store,-81.5900309,30.2268839,3
,,Food And Beverage Store,-81.5900386,30.2236113,3
,,Automotive Service,-81.5900386,30.2236113,3
,,B2B Transportation And Storage Service,-81.5900386,30.2236113,3
,,Gas Station,-81.5900386,30.2236113,3
,,Fashion And Apparel Store,-81.59042,30.220558,3
,,Personal Care And Beauty Store,-81.590838,30.220572,3
,,Rental Service,-81.591132,30.221333200000007,3
,,Food And Beverage Store,-81.5910779,30.221366299999993,3
,,Personal Or Beauty Service,-81.59107245735845,30.221452629324467,3
,,Food And Beverage Store,-81.59068790000002,30.22132750000001,3
,,Home Service,-81.5908241,30.2223894,3
,,Animal Or Pet Service,-81.59118881,30.222036770000006,3
,,Corporate Or Business Office,-81.59127152184095,30.222037661965658,3
,,Personal Or Beauty Service,-81.59134722,30.222173559999998,3
,,Personal Or Beauty Service,-81.591375,30.222178000000007,3
,,Restaurant,-81.591342,30.222120999999994,3
,,Restaurant,-81.591319,30.222084000000006,3
,,Restaurant,-81.59136769,30.22197287,3
,,Financial Service,-81.59134873,30.221973379999994,3
,,Personal Or Beauty Service,-81.5914171,30.222153269999996,3
,,Animal And Pet Store,-81.59151286000001,30.2223333,3
,,Shopping Mall,-81.591637,30.222033,3
,,Sport Or Recreation Club,-81.5915179,30.2216616,3
,,Restaurant,-81.59133934,30.22176924,3
,,Casual Eatery,-81.59132192,30.22167602000001,3
,,Smoothie Juice Bar,-81.59136206,30.220130079999997,3
,,Food And Beverage Store,-81.59143555,30.220295979999996,3
,,Personal Or Beauty Service,-81.59168318,30.219981289999996,3
,,Personal Or Beauty Service,-81.59171793833265,30.220000671251075,3
,,Financial Service,-81.591863,30.220674399999993,3
,,Coffee Shop,-81.59224302,30.22136084,3
,,Discount Store,-81.5920254,30.223487900000006,3
,,Hardware Home And Garden Store,-81.5918729,30.22269264,3
,,Pharmacy And Drug Store,-81.59186872,30.22275604,3
,,Hardware Home And Garden Store,-81.59173230555115,30.222562374202848,3
,,Gym,-81.59167411,30.222695579999996,3
,,Social Or Community Service,-81.59174,30.22277,3
,,Restaurant,-81.59122646460784,30.222621605205422,3
,,Cafe,-81.59122646460784,30.222621605205422,3
,,Animal Or Pet Service,-81.591226,30.22262200000001,3
,,Home Service,-81.5919864,30.224337799999997,3
,,Professional Service,-81.591998,30.224305529999988,3
,,B2B Office And Professional Service,-81.59202829,30.22422012,3
,,Complementary And Alternative Medicine,-81.59215032,30.223832299999998,3
,,Personal Or Beauty Service,-81.59226745,30.22408009,3
,,Personal Or Beauty Service,-81.59229319,30.224066090000008,3
,,Wellness Service,-81.59229928125328,30.224209738325293,3
,,Financial Service,-81.59225929,30.224098939999998,3
,,Real Estate Service,-81.59221835,30.224141790000004,3
,,Home Service,-81.59243764,30.224094189999995,3
,,Social Or Community Service,-81.59253136,30.223953959999996,3
,,Attorney Or Law Firm,-81.59252839,30.223952119999993,3
,,Personal Or Beauty Service,-81.59270984,30.22389213,3
,,Financial Service,-81.59271935,30.223846700000006,3
,,Personal Or Beauty Service,-81.59281,30.22392,3
,,Personal Or Beauty Service,-81.59285,30.22388000000001,3
,,Real Estate Service,-81.59285,30.22388000000001,3
,,Personal Or Beauty Service,-81.59285,30.22388000000001,3
,,Home Service,-81.59285,30.22388000000001,3
,,Personal Or Beauty Service,-81.59285,30.22388000000001,3
,,Shipping Or Delivery Service,-81.59285,30.22388000000001,3
,,Personal Or Beauty Service,-81.59285,30.22388000000001,3
,,Personal Or Beauty Service,-81.59302477,30.22365129,3
,,Financial Service,-81.5933405919161,30.222707891771176,3
,,Real Estate Service,-81.59335818275326,30.22264648034667,3
,,Place Of Learning,-81.59335,30.222605000000005,3
,,Food And Beverage Store,-81.59331739,30.222626529999996,3
,,Sport Or Fitness Facility,-81.59331771,30.22262940999999,3
,,Specialty School,-81.59332,30.222714999999987,3
,,Personal Or Beauty Service,-81.59331448,30.222778949999995,3
,,Sport Or Fitness Facility,-81.59332,30.222779999999997,3
,,Personal Or Beauty Service,-81.59332,30.222779999999997,3
,,Food And Beverage Store,-81.5933199,30.222784100000005,3
,,Sport Or Fitness Facility,-81.59323043000002,30.222650229999996,3
,,Personal Or Beauty Service,-81.59265093,30.223678719999985,3
,,Home Service,-81.5925096,30.22331525999999,3
,,Personal Or Beauty Service,-81.59253244,30.223632019999997,3
,,Discount Store,-81.59234538,30.223369220000002,3
,,Personal Care And Beauty Store,-81.59282023,30.22202327999999,3
,,Bar,-81.59273922443391,30.22216333897711,3
,,Restaurant,-81.59257178,30.220974580000004,3
,,Restaurant,-81.5924785,30.2209844,3
,,Fashion And Apparel Store,-81.592476,30.22099100000001,3
,,Christian Place Of Worship,-81.59238,30.220499999999994,3
,,Restaurant,-81.59267442,30.220138610000003,3
,,Coffee Shop,-81.5928647,30.220916,3
,,Specialty Store,-81.593334,30.220259999999993,3
,,Convenience Store,-81.593329,30.221071000000002,3
,,Restaurant,-81.5933292,30.22107100000001,3
,,Bar,-81.59330069761388,30.22114617226601,3
,,Personal Or Beauty Service,-81.59339189,30.22114803,3
,,Atm,-81.59337615966797,30.221069335937507,3
,,Restaurant,-81.5933779,30.221042199999996,3
,,Restaurant,-81.59347,30.22124,3
,,Restaurant,-81.59340031,30.22133492,3
,,Non Alcoholic Beverage Venue,-81.5934085,30.221349999999997,3
,,Personal Or Beauty Service,-81.59335296,30.22166592,3
,,Restaurant,-81.59341268,30.221573349999993,3
,,Wellness Service,-81.59318222,30.222258729999997,3
,,Financial Service,-81.59328947,30.222388569999996,3
,,Casual Eatery,-81.59325337,30.22216956,3
,,Restaurant,-81.593598,30.221313999999996,3
,,Restaurant,-81.5936319079,30.221264175140075,3
,,Laundry Service,-81.59350314,30.221195500000004,3
,,Restaurant,-81.59362505,30.220983080000007,3
,,Food And Beverage Store,-81.59363818,30.22114006,3
,,Casual Eatery,-81.59372089713611,30.221185319133863,3
,,Atm,-81.59370940000001,30.220695200000005,3
,,Rental Service,-81.59370940000001,30.220695200000005,3
,,Convenience Store,-81.59378781,30.221184060000002,3
,,Personal Or Beauty Service,-81.59393963,30.2210299,3
,,Gas Station,-81.59425735473633,30.22071248339049,3
,,Automotive Service,-81.59384438,30.226935080000004,3
,,Home Service,-81.59567832946777,30.22722434997559,3
,,Home Service,-81.596809,30.221430499999997,3
,,Home Service,-81.59793,30.220280000000002,3
,,Historic Site,-81.59924293,30.220889140000008,3
,,Apartment,-81.5984405,30.23035949999999,3
,,Historic Site,-81.59842736,30.230672620000004,3
,,Historic Site,-81.59851188,30.23319541,3
,,Professional Service,-81.598045,30.231692399999993,3
,,Home Service,-81.59526325,30.23413339,3
,,Home Service,-81.59660284,30.237605669999997,3
,,Hardware Home And Garden Store,-81.5964056,30.237028199999994,3
,,B2B Service,-81.59595500000002,30.237082000000004,3
,,Hardware Home And Garden Store,-81.59626200000001,30.23618799999999,3
,,Gas Station,-81.595194,30.236504999999998,3
,,Uncategorized,-81.59552915390049,30.236829509747405,3
,,Corporate Or Business Office,-81.59494026026827,30.239208698865685,3
,,Building Or Construction Service,-81.594939,30.239317,3
,,Uncategorized,-81.59547862,30.239440439999996,3
,,Professional Service,-81.59543700000002,30.23957199999999,3
,,Books Music And Video Store,-81.59543700000002,30.23957199999999,3
,,Corporate Or Business Office,-81.59551785348572,30.23964256720162,3
,,Financial Service,-81.59557164,30.23967726,3
,,Books Music And Video Store,-81.59554502,30.239135710000003,3
,,Professional Service,-81.59580470000002,30.239808599999993,3
,,Professional Service,-81.59580470000002,30.239808599999993,3
,,Professional Service,-81.59580470000002,30.239808599999993,3
,,Medical Service,-81.59556600000002,30.239689,3
,,Family Service,-81.59556570295372,30.239688901191265,3
,,Technical Service,-81.59556570295372,30.239688901191265,3
,,Medical Service,-81.59556570295372,30.239688901191265,3
,,Hardware Home And Garden Store,-81.59719637,30.23863169,3
,,Home Service,-81.5970754,30.237147689999997,3
,,Hardware Home And Garden Store,-81.59712800000001,30.23743599999999,3
,,Storage Facility,-81.59712800000001,30.23743599999999,3
,,Vehicle Parts Store,-81.597163,30.23759,3
,,Home Service,-81.59747031,30.237100989999995,3
,,Real Estate Service,-81.5974356,30.236721,3
,,Home Service,-81.59753644,30.23668665999999,3
,,Home Service,-81.5969968,30.2369151,3
,,Train Station,-81.60046982233804,30.24027989690311,3
,,B2B Transportation And Storage Service,-81.601003,30.239437000000002,3
,,Historic Site,-81.59945793,30.23249411999999,3
,,Animal Or Pet Service,-81.60139044,30.232824750000002,3
,,Event Venue,-81.60233000000001,30.233729999999998,3
,,Casual Eatery,-81.60252638,30.23328903,3
,,Personal Or Beauty Service,-81.60256176,30.23320968,3
,,Food And Beverage Store,-81.60262667,30.233239079999993,3
,,Restaurant,-81.60274477874519,30.232937672504473,3
,,Atm,-81.6025897,30.2328514,3
,,Personal Or Beauty Service,-81.6025416,30.232839200000004,3
,,Restaurant,-81.60252369781502,30.233138969999995,3
,,Casual Eatery,-81.60251708,30.233190699999994,3
,,Financial Service,-81.602498,30.233286999999997,3
,,Personal Or Beauty Service,-81.60243886,30.233265250000006,3
,,Atm,-81.602427,30.233260999999988,3
,,Personal Or Beauty Service,-81.602362990379,30.232816969466004,3
,,Christian Place Of Worship,-81.60166334000002,30.233466649999997,3
,,Christian Place Of Worship,-81.60201067,30.232375199999993,3
,,Technical Service,-81.60206186,30.232431199999994,3
,,Legal Service,-81.60208649,30.23243,3
,,Restaurant,-81.60218516774846,30.232370572678263,3
,,Restaurant,-81.602139,30.23238099999999,3
,,Medical Service,-81.60212968,30.232376910000003,3
,,Restaurant,-81.60212966,30.232379829999992,3
,,Restaurant,-81.60209656000002,30.232364650000005,3
,,Smoothie Juice Bar,-81.602113,30.23235400000001,3
,,Restaurant,-81.60213731440604,30.232324240717475,3
,,Personal Or Beauty Service,-81.6024887,30.23251018,3
,,Personal Or Beauty Service,-81.60263974,30.232565469999997,3
,,Personal Or Beauty Service,-81.602621,30.232489000000005,3
,,Restaurant,-81.6026245,30.2324951,3
,,Restaurant,-81.60263835474727,30.232495572214294,3
,,Casual Eatery,-81.60259050086447,30.232449240247586,3
,,Gym,-81.60255226256562,30.232473778197157,3
,,Casual Eatery,-81.60275462274704,30.23251339057872,3
,,Christian Place Of Worship,-81.60273821,30.232576680000005,3
,,Casual Eatery,-81.60274,30.23253,3
,,Restaurant,-81.60385746000001,30.23288272,3
,,Christian Place Of Worship,-81.60393,30.233599999999996,3
,,Food And Beverage Store,-81.6034504,30.23307824000001,3
,,Atm,-81.6032482,30.2330199,3
,,Atm,-81.6032482,30.2330199,3
,,Convenience Store,-81.60318946456714,30.233251208738082,3
,,Gas Station,-81.603165,30.233204000000008,3
,,Discount Store,-81.60320076,30.23271069,3
,,Convenience Store,-81.60304510107598,30.233300074061823,3
,,Restaurant,-81.60317631000001,30.233329169999998,3
,,Restaurant,-81.603173,30.233405,3
,,Professional Service,-81.60644531250001,30.240086360982993,3
,,Home Service,-81.60662869,30.239137990000003,3
,,Historic Site,-81.60841219,30.23051275,3
,,Uncategorized,-81.60849,30.230625,3
,,Historic Site,-81.605352,30.231985,3
,,Historic Site,-81.606165,30.232773000000005,3
,,Hardware Home And Garden Store,-81.60549,30.233640000000005,3
,,Historic Site,-81.60567433,30.232982939999996,3
,,Home Service,-81.604736328125,30.232976913452095,3
,,Home Service,-81.6044496,30.233334300000006,3
,,Pharmacy And Drug Store,-81.6043370962143,30.23303480412059,3
,,Sport Or Recreation Club,-81.6043399,30.23295,3
,,Family Service,-81.60416048000002,30.233072669999995,3
,,Lake,-81.60519498408,30.229113553679007,3
,,Park,-81.60652379,30.22766220999999,1
,,Park,-81.60671183418305,30.228516488620322,1
,,Real Estate Service,-81.6065239971594,30.22349808372822,1
,,Primary Care Or General Clinic,-81.60796554,30.220089169999998,1
,,Christian Place Of Worship,-81.60686333000001,30.22096733,1
,,Automotive Service,-81.60532522,30.22060261,1
,,Uncategorized,-81.6052017211914,30.22429466247559,1
,,Wellness Service,-81.60547,30.222608000000005,1
,,Media Service,-81.6032071,30.226086299999995,1
,,Social Or Community Service,-81.6032071,30.226086299999995,1
,,Uncategorized,-81.60277015344238,30.22553200318105,1
,,Professional Service,-81.60155,30.220389999999995,1
,,Professional Service,-81.60155,30.220389999999995,1
,,Place Of Learning,-81.60123236,30.220082750000007,1
,,Christian Place Of Worship,-81.60105009,30.219668000000002,1
,,Religious Organization,-81.60108,30.21989,1
,,Automotive Service,-81.59965148,30.210043419999987,3
,,Park,-81.6001562,30.209895099999994,3
,,Automotive Service,-81.60014,30.209813999999994,3
,,Elementary School,-81.60236325517691,30.2168992353495,1
,,Media Service,-81.60245955,30.219085810000003,1
,,Personal Or Beauty Service,-81.60395,30.218849999999996,1
,,Professional Service,-81.60521,30.216960000000004,1
,,Building Or Construction Service,-81.60573,30.21863,1
,,Apartment,-81.60563059259034,30.219141166331244,1
,,Fashion And Apparel Store,-81.60577749,30.218904610000003,1
,,Corporate Or Business Office,-81.60586595535277,30.21874214783851,1
,,Historic Site,-81.60581014,30.218927700000002,1
,,Professional Service,-81.60677226411133,30.21955384643398,1
,,Dental Clinic,-81.60672774,30.219554770000002,1
,,Dental Clinic,-81.6070879,30.219360300000005,1
,,Specialized Health Care,-81.60751239,30.219888179999995,1
,,Professional Service,-81.60751255156026,30.21995677080416,1
,,Attorney Or Law Firm,-81.60761586,30.219341829999998,1
,,Professional Service,-81.6078131,30.219234299999997,1
,,Uncategorized,-81.6080464,30.219136200000005,1
,,Media Service,-81.60800528,30.219527090000007,1
,,Specialized Health Care,-81.60794416,30.21989614,1
,,Specialized Health Care,-81.60796516,30.21989354,1
,,Specialized Health Care,-81.6080403,30.219948600000002,1
,,Legal Service,-81.60809300000001,30.219900000000003,1
,,Home Service,-81.60806571000002,30.219605740000002,1
,,Real Estate Service,-81.60809372717294,30.219421191185493,1
,,Real Estate Service,-81.60808887,30.21938001999999,1
,,Financial Service,-81.60810096,30.219431189999998,1
,,Home Service,-81.60810412,30.219437619999994,1
,,Medical Service,-81.6081286,30.219466600000004,1
,,Real Estate Service,-81.60814,30.21947,1
,,Wellness Service,-81.608142,30.219468,1
,,Home Service,-81.606444,30.211306999999994,1
,,Books Music And Video Store,-81.605913,30.214016,1
,,Auto Dealer,-81.60509007270711,30.207614757297236,1
,,Health Care,-81.60474916527731,30.205452442473028,3
,,Medical Service,-81.6049258,30.205270199999998,3
,,Uncategorized,-81.6049226,30.2053715,3
,,Uncategorized,-81.6049226,30.2053715,3
,,Professional Service,-81.60508362,30.20626463,3
,,Home Service,-81.605118,30.20631900000001,3
,,B2B Transportation And Storage Service,-81.6051301,30.206300219999996,3
,,Personal Or Beauty Service,-81.60510482,30.20629938,3
,,Educational Facility,-81.6054382324219,30.206220626831094,3
,,Personal Or Beauty Service,-81.60538599,30.20604175,3
,,Personal Or Beauty Service,-81.60532,30.206149999999997,3
,,Automotive Service,-81.60538592,30.206220729999995,3
,,Doctor,-81.605164,30.206387000000007,3
,,Art Gallery,-81.6051733,30.20629528999999,3
,,Legal Service,-81.60517787,30.20629818999999,3
,,Manufacturer,-81.60515148585388,30.206217618672923,3
,,Wellness Service,-81.605176,30.20615999999999,3
,,Home Service,-81.60526394,30.206233449999996,3
,,Complementary And Alternative Medicine,-81.60526116,30.20623883,3
,,Complementary And Alternative Medicine,-81.60526242,30.20604463,3
,,Medical Service,-81.60525489,30.2047506,3
,,Medical Service,-81.6052988,30.204755200000005,3
,,Home Service,-81.6054458,30.2058726,3
,,Uncategorized,-81.6059,30.20736000000001,1
,,Restaurant,-81.60641,30.207999999999995,1
,,Historic Site,-81.60685958,30.208182289999996,1
,,Hardware Home And Garden Store,-81.6086,30.20686,1
,,Professional Service,-81.60859921,30.20646016,1
,,Place Of Learning,-81.608597,30.206418000000006,1
,,B2B Service,-81.6073702,30.20583739999999,1
,,Printing Service,-81.60736518,30.205978700000006,1
,,Building Or Construction Service,-81.60734251,30.20597678,1
,,Sport Or Recreation Club,-81.60698149134645,30.206655864247114,1
,,Sport Or Recreation Club,-81.60695765,30.206212320000002,1
,,Sport Or Recreation Club,-81.60694862,30.206211900000003,1
,,Uncategorized,-81.606426,30.20636,1
,,Primary Care Or General Clinic,-81.606406,30.206097000000003,3
,,Doctor,-81.60637710000002,30.206227799999997,1
,,Doctor,-81.6063721620913,30.20622280072741,1
,,Home Service,-81.6085123,30.200196399999996,3
,,Doctor,-81.6054835,30.2044872,3
,,Doctor,-81.6054835,30.2044872,3
,,Uncategorized,-81.6046789,30.202397199999993,3
,,Social Or Community Service,-81.60510304,30.20429902,3
,,Historic Site,-81.60371781,30.204815009999997,3
,,Historic Site,-81.60295149,30.206242240000005,3
,,Historic Site,-81.60180686,30.207859939999988,3
,,Apartment,-81.60253,30.206159999999986,3
,,Vehicle Service,-81.60137248,30.204894159999995,3
,,Real Estate Service,-81.60054496000001,30.20496401,3
,,Real Estate Service,-81.6005983,30.204977630000005,3
,,Arts And Entertainment,-81.601004,30.206841,3
,,Corporate Or Business Office,-81.60101,30.20688,3
,,Specialty Store,-81.60101,30.20688,3
,,Senior Living Facility,-81.60101,30.20688,3
,,Shipping Or Delivery Service,-81.601132,30.206851,3
,,Shipping Or Delivery Service,-81.601141,30.206868,3
,,Shipping Or Delivery Service,-81.6011146,30.206863700000003,3
,,Shipping Or Delivery Service,-81.60112838,30.2066307,3
,,Uncategorized,-81.6002764,30.207696299999995,3
,,Legal Service,-81.599915,30.207348999999997,3
,,Uncategorized,-81.60004111908378,30.207690297480738,3
,,Vehicle Service,-81.59959576,30.20796186999999,3
,,Hardware Home And Garden Store,-81.59962711,30.207684370000006,3
,,Legal Service,-81.59986942173079,30.207378830238646,3
,,Sport Or Fitness Facility,-81.59989665,30.20733229,3
,,Sport Or Recreation Club,-81.59987054,30.20725247,3
,,Media Service,-81.59985,30.207270000000005,3
,,Embassy,-81.59972,30.20733,3
,,Sport Or Recreation Club,-81.59972,30.20733,3
,,Home Service,-81.5995685,30.207693059999997,3
,,Home Service,-81.59957227,30.20769117,3
,,Vehicle Dealer,-81.59953268000001,30.206875179999994,3
,,Uncategorized,-81.599564,30.206698999999997,3
,,Automotive Service,-81.59959603,30.206256319999998,3
,,Home Service,-81.59974537,30.206212580000003,3
,,Uncategorized,-81.5997631645637,30.206256103202143,3
,,Professional Service,-81.59988334,30.207228669999992,3
,,Gym,-81.60000112,30.207244360000004,3
,,Event Or Party Service,-81.5999368,30.206953100000003,3
,,Specialty Store,-81.60002656,30.20686771,3
,,Automotive Service,-81.60016918,30.20624238,3
,,Home Service,-81.6000737,30.20655772000001,3
,,Real Estate Service,-81.6004856,30.204702699999995,3
,,Real Estate Service,-81.6003884,30.203742500000008,3
,,Automotive Service,-81.59681687,30.206268849999994,3
,,Automotive Service,-81.59644904,30.206526540000002,3
,,Automotive Service,-81.59645395957762,30.206503206337313,3
,,Automotive Service,-81.59640279999999,30.206289400000003,3
,,Supplier Or Distributor,-81.5957379,30.2057503,3
,,Discount Store,-81.59561161,30.205711110000003,3
,,Christian Place Of Worship,-81.59478734,30.205490979999997,3
,,Uncategorized,-81.59478254799218,30.205512101616915,3
,,Christian Place Of Worship,-81.59500658,30.20543040000001,3
,,Uncategorized,-81.594834,30.206034899999995,3
,,Home Service,-81.59487543,30.20696652000001,3
,,Home Service,-81.5949106,30.208152999999996,3
,,Automotive Service,-81.59666145000001,30.208051329999996,3
,,Professional Service,-81.59745905,30.20754151,3
,,Home Service,-81.5974765,30.207388799999997,3
,,Automotive Service,-81.59738322,30.20741449999999,3
,,Home Service,-81.59737574,30.20744349000001,3
,,Vehicle Parts Store,-81.59720403,30.207789660000003,3
,,Home Service,-81.59715114,30.20740818000001,3
,,Uncategorized,-81.59710608172283,30.207213191977253,3
,,Automotive Service,-81.59718043,30.206709399999998,3
,,Ground Transport Facility Or Service,-81.5972201898694,30.206914090281796,3
,,Automotive Service,-81.597358,30.207125000000005,3
,,Printing Service,-81.59738,30.206300000000006,3
,,Home Service,-81.59741772344617,30.206338257683047,3
,,Automotive Service,-81.59741986,30.20619552,3
,,Auto Dealer,-81.59700153,30.20624437,3
,,Atm,-81.597919,30.2059518,3
,,Gas Station,-81.597924118935,30.206436394692393,3
,,Atm,-81.59793853759766,30.206274032592777,3
,,Convenience Store,-81.597939,30.206274000000004,3
,,Home Service,-81.5983578,30.2070269,3
,,Automotive Service,-81.59860818,30.207038039999986,3
,,Automotive Service,-81.59849631,30.206832930000004,3
,,Automotive Service,-81.59857298,30.2061754,3
,,Rental Service,-81.59834358,30.206090180000007,3
,,Animal Or Pet Service,-81.59902151,30.206102410000003,3
,,Vehicle Service,-81.59919156,30.20673632,3
,,Home Service,-81.59902252,30.2073196,3
,,Real Estate Service,-81.59865658402943,30.20777332117889,3
,,Hardware Home And Garden Store,-81.59829,30.207619999999988,3
,,Home Service,-81.599106,30.218454999999995,3
,,Real Estate Service,-81.59914822,30.218430490000006,3
,,Animal Or Pet Service,-81.593566,30.219788000000012,3
,,Uncategorized,-81.5933205,30.2173058,3
,,Historic Site,-81.59190452497658,30.217435250004588,3
,,Real Estate Service,-81.5921757,30.219246849999994,3
,,Laundry Service,-81.59225823,30.219945620000004,3
,,Restaurant,-81.59219074,30.21991854,3
,,Food And Beverage Store,-81.59213079,30.21994372,3
,,Professional Service,-81.59201806721032,30.21985811820757,3
,,Financial Service,-81.592,30.21992,3
,,Restaurant,-81.59196897000001,30.219956679999996,3
,,Wellness Service,-81.59183363,30.21995112000001,3
,,Restaurant,-81.59177049,30.21990643,3
,,Financial Service,-81.59175635630547,30.21991844499155,3
,,Personal Or Beauty Service,-81.59162698,30.21985013999999,3
,,Restaurant,-81.59158759,30.21985902,3
,,Personal Or Beauty Service,-81.59158601000001,30.21985410000001,3
,,Bar,-81.59155368804933,30.219924469790588,3
,,Bar,-81.59147838,30.21993576,3
,,Home Service,-81.59105938,30.218784149999994,3
,,Lodging,-81.59114613,30.216906849999997,3
,,Attorney Or Law Firm,-81.59063532,30.206807529999985,3
,,Attorney Or Law Firm,-81.5909223,30.20685299999999,3
,,Specialized Health Care,-81.59153111,30.20671130999999,3
,,Specialized Health Care,-81.591545,30.206819999999993,3
,,Specialized Health Care,-81.591545,30.206819999999993,3
,,Specialized Health Care,-81.5915373,30.206806699999987,3
,,Specialized Health Care,-81.5915373,30.206806699999987,3
,,Coffee Shop,-81.5934709,30.207343999999992,3
,,Christian Place Of Worship,-81.59419,30.20816,3
,,Professional Service,-81.59419,30.20816,3
,,Real Estate Service,-81.59419,30.20816,3
,,B2B Office And Professional Service,-81.59366800000001,30.207264999999996,3
,,Coffee Shop,-81.59366352,30.207249280000006,3
,,Home Service,-81.59365591,30.207258730000003,3
,,Real Estate Service,-81.59366427,30.20724610999999,3
,,Event Or Party Service,-81.59366453,30.207243930000008,3
,,Real Estate Service,-81.593684,30.207171000000002,3
,,B2B Office And Professional Service,-81.5936981,30.2072181,3
,,Uncategorized,-81.5936991,30.207210999999994,3
,,Uncategorized,-81.5937053,30.207030999999994,3
,,Real Estate Service,-81.5937053,30.207030999999994,3
,,Real Estate Service,-81.59404824,30.206715969999998,3
,,Professional Service,-81.59391131,30.20713893,3
,,Religious Organization,-81.59437777,30.206394639999992,3
,,Home Service,-81.5942824,30.205214900000005,3
,,Behavioral Or Mental Health Clinic,-81.59385,30.20524,3
,,Behavioral Or Mental Health Clinic,-81.59381717,30.205328919999992,3
,,Behavioral Or Mental Health Clinic,-81.59384507,30.205319080000002,3
,,Behavioral Or Mental Health Clinic,-81.59391383,30.205291970000005,3
,,Behavioral Or Mental Health Clinic,-81.59402791,30.20525149,3
,,Hardware Home And Garden Store,-81.59359258,30.20524521,3
,,Attorney Or Law Firm,-81.59359804,30.205326919999997,3
,,Wellness Service,-81.593675,30.20524399999999,3
,,Wellness Service,-81.59368342,30.205323479999997,3
,,Wellness Service,-81.59374707,30.205294980000005,3
,,Complementary And Alternative Medicine,-81.59343839,30.205247009999997,3
,,Complementary And Alternative Medicine,-81.59343959,30.205242919999996,3
,,Personal Or Beauty Service,-81.5934398,30.20524312,3
,,Corporate Or Business Office,-81.59275821,30.20659656,3
,,Financial Service,-81.59271066,30.20669726,3
,,Real Estate Service,-81.59271000000001,30.206699999999994,3
,,Real Estate Service,-81.59271000000001,30.206699999999994,3
,,Real Estate Service,-81.59271273,30.20669566999999,3
,,Financial Service,-81.59271905,30.20669096,3
,,Real Estate Service,-81.59271641000001,30.20665216,3
,,Real Estate Service,-81.59271189,30.206654379999993,3
,,Corporate Or Business Office,-81.59267428799369,30.206686678320164,3
,,Attorney Or Law Firm,-81.59260732,30.205742609999994,3
,,Behavioral Or Mental Health Clinic,-81.59267037,30.20544079,3
,,Wellness Service,-81.59267555,30.20544029,3
,,Real Estate Service,-81.59164,30.191080000000007,3
,,Design Service,-81.59167115,30.19116492,3
,,Public Utility,-81.5968469,30.190157900000003,3
,,Animal Or Pet Service,-81.59703826904297,30.181943893432617,3
,,Home Service,-81.59783392,30.179617270000016,3
,,Uncategorized,-81.59761,30.181784000000004,3
,,Social Or Community Service,-81.59575,30.18143,3
,,Building Or Construction Service,-81.5938123,30.18586059999999,3
,,Uncategorized,-81.5908889770508,30.18615150451661,3
,,Animal Or Pet Service,-81.59099417,30.182635590000004,3
,,Uncategorized,-81.5910521,30.178517799999995,5
,,Professional Service,-81.59007421,30.174316780000012,5
,,Home Service,-81.59411621093751,30.1783504486084,5
,,Home Service,-81.593084,30.174349900000003,5
,,Uncategorized,-81.59204,30.169669699999993,5
,,Vehicle Service,-81.5912053067703,30.171921459383945,5
,,Casual Eatery,-81.591039,30.172582389999995,5
,,Professional Service,-81.59102885298995,30.171044429042063,5
,,Media Service,-81.59000498,30.1695012,5
,,Christian Place Of Worship,-81.59026,30.163700000000006,5
,,Air Transport Facility Or Service,-81.592019,30.16129,5
,,Technical Service,-81.59554863,30.16348522,5
,,Auto Dealer,-81.59534952610503,30.162990658825652,5
,,Christian Place Of Worship,-81.5964668,30.159251319999985,5
,,Christian Place Of Worship,-81.59643665038303,30.159322549673984,5
,,Christian Place Of Worship,-81.59655,30.159279999999995,5
,,Religious Organization,-81.59655,30.159279999999995,5
,,Christian Place Of Worship,-81.59888533,30.161346009999992,5
,,Financial Service,-81.599181,30.164112999999993,5
,,Historic Site,-81.59779743757517,30.16515356712446,5
,,Outpatient Care Facility,-81.59780579419424,30.16529136762068,5
,,Senior Living Facility,-81.59873,30.166971,5
,,Physical Medicine And Rehabilitation,-81.598800025715,30.166962944286002,5
,,Home Service,-81.59855868,30.170232199999997,5
,,Media Service,-81.5992655509262,30.17054823343326,5
,,Home Service,-81.59887091,30.172581900000008,5
,,Uncategorized,-81.597313,30.173913999999993,5
,,Lodging,-81.59742641,30.16964915,5
,,Social Or Community Service,-81.59720665620688,30.169732174890683,5
,,Social Or Community Service,-81.597159,30.169686,5
,,Condominium,-81.59541127091231,30.171523644336645,5
,,Professional Service,-81.59538388252258,30.171407765523067,5
,,Home Service,-81.595273,30.172645000000006,5
,,Medical Service,-81.59600036,30.17241475,5
,,Home Service,-81.59898717,30.17451481,5
,,Home Service,-81.59933044243276,30.178601551518856,3
,,Condominium,-81.60002132948676,30.178891455318198,3
,,Rental Service,-81.5993958,30.176363299999995,5
,,Home Service,-81.60151298,30.17705992,3
,,Historic Site,-81.600633,30.177683,3
,,Building Or Construction Service,-81.602,30.177320000000005,3
,,Building Or Construction Service,-81.602,30.177320000000005,3
,,Event Or Party Service,-81.602,30.177320000000005,3
,,Professional Service,-81.60301932,30.17920815,3
,,Place Of Learning,-81.60384175,30.176548719999996,3
,,Home Service,-81.60389503,30.174924549999993,5
,,Bank Or Credit Union,-81.60346396,30.174787919999993,5
,,Restaurant,-81.603279,30.174469999999996,5
,,Restaurant,-81.60181465,30.17247912,5
,,Restaurant,-81.60178932,30.17255238,5
,,Personal Or Beauty Service,-81.60173649673537,30.172471860919664,5
,,Personal Or Beauty Service,-81.601717,30.171961999999997,5
,,Atm,-81.60167227,30.172078399999997,5
,,Home Service,-81.60168091718323,30.172025766670078,5
,,Atm,-81.60189894,30.17204068000001,5
,,Food And Beverage Store,-81.601841,30.172084,5
,,Food And Beverage Store,-81.6019677,30.17213299999999,5
,,Supplier Or Distributor,-81.6019835,30.1722271,5
,,Books Music And Video Store,-81.6020521,30.172017299999997,5
,,Food And Beverage Store,-81.60267949104309,30.17283558009027,5
,,Atm,-81.6026758,30.1729567,5
,,Storage Facility,-81.602759,30.173106000000004,5
,,Fast Food Restaurant,-81.60228058000001,30.172947630000007,5
,,Building Or Construction Service,-81.60282828,30.173826229999992,5
,,Gas Station,-81.60297181,30.173092529999998,5
,,Personal Or Beauty Service,-81.60335979274309,30.173416296810714,5
,,Shipping Or Delivery Service,-81.603674,30.173649,5
,,Uncategorized,-81.6037703,30.174095200000004,5
,,Personal Care And Beauty Store,-81.6037167,30.173449599999998,5
,,Auto Dealer,-81.6037167,30.173449599999998,5
,,Vehicle Parts Store,-81.6037167,30.173449599999998,5
,,Hardware Home And Garden Store,-81.6037167,30.173449599999998,5
,,Hotel,-81.603766,30.173237000000007,5
,,Professional Service,-81.603424,30.17246,5
,,Fast Food Restaurant,-81.60377866,30.172138789999995,5
,,Restaurant,-81.60382372,30.171719010000004,5
,,Home Service,-81.603341,30.172249,5
,,Automotive Service,-81.60289534,30.17243375,5
,,Hotel,-81.60381125,30.170594649999995,5
,,Financial Service,-81.602708,30.17067,5
,,Coffee Shop,-81.6024,30.171280000000003,5
,,Sporting Goods Store,-81.6024473,30.171328689999992,5
,,Home Service,-81.60186,30.171089999999996,5
,,Sport Or Fitness Facility,-81.60176106342776,30.171318849107518,5
,,Arts Crafts And Hobby Store,-81.60167058000002,30.1714913,5
,,Home Service,-81.60178089,30.1712855,5
,,Home Service,-81.60178089,30.1712855,5
,,Food And Beverage Store,-81.60137393,30.172489940000006,5
,,Bar,-81.60149245081247,30.172470872379176,5
,,Restaurant,-81.60157986,30.17251379,5
,,Personal Or Beauty Service,-81.60163017,30.172566990000004,5
,,Apartment,-81.6008502,30.173731199999995,5
,,Religious Organization,-81.600860595703,30.173730846385997,5
,,Historic Site,-81.59994394,30.17333143000001,5
,,Home Service,-81.6000442504883,30.1706924438477,5
,,Storage Facility,-81.600689,30.166759099999993,5
,,Animal Or Pet Service,-81.60073778,30.166256470000004,5
,,Middle School,-81.60064548,30.16597473,5
,,Animal Or Pet Service,-81.6015158,30.1662488,5
,,Atm,-81.6013683,30.1652322,5
,,Uncategorized,-81.601133,30.164120999999998,5
,,Dental Clinic,-81.601022,30.164474000000002,5
,,Dental Clinic,-81.60036854,30.16410437,5
,,Fashion And Apparel Store,-81.60033032,30.16400436,5
,,Financial Service,-81.60028,30.16407,5
,,Financial Service,-81.60028,30.16407,5
,,Real Estate Service,-81.60028,30.16407,5
,,Reproductive Perinatal And Womens Care,-81.59995041,30.164085999999994,5
,,Supplier Or Distributor,-81.600183,30.164637799999998,5
,,Convenience Store,-81.60022221,30.164647619999993,5
,,Event Or Party Service,-81.59989067,30.1642034,5
,,Professional Service,-81.59984138,30.164114619999996,5
,,Primary Care Or General Clinic,-81.59951595,30.16454245,5
,,Diagnostics Imaging Or Lab Service,-81.59947307,30.16436578,5
,,Tutoring Service,-81.59945165,30.16435813,5
,,Surgery,-81.59943746,30.16436218,5
,,Financial Service,-81.59943942,30.16435175,5
,,Complementary And Alternative Medicine,-81.59939698,30.164329130000002,5
,,Automotive Service,-81.59943304618663,30.164513803777382,5
,,Uncategorized,-81.599437,30.164588000000006,5
,,Financial Service,-81.599322,30.164361999999997,5
,,Real Estate Service,-81.59934545000002,30.164167849999995,5
,,Wellness Service,-81.59933701,30.16410916,5
,,Wellness Service,-81.59933995,30.16411378999999,5
,,Home Service,-81.5995059,30.163438600000006,5
,,Fashion And Apparel Store,-81.6002222,30.163935399999993,5
,,Vehicle Dealer,-81.6002222,30.163935399999993,5
,,Fashion And Apparel Store,-81.6002222,30.163935399999993,5
,,Automotive Service,-81.60025792446554,30.163978991023143,5
,,Preschool,-81.599768,30.162347999999998,5
,,Christian Place Of Worship,-81.60007775,30.1597532,5
,,Education,-81.60080003509594,30.161444286999036,5
,,Elementary School,-81.60101164,30.161068080000003,5
,,Christian Place Of Worship,-81.60080022,30.160290179999997,5
,,Reproductive Perinatal And Womens Care,-81.60122104,30.160008310000002,5
,,Middle School,-81.60083,30.161551999999993,5
,,Dental Clinic,-81.6008489,30.162750939999995,5
,,Dental Clinic,-81.60077175,30.162795019999997,5
,,Financial Service,-81.600739,30.162780999999992,5
,,Media Service,-81.60221815109252,30.16180730592094,5
,,Event Venue,-81.60382064445263,30.164761970747822,5
,,Social Or Community Service,-81.603868,30.16480800000001,5
,,Social Or Community Service,-81.603852496589,30.164763928273995,5
,,Bank Or Credit Union,-81.603337,30.165547,5
,,Bar,-81.60326904,30.16547898000001,5
,,Sport Or Fitness Facility,-81.60288651961869,30.165750465569914,5
,,Restaurant,-81.60289633,30.165357639999996,5
,,Restaurant,-81.60286592,30.165369489999996,5
,,Sport Or Recreation Club,-81.60281710709421,30.165280725137308,5
,,Surgery,-81.60303075,30.164885979999998,5
,,Personal Or Beauty Service,-81.60316661140534,30.164913116389574,5
,,Atm,-81.6017074584961,30.165153503417965,5
,,Convenience Store,-81.601707,30.165153,5
,,Gas Station,-81.60200694062564,30.16512373701949,5
,,Convenience Store,-81.60202500000001,30.165062,5
,,Storage Facility,-81.601992,30.1653,5
,,Home Service,-81.601758,30.165612000000003,5
,,Pharmacy And Drug Store,-81.602267,30.16643,5
,,Atm,-81.60224914550783,30.166385650634755,5
,,Bank Or Credit Union,-81.60228300000001,30.166387000000007,5
,,Surgery,-81.6024247,30.1656314,5
,,Gym,-81.602405,30.165661999999998,5
,,Personal Or Beauty Service,-81.60266591,30.165438119999994,5
,,Restaurant,-81.60272999,30.16543316,5
,,Casual Eatery,-81.60278503,30.165410919999996,5
,,Ground Transport Facility Or Service,-81.6027551,30.1661895,5
,,Shipping Or Delivery Service,-81.6027551,30.1661895,5
,,Financial Service,-81.6027551,30.1661895,5
,,Books Music And Video Store,-81.6027551,30.1661895,5
,,Casual Eatery,-81.6025487,30.167130299999993,5
,,Home Service,-81.6027626,30.167325599999995,5
,,Home Service,-81.60259316,30.167183579999993,5
,,Home Service,-81.60245997,30.16721183,5
,,Fast Food Restaurant,-81.60234176,30.166866719999998,5
,,Storage Facility,-81.6017818,30.167206900000007,5
,,Home Service,-81.6042599,30.16686989999999,5
,,Hardware Home And Garden Store,-81.60451428,30.16736445,5
,,Home Service,-81.6043486,30.1675433,5
,,Home Service,-81.60440183,30.16294209,5
,,Uncategorized,-81.604766,30.159392000000008,5
,,Uncategorized,-81.60612775465711,30.160327605084653,5
,,Professional Service,-81.60577,30.162809999999997,5
,,Rental Service,-81.60701,30.16719,5
,,Automotive Service,-81.60703981606848,30.167173334654297,5
,,Historic Site,-81.606967,30.166788999999994,5
,,Home Service,-81.606831,30.16704999999999,5
,,Home Service,-81.6068775,30.167373299999994,5
,,Christian Place Of Worship,-81.60645,30.16837,5
,,Real Estate Service,-81.6086,30.17163,5
,,Historic Site,-81.60797014,30.17165679999999,5
,,Bank Or Credit Union,-81.606319,30.172961000000004,5
,,Atm,-81.60633620630068,30.172858987308615,5
,,Restaurant,-81.60631735,30.172678959999992,5
,,Uncategorized,-81.6063613891602,30.172031402587898,5
,,Social Or Community Service,-81.60641281,30.171095629999993,5
,,Discount Store,-81.60621979,30.17159871,5
,,Storage Facility,-81.60609,30.171601000000003,5
,,Discount Store,-81.60595997000001,30.1711265,5
,,Shipping Or Delivery Service,-81.60583099999998,30.171212,5
,,Storage Facility,-81.605521,30.170942000000004,5
,,Discount Store,-81.60564167,30.17103489000001,5
,,Home Service,-81.60485850000002,30.17086769999999,5
,,Uncategorized,-81.60485850000002,30.17086769999999,5
,,Home Service,-81.60485850000002,30.17086769999999,5
,,Building Or Construction Service,-81.60485850000002,30.17086769999999,5
,,B2B Office And Professional Service,-81.60485850000002,30.17086769999999,5
,,Attorney Or Law Firm,-81.60485850000002,30.17086769999999,5
,,Uncategorized,-81.60485850000002,30.17086769999999,5
,,Arts Crafts And Hobby Store,-81.60485394,30.17068269999999,5
,,Home Service,-81.60504279999999,30.170590499999992,5
,,Department Store,-81.60506,30.171899999999994,5
,,Shopping Mall,-81.60506217,30.171903,5
,,Real Estate Service,-81.60503561,30.17188899,5
,,Fast Food Restaurant,-81.60418187,30.172643690000008,5
,,Convenience Store,-81.60435511,30.173175529999995,5
,,Atm,-81.60436248779297,30.17311477661132,5
,,Gas Station,-81.60406478,30.173165759999993,5
,,Laundry Service,-81.60422613548003,30.173499774730857,5
,,Atm,-81.6043930053711,30.173938751220707,5
,,Pharmacy And Drug Store,-81.60434546,30.17386925,5
,,Atm,-81.60449180762765,30.173964947286056,5
,,Restaurant,-81.6050266,30.173737969999994,5
,,Second Hand Store,-81.6049733,30.1737931,5
,,Restaurant,-81.6049733,30.1737931,5
,,Casual Eatery,-81.6049733,30.1737931,5
,,Casual Eatery,-81.6049733,30.1737931,5
,,Specialty Store,-81.6049733,30.1737931,5
,,Animal And Pet Store,-81.60507051,30.173931699999986,5
,,Financial Service,-81.60533,30.17181,5
,,B2B Office And Professional Service,-81.605507,30.171896000000004,5
,,Professional Service,-81.6055374145508,30.171895980835,5
,,Food And Beverage Store,-81.60601566,30.17254141,5
,,Gym,-81.60604627,30.172015550000005,5
,,Vehicle Service,-81.6061,30.171929999999996,5
,,Attorney Or Law Firm,-81.60606208,30.171836759999998,5
,,Swimming Pool,-81.60613419,30.171855619999995,5
,,Telecommunications Service,-81.60617442724322,30.17190549853422,5
,,Financial Service,-81.60618548,30.171701060000007,5
,,Home Service,-81.60625741522573,30.171828955056224,5
,,Professional Service,-81.60625741522573,30.171828955056224,5
,,Shopping,-81.606257,30.171829,5
,,Home Service,-81.606257,30.171829,5
,,Home Service,-81.606223,30.172016999999993,5
,,Food And Beverage Store,-81.60622737,30.172061140000004,5
,,Shipping Or Delivery Service,-81.60612525,30.17232198999999,5
,,Home Service,-81.60608674,30.172286200000002,5
,,Social Or Community Service,-81.60606443882,30.172326021358007,5
,,Personal Or Beauty Service,-81.60605604,30.172364659999996,5
,,Personal Or Beauty Service,-81.60607526,30.172370680000004,5
,,Restaurant,-81.60608308,30.172442690000004,5
,,Food And Beverage Store,-81.60615312,30.17285922,5
,,Pharmacy And Drug Store,-81.6063011912276,30.172901249346804,5
,,Financial Service,-81.60522429045488,30.17469252623551,5
,,Laundry Service,-81.605179,30.174626999999987,5
,,Financial Service,-81.6050874,30.174249,5
,,Sport Or Fitness Facility,-81.60508592000001,30.174324290000005,5
,,Personal Or Beauty Service,-81.60502204,30.174456749999994,5
,,Casual Eatery,-81.60501892,30.17438638999999,5
,,Financial Service,-81.60502155,30.174257619999995,5
,,Technical Service,-81.60502179,30.17421381999999,5
,,Specialty Store,-81.6049,30.174589999999995,5
,,Personal Or Beauty Service,-81.6049,30.174589999999995,5
,,Arcade,-81.6049,30.174589999999995,5
,,Personal Or Beauty Service,-81.6049957275391,30.1746711730957,5
,,Personal Or Beauty Service,-81.60503008,30.17481172999999,5
,,Second Hand Store,-81.60502195,30.174656299999995,5
,,Event Or Party Service,-81.60502885,30.174724889999993,5
,,Shopping,-81.605011,30.174658,5
,,Uncategorized,-81.605011,30.174658,5
,,Discount Store,-81.60502754,30.174594199999998,5
,,Restaurant,-81.60503824,30.174561060000006,5
,,Specialty Store,-81.605072,30.174501999999997,5
,,Cafe,-81.605091,30.174623000000004,5
,,Complementary And Alternative Medicine,-81.605091,30.174623000000004,5
,,Fashion And Apparel Store,-81.60513931816878,30.174668863892723,5
,,Real Estate Service,-81.60513931816878,30.174668863892723,5
,,Financial Service,-81.60513,30.174699999999998,5
,,Financial Service,-81.605122,30.17473,5
,,Bank Or Credit Union,-81.605099,30.174662999999992,5
,,Books Music And Video Store,-81.60510415966597,30.17479172252197,5
,,Restaurant,-81.60507572,30.174920509999993,5
,,Financial Service,-81.60506427626692,30.174813164826844,5
,,Personal Or Beauty Service,-81.60509137,30.17513104,5
,,Cafe,-81.60510654,30.17526994,3
,,Sport Or Fitness Facility,-81.60486815,30.175252460000003,5
,,Personal Or Beauty Service,-81.60485355,30.175116560000003,5
,,Specialized Health Care,-81.60487284,30.175036629999997,5
,,Personal Or Beauty Service,-81.60487725,30.175036539999997,5
,,Personal Or Beauty Service,-81.6048799,30.17503686,5
,,Food And Beverage Store,-81.60484755,30.175162119999996,5
,,Personal Or Beauty Service,-81.604783,30.175399999999993,3
,,Complementary And Alternative Medicine,-81.60479136000001,30.175376259999993,3
,,Food And Beverage Store,-81.604795,30.175361999999993,3
,,Uncategorized,-81.60463447743018,30.17506457623863,5
,,Restaurant,-81.60446444,30.175354460000005,5
,,Electronics Store,-81.6042157,30.175582,3
,,Coffee Shop,-81.60399819264241,30.17643652505803,3
,,Senior Living Facility,-81.60448967973808,30.178433103953463,3
,,Senior Living Facility,-81.6046187,30.17840109999999,3
,,Senior Living Facility,-81.6049123,30.1783078,3
,,Preschool,-81.60538836,30.17895948,3
,,Education,-81.60618264013681,30.177640476554544,3
,,Christian Place Of Worship,-81.6061299,30.1774973,3
,,Dental Clinic,-81.605934,30.178666,3
,,Automotive Service,-81.605747,30.179084000000003,3
,,Christian Place Of Worship,-81.60704065,30.176735610000005,3
,,Christian Place Of Worship,-81.60664476,30.17663907,3
,,Elementary School,-81.60683356,30.17663337,3
,,Religious Organization,-81.60695222140001,30.17664913924999,3
,,Education,-81.60711803621419,30.176506496108168,3
,,Christian Place Of Worship,-81.60737293,30.176424349999987,3
,,Diagnostics Imaging Or Lab Service,-81.6075134277344,30.181297302246094,3
,,Senior Living Facility,-81.60711785,30.180214409999998,3
,,Medical Service,-81.606326,30.18049999999999,3
,,Dental Clinic,-81.606539,30.181518000000004,3
,,Social Or Community Service,-81.60743,30.181629999999995,3
,,College University,-81.60743,30.181629999999995,3
,,Social Or Community Service,-81.60745930142463,30.181656383764903,3
,,Sporting Goods Store,-81.6074632,30.18175610000001,3
,,Animal Or Pet Service,-81.60694044,30.183023430000002,3
,,Animal Or Pet Service,-81.60693276,30.18297237000001,3
,,Arts Crafts And Hobby Store,-81.60653,30.183478999999995,3
,,Arts Crafts And Hobby Store,-81.60659496,30.183526589999996,3
,,Dental Clinic,-81.607124,30.183416,3
,,Corporate Or Business Office,-81.60708420507515,30.18345591629548,3
,,Financial Service,-81.60719861,30.183408720000003,3
,,Dental Clinic,-81.60725248,30.183332279999984,3
,,Atm,-81.607469,30.183194,3
,,Restaurant,-81.60782500000002,30.183994,3
,,Pharmacy And Drug Store,-81.60782500000002,30.183994,3
,,Discount Store,-81.60782500000002,30.183994,3
,,Restaurant,-81.60782500000002,30.183994,3
,,Restaurant,-81.60782500000002,30.183994,3
,,Electronics Store,-81.60782500000002,30.183994,3
,,Specialty Store,-81.60772148,30.183089060000007,3
,,Fast Food Restaurant,-81.607611,30.183571999999995,3
,,Dental Clinic,-81.607532,30.18333700000001,3
,,Casual Eatery,-81.60760754357807,30.183335051234135,3
,,Wellness Service,-81.60777681,30.183056610000012,3
,,Restaurant,-81.6078991,30.18306281,3
,,Atm,-81.607981,30.182948000000003,3
,,Laundry Service,-81.60803692,30.183043310000002,3
,,Christian Place Of Worship,-81.60817498,30.18306939999999,3
,,Senior Living Facility,-81.60833127,30.18189008,3
,,Senior Living Facility,-81.60847,30.181815999999998,3
,,Restaurant,-81.60836229725923,30.18304599876718,3
,,Sport Or Fitness Facility,-81.608493,30.18301599999999,3
,,Christian Place Of Worship,-81.60854097154416,30.183062101061687,3
,,Personal Or Beauty Service,-81.60864072,30.183137910000006,3
,,Christian Place Of Worship,-81.60858735,30.18313686999999,3
,,Personal Or Beauty Service,-81.60850412,30.183097329999995,3
,,Restaurant,-81.60850996,30.18316678,3
,,Casual Eatery,-81.608106,30.183253,3
,,Food And Beverage Store,-81.60821657855413,30.183436566396445,3
,,Bank Or Credit Union,-81.608183,30.183927,3
,,Restaurant,-81.60812875,30.184170499999993,3
,,Cafe,-81.6082272,30.184114800000003,3
,,Personal Or Beauty Service,-81.60863331,30.18537182,3
,,Restaurant,-81.6086061,30.18540548000001,3
,,Restaurant,-81.60849197138022,30.185368173313588,3
,,Restaurant,-81.60842635,30.1853111,3
,,Personal Or Beauty Service,-81.6076909,30.18472330000001,3
,,Supplier Or Distributor,-81.6075235,30.186155499999995,3
,,Gas Station,-81.60757207,30.186225429999997,3
,,Real Estate Service,-81.60814325000001,30.18585072,3
,,Cafe,-81.60746,30.187844999999996,3
,,Coffee Shop,-81.60742699191692,30.18786550789721,3
,,Preschool,-81.6072807,30.188406430000008,3
,,Christian Place Of Worship,-81.60744963,30.188498139999997,3
,,Sport Or Recreation Club,-81.60668,30.188229999999997,3
,,Financial Service,-81.60705088,30.18631450999999,3
,,Real Estate Service,-81.60705281,30.18631173,3
,,Real Estate Service,-81.60707586,30.186314659999997,3
,,Real Estate Service,-81.60707037,30.186312089999998,3
,,Uncategorized,-81.6070702,30.186314599999992,3
,,Uncategorized,-81.6070702,30.185903799999995,3
,,Uncategorized,-81.6070327758789,30.1862182617188,3
,,Historic Site,-81.60490376,30.189327629999994,3
,,Home Service,-81.60498563,30.188937619999997,3
,,Real Estate Service,-81.604334,30.182484,3
,,Place Of Learning,-81.605979,30.183435000000006,3
,,Home Service,-81.60598457,30.183561749999992,3
,,Religious Organization,-81.60550769,30.18231953,3
,,Christian Place Of Worship,-81.605609,30.182419999999993,3
,,Family Service,-81.605718,30.182553,3
,,Hardware Home And Garden Store,-81.60571,30.18158999999999,3
,,Uncategorized,-81.606181,30.1818,3
,,Food And Beverage Store,-81.6056,30.179420000000004,3
,,Specialty School,-81.6050249,30.1798457,3
,,Food And Beverage Store,-81.604830207491,30.179363453623004,3
,,Coffee Shop,-81.60394,30.18043,3
,,Financial Service,-81.6020736694336,30.1793365478516,3
,,Home Service,-81.602115,30.185233999999994,3
,,Professional Service,-81.60286,30.187240000000003,3
,,Home Service,-81.60325178,30.189451220000002,3
,,Park,-81.60248585,30.19187763,3
,,Hardware Home And Garden Store,-81.600654,30.194024999999993,3
,,Park,-81.60288,30.198144999999997,3
,,Storage Facility,-81.605591,30.196080000000006,3
,,Home Service,-81.60578951,30.19617664,3
,,Taxi Or Ride Share Service,-81.604765,30.194978999999996,3
,,Telecommunications Service,-81.60451412200928,30.19216556167689,3
,,Professional Service,-81.60504937000002,30.189933650000008,3
,,Arts And Entertainment,-81.6051658431691,30.19101242814881,3
,,Hardware Home And Garden Store,-81.605614,30.194042999999994,3
,,Travel Service,-81.60585613,30.194494569999996,3
,,Financial Service,-81.6066288,30.193369100000005,3
,,Uncategorized,-81.6063690185547,30.19244194030761,3
,,Rental Service,-81.6069318,30.190648299999996,3
,,Condominium,-81.60743799566053,30.19054521316583,3
,,Home Service,-81.60831564000001,30.19128118,3
,,Uncategorized,-81.608083,30.19606999999999,3
,,Hardware Home And Garden Store,-81.60946,30.19807,3
,,Uncategorized,-81.61277249999999,30.1978454,3
,,Financial Service,-81.61309,30.197641999999988,3
,,Specialized Health Care,-81.61313978,30.197613369999996,3
,,Specialized Health Care,-81.61313307,30.19761552,3
,,Supplier Or Distributor,-81.61318030959755,30.197595316019974,3
,,Primary Care Or General Clinic,-81.6131778,30.197596610000005,3
,,Financial Service,-81.6128,30.19720000000001,3
,,Financial Service,-81.61266665363175,30.197254939192344,3
,,Behavioral Or Mental Health Clinic,-81.61258008,30.197003639999995,3
,,Real Estate Service,-81.6125933,30.197029599999986,3
,,Surgery,-81.612614,30.197013,3
,,Doctor,-81.61260611627179,30.197039436467424,3
,,Financial Service,-81.61260611627179,30.197039436467424,3
,,Corporate Or Business Office,-81.61260611627179,30.197039436467424,3
,,Uncategorized,-81.612619,30.196955999999997,3
,,Uncategorized,-81.612591,30.196944000000002,3
,,Medical Service,-81.6127999,30.19678883,3
,,Home Service,-81.61306945,30.195827299999998,3
,,Fire Station,-81.61203959,30.195118959999995,3
,,Uncategorized,-81.6111805,30.1943279,3
,,Senior Living Facility,-81.6115592,30.194141879999997,3
,,Home Service,-81.61201865,30.191225330000005,3
,,Home Service,-81.610317,30.19387499999999,3
,,Food And Beverage Store,-81.6094684,30.192522150000006,3
,,Senior Living Facility,-81.60962883,30.19353408,3
,,Christian Place Of Worship,-81.60911898000002,30.193016869999994,3
,,Hardware Home And Garden Store,-81.60897,30.18995,3
,,Home Service,-81.6102106,30.187167699999996,3
,,Lodging,-81.610681520633,30.186190000000003,3
,,Media Service,-81.61074892,30.186043920000003,3
,,Restaurant,-81.60963148104601,30.184588685790892,3
,,Restaurant,-81.60959353000001,30.18436231,3
,,Animal Or Pet Service,-81.60949399,30.184437240000005,3
,,Sport Or Recreation Club,-81.60938499,30.18461518,3
,,Restaurant,-81.60926,30.184919999999995,3
,,Laundry Service,-81.60932159423828,30.18495750427246,3
,,Financial Service,-81.60932043,30.18492777,3
,,Discount Store,-81.60945901,30.184916700000002,3
,,Gym,-81.609395,30.184986999999992,3
,,Restaurant,-81.60929458600843,30.18512544619395,3
,,Uncategorized,-81.609226,30.185164,3
,,Atm,-81.60934242628007,30.185171766841783,3
,,Bank Or Credit Union,-81.609244,30.185335000000002,3
,,Home Service,-81.60924,30.18534,3
,,Food And Beverage Store,-81.609268,30.185358,3
,,Food And Beverage Store,-81.60876867,30.185393049999988,3
,,Food And Beverage Store,-81.60922943,30.18524343,3
,,Restaurant,-81.60922916622654,30.185140554654755,3
,,Casual Eatery,-81.60922916622654,30.185140554654755,3
,,Rental Service,-81.6091199,30.1850781,3
,,Financial Service,-81.6091095,30.185027099999996,3
,,Restaurant,-81.6091095,30.185027099999996,3
,,Home Service,-81.6091095,30.185027099999996,3
,,Financial Service,-81.609085,30.185108999999997,3
,,Personal Or Beauty Service,-81.60894562,30.18528989,3
,,Casual Eatery,-81.60877,30.183110999999997,3
,,Casual Eatery,-81.608715,30.183309000000005,3
,,Christian Place Of Worship,-81.6097,30.18351,3
,,Christian Place Of Worship,-81.60937657,30.183337699999992,3
,,Religious Organization,-81.60941,30.183377999999998,3
,,Religious Organization,-81.609438203302,30.183430555958,3
,,Physical Medicine And Rehabilitation,-81.6103878,30.181581399999995,3
,,Financial Service,-81.6102295,30.180820500000006,3
,,Senior Living Facility,-81.61098852,30.18184009,3
,,Hardware Home And Garden Store,-81.6118,30.18044,3
,,Home Service,-81.61320736,30.182517600000004,3
,,Real Estate Service,-81.61136031,30.18446968,3
,,Shipping Or Delivery Service,-81.611001,30.187159999999995,3
,,Personal Or Beauty Service,-81.61337,30.18920000000001,3
,,Christian Place Of Worship,-81.61346285,30.18485405,3
,,Social Or Community Service,-81.61378383787334,30.184012166368955,3
,,Social Or Community Service,-81.61379358555628,30.18411323527633,3
,,Christian Place Of Worship,-81.61417874,30.18394312,3
,,Christian Place Of Worship,-81.61414844909747,30.184176475978624,3
,,Uncategorized,-81.6166994,30.18354439999999,3
,,Uncategorized,-81.615997,30.18152,3
,,Shopping,-81.61741711,30.192116239999994,3
,,Historic Site,-81.613756,30.191955,3
,,Historic Site,-81.6137852,30.1920936,3
,,Hardware Home And Garden Store,-81.613578,30.192254000000005,3
,,Elementary School,-81.6143619,30.194341309999995,3
,,Attorney Or Law Firm,-81.613375,30.195465000000006,3
,,Attorney Or Law Firm,-81.61341718,30.195493299999995,3
,,Building Or Construction Service,-81.61377126,30.19540489,3
,,Financial Service,-81.61378292076407,30.19527613011132,3
,,Real Estate Service,-81.613783,30.195276000000003,3
,,Gym,-81.61382,30.195300000000007,3
,,Medical Service,-81.61382295,30.195240989999984,3
,,Complementary And Alternative Medicine,-81.61334977,30.19728008000001,3
,,Financial Service,-81.61335853000001,30.19749141,3
,,Uncategorized,-81.613467,30.197475,3
,,Financial Service,-81.613474,30.198008999999995,3
,,B2B Industrial And Machine Service,-81.61356831000002,30.198272129999992,3
,,Specialty School,-81.61362492,30.198306989999995,3
,,Dental Clinic,-81.61379904,30.198195580000004,3
,,Outpatient Care Facility,-81.61379522,30.198353409999992,3
,,Christian Place Of Worship,-81.61388339682368,30.198981993626894,3
,,Home Service,-81.613883,30.198982000000004,3
,,Real Estate Service,-81.6138803,30.1990346,3
,,Professional Service,-81.6139984,30.1989193,3
,,Real Estate Service,-81.61415087,30.198817639999994,3
,,Preschool,-81.61413915,30.198774629999996,3
,,Home Service,-81.614507,30.199609,3
,,Civic Organization,-81.61457090131377,30.199569096735875,3
,,Real Estate Service,-81.61461401,30.199510750000005,3
,,Print Media Service,-81.61473476,30.199546939999987,3
,,Christian Place Of Worship,-81.61612389,30.198843270000005,3
,,Historic Site,-81.61625126,30.194611280000004,3
,,Wellness Service,-81.617676,30.195147000000002,3
,,Uncategorized,-81.6178533,30.195152399999994,3
,,Hardware Home And Garden Store,-81.61795576361976,30.195023463473884,3
,,Behavioral Or Mental Health Clinic,-81.61789943,30.195393270000004,3
,,Gym,-81.61784552,30.195467859999997,3
,,Outpatient Care Facility,-81.61782387,30.195239240000003,3
,,Personal Or Beauty Service,-81.6176902,30.195462099999997,3
,,Bank Or Credit Union,-81.61780258,30.19544718,3
,,Wellness Service,-81.61781520257843,30.195492529464087,3
,,Christian Place Of Worship,-81.61722712948111,30.19933459494375,3
,,Senior Living Facility,-81.61745652255321,30.19938553809125,3
,,Sport Or Recreation Club,-81.61758438,30.19940677999999,3
,,Sport Or Recreation Club,-81.61748002,30.199186910000012,3
,,Religious Organization,-81.61782331702068,30.199452533408977,3
,,Restaurant,-81.61810634,30.1992441,3
,,Restaurant,-81.61820738,30.19903782000001,3
,,Sport Or Recreation Club,-81.61827688,30.198932410000005,3
,,Financial Service,-81.61851221,30.19869448,3
,,Personal Or Beauty Service,-81.61821,30.19873,3
,,Storage Facility,-81.61847467,30.19801371,3
,,Financial Service,-81.61835646,30.198150600000005,3
,,Personal Or Beauty Service,-81.61830524,30.198237309999993,3
,,Complementary And Alternative Medicine,-81.61843197,30.198066859999997,3
,,Medical Service,-81.6188499,30.197716499999995,3
,,Wellness Service,-81.618738463224,30.197805762318993,3
,,Uncategorized,-81.61862972734748,30.19777147249834,3
,,Wellness Service,-81.61859428000001,30.197801990000002,3
,,Complementary And Alternative Medicine,-81.61863506,30.197661439999987,3
,,Uncategorized,-81.618772,30.197571399999998,3
,,B2B Office And Professional Service,-81.61874940000001,30.197558899999994,3
,,Real Estate Service,-81.61872551,30.197628970000004,3
,,Professional Service,-81.61871034,30.19770581,3
,,Wellness Service,-81.61903209221526,30.197219587815717,3
,,Corporate Or Business Office,-81.6191151048481,30.197143047546398,3
,,Uncategorized,-81.6191329956055,30.1972179412842,3
,,Wellness Service,-81.61909752,30.197887060000003,3
,,Real Estate Service,-81.61907567,30.197897870000006,3
,,Medical Service,-81.61904709,30.198001420000008,3
,,Real Estate Service,-81.61903554000001,30.198022640000005,3
,,Personal Or Beauty Service,-81.61903886,30.19802277,3
,,Home Service,-81.61903061,30.19792712,3
,,Elementary School,-81.61898229809016,30.19803430313355,3
,,Personal Or Beauty Service,-81.61904,30.198030000000006,3
,,Restaurant,-81.619121831822,30.198592853908007,3
,,Restaurant,-81.6191282,30.19868985,3
,,Fashion And Apparel Store,-81.61912467,30.19872969,3
,,Restaurant,-81.61908715,30.198717219999992,3
,,Personal Or Beauty Service,-81.61899644,30.19868667,3
,,Restaurant,-81.61886929103322,30.198636443848446,3
,,Personal Or Beauty Service,-81.618884,30.19857799999999,3
,,Personal Or Beauty Service,-81.61889306,30.19855997,3
,,Personal Or Beauty Service,-81.6188883,30.19859921,3
,,Restaurant,-81.61882409110666,30.198587184360925,3
,,Atm,-81.61875865615043,30.198602292185647,3
,,Restaurant,-81.61859691,30.198584439999994,3
,,Personal Or Beauty Service,-81.61863069,30.19873569,3
,,Personal Or Beauty Service,-81.61862377,30.198713270000006,3
,,Food And Beverage Store,-81.61861736,30.198696419999987,3
,,Personal Or Beauty Service,-81.61855988161552,30.19867920258464,3
,,Bar,-81.61858857,30.198735619999997,3
,,Wellness Service,-81.6186752319336,30.198873519897504,3
,,Restaurant,-81.618675,30.198848000000005,3
,,Home Service,-81.61868,30.19885,3
,,Personal Or Beauty Service,-81.61868,30.19885,3
,,Personal Or Beauty Service,-81.61868,30.19885,3
,,Personal Or Beauty Service,-81.61868,30.19885,3
,,Personal Or Beauty Service,-81.618683,30.198852999999993,3
,,Personal Or Beauty Service,-81.61873136346912,30.198911399924928,3
,,Cafe,-81.618722,30.19897600000001,3
,,Corporate Or Business Office,-81.618722,30.19897600000001,3
,,Restaurant,-81.618722,30.19897600000001,3
,,Fashion And Apparel Store,-81.618722,30.19897600000001,3
,,Pharmacy And Drug Store,-81.618722,30.19897600000001,3
,,Restaurant,-81.618722,30.19897600000001,3
,,Restaurant,-81.61874107749459,30.198663723272272,3
,,Bar,-81.61874107749459,30.198663723272272,3
,,Personal Or Beauty Service,-81.61874107749459,30.198663723272272,3
,,Sport Or Recreation Club,-81.61874107749459,30.198663723272272,3
,,Financial Service,-81.61874107749459,30.198663723272272,3
,,Restaurant,-81.6187889,30.198701169999993,3
,,Personal Or Beauty Service,-81.61880269,30.19869106,3
,,Uncategorized,-81.618834,30.198687999999994,3
,,Personal Or Beauty Service,-81.61883815,30.19868631,3
,,Fitness Studio,-81.61892717,30.198996579999996,3
,,Restaurant,-81.61905227,30.1995646,3
,,Restaurant,-81.61934186,30.198594610000004,3
,,B2B Office And Professional Service,-81.6193529,30.19856409999999,3
,,Restaurant,-81.61941,30.198645000000003,3
,,Personal Or Beauty Service,-81.61934426345609,30.198881310773896,3
,,Fashion And Apparel Store,-81.61956512,30.19870363,3
,,Personal Care And Beauty Store,-81.61947979,30.19867991,3
,,Restaurant,-81.61967392,30.198717900000002,3
,,Electronics Store,-81.61960125,30.198712569999998,3
,,Automotive Service,-81.620107,30.199232099999993,3
,,Technical Service,-81.62014,30.198869999999996,3
,,Casual Eatery,-81.61981702,30.198661860000012,3
,,Flowers And Gifts Store,-81.620033,30.198160999999985,3
,,Personal Or Beauty Service,-81.6200834,30.198110949999993,3
,,Personal Or Beauty Service,-81.62008073,30.1981191,3
,,Electronics Store,-81.62005466160475,30.19813093995074,3
,,Education,-81.62005466160475,30.19813093995074,3
,,Personal Or Beauty Service,-81.62005466160475,30.19813093995074,3
,,Complementary And Alternative Medicine,-81.62005466160475,30.19813093995074,3
,,Shopping,-81.620061278409,30.198164457706998,3
,,Medical Service,-81.62011786216496,30.198110800665233,3
,,Fashion And Apparel Store,-81.62008969,30.1981168,3
,,Musical Instrument And Pro Audio Store,-81.62029306,30.19828814,3
,,Wellness Service,-81.6202819,30.19799648,3
,,Diagnostics Imaging Or Lab Service,-81.620025,30.197644999999998,3
,,Wellness Service,-81.61983542,30.197158770000005,3
,,Personal Or Beauty Service,-81.61963,30.197830000000007,3
,,Social Or Community Service,-81.61963231,30.19797356000001,3
,,Personal Or Beauty Service,-81.61947636,30.19823972,3
,,Personal Or Beauty Service,-81.6191683,30.198008059999996,3
,,Medical Service,-81.61920104,30.19741772,3
,,Sport Or Fitness Facility,-81.619477,30.196945,3
,,Personal Or Beauty Service,-81.61975,30.196929999999995,3
,,Wellness Service,-81.61978252,30.19689448,3
,,Personal Or Beauty Service,-81.62026364,30.19705628,3
,,Personal Or Beauty Service,-81.62030094,30.197048699999996,3
,,Personal Or Beauty Service,-81.620278,30.196888,3
,,Personal Or Beauty Service,-81.620298,30.196878000000005,3
,,Medical Service,-81.61978172,30.195565679999994,3
,,Tutoring Service,-81.61976219,30.195567860000004,3
,,Wellness Service,-81.61992065,30.195617500000004,3
,,Behavioral Or Mental Health Clinic,-81.61996678,30.195786210000005,3
,,Dental Clinic,-81.62028473,30.195091950000002,3
,,Dental Clinic,-81.62030561,30.195078069999997,3
,,Personal Or Beauty Service,-81.61998251,30.19479979,3
,,Family Service,-81.61892220000001,30.194822500000004,3
,,Financial Service,-81.61865481,30.19496892,3
,,Personal Or Beauty Service,-81.618710771436,30.194975869069996,3
,,Home Service,-81.6187338,30.194961999999993,3
,,Hardware Home And Garden Store,-81.6187337,30.194962099999998,3
,,Wellness Service,-81.61877657,30.195458119999998,3
,,Attorney Or Law Firm,-81.618695,30.195456000000007,3
,,Radio Station,-81.618362,30.196640999999993,3
,,Real Estate Service,-81.61800402,30.195458699999993,3
,,Physical Medicine And Rehabilitation,-81.61800886,30.195383969999998,3
,,Home Service,-81.61813311,30.195466239999995,3
,,Home Service,-81.61823,30.195170000000008,3
,,Real Estate Service,-81.61821959,30.19537891,3
,,Music Venue,-81.61825565181992,30.195448199011263,3
,,Professional Service,-81.61839422,30.19526104,3
,,Attorney Or Law Firm,-81.61839528,30.19538405999999,3
,,Financial Service,-81.61827665,30.19543985,3
,,Home Service,-81.61850795,30.195040639999995,3
,,Home Service,-81.61849113,30.194967069999997,3
,,Home Service,-81.61873218,30.194445469999998,3
,,Home Service,-81.618824,30.192581000000008,3
,,Storage Facility,-81.61843,30.190279999999998,3
,,Social Or Community Service,-81.61938108,30.19450139,3
,,Family Service,-81.62154387395626,30.1931397626887,3
,,Education,-81.621526,30.193201,3
,,Place Of Learning,-81.6215741400015,30.19319508000311,3
,,Place Of Learning,-81.62173339997268,30.19332496667459,3
,,Place Of Learning,-81.62165388,30.19344564,3
,,Youth Organization,-81.62158941,30.193465679999992,3
,,Hardware Home And Garden Store,-81.62254382,30.194912920000004,3
,,Personal Or Beauty Service,-81.62240888,30.194973929999996,3
,,Second Hand Store,-81.62218951514322,30.1949413905451,3
,,Government Department,-81.62207600000002,30.194879000000004,3
,,Government Office,-81.62210942,30.19493324,3
,,Restaurant,-81.62223805,30.19505487,3
,,Food And Beverage Store,-81.62226296,30.19494561999999,3
,,Laundry Service,-81.6226401,30.195594699999997,3
,,Real Estate Service,-81.62244,30.19628,3
,,Storage Facility,-81.62231,30.19682,3
,,Automotive Service,-81.6223379,30.196939520000004,3
,,Second Hand Store,-81.62204504013063,30.19584297590126,3
,,Fashion And Apparel Store,-81.62189926,30.19595513,3
,,Technical Service,-81.62188183,30.195902829999994,3
,,Financial Service,-81.62186312,30.19583567,3
,,Music Venue,-81.62181256534187,30.19583168403614,3
,,Financial Service,-81.62181256534187,30.19583168403614,3
,,Financial Service,-81.62181256534187,30.19583168403614,3
,,Automotive Service,-81.6220207,30.196739299999997,3
,,Automotive Service,-81.62191000000001,30.197029999999998,3
,,Financial Service,-81.62164,30.19653,3
,,Fashion And Apparel Store,-81.621634,30.196923,3
,,Personal Or Beauty Service,-81.6215597,30.196762100000004,3
,,Restaurant,-81.62167939,30.196206549999996,3
,,Restaurant,-81.62175757,30.195956750000008,3
,,Wellness Service,-81.62151143,30.19580445,3
,,Real Estate Service,-81.62156000000002,30.195790000000006,3
,,Personal Or Beauty Service,-81.62158597804931,30.195769260801512,3
,,Flowers And Gifts Store,-81.621554,30.195656000000003,3
,,Personal Or Beauty Service,-81.62169936,30.195455790000004,3
,,Personal Or Beauty Service,-81.621626,30.195562999999996,3
,,Hardware Home And Garden Store,-81.621615,30.195716999999995,3
,,Atm,-81.6218749,30.195769,3
,,Restaurant,-81.62187739,30.195764229999998,3
,,Restaurant,-81.62199109,30.195751159999993,3
,,Wellness Service,-81.62203195,30.195704060000008,3
,,Animal Or Pet Service,-81.62196830000002,30.195246700000002,3
,,Design Service,-81.6217797,30.195373099999994,3
,,Public Transit Facility Or Service,-81.6217797,30.195373099999994,3
,,Casual Eatery,-81.621842,30.195127999999997,3
,,Restaurant,-81.62203263,30.19506128,3
,,Gym,-81.621417,30.195648,3
,,Animal Or Pet Service,-81.62108089,30.195187020000002,3
,,Religious Organization,-81.62072421,30.195056739999988,3
,,Jewish Place Of Worship,-81.62039492,30.194688070000005,3
,,Uncategorized,-81.620323,30.195407999999997,3
,,Behavioral Or Mental Health Clinic,-81.6204098484316,30.195423968280057,3
,,Dental Clinic,-81.62043325,30.19563956,3
,,Wellness Service,-81.620753,30.19590399999999,3
,,Second Hand Store,-81.6207775,30.195993299999994,3
,,Outpatient Care Facility,-81.6207775,30.195993299999994,3
,,Art Gallery,-81.620861,30.196165999999998,3
,,Sport Or Fitness Facility,-81.620861,30.196165999999998,3
,,Outpatient Care Facility,-81.62086131650908,30.196166098277857,3
,,Financial Service,-81.62086131650908,30.196166098277857,3
,,Diagnostics Imaging Or Lab Service,-81.62084127,30.196149710000004,3
,,Physical Medicine And Rehabilitation,-81.6208309,30.196182199999992,3
,,Wellness Service,-81.62079588149199,30.196181208461283,3
,,Personal Or Beauty Service,-81.62074802412188,30.196134885833782,3
,,Casual Eatery,-81.62074802412188,30.196134885833782,3
,,Personal Or Beauty Service,-81.62074802412188,30.196134885833782,3
,,Primary Care Or General Clinic,-81.62067692112075,30.196268813511722,3
,,Christian Place Of Worship,-81.62069,30.19583000000001,3
,,Personal Or Beauty Service,-81.620391551513,30.196605716386994,3
,,Restaurant,-81.62040077,30.196643230000006,3
,,Home Service,-81.62036,30.196920000000002,3
,,Home Service,-81.62036,30.196920000000002,3
,,Wellness Service,-81.62036,30.196920000000002,3
,,Personal Or Beauty Service,-81.62031269,30.19704393,3
,,Personal Or Beauty Service,-81.62031276,30.197052600000003,3
,,Hardware Home And Garden Store,-81.62094,30.196389999999997,3
,,Diagnostics Imaging Or Lab Service,-81.62098198,30.19625181,3
,,Food Service,-81.62102325,30.19624488,3
,,Shopping,-81.620975,30.196197000000005,3
,,Financial Service,-81.62107,30.195809000000004,3
,,Professional Service,-81.62107269,30.195806880000003,3
,,Uncategorized,-81.62108007406587,30.1958287129173,3
,,Complementary And Alternative Medicine,-81.62104004429402,30.196182200387504,3
,,Restaurant,-81.621059,30.196316000000003,3
,,Shopping Mall,-81.621059,30.196316000000003,3
,,Electronics Store,-81.621059,30.196316000000003,3
,,Casual Eatery,-81.621059,30.196316000000003,3
,,Personal Care And Beauty Store,-81.6211507,30.196403469999996,3
,,Restaurant,-81.6211845,30.196310600000007,3
,,Restaurant,-81.62129538,30.19621007,3
,,Restaurant,-81.6211873413989,30.196243259420697,3
,,Specialty Store,-81.62135327790985,30.196088758736142,3
,,Printing Service,-81.62144911,30.19610404000001,3
,,Personal Or Beauty Service,-81.62141675,30.196205550000006,3
,,Personal Or Beauty Service,-81.6213071,30.1973471,3
,,Automotive Service,-81.62138423,30.198277989999987,3
,,Automotive Service,-81.6210054,30.198062199999995,3
,,Uncategorized,-81.621048,30.197686999999995,3
,,Personal Or Beauty Service,-81.6210696,30.19764800000001,3
,,Musical Instrument And Pro Audio Store,-81.621091,30.197632999999996,3
,,Casual Eatery,-81.62096798,30.19710835,3
,,Doctor,-81.62099,30.197160000000004,3
,,Personal Or Beauty Service,-81.62098538929631,30.197227550357532,3
,,Urgent Care Center,-81.6210150718689,30.19715742255937,3
,,Personal Or Beauty Service,-81.62094963,30.197307880000007,3
,,Personal Or Beauty Service,-81.62094,30.197159999999997,3
,,Personal Or Beauty Service,-81.62094,30.197159999999997,3
,,Wellness Service,-81.62094689,30.19714867,3
,,Personal Or Beauty Service,-81.62077115009001,30.197134100388002,3
,,Casual Eatery,-81.62074905108442,30.197626364793816,3
,,Medical Service,-81.62068539,30.197575730000004,3
,,Market,-81.62069,30.197580000000002,3
,,Medical Service,-81.62065942083335,30.19758525516666,3
,,Personal Or Beauty Service,-81.62045412,30.197184990000004,3
,,Personal Or Beauty Service,-81.62033899,30.197103440000006,3
,,Personal Or Beauty Service,-81.6203396,30.197103960000007,3
,,Personal Or Beauty Service,-81.62033354000002,30.19710121999999,3
,,Personal Or Beauty Service,-81.62033225,30.197108810000003,3
,,Personal Or Beauty Service,-81.62033647,30.197103580000004,3
,,Personal Or Beauty Service,-81.62033612,30.197109489999992,3
,,Personal Or Beauty Service,-81.62038127,30.19725317,3
,,Wellness Service,-81.62042529431102,30.197234517368003,3
,,Personal Or Beauty Service,-81.62044633,30.19726053,3
,,Personal Or Beauty Service,-81.62041555,30.197914519999998,3
,,Financial Service,-81.62034314,30.198178919999997,3
,,Electronics Store,-81.6203035,30.198243520000002,3
,,Personal Or Beauty Service,-81.62046932,30.198092049999996,3
,,Casual Eatery,-81.6206193,30.197998300000002,3
,,Financial Service,-81.62066297,30.197985030000005,3
,,Personal Or Beauty Service,-81.62064907,30.19797846,3
,,Casual Eatery,-81.620826,30.198902400000005,3
,,Fast Food Restaurant,-81.6208203902708,30.19887211096768,3
,,Casual Eatery,-81.62080374,30.198967559999993,3
,,Christian Place Of Worship,-81.62134999,30.199227060000002,3
,,Specialty School,-81.62138268,30.1991282,3
,,Arts Crafts And Hobby Store,-81.62138308,30.199116789999994,3
,,Restaurant,-81.62130892,30.19920994,3
,,Uncategorized,-81.621291,30.199590999999998,3
,,Travel Service,-81.62146855,30.19915562,3
,,Sport Or Fitness Facility,-81.62148258819948,30.19912082859878,3
,,Sport Or Fitness Facility,-81.6215001660329,30.199059396119992,3
,,Medical Service,-81.6215901,30.19918960000001,3
,,Financial Service,-81.6215901,30.19918960000001,3
,,Automotive Service,-81.62185,30.199460000000006,3
,,Outpatient Care Facility,-81.62191524111427,30.198676685663163,3
,,Christian Place Of Worship,-81.62183863,30.198580229999997,3
,,Uncategorized,-81.6218197,30.198609500000007,3
,,Financial Service,-81.62169512,30.198631999999996,3
,,Sport Or Fitness Facility,-81.62152488,30.198885600000004,3
,,Sport Or Fitness Facility,-81.62153207,30.198875609999998,3
,,Restaurant,-81.62153532165277,30.19893653108955,3
,,Uncategorized,-81.62148,30.19879999999999,3
,,Uncategorized,-81.621498,30.198792999999995,3
,,Wellness Service,-81.62160515785217,30.19841331705989,3
,,Automotive Service,-81.62163,30.197870000000005,3
,,Automotive Service,-81.62148052,30.19773099,3
,,Second Hand Store,-81.62198,30.19762,3
,,Automotive Service,-81.62218864893738,30.19729394565304,3
,,Automotive Service,-81.62225201,30.197249899999985,3
,,Historic Site,-81.62234785,30.199240500000005,3
,,Technical Service,-81.623353,30.199204999999996,3
,,Storage Facility,-81.6230712,30.197211300000006,3
,,Storage Facility,-81.623071,30.197211300000006,3
,,Musical Instrument And Pro Audio Store,-81.6230725,30.198007500000003,3
,,Auto Dealer,-81.6230212,30.1980062,3
,,Storage Facility,-81.62292272021416,30.197487191861693,3
,,Storage Facility,-81.6228378,30.1973948,3
,,Storage Facility,-81.62274423000001,30.197305630000006,3
,,Sporting Goods Store,-81.62269838,30.196540069999994,3
,,Restaurant,-81.62270016,30.196590989999997,3
,,Food And Beverage Store,-81.62272188673914,30.19671181301757,3
,,Automotive Service,-81.62298711,30.19620918,3
,,Professional Service,-81.62315306,30.19593387,3
,,Automotive Service,-81.622864,30.196338000000008,3
,,Bank Or Credit Union,-81.6227867,30.1957135,3
,,Specialized Health Care,-81.6227867,30.1957135,3
,,Fast Food Restaurant,-81.6226477,30.194936539999993,3
,,Personal Or Beauty Service,-81.6227829,30.19460553,3
,,Shopping,-81.6229513,30.19517769999999,3
,,Dental Clinic,-81.62340632,30.1954973,3
,,Financial Service,-81.62333340000002,30.194998800000004,3
,,Smoothie Juice Bar,-81.6232604,30.194771800000005,3
,,Second Hand Store,-81.62365334,30.19538776999999,3
,,Bank Or Credit Union,-81.6232452392578,30.195945739746094,3
,,Personal Or Beauty Service,-81.62395985,30.195404949999997,3
,,Wellness Service,-81.62395032,30.195404739999994,3
,,Personal Or Beauty Service,-81.623954,30.195393999999997,3
,,Food Truck Stand,-81.6239543834063,30.195394432770186,3
,,Personal Or Beauty Service,-81.62401982029968,30.195379320326495,3
,,Uncategorized,-81.624001,30.195387,3
,,Restaurant,-81.62405135972135,30.19539091347145,3
,,Personal Or Beauty Service,-81.62408,30.19532,3
,,Personal Or Beauty Service,-81.62408,30.19532,3
,,Personal Or Beauty Service,-81.62408,30.19532,3
,,Technical Service,-81.62394700000002,30.195284,3
,,Hardware Home And Garden Store,-81.624242,30.19490100000001,3
,,Hardware Home And Garden Store,-81.624196,30.194866999999995,3
,,Condominium,-81.62450355884758,30.19945601653431,3
,,Technical Service,-81.626083,30.199052999999992,3
,,Christian Place Of Worship,-81.62599644000001,30.19471619999999,3
,,Casual Eatery,-81.6249771118164,30.193918228149393,3
,,Restaurant,-81.624993,30.19390200000001,3
,,Restaurant,-81.62504511,30.1938294,3
,,Personal Or Beauty Service,-81.625217,30.192801,3
,,Uncategorized,-81.6253556,30.192371400000003,3
,,Attorney Or Law Firm,-81.62540441,30.192873520000003,3
,,Hardware Home And Garden Store,-81.62539385,30.19262489999999,3
,,Hardware Home And Garden Store,-81.625663,30.192628999999993,3
,,Hardware Home And Garden Store,-81.625663,30.192628999999993,3
,,Financial Service,-81.6256459,30.19270351000001,3
,,Real Estate Service,-81.625622,30.192733999999994,3
,,Wellness Service,-81.62566649,30.192480490000005,3
,,Real Estate Service,-81.6256547,30.192382479999996,3
,,Home Service,-81.62562533,30.192342259999993,3
,,Sport Or Fitness Facility,-81.62574356,30.19226484,3
,,Fashion And Apparel Store,-81.62577804936483,30.19245505249319,3
,,Hardware Home And Garden Store,-81.62571048,30.19238157000001,3
,,Sport Or Fitness Facility,-81.62570667,30.19240281,3
,,Financial Service,-81.6257827,30.1925672,3
,,Real Estate Service,-81.62582,30.192479999999996,3
,,Real Estate Service,-81.62582,30.192479999999996,3
,,Real Estate Service,-81.62582,30.192479999999996,3
,,Real Estate Service,-81.62582,30.192479999999996,3
,,Real Estate Service,-81.62582,30.192479999999996,3
,,Real Estate Service,-81.6258432,30.192481420000007,3
,,Sport Or Fitness Facility,-81.62584324,30.192484589999992,3
,,Real Estate Service,-81.6258445,30.19248799,3
,,Real Estate Service,-81.62584412,30.192482119999998,3
,,Gym,-81.62587043185376,30.192542092700606,3
,,Sport Or Fitness Facility,-81.62584122,30.192489789999993,3
,,Real Estate Service,-81.62584724,30.19248035,3
,,Sport Or Fitness Facility,-81.62584228,30.19248315000001,3
,,Real Estate Service,-81.62584138,30.192483409999994,3
,,Real Estate Service,-81.62584186,30.192482659999996,3
,,Sport Or Fitness Facility,-81.6258411,30.192487870000008,3
,,Real Estate Service,-81.62584666,30.19248845,3
,,Real Estate Service,-81.62584639,30.192480180000008,3
,,Real Estate Service,-81.62589,30.192521,3
,,Real Estate Service,-81.625881,30.192509999999995,3
,,Specialty School,-81.625927,30.192485,3
,,Specialized Health Care,-81.6260383,30.192084999999985,3
,,Specialized Medical Facility,-81.6260383,30.192084999999985,3
,,Specialized Health Care,-81.62609095,30.192110119999995,3
,,Jewish Place Of Worship,-81.62579062,30.19428561000001,3
,,Complementary And Alternative Medicine,-81.62619261,30.19179709000001,3
,,Doctor,-81.6262982,30.191736099999996,3
,,Bank Or Credit Union,-81.62640696,30.1914214,3
,,Bank Or Credit Union,-81.62721294,30.19098981,3
,,Complementary And Alternative Medicine,-81.62720651,30.19101871000001,3
,,Personal Or Beauty Service,-81.62728000000001,30.191000000000003,3
,,Personal Care And Beauty Store,-81.62728222,30.190919150000003,3
,,Animal Or Pet Service,-81.626744,30.190570000000008,3
,,Uncategorized,-81.6267581,30.190532499999993,3
,,Travel Service,-81.6267581,30.190532499999993,3
,,Uncategorized,-81.6267581,30.190532499999993,3
,,Fashion And Apparel Store,-81.62647592,30.189819879999998,3
,,Primary Care Or General Clinic,-81.625656239832,30.190546953721,3
,,Specialized Health Care,-81.6256423,30.1905488,3
,,Uncategorized,-81.62587906417275,30.19058928414721,3
,,Specialty Store,-81.62608277,30.190461389999992,3
,,Library,-81.62503922562948,30.19181606408227,3
,,Pediatric Clinic,-81.625082,30.191860000000005,3
,,Pediatric Clinic,-81.624985,30.191800999999995,3
,,Sport Or Fitness Facility,-81.6248077120995,30.191078829057492,3
,,Sport Or Fitness Facility,-81.62480476,30.191061459999993,3
,,Automotive Service,-81.62487581,30.192398360000002,3
,,Automotive Service,-81.624713,30.192293,3
,,Restaurant,-81.62478643143194,30.194227271890227,3
,,Restaurant,-81.62475,30.194250000000004,3
,,Fast Food Restaurant,-81.624756,30.194256000000003,3
,,Real Estate Service,-81.624397,30.194489000000008,3
,,Financial Service,-81.624358,30.193259999999995,3
,,Atm,-81.6242384,30.1935123,3
,,Financial Service,-81.6242384,30.1935123,3
,,Restaurant,-81.62433669,30.194522139999993,3
,,Electronics Store,-81.62412300000001,30.193999,3
,,Fast Food Restaurant,-81.623955,30.194175999999985,3
,,Supplier Or Distributor,-81.6238895,30.19329640000001,3
,,Gas Station,-81.62386,30.19323000000001,3
,,Fast Food Restaurant,-81.62429567,30.192669029999994,3
,,Financial Service,-81.6240984821,30.192595980699995,3
,,Atm,-81.62379455566406,30.193262100219734,3
,,Bank Or Credit Union,-81.6238,30.193299999999994,3
,,Uncategorized,-81.62356692240606,30.193653817100117,3
,,Food And Beverage Store,-81.6237534,30.194135999999993,3
,,Fast Food Restaurant,-81.6237534,30.194135999999993,3
,,Restaurant,-81.62335463555222,30.193944185232134,3
,,Casual Eatery,-81.62328033000001,30.193573899999997,3
,,Personal Or Beauty Service,-81.62328005,30.193575739999996,3
,,Personal Or Beauty Service,-81.62328736,30.193579879999994,3
,,Health Care,-81.623288,30.19357600000001,3
,,Doctor,-81.623288,30.19357600000001,3
,,Tutoring Service,-81.62342664,30.193731390000004,3
,,Government Office,-81.62305965988408,30.19382243407263,3
,,Restaurant,-81.62310365,30.19384049,3
,,Restaurant,-81.62310751871308,30.193868756045774,3
,,Restaurant,-81.62314,30.193810999999997,3
,,Doctor,-81.62316,30.19381,3
,,Restaurant,-81.62319468,30.193815230000006,3
,,Personal Or Beauty Service,-81.62313687,30.194080089999996,3
,,Personal Or Beauty Service,-81.62314486,30.19409578,3
,,Sporting Goods Store,-81.6230927,30.194461599999993,3
,,Restaurant,-81.6230927,30.194461599999993,3
,,Restaurant,-81.6230697631836,30.194509506225597,3
,,Restaurant,-81.62292554,30.19431918999999,3
,,Casual Eatery,-81.62297402,30.194131379999998,3
,,Event Or Party Service,-81.6230739,30.194203929999997,3
,,Food And Beverage Store,-81.6228771,30.194067599999993,3
,,Food And Beverage Store,-81.622917,30.194090999999993,3
,,Restaurant,-81.62286022,30.194339190000008,3
,,Smoothie Juice Bar,-81.62285117000002,30.194496859999997,3
,,Restaurant,-81.6227530234681,30.19446700316899,3
,,Family Service,-81.622676,30.194457999999997,3
,,Place Of Learning,-81.623298824939,30.191080469046,3
,,Youth Organization,-81.62331064257,30.191091384412005,3
,,Jewish Place Of Worship,-81.62326897,30.19109944000001,3
,,Place Of Learning,-81.62335722,30.190964190000006,3
,,Home Service,-81.62476199499928,30.185354550000216,3
,,B2B Transportation And Storage Service,-81.62491887,30.188121100000004,3
,,Financial Service,-81.62568091,30.186921140000003,3
,,Walk In Clinic,-81.6256851,30.186925499999997,3
,,Specialized Health Care,-81.6256851,30.186925499999997,3
,,Health Care,-81.6256851,30.186925499999997,3
,,Financial Service,-81.62568647,30.186924939999997,3
,,Specialty Store,-81.62568757,30.186924119999997,3
,,Rental Service,-81.6258998,30.186937000000004,3
,,Arcade,-81.62611,30.186919999999997,3
,,Sport Or Recreation Club,-81.6261,30.187038000000005,3
,,Music Venue,-81.625889,30.18924500000001,3
,,Community Center,-81.62589133245491,30.189224047318522,3
,,Financial Service,-81.626532,30.188183999999993,3
,,Financial Service,-81.626564,30.188193000000005,3
,,Real Estate Service,-81.62659228,30.188218739999996,3
,,Real Estate Service,-81.6265971,30.18821239,3
,,Family Service,-81.6272,30.189199,3
,,Bank Or Credit Union,-81.62688168200002,30.1887460049999,3
,,Bank Or Credit Union,-81.62680326,30.18867725999999,3
,,Fast Food Restaurant,-81.62707595,30.1880099,3
,,Animal And Pet Store,-81.62704844,30.18739991,3
,,Specialized Health Care,-81.6272884,30.186919,3
,,Uncategorized,-81.6272884,30.186919,3
,,Uncategorized,-81.6272884,30.186919,3
,,Specialty School,-81.62615182,30.187353840000004,3
,,Sport Or Fitness Facility,-81.62615218,30.187358810000006,3
,,Food And Beverage Store,-81.62615562000002,30.187359960000002,3
,,Medical Service,-81.62619851,30.18731895,3
,,Emergency Or Urgent Care Facility,-81.6261785604,30.187303238999984,3
,,Restaurant,-81.62614774,30.186650249999996,3
,,Dental Clinic,-81.62623486,30.18664439000001,3
,,Doctor,-81.62632,30.186870000000003,3
,,B2B Service,-81.6263752,30.186639299999996,3
,,Food And Beverage Store,-81.62633924,30.18658122,3
,,Restaurant,-81.62649139,30.18608895,3
,,Personal Or Beauty Service,-81.62664246,30.186145519999997,3
,,Personal Or Beauty Service,-81.62656174,30.18668593,3
,,Personal Or Beauty Service,-81.62646765307372,30.186609021222583,3
,,Food And Beverage Store,-81.626639,30.18664,3
,,Restaurant,-81.62678795,30.186693740000003,3
,,Uncategorized,-81.62687269311523,30.18662256622424,3
,,Restaurant,-81.62709955374005,30.186749912534793,3
,,Emergency Department,-81.62721284789012,30.18678111425888,3
,,Outpatient Care Facility,-81.62723980542164,30.186868773883983,3
,,Home Service,-81.62723726,30.186736349999997,3
,,Hardware Home And Garden Store,-81.62682932,30.18602561,3
,,Uncategorized,-81.62713449721218,30.18440280355628,3
,,Personal Or Beauty Service,-81.6265,30.18441,3
,,Complementary And Alternative Medicine,-81.6266023032552,30.18477444862919,3
,,Fashion And Apparel Store,-81.626474,30.185012,3
,,Bar,-81.6264557,30.185094600000003,3
,,Rental Service,-81.626336,30.18515699999999,3
,,Government Office,-81.625734366667,30.184590599999993,3
,,Personal Or Beauty Service,-81.6255757,30.18449019999999,3
,,Personal Or Beauty Service,-81.62562037,30.184826809999993,3
,,Home Service,-81.62566,30.185040000000004,3
,,Coffee Shop,-81.62583764341744,30.185607030298122,3
,,Storage Facility,-81.625855,30.18554600000001,3
,,Wellness Service,-81.62592065003825,30.185530473996895,3
,,Gym,-81.62592065003825,30.185530473996895,3
,,Shopping Mall,-81.6259312,30.18523546999999,3
,,Food And Beverage Store,-81.62600293,30.185006549999997,3
,,Specialty School,-81.62585479,30.185785439999993,3
,,Second Hand Store,-81.62590285000002,30.18589564,3
,,Dental Clinic,-81.62605883,30.186026710000004,3
,,Sport Or Recreation Club,-81.62608776323367,30.186868924776693,3
,,Fashion And Apparel Store,-81.62606941498615,30.18676730700593,3
,,Sport Or Recreation Club,-81.625912,30.186785999999994,3
,,Casual Eatery,-81.62586803,30.186712690000004,3
,,Restaurant,-81.62581663,30.18660389,3
,,Outpatient Care Facility,-81.62578303622482,30.186652441534275,3
,,Christian Place Of Worship,-81.62579749,30.186873069999994,3
,,Music Venue,-81.6258055531568,30.186770316069087,3
,,Wellness Service,-81.62580671,30.18603352,3
,,Electronics Store,-81.6255936,30.1859392,3
,,Coffee Shop,-81.6255936,30.1859392,3
,,Storage Facility,-81.62517719,30.185212480000004,3
,,Resort,-81.626223,30.183329,3
,,Park,-81.62668000000001,30.183704999999986,3
,,Restaurant,-81.62680829879496,30.184349950111045,3
,,Uncategorized,-81.62708997252616,30.184333499389414,3
,,Shopping Mall,-81.6271556411392,30.1842993632883,3
,,Specialty School,-81.62714496000001,30.182499260000004,3
,,Hotel,-81.62709998,30.182607240000003,3
,,Bar,-81.627043217631,30.18220172393801,3
,,Social Or Community Service,-81.62706864074073,30.18220432592591,3
,,Comedy Club,-81.62720471012892,30.182363061004494,3
,,Hotel,-81.62722136,30.182369839999996,3
,,Books Music And Video Store,-81.62723,30.182329999999993,3
,,Comedy Club,-81.62689982809974,30.18200428848457,3
,,Hotel,-81.6267955323153,30.182340724476074,3
,,Restaurant,-81.62678662940333,30.182289339005653,3
,,Atm,-81.62673950195312,30.182241439819347,3
,,Resort,-81.6267776489258,30.182115554809602,3
,,Christian Place Of Worship,-81.62685142,30.18200995999999,3
,,Restaurant,-81.626798,30.181877000000004,3
,,Storage Facility,-81.62721222,30.179540519999996,3
,,Supplier Or Distributor,-81.6247104,30.1842161,3
,,Food And Beverage Store,-81.62470241,30.184222200000004,3
,,Personal Or Beauty Service,-81.6246997,30.184121969999996,3
,,Bar,-81.62465864,30.184119959999993,3
,,Historic Site,-81.62361466,30.18131999000001,3
,,Home Service,-81.62245799,30.1889318,3
,,Social Or Community Service,-81.62222535262556,30.18862186221035,3
,,Hardware Home And Garden Store,-81.62202979,30.18823562,3
,,Home Service,-81.62138346,30.18873307999999,3
,,Senior Living Facility,-81.62009958,30.18251493999999,3
,,Cultural Center,-81.61885864,30.176926560000002,3
,,Sport Or Recreation Club,-81.61881266,30.176527999999998,3
,,Park,-81.61883264,30.176669300000004,3
,,Civic Organization,-81.62018779,30.17038777,5
,,Home Service,-81.6198371482663,30.170698718018933,5
,,Professional Service,-81.62099904479949,30.16962686460832,5
,,Department Store,-81.6214981079102,30.175899505615206,3
,,Lake,-81.62118085,30.17580295000001,3
,,Design Service,-81.62303818,30.176445459999993,3
,,Media Service,-81.6231778,30.176265429999997,3
,,Real Estate Service,-81.62357974,30.17490231,3
,,Uncategorized,-81.623783111572,30.175702161170992,3
,,Real Estate Service,-81.62323,30.17578,3
,,Storage Facility,-81.62409,30.175189999999986,3
,,Financial Service,-81.62509168,30.177118509999993,3
,,Travel Service,-81.6250971,30.1771149,3
,,Travel Service,-81.6250971,30.1771149,3
,,Personal Or Beauty Service,-81.625097,30.177115000000004,3
,,Casual Eatery,-81.62509571,30.177114719999988,3
,,Home Service,-81.6250971,30.1771149,3
,,Animal Or Pet Service,-81.6250971,30.1771149,3
,,Uncategorized,-81.625097,30.177114,3
,,Atm,-81.6250991821289,30.177114486694336,3
,,Electronics Store,-81.6251,30.177109999999992,3
,,Animal And Pet Store,-81.62523249201331,30.177254949863432,3
,,Bank Or Credit Union,-81.625307,30.177293000000002,3
,,Superstore,-81.62530569000002,30.177295939999993,3
,,Animal And Pet Store,-81.625304,30.177096999999996,3
,,Supplier Or Distributor,-81.6252858,30.177127500000008,3
,,Books Music And Video Store,-81.62532860000002,30.177372100000007,3
,,Personal Or Beauty Service,-81.62573934997543,30.17698129529928,3
,,Dental Clinic,-81.62573934997543,30.17698129529928,3
,,Financial Service,-81.6258766,30.177223799999993,3
,,Fashion And Apparel Store,-81.6258766,30.177223799999993,3
,,Uncategorized,-81.6258766,30.177223799999993,3
,,Home Service,-81.6258766,30.177223799999993,3
,,Specialized Health Care,-81.6258766,30.177223799999993,3
,,Shopping Mall,-81.6258766,30.177223799999993,3
,,Dental Clinic,-81.6258766,30.177223799999993,3
,,Home Service,-81.6258766,30.177223799999993,3
,,Pharmacy And Drug Store,-81.62612,30.177015000000004,3
,,Electronics Store,-81.62612,30.177015000000004,3
,,Non Alcoholic Beverage Venue,-81.62612,30.177015000000004,3
,,Electronics Store,-81.62612,30.177015000000004,3
,,Personal Or Beauty Service,-81.625564,30.178038999999995,3
,,Diagnostics Imaging Or Lab Service,-81.62693470716475,30.17875067430352,3
,,Specialized Health Care,-81.62718834,30.178737789999992,3
,,Specialized Health Care,-81.627156,30.178646,3
,,Personal Care And Beauty Store,-81.62622064461026,30.17593636361307,3
,,Food And Beverage Store,-81.6261454,30.175908200000006,3
,,Technical Service,-81.626415,30.175895999999995,3
,,Electronics Store,-81.6264123,30.175912500000006,3
,,Specialty Store,-81.62637534,30.17599967,3
,,Vision Or Eye Care Clinic,-81.62653474,30.17590687,3
,,Restaurant,-81.62726,30.176667000000002,3
,,Musical Instrument And Pro Audio Store,-81.62714867,30.17597346000001,3
,,Dental Clinic,-81.62721199,30.175562439999997,3
,,Department Store,-81.6267319,30.175811250000002,3
,,Personal Care And Beauty Store,-81.62561871000001,30.17444749999999,5
,,Restaurant,-81.62566874,30.174386080000005,5
,,Hardware Home And Garden Store,-81.62555947,30.174631840000004,5
,,Restaurant,-81.62603299,30.175871219999994,3
,,Food And Beverage Store,-81.62609263,30.17604992,3
,,Personal Or Beauty Service,-81.62578283,30.17612517999999,3
,,Books Music And Video Store,-81.62571038,30.17616001,3
,,Coffee Shop,-81.62582770000002,30.176685300000003,3
,,Non Alcoholic Beverage Venue,-81.62557908598573,30.176256788718046,3
,,Casual Eatery,-81.62566208537588,30.176180226088185,3
,,Complementary And Alternative Medicine,-81.62556881,30.17624235,3
,,Uncategorized,-81.62556179566036,30.176142960161233,3
,,Casual Eatery,-81.62577112,30.176028710000004,3
,,Hardware Home And Garden Store,-81.625373,30.17462169999999,5
,,Hardware Home And Garden Store,-81.625373,30.17462169999999,5
,,Gym,-81.6255174,30.174313229999985,5
,,Restaurant,-81.62541,30.174379999999985,5
,,Fashion And Apparel Store,-81.625304953373,30.173928318779403,5
,,Hardware Home And Garden Store,-81.6253128051758,30.174003601074208,5
,,Department Store,-81.62542435,30.173945349999993,5
,,Fashion And Apparel Store,-81.625546,30.173692999999997,5
,,Fashion And Apparel Store,-81.62552751,30.173377610000003,5
,,Arts Crafts And Hobby Store,-81.62545963,30.173107639999994,5
,,Casual Eatery,-81.6253200663227,30.173103461138826,5
,,Campus Building,-81.6253200663227,30.173103461138826,5
,,Restaurant,-81.6253200663227,30.173103461138826,5
,,Casual Eatery,-81.62539627,30.17261534,5
,,Books Music And Video Store,-81.6255646,30.17275813,5
,,Casual Eatery,-81.62557686,30.172693090000003,5
,,Fashion And Apparel Store,-81.62573215,30.17255059,5
,,Discount Store,-81.62581555,30.172360209999997,5
,,Wellness Service,-81.62557081349189,30.172357013972572,5
,,Hardware Home And Garden Store,-81.62588326,30.172132390000012,5
,,Christian Place Of Worship,-81.62599,30.171950000000006,5
,,Personal Or Beauty Service,-81.62599,30.171950000000006,5
,,Professional Service,-81.62599,30.171950000000006,5
,,Personal Or Beauty Service,-81.62609366,30.17222345,5
,,Shopping Mall,-81.6260725,30.173199900000004,5
,,Wellness Service,-81.62580473,30.17296564999999,5
,,Uncategorized,-81.6258432,30.1731947,5
,,Outpatient Care Facility,-81.6258432,30.1731947,5
,,Uncategorized,-81.6258432,30.1731947,5
,,Hardware Home And Garden Store,-81.6258432,30.1731947,5
,,Home Service,-81.6258432,30.1731947,5
,,Fashion And Apparel Store,-81.6258432,30.1731947,5
,,Uncategorized,-81.6258432,30.1731947,5
,,Hardware Home And Garden Store,-81.625637,30.17318,5
,,Professional Service,-81.62563920021057,30.17323592097668,5
,,Home Service,-81.6256297,30.173246799999994,5
,,Specialty Store,-81.6256204,30.173242100000007,5
,,Gym,-81.62562,30.173240000000007,5
,,Personal Or Beauty Service,-81.62562221,30.17324178999999,5
,,Personal Or Beauty Service,-81.62562271,30.173242180000006,5
,,Personal Care And Beauty Store,-81.6256232,30.173241519999994,5
,,Arts Crafts And Hobby Store,-81.62562255,30.17324352000001,5
,,Food And Beverage Store,-81.62562528,30.17324629999999,5
,,Personal Or Beauty Service,-81.62562447,30.173249389999995,5
,,Financial Service,-81.62562467,30.173248460000003,5
,,Personal Or Beauty Service,-81.62570581,30.17326237,5
,,Fashion And Apparel Store,-81.6257301,30.173230060000012,5
,,Department Store,-81.626106,30.173569000000004,5
,,Personal Care And Beauty Store,-81.626106,30.173569000000004,5
,,Restaurant,-81.626106,30.173569000000004,5
,,Arts Crafts And Hobby Store,-81.626106,30.173569000000004,5
,,Shopping,-81.626259,30.173229,5
,,Shipping Or Delivery Service,-81.626258,30.173229000000006,5
,,Home Service,-81.62624911,30.173215480000003,5
,,Personal Or Beauty Service,-81.62625,30.173189999999998,5
,,B2B Service,-81.62625,30.173189999999998,5
,,Shipping Or Delivery Service,-81.626251,30.173189,5
,,Personal Or Beauty Service,-81.62693,30.173629999999996,5
,,Personal Or Beauty Service,-81.6269283,30.1736292,5
,,Financial Service,-81.62692800000002,30.173629,5
,,Fashion And Apparel Store,-81.62674270000001,30.173508099999996,5
,,Wellness Service,-81.62673950000001,30.173507689999997,5
,,Christian Place Of Worship,-81.62704389568833,30.17228945148617,5
,,Personal Or Beauty Service,-81.62704389568833,30.17228945148617,5
,,Personal Or Beauty Service,-81.62704389568833,30.17228945148617,5
,,Personal Or Beauty Service,-81.62704828,30.172163410000007,5
,,Personal Or Beauty Service,-81.62714237,30.172098729999995,5
,,Wellness Service,-81.62713450000001,30.172145420000003,5
,,Personal Or Beauty Service,-81.62710115,30.172129199999997,5
,,Fitness Studio,-81.62712328000002,30.172201959999995,5
,,Personal Or Beauty Service,-81.62716728,30.17212388,5
,,Food Truck Stand,-81.6272,30.17196000000001,5
,,Second Hand Store,-81.6272,30.17196000000001,5
,,Health Care,-81.62717181,30.1720388,5
,,Personal Or Beauty Service,-81.62697381,30.172192419999984,5
,,Financial Service,-81.62690098,30.17215678,5
,,Personal Or Beauty Service,-81.6268491,30.172026719999995,5
,,Personal Or Beauty Service,-81.62684132,30.172001849999994,5
,,Personal Or Beauty Service,-81.62684204,30.172080970000007,5
,,Animal And Pet Store,-81.62673720396205,30.171909495880616,5
,,Storage Facility,-81.6264856,30.172079700000005,5
,,Sporting Goods Store,-81.6267013549805,30.171949386596705,5
,,Animal And Pet Store,-81.62668966000001,30.172040440000007,5
,,Office Supply Store,-81.62637097,30.17190025,5
,,B2B Service,-81.6273018,30.169377450000006,5
,,Financial Service,-81.62672369,30.169274270000003,5
,,Home Service,-81.62672603,30.169270219999994,5
,,Home Service,-81.62519488387024,30.1705503547081,5
,,Historic Site,-81.62385029,30.165742350000002,5
,,Home Service,-81.6249313,30.1659107,5
,,Historic Site,-81.62606513,30.168923609999997,5
,,B2B Service,-81.626262,30.168721999999992,5
,,Apartment,-81.6262615,30.168730300000004,5
,,Real Estate Service,-81.62678807582758,30.166448071419623,5
,,Uncategorized,-81.62371113000002,30.161382140000004,5
,,Place Of Learning,-81.6216159,30.16042353,5
,,Preschool,-81.62160689,30.160106400000004,5
,,Religious Organization,-81.62162812,30.160101279999992,5
,,Home Service,-81.62259944,30.166163459999996,5
,,Home Service,-81.61809838397397,30.16260096268349,5
,,Supplier Or Distributor,-81.6185027,30.15972620000001,5
,,Convenience Store,-81.61851219,30.15959468,5
,,Professional Service,-81.61776374,30.16275447,5
,,Uncategorized,-81.6156539916992,30.1634044647217,5
,,Home Service,-81.61469703,30.160432310000004,5
,,Lake,-81.61556568648713,30.16401172414418,5
,,Event Or Party Service,-81.616238,30.16619499999999,5
,,Lake,-81.61789315,30.171293039999995,5
,,Food Service,-81.61681,30.178719999999988,3
,,Sport Or Recreation Club,-81.61564082,30.17693520999999,3
,,Civic Organization,-81.61552441208428,30.175310065133228,3
,,Social Or Community Service,-81.615503225944,30.176878303215993,3
,,Christian Place Of Worship,-81.61557433,30.177007689999986,3
,,Religious Organization,-81.615551,30.17714000000001,3
,,B2B Industrial And Machine Service,-81.61153,30.17296,5
,,Uncategorized,-81.61234859999999,30.174946599999988,3
,,Home Service,-81.61078618,30.17802722,3
,,Home Service,-81.60949827,30.177021289999992,3
,,Elementary School,-81.60918857,30.17625119,3
,,Shopping,-81.6100713,30.173235600000005,5
,,Uncategorized,-81.609932,30.16724200000001,5
,,Hardware Home And Garden Store,-81.61105346679688,30.165037155151364,5
,,Hardware Home And Garden Store,-81.61269,30.16365,5
,,Restaurant,-81.61232785,30.159015439999994,5
,,Historic Site,-81.61209292,30.160429269999995,5
,,Professional Service,-81.61114229568982,30.16094690996822,5
,,Home Service,-81.6110323,30.16062980000001,5
,,Uncategorized,-81.61006553908399,30.16108108927319,5
,,Tutoring Service,-81.6106,30.163710000000002,5
,,Design Service,-81.61097,30.157557000000004,5
,,Uncategorized,-81.612434,30.151949507203003,5
,,Sport Or Fitness Facility,-81.6149729,30.1470072,5
,,Legal Service,-81.6149729,30.1470072,5
,,Personal Or Beauty Service,-81.6149729,30.1470072,5
,,Home Service,-81.6149729,30.1470072,5
,,Home Service,-81.6149729,30.1470072,5
,,Legal Service,-81.61608216036682,30.150509880020078,5
,,Home Service,-81.61497354394531,30.15253053211289,5
,,Real Estate Service,-81.61540127,30.15698834,5
,,Home Service,-81.6187909,30.1563332,5
,,Legal Service,-81.61827475023242,30.156084679680593,5
,,Preschool,-81.61967469,30.152941060000003,5
,,Education,-81.6198728168834,30.15284617496643,5
,,Home Service,-81.6204563,30.15579895,5
,,Home Service,-81.62146437,30.156238700000003,5
,,Private Lodging,-81.6238657,30.154864000000003,5
,,Home Service,-81.625898,30.154207000000003,5
,,Professional Service,-81.62610325185368,30.149855503683916,5
,,Taxi Or Ride Share Service,-81.623979,30.14874,5
,,Uncategorized,-81.62395,30.14877999999999,5
,,Home Service,-81.62448852669263,30.150802922599492,5
,,Bar,-81.62391,30.146250000000002,5
,,Home Service,-81.621842,30.148109000000005,5
,,Personal Or Beauty Service,-81.621178,30.146481000000005,5
,,Specialty Store,-81.621087736826,30.146076611315994,5
,,Uncategorized,-81.6195122,30.1473866,5
,,Elementary School,-81.60724042,30.15818773,5
,,Social Or Community Service,-81.60703,30.15783,5
,,Uncategorized,-81.60458320000001,30.158694499999996,5
,,Elementary School,-81.60447831,30.15826238,5
,,Christian Place Of Worship,-81.60450132,30.158300199999992,5
,,Home Service,-81.6036242732942,30.15029290301821,5
,,Professional Service,-81.60202,30.151060000000008,5
,,Financial Service,-81.60049948,30.154365199999997,5
,,Community And Government,-81.60041017,30.15862889,5
,,Financial Service,-81.6004643799918,30.154293528150244,5
,,Financial Service,-81.60032772,30.14790029,5
,,Uncategorized,-81.600334,30.14791099999999,5
,,Bar,-81.59602318225812,30.14752649832304,5
,,Professional Service,-81.59794913298673,30.14942509458771,5
,,Casual Eatery,-81.59877064,30.15383478,5
,,Sport Team,-81.59919814,30.156544479999997,5
,,Food Bank,-81.59916906,30.158124350000005,5
,,Christian Place Of Worship,-81.59913336482404,30.158731656432483,5
,,Technical Service,-81.5954386,30.155143829999993,5
,,Real Estate Service,-81.59651,30.151210000000003,5
,,Uncategorized,-81.595752,30.149312999999996,5
,,Home Service,-81.59413885802874,30.155698301353315,5
,,Christian Place Of Worship,-81.59386822,30.15735878,5
,,Media Service,-81.59362596,30.156511069999997,5
,,Home Service,-81.591384,30.154442000000007,5
,,College University,-81.59132104,30.156518819999995,5
,,Christian Place Of Worship,-81.59132,30.156509999999987,5
,,Preschool,-81.59081349,30.15502457,5
,,Home Service,-81.58657832,30.153629539999987,5
,,Home Service,-81.58829772141347,30.15349173685458,5
,,Real Estate Service,-81.5898242,30.154802799999995,5
,,Park,-81.588987072897,30.16108484211099,5
,,Automotive Service,-81.5882811,30.16315,5
,,Home Service,-81.58919884,30.171507300000005,5
,,Event Or Party Service,-81.5877905488014,30.169673413038293,5
,,Bar,-81.587379455566,30.176366806029996,5
,,Bar,-81.58670764,30.17543489,5
,,Home Service,-81.58746667,30.16547967,5
,,Home Service,-81.5862350463867,30.163133621215792,5
,,Gym,-81.58622,30.161599999999993,5
,,High School,-81.58456802343613,30.162757719779904,5
,,High School,-81.5843206,30.162686600000004,5
,,Sport Field,-81.584624,30.16744781,5
,,Home Service,-81.58579,30.17206,5
,,Uncategorized,-81.58469588697953,30.173539354067355,5
,,Uncategorized,-81.5846710205078,30.173578262329105,5
,,Christian Place Of Worship,-81.58464012,30.173391229999993,5
,,Home Service,-81.58484265720807,30.168974160755354,5
,,Uncategorized,-81.584023,30.169607,5
,,Uncategorized,-81.58279349627756,30.17122544909807,5
,,Sport Or Fitness Facility,-81.586016,30.159754999999997,5
,,Home Service,-81.5752182006836,30.1567802429199,5
,,Religious Organization,-81.576236661,30.159310014666673,5
,,Christian Place Of Worship,-81.57626338815295,30.1594842021947,5
,,Hindu Place Of Worship,-81.5768634,30.16071799000001,5
,,Elementary School,-81.57492605,30.16070011,5
,,Travel Service,-81.57465756,30.163113730000003,5
,,Social Or Community Service,-81.57623291015601,30.166500980765996,5
,,Uncategorized,-81.576652526855,30.170509965144003,5
,,Uncategorized,-81.5771882,30.172687699999997,5
,,Home Service,-81.577794,30.172441000000003,5
,,Uncategorized,-81.5790888,30.1736742,5
,,Media Service,-81.57879139,30.16979703000001,5
,,Social Or Community Service,-81.579483,30.16103499999999,5
,,Family Service,-81.58190872,30.180252399999993,5
,,Hardware Home And Garden Store,-81.5807447810393,30.177986623683918,5
,,Home Service,-81.5807447810393,30.177986623683918,5
,,Home Service,-81.5807447810393,30.177986623683918,5
,,Real Estate Service,-81.5807447810393,30.177986623683918,5
,,Home Service,-81.5807447810393,30.177986623683918,5
,,Uncategorized,-81.5807447810393,30.177986623683918,5
,,Specialty School,-81.58228049,30.192897659999996,3
,,Place Of Learning,-81.57986251,30.193787010000005,3
,,Hardware Home And Garden Store,-81.5794105,30.1923409,3
,,Home Service,-81.57934046,30.1927266,3
,,Home Service,-81.57868698,30.182624690000004,5
,,Social Or Community Service,-81.5800095,30.182050700000005,5
,,Home Service,-81.57930884,30.179459110000003,5
,,Home Service,-81.5781293,30.183538399999993,5
,,Hospital,-81.5754276008991,30.183937743146075,5
,,Home Service,-81.57516269999999,30.187987499999988,5
,,Home Service,-81.57480731,30.18785455,5
,,Warehouse Club Store,-81.57480799,30.187886579999997,5
,,Home Service,-81.57485,30.188023,5
,,Home Service,-81.574935,30.187147999999993,5
,,Manufacturer,-81.574814,30.189496,5
,,Uncategorized,-81.5749035,30.189732099999993,5
,,Home Service,-81.5749035,30.189732099999993,5
,,Laundry Service,-81.5749035,30.189732099999993,5
,,Home Service,-81.5749035,30.189732099999993,5
,,Home Service,-81.5749035,30.189732099999993,5
,,B2B Service,-81.57523648104493,30.189290936490462,5
,,Supplier Or Distributor,-81.57517611980438,30.190736129879944,5
,,B2B Office And Professional Service,-81.57626402,30.192465330000005,3
,,Art Gallery,-81.576288,30.193088000000003,3
,,Home Service,-81.57625173,30.193916670000007,3
,,Hardware Home And Garden Store,-81.57652863,30.19391589,3
,,Vehicle Dealer,-81.5766204,30.193557,3
,,B2B Service,-81.57660843,30.192675519999995,3
,,Food And Beverage Store,-81.57688154,30.194109810000004,3
,,Home Service,-81.5768192,30.194275599999994,3
,,Personal Or Beauty Service,-81.57705759,30.194112879999985,3
,,Food And Beverage Store,-81.57714331,30.194029260000004,3
,,Arcade,-81.577418,30.193828,3
,,Animal Or Pet Service,-81.57746333,30.193910200000005,3
,,Home Service,-81.5774875,30.193363,3
,,Uncategorized,-81.577453,30.192764999999998,3
,,Casual Eatery,-81.57726619577535,30.192231089216783,3
,,Uncategorized,-81.57733159601699,30.19221600321315,3
,,Building Or Construction Service,-81.57747,30.188218999999997,5
,,Outpatient Care Facility,-81.5774423,30.188253699999997,5
,,Real Estate Service,-81.577164,30.188825999999995,5
,,Automotive Service,-81.577164,30.188825999999995,5
,,Real Estate Service,-81.5777961,30.1887578,5
,,Health Care,-81.577951,30.188739999999996,5
,,Real Estate Service,-81.5776373,30.188370360000004,5
,,Building Or Construction Service,-81.57764375,30.18840763,5
,,Financial Service,-81.57767312,30.18854707999999,5
,,Hardware Home And Garden Store,-81.57750460000001,30.188471799999984,5
,,Hardware Home And Garden Store,-81.57751160152732,30.188389219780912,5
,,Corporate Or Business Office,-81.57755940919303,30.18843554277969,5
,,Financial Service,-81.57754181872559,30.1884969537146,5
,,Hardware Home And Garden Store,-81.57754181872559,30.1884969537146,5
,,Uncategorized,-81.5775299072266,30.188497543335,5
,,Real Estate Service,-81.5775314,30.188503059999995,5
,,Uncategorized,-81.5775993,30.188564400000004,5
,,Home Service,-81.57760958,30.188426240000002,5
,,Real Estate Service,-81.57751007,30.18822515,5
,,Arts Crafts And Hobby Store,-81.577848,30.186793999999992,5
,,Uncategorized,-81.5783873,30.1884015,5
,,Senior Living Facility,-81.5783873,30.1884015,5
,,Uncategorized,-81.5783873,30.1884015,5
,,Hardware Home And Garden Store,-81.578186,30.188151,5
,,Home Service,-81.578126,30.18809900000001,5
,,Dental Clinic,-81.57799853,30.188597359999992,5
,,Wellness Service,-81.57808859,30.188620049999997,5
,,Financial Service,-81.578077,30.188685999999993,5
,,Specialty Store,-81.57809,30.188715000000006,5
,,Legal Service,-81.57809026085016,30.188714539824378,5
,,Legal Service,-81.57802709,30.188606990000004,5
,,Wellness Service,-81.578022,30.188729999999996,5
,,Wellness Service,-81.578015,30.188702,5
,,Fashion And Apparel Store,-81.57821,30.18863,5
,,Real Estate Service,-81.57821,30.18863,5
,,Corporate Or Business Office,-81.57821,30.18863,5
,,Real Estate Service,-81.57821,30.18863,5
,,Building Or Construction Service,-81.5775082,30.192831400000006,3
,,Supplier Or Distributor,-81.5776346,30.193329000000006,3
,,Storage Facility,-81.57769,30.19406199999999,3
,,Casual Eatery,-81.57776322,30.19385493,3
,,Financial Service,-81.578072,30.194174,3
,,Discount Store,-81.57810058,30.193805250000008,3
,,Uncategorized,-81.5782425,30.192654799999993,3
,,Uncategorized,-81.5782792,30.1926125,3
,,Place Of Learning,-81.577949,30.194739,3
,,Discount Store,-81.5779494,30.194739199999997,3
,,Christian Place Of Worship,-81.57774788,30.195063470000004,3
,,Personal Or Beauty Service,-81.57776,30.19492,3
,,Home Service,-81.57769699,30.195083509999993,3
,,Uncategorized,-81.5780008,30.198122499999993,3
,,Building Or Construction Service,-81.57658065,30.20308721,3
,,Event Or Party Service,-81.57539572,30.199680009999998,3
,,Sport Or Fitness Facility,-81.57513772,30.199408990000002,3
,,Corporate Or Business Office,-81.57559900000001,30.203167999999994,3
,,Event Or Party Service,-81.575836,30.199798,3
,,Hardware Home And Garden Store,-81.576392,30.203999000000003,3
,,Specialty Store,-81.5763565,30.204222800000004,3
,,Auto Dealer,-81.57578993,30.205557819999996,3
,,Auto Dealer,-81.575735,30.205459,3
,,Hardware Home And Garden Store,-81.5755852,30.204104699999995,3
,,Place Of Learning,-81.575612,30.203284,3
,,Home Service,-81.575531,30.203266,3
,,Uncategorized,-81.57534790039061,30.203311920165994,3
,,Automotive Service,-81.57501052,30.20412583,3
,,Technical Service,-81.57468600000001,30.203659000000002,3
,,Automotive Service,-81.577003,30.205940999999996,3
,,Building Or Construction Service,-81.57678945,30.205205460000006,3
,,Complementary And Alternative Medicine,-81.57743734,30.205728819999997,3
,,Food And Beverage Store,-81.577404,30.205724999999994,3
,,Specialty Store,-81.577404,30.205724999999994,3
,,Diagnostics Imaging Or Lab Service,-81.57734435,30.205627090000007,3
,,Ground Transport Facility Or Service,-81.57716,30.206223750000003,3
,,Convenience Store,-81.5774981,30.206787999999992,3
,,Convenience Store,-81.5779474349,30.206524552849796,3
,,Specialty Store,-81.5779345,30.206513439999995,3
,,Personal Or Beauty Service,-81.57751877,30.2058958,3
,,Fitness Studio,-81.57756093,30.205652279999992,3
,,Building Or Construction Service,-81.57835231,30.2046131,3
,,Automotive Service,-81.57831036,30.20638206,3
,,Hardware Home And Garden Store,-81.57803369,30.205720889999995,3
,,Automotive Service,-81.57798397,30.206842669999993,3
,,Hardware Home And Garden Store,-81.5783335,30.2074689,3
,,Storage Facility,-81.57820736,30.208563229999996,3
,,Ground Transport Facility Or Service,-81.577843,30.20766400000001,3
,,Automotive Service,-81.57762232,30.207887150000005,3
,,Shopping,-81.57761,30.208529999999993,3
,,Manufacturer,-81.57782929000001,30.208923440000003,3
,,Automotive Service,-81.57924828,30.210213410000005,3
,,Specialty Store,-81.579413,30.210963999999997,3
,,Home Service,-81.579496,30.210964999999998,3
,,Financial Service,-81.5796647965908,30.209879726171494,3
,,Specialty Store,-81.57974598,30.210862589999994,3
,,Hardware Home And Garden Store,-81.58033419,30.210119109999997,3
,,Real Estate Service,-81.580336,30.210096999999998,3
,,Supplier Or Distributor,-81.58033967,30.210118910000006,3
,,Taxi Or Ride Share Service,-81.58033642,30.21001462,3
,,Professional Service,-81.58026,30.21005999999999,3
,,Home Service,-81.58024565000001,30.210153529999996,3
,,Professional Service,-81.58022909,30.210134039999996,3
,,Professional Service,-81.58022297,30.210186689999993,3
,,Casual Eatery,-81.58015431,30.21014454,3
,,Home Service,-81.58015025,30.210034330000003,3
,,Home Service,-81.58008668,30.210003409999995,3
,,Auto Dealer,-81.580104,30.20930800000001,3
,,Supplier Or Distributor,-81.579664,30.20882699999999,3
,,Specialty Store,-81.57964338,30.20632131,3
,,Home Service,-81.57968,30.20639,3
,,Wholesaler,-81.57968,30.20639,3
,,Ground Transport Facility Or Service,-81.57968,30.20639,3
,,Sport Or Fitness Facility,-81.58036761,30.20746908,3
,,Home Service,-81.58033491,30.206344490000006,3
,,Home Service,-81.58036237587555,30.206371253462347,3
,,Home Service,-81.57917817,30.204144080000006,3
,,Real Estate Service,-81.579015,30.204193,3
,,Vehicle Dealer,-81.57905209,30.204124880000006,3
,,Corporate Or Business Office,-81.57902573677504,30.204213306193317,3
,,Ground Transport Facility Or Service,-81.579239,30.205127999999988,3
,,Automotive Service,-81.57925639,30.20555297,3
,,Sporting Goods Store,-81.57884400000002,30.205388999999997,3
,,Hardware Home And Garden Store,-81.57873664,30.20540341999999,3
,,Manufacturer,-81.578813,30.20730199999999,3
,,Social Or Community Service,-81.57856299,30.204930190000002,3
,,Manufacturer,-81.57850517,30.20487356,3
,,Home Service,-81.57846232018393,30.204687320606293,3
,,Home Service,-81.57857355000002,30.204649780000008,3
,,Home Service,-81.57853891,30.204712129999997,3
,,Real Estate Service,-81.57853827,30.20471982999999,3
,,B2B Office And Professional Service,-81.578516,30.20474099999999,3
,,Automotive Service,-81.57884666,30.205353699999993,3
,,Uncategorized,-81.578812,30.204302000000006,3
,,Animal And Pet Store,-81.5788155,30.204307799999995,3
,,Automotive Service,-81.57881164550781,30.204301834106452,3
,,Home Service,-81.57874759,30.20400654999999,3
,,Home Service,-81.5789128,30.2040042,3
,,Building Or Construction Service,-81.5789128,30.2040042,3
,,Hardware Home And Garden Store,-81.5789128,30.2040042,3
,,Automotive Service,-81.5788979,30.203770499999997,3
,,Home Service,-81.578849,30.203884399999996,3
,,Automotive Service,-81.578617871902,30.204103493475337,3
,,Home Service,-81.57850207,30.203973359999996,3
,,Supplier Or Distributor,-81.57978,30.20127,3
,,Social Or Community Service,-81.58057581,30.197981139999992,3
,,Home Service,-81.5817702140585,30.202949590661653,3
,,Public Utility,-81.58185,30.20295,3
,,Electronics Store,-81.58185,30.20295,3
,,Corporate Or Business Office,-81.58186149,30.202830639999995,3
,,Specialty School,-81.58188858,30.20306056,3
,,Uncategorized,-81.58186362071004,30.203903055107084,3
,,Home Service,-81.581854,30.204243000000005,3
,,Uncategorized,-81.5819064843767,30.204179936735155,3
,,Professional Service,-81.58194564,30.203835489999996,3
,,Flowers And Gifts Store,-81.58227278,30.205650319999993,3
,,Electronics Store,-81.58225487,30.205637730000003,3
,,Hardware Home And Garden Store,-81.58219326,30.20632264,3
,,Wellness Service,-81.5819064,30.206038,3
,,Shopping,-81.58196,30.20569000000001,3
,,Food And Beverage Store,-81.58196472,30.205656590000007,3
,,Electronics Store,-81.581972,30.205656,3
,,Restaurant,-81.58192418,30.20574303,3
,,Animal Or Pet Service,-81.58190697917365,30.205671001654085,3
,,Technical Service,-81.58165125,30.206332739999993,3
,,Home Service,-81.581772,30.20636200000001,3
,,Hardware Home And Garden Store,-81.581474,30.206879999999995,3
,,Automotive Service,-81.5815295,30.20620359999999,3
,,Home Service,-81.58138735,30.20555437,3
,,Manufacturer,-81.58112256,30.203963249999994,3
,,Manufacturer,-81.580859,30.20513499999999,3
,,Home Service,-81.58103593,30.204110589999996,3
,,Uncategorized,-81.580552,30.206095999999988,3
,,Specialty Store,-81.580673,30.20662799999999,3
,,Home Service,-81.580772,30.206607,3
,,Environmental Or Ecological Service,-81.58097634614164,30.206573809199156,3
,,Real Estate Service,-81.58095875385908,30.206635217681132,3
,,Home Service,-81.5809097290039,30.206634521484403,3
,,Hardware Home And Garden Store,-81.58091093456127,30.206588890617724,3
,,Hardware Home And Garden Store,-81.580911,30.206588999999997,3
,,Uncategorized,-81.58091093456127,30.206588890617724,3
,,Vehicle Parts Store,-81.58091093456127,30.206588890617724,3
,,Hardware Home And Garden Store,-81.58091093456127,30.206588890617724,3
,,Home Service,-81.5809492,30.20603750000001,3
,,Uncategorized,-81.5809492,30.20603750000001,3
,,Uncategorized,-81.5809492,30.20603750000001,3
,,Home Service,-81.581095,30.206772,3
,,Home Service,-81.5810182,30.209639999999993,3
,,Home Service,-81.5810182,30.209639999999993,3
,,Hardware Home And Garden Store,-81.580638,30.210228999999998,3
,,Home Service,-81.5806579589844,30.209997177123995,3
,,Event Or Party Service,-81.58061009964403,30.20998466712157,3
,,Real Estate Service,-81.580604,30.210013999999994,3
,,Specialty Store,-81.580598,30.210027000000004,3
,,Hardware Home And Garden Store,-81.580598,30.210027000000004,3
,,Home Service,-81.580595,30.210025,3
,,B2B Service,-81.580595,30.210025,3
,,Gym,-81.5805145,30.209984,3
,,Supplier Or Distributor,-81.5807339,30.211647099999993,3
,,Manufacturer,-81.58079147,30.2109899,3
,,Home Service,-81.58086,30.20973100000001,3
,,Home Service,-81.58087827,30.209744910000005,3
,,Home Service,-81.58095969,30.210055200000006,3
,,Supplier Or Distributor,-81.581204,30.211349000000002,3
,,Home Service,-81.58128369000002,30.211795489999997,3
,,Home Service,-81.58224330000002,30.209137659999996,3
,,Lodging,-81.58303639,30.21063278,3
,,Supplier Or Distributor,-81.58293255393711,30.210194842132754,3
,,B2B Service,-81.58302170000002,30.210184299999998,3
,,Professional Service,-81.58293118,30.210234689999997,3
,,Flowers And Gifts Store,-81.582842,30.209872,3
,,Home Service,-81.58284,30.209795,3
,,B2B Transportation And Storage Service,-81.58287118,30.20863934,3
,,Home Service,-81.58285399248958,30.208549716145008,3
,,Hardware Home And Garden Store,-81.582621,30.209308000000004,3
,,Automotive Service,-81.58265101,30.20725388,3
,,Event Or Party Service,-81.582668,30.205680999999995,3
,,Personal Or Beauty Service,-81.582754,30.205693000000004,3
,,Personal Or Beauty Service,-81.58263979,30.20568876,3
,,Food Truck Stand,-81.58244,30.205669999999994,3
,,Electronics Store,-81.582529,30.206273,3
,,Electronics Store,-81.58250032,30.206229949999997,3
,,Home Service,-81.582777,30.20438,3
,,Home Service,-81.58284930000002,30.203400569999992,3
,,Manufacturer,-81.58287336,30.203309759999996,3
,,Family Service,-81.5828849208372,30.203323423880093,3
,,Automotive Service,-81.5831856,30.206034600000002,3
,,Automotive Service,-81.58311072,30.20612216,3
,,Food And Beverage Store,-81.58293102737588,30.205721642917023,3
,,Fashion And Apparel Store,-81.58281,30.205682000000003,3
,,Personal Or Beauty Service,-81.582819,30.205672999999994,3
,,Food And Beverage Store,-81.58280375,30.205759109999995,3
,,Uncategorized,-81.582779,30.206576999999992,3
,,Uncategorized,-81.582779,30.206580999999996,3
,,Medical Service,-81.583208,30.206460999999994,3
,,Supplier Or Distributor,-81.58364561578512,30.20578628421284,3
,,Uncategorized,-81.5837018,30.205753999999995,3
,,Automotive Service,-81.58368876000002,30.205705169999998,3
,,Sport Or Fitness Facility,-81.58361872,30.20574762,3
,,Home Service,-81.5834151,30.2056827,3
,,Design Service,-81.58338096,30.205551250000003,3
,,Storage Facility,-81.58349,30.204970000000007,3
,,Automotive Service,-81.584181,30.20571011,3
,,Hardware Home And Garden Store,-81.58420189182212,30.206403615960728,3
,,Automotive Service,-81.5840148925781,30.20571517944339,3
,,Home Service,-81.583789,30.206506999999984,3
,,Hardware Home And Garden Store,-81.583786,30.20650499999999,3
,,Home Service,-81.58374757,30.206587140000003,3
,,Real Estate Service,-81.5839408,30.209255609999996,3
,,Hardware Home And Garden Store,-81.5839,30.207860000000004,3
,,Building Or Construction Service,-81.583586,30.208560999999996,3
,,Financial Service,-81.58344163,30.20865797,3
,,Specialized Health Care,-81.58356664,30.208668749999994,3
,,Uncategorized,-81.58369,30.210351,3
,,Financial Service,-81.5834664,30.2098134,3
,,Uncategorized,-81.584228515625,30.209400177002,3
,,Professional Service,-81.5842345,30.209323600000012,3
,,Financial Service,-81.5843374,30.209212199999996,3
,,Financial Service,-81.58432078,30.209345619999997,3
,,Home Service,-81.58442858,30.20932017999999,3
,,Behavioral Or Mental Health Clinic,-81.58442285,30.20932987,3
,,Attorney Or Law Firm,-81.5844218,30.209369860000002,3
,,Corporate Or Business Office,-81.58444701584465,30.209386855897602,3
,,Technical Service,-81.58434414,30.20929257999999,3
,,Place Of Learning,-81.58465247,30.20895241,3
,,Building Or Construction Service,-81.58465888,30.208958700000004,3
,,Shopping,-81.58458850000001,30.20898577,3
,,Dental Clinic,-81.58463763,30.20874107000001,3
,,Home Service,-81.58462771,30.20873612,3
,,Technical Service,-81.5845602,30.208949000000008,3
,,Medical Service,-81.58446731,30.20934464999999,3
,,Personal Or Beauty Service,-81.58447200000002,30.209372999999992,3
,,Financial Service,-81.58451243173997,30.209371773681966,3
,,Printing Service,-81.58478233,30.209163330000006,3
,,Rental Service,-81.58478233,30.209163330000006,3
,,Wellness Service,-81.584932,30.208759,3
,,Home Service,-81.58491631,30.208763490000006,3
,,Professional Service,-81.58481,30.208970000000008,3
,,Financial Service,-81.58481,30.208970000000008,3
,,Financial Service,-81.58490492,30.20850091,3
,,Attorney Or Law Firm,-81.58492957,30.208501770000005,3
,,Personal Or Beauty Service,-81.58499014168083,30.20834396552527,3
,,Uncategorized,-81.58499014168083,30.20834396552527,3
,,College University,-81.58509172,30.20843525,3
,,Technical Service,-81.58501542556621,30.20868226108017,3
,,Home Service,-81.58501542556621,30.20868226108017,3
,,Real Estate Service,-81.584997,30.208688000000006,3
,,Professional Service,-81.58499112,30.20869135,3
,,Attorney Or Law Firm,-81.58578,30.208679999999994,3
,,Personal Care And Beauty Store,-81.585854,30.208510000000008,3
,,Financial Service,-81.58577440000002,30.208595529999993,3
,,Doctor,-81.58549862327271,30.20891497634656,3
,,Professional Service,-81.585267,30.205976999999994,3
,,Home Service,-81.5854575,30.20647828,3
,,Family Service,-81.5854524,30.2064722,3
,,Real Estate Service,-81.585681,30.206324,3
,,Professional Service,-81.58598,30.20505,3
,,Building Or Construction Service,-81.58598,30.20505,3
,,Social Or Community Service,-81.58598,30.20505,3
,,Corporate Or Business Office,-81.58613628967258,30.204982519786956,3
,,B2B Transportation And Storage Service,-81.584891,30.206720999999995,3
,,Storage Facility,-81.58483012,30.207334480000004,3
,,Home Service,-81.58482313,30.20662543,3
,,Printing Service,-81.58481259,30.206513800000003,3
,,Christian Place Of Worship,-81.58482907,30.206512739999994,3
,,Electronics Store,-81.584828,30.206490999999996,3
,,Hardware Home And Garden Store,-81.584828,30.206490999999996,3
,,Uncategorized,-81.58477302754737,30.206329273669763,3
,,Vehicle Service,-81.58483844184877,30.206314189818357,3
,,Home Service,-81.58469500000001,30.20670000000001,3
,,Home Service,-81.58506222750077,30.198921158994594,3
,,Uncategorized,-81.5853271484375,30.202522277832,3
,,Uncategorized,-81.58559,30.19647,3
,,Specialty Store,-81.58389109,30.19852393,3
,,Home Service,-81.58383039,30.202558640000003,3
,,Senior Living Facility,-81.58389695,30.202058580000003,3
,,Gym,-81.58326400000001,30.201320000000003,3
,,Home Service,-81.58314332,30.202581140000003,3
,,Home Service,-81.58298114,30.202581309999996,3
,,Home Service,-81.58298465,30.202585800000005,3
,,Professional Service,-81.58302206,30.202969830000008,3
,,Home Service,-81.582465,30.197110999999992,3
,,Hardware Home And Garden Store,-81.58292353025729,30.1984967838134,3
,,Christian Place Of Worship,-81.58255,30.192869999999992,3
,,Electronics Store,-81.58310218,30.191033049999998,3
,,Home Service,-81.58277844320797,30.17874266861272,5
,,Home Service,-81.5848493,30.183913299999993,5
,,Home Service,-81.585431,30.18099800000001,5
,,Farmers Market,-81.5845718,30.1915493,3
,,Uncategorized,-81.586657,30.194277999999994,3
,,Middle School,-81.58742061,30.1900626,3
,,Home Service,-81.58678527268899,30.177760330615953,5
,,Elementary School,-81.58774967,30.18511592999999,3
,,Historic Site,-81.58713606,30.206735769999998,3
,,Home Service,-81.5872377,30.206244079999994,3
,,Home Service,-81.58639136281225,30.207504679833125,3
,,Comedy Club,-81.58646520000002,30.207607199999998,3
,,Apartment,-81.58646520000002,30.207607199999998,3
,,Christian Place Of Worship,-81.58835279,30.20526059,3
,,Historic Site,-81.58869742,30.217821239999992,3
,,Condominium,-81.58862735064022,30.21782927609341,3
,,Wholesaler,-81.58936779,30.22430263,3
,,Electronics Store,-81.58934783935547,30.223852157592773,3
,,Fashion And Apparel Store,-81.5893503,30.2238554,3
,,Electronics Store,-81.58954074875523,30.22381308358504,3
,,Vehicle Dealer,-81.5899043,30.225079099999995,3
,,Technical Service,-81.589522,30.226225999999997,3
,,Specialty School,-81.589575,30.226332000000003,3
,,Hardware Home And Garden Store,-81.589746,30.22676911,3
,,Home Service,-81.58986549,30.22696180999999,3
,,Shopping,-81.589522,30.227227999999997,3
,,Hardware Home And Garden Store,-81.5894518,30.22710950000001,3
,,Sporting Goods Store,-81.58943415,30.226238179999992,3
,,Sporting Goods Store,-81.589474,30.22618,3
,,Personal Or Beauty Service,-81.58936637521597,30.226167336970747,3
,,Home Service,-81.58936172,30.226257419999992,3
,,Personal Or Beauty Service,-81.58935373,30.226255600000002,3
,,Hardware Home And Garden Store,-81.58931526,30.22624014000001,3
,,Personal Or Beauty Service,-81.58927979000002,30.226146779999993,3
,,Manufacturer,-81.58943637,30.225191919999997,3
,,Home Service,-81.5889360764457,30.228483416528313,3
,,Corporate Or Business Office,-81.58896632074232,30.228591155886043,3
,,Electronics Store,-81.5884652,30.223507499999997,3
,,Home Service,-81.5885594,30.222047500000002,3
,,Supplier Or Distributor,-81.588516,30.221972,3
,,Home Service,-81.5885177,30.222057,3
,,Hardware Home And Garden Store,-81.5883865,30.222216200000002,3
,,Automotive Service,-81.58748679,30.221118770000007,3
,,Financial Service,-81.58712014280474,30.22326043870728,3
,,Public Fountain,-81.58724,30.224609999999995,3
,,Shopping,-81.5876918,30.223982099999997,3
,,Specialty Store,-81.5876918,30.223982099999997,3
,,Casual Eatery,-81.58794422,30.223633069999998,3
,,Diagnostics Imaging Or Lab Service,-81.58759866,30.22504833,3
,,Hardware Home And Garden Store,-81.58771635,30.22568451,3
,,Community And Government,-81.58771249,30.226901080000008,3
,,Wholesaler,-81.587758,30.226534,3
,,Home Service,-81.58777258881784,30.2265720580539,3
,,Storage Facility,-81.5878368,30.226578600000003,3
,,Specialized Medical Facility,-81.58723459,30.22530761,3
,,Fitness Studio,-81.5872897,30.225741399999993,3
,,Sport Or Fitness Facility,-81.5871810913086,30.2255916595459,3
,,Second Hand Store,-81.587147,30.225573000000004,3
,,Gaming Venue,-81.58712351,30.225339509999998,3
,,Laundry Service,-81.58716557185575,30.22527809176682,3
,,Financial Service,-81.587155,30.22522899999999,3
,,Sport Or Fitness Facility,-81.587188,30.22523202,3
,,B2B Office And Professional Service,-81.5871889,30.225231299999994,3
,,Specialized Medical Facility,-81.58721191,30.22530096,3
,,Arts And Entertainment,-81.58720075837765,30.22515527689293,3
,,Home Service,-81.587183,30.225213,3
,,Home Service,-81.587183,30.225212000000003,3
,,Printing Service,-81.587183,30.225212000000003,3
,,Uncategorized,-81.587181,30.225214000000005,3
,,Personal Or Beauty Service,-81.58667398,30.225736869999995,3
,,Home Service,-81.586647,30.225759999999998,3
,,Personal Or Beauty Service,-81.58678091,30.225770510000004,3
,,Automotive Service,-81.58686515,30.225759080000003,3
,,Monument,-81.58683,30.22599,3
,,Place Of Learning,-81.58641624,30.224892369999996,3
,,Physical Medicine And Rehabilitation,-81.58619303,30.22319429,3
,,Doctor,-81.58633995,30.223428770000005,3
,,Manufacturer,-81.5862934,30.22320707,3
,,Doctor,-81.58629081,30.2233509,3
,,Hardware Home And Garden Store,-81.5864967,30.2235565,3
,,Hardware Home And Garden Store,-81.58651921,30.22345318,3
,,Educational Service,-81.5865496,30.22350099000001,3
,,Personal Or Beauty Service,-81.58644,30.224182999999993,3
,,Doctor,-81.58642578125,30.224563598632812,3
,,Electronics Store,-81.58685197,30.223977709999996,3
,,Social Or Community Service,-81.58677643,30.224674030000003,3
,,Real Estate Service,-81.58683972,30.224753259999996,3
,,Uncategorized,-81.587008,30.22471,3
,,Specialized Health Care,-81.58703034,30.223837890000002,3
,,Electronics Store,-81.58691594604615,30.224016484903885,3
,,Financial Service,-81.58686899,30.223515660000004,3
,,Doctor,-81.5867607,30.2227685,3
,,Vision Or Eye Care Clinic,-81.5867607,30.2227685,3
,,Vision Or Eye Care Clinic,-81.5867607,30.2227685,3
,,Arts Crafts And Hobby Store,-81.58686041201524,30.223570454566488,3
,,Diagnostics Imaging Or Lab Service,-81.58685214,30.22172232,3
,,Diagnostics Imaging Or Lab Service,-81.58690600000001,30.221676000000002,3
,,Diagnostics Imaging Or Lab Service,-81.58690600000001,30.221676000000002,3
,,B2B Transportation And Storage Service,-81.58697035203733,30.221480388738968,3
,,Restaurant,-81.58681569,30.22154565,3
,,Electronics Store,-81.58680213,30.22130685000001,3
,,Wellness Service,-81.58676143066589,30.221356476100883,3
,,Electronics Store,-81.5867538452148,30.221353530883796,3
,,Personal Or Beauty Service,-81.58675812000001,30.221291320000002,3
,,Coffee Shop,-81.58674878422035,30.22118732963253,3
,,Restaurant,-81.58679661618434,30.221233659791693,3
,,Personal Or Beauty Service,-81.58667188,30.221349070000006,3
,,Restaurant,-81.58663822,30.221256269999998,3
,,Home Service,-81.58657088970934,30.221875874856213,3
,,Second Hand Store,-81.586456,30.222238000000004,3
,,Corporate Or Business Office,-81.586495,30.222324,3
,,Wellness Service,-81.58625012482165,30.22015518195536,3
,,Hardware Home And Garden Store,-81.58626022000001,30.219751959999996,3
,,Wellness Service,-81.58631189,30.2194692,3
,,Shopping,-81.586629,30.219626999999992,3
,,Medical Service,-81.586629,30.219626999999992,3
,,Gym,-81.58660472951732,30.219557271867046,3
,,Sport Or Fitness Facility,-81.58654409,30.219594960000002,3
,,Sport Or Fitness Facility,-81.5865988,30.219235640000004,3
,,Telecommunications Service,-81.5863032,30.219125300000005,3
,,Restaurant,-81.5863032,30.219125300000005,3
,,Restaurant,-81.58620742,30.21924891,3
,,B2B Transportation And Storage Service,-81.58660636249716,30.218253707515576,3
,,Casual Eatery,-81.58695546,30.21896776,3
,,Gaming Venue,-81.58680029,30.218950319999994,3
,,Arts And Entertainment,-81.58676,30.2196,3
,,Music Venue,-81.58676,30.2196,3
,,Gym,-81.58676,30.2196,3
,,Personal Or Beauty Service,-81.58676147460938,30.219604492187493,3
,,Wellness Service,-81.58676147460938,30.219604492187493,3
,,Gym,-81.58676581551586,30.21963485272465,3
,,Hardware Home And Garden Store,-81.58676581551586,30.21963485272465,3
,,Restaurant,-81.586737,30.219603999999997,3
,,Music Venue,-81.58671798428726,30.219588522934686,3
,,Professional Service,-81.586718,30.219588999999992,3
,,Professional Service,-81.586718,30.219588999999992,3
,,Restaurant,-81.586635,30.219664999999996,3
,,Gym,-81.5869287,30.2197287,3
,,Dance Club,-81.58710569939588,30.22003098703765,3
,,Uncategorized,-81.5870651,30.213688400000006,3
,,Warehouse Club Store,-81.58584502,30.21817857000001,3
,,Arcade,-81.5861138,30.21934066,3
,,Christian Place Of Worship,-81.58613605,30.219838210000002,3
,,Hardware Home And Garden Store,-81.58611046,30.220129909999997,3
,,Hardware Home And Garden Store,-81.58611928,30.22037989,3
,,Personal Or Beauty Service,-81.58596776,30.219806699999996,3
,,Restaurant,-81.58583851,30.2195112,3
,,Dental Clinic,-81.58586265,30.219932229999994,3
,,Uncategorized,-81.585706,30.220306000000004,3
,,Restaurant,-81.58570310948701,30.2196162993685,3
,,Uncategorized,-81.58535840061428,30.217722446562583,3
,,Lounge,-81.5856200871808,30.217662130953617,3
,,Rental Service,-81.584724,30.216863000000004,3
,,Food And Beverage Store,-81.58509767,30.22036457999999,3
,,Convenience Store,-81.584918,30.220296000000005,3
,,Gas Station,-81.584905370242,30.220256065280996,3
,,Uncategorized,-81.58475,30.220236999999997,3
,,Dental Clinic,-81.58476793412764,30.22021000910198,3
,,Home Service,-81.58456395,30.22000932999999,3
,,Family Service,-81.584499,30.219870999999994,3
,,Professional Service,-81.58429148,30.220489680000004,3
,,Technical Service,-81.58426880836487,30.219460350003096,3
,,Bank Or Credit Union,-81.58426435998844,30.219408420650005,3
,,Personal Or Beauty Service,-81.58427383,30.21940096,3
,,Personal Or Beauty Service,-81.58427515,30.21940126,3
,,Personal Or Beauty Service,-81.58427434,30.219402820000003,3
,,Wellness Service,-81.584296,30.219378,3
,,Personal Or Beauty Service,-81.584312,30.219399999999997,3
,,Personal Or Beauty Service,-81.58439721,30.219337779999996,3
,,Fashion And Apparel Store,-81.58440494,30.219345140000005,3
,,Home Service,-81.5844463,30.218641100000003,3
,,Restaurant,-81.5843308,30.21843034999999,3
,,Education,-81.5843982,30.218121699999994,3
,,Home Service,-81.58375778,30.21373122000001,3
,,Professional Service,-81.58419533,30.215507239999997,3
,,Home Service,-81.5833947,30.2145134,3
,,Home Service,-81.58342719256689,30.21443963368493,3
,,Hardware Home And Garden Store,-81.58337746,30.214467269999993,3
,,Uncategorized,-81.58233524609747,30.21362500373668,3
,,Manufacturer,-81.58244,30.213706000000002,3
,,Hardware Home And Garden Store,-81.582791,30.21452899999999,3
,,Hardware Home And Garden Store,-81.58280032,30.214527880000002,3
,,Real Estate Service,-81.5831349,30.214013899999994,3
,,Warehouse Club Store,-81.58320533000001,30.21740119,3
,,Hotel,-81.58324667,30.218091000000005,3
,,Real Estate Service,-81.58279757,30.217055089999995,3
,,Real Estate Service,-81.58296671,30.217029420000003,3
,,Atm,-81.58274841308594,30.21711540222168,3
,,Professional Service,-81.58229849698712,30.21773945239021,3
,,Uncategorized,-81.58234866,30.218079889999988,3
,,B2B Transportation And Storage Service,-81.582389,30.218062999999997,3
,,B2B Office And Professional Service,-81.582692,30.218386000000002,3
,,Specialty School,-81.58268471,30.218363829999998,3
,,Dental Clinic,-81.5824705,30.218855900000012,3
,,Restaurant,-81.5824772,30.220273900000002,3
,,Restaurant,-81.58254024,30.220288990000007,3
,,Specialized Health Care,-81.58274631,30.219550150000003,3
,,Doctor,-81.58273247710135,30.219557678244815,3
,,Pediatric Clinic,-81.58284986214018,30.218587364412073,3
,,Specialized Health Care,-81.582905,30.218601,3
,,Hospital,-81.582898,30.218634,3
,,Specialized Health Care,-81.582883,30.218604999999997,3
,,Primary Care Or General Clinic,-81.58294413000002,30.218726150000002,3
,,Books Music And Video Store,-81.5833374,30.219932690000004,3
,,Real Estate Service,-81.58338,30.219948000000002,3
,,Real Estate Service,-81.583394,30.219941,3
,,Real Estate Service,-81.58343553,30.219947759999993,3
,,Financial Service,-81.583461,30.220157999999998,3
,,Reproductive Perinatal And Womens Care,-81.58339,30.220170000000007,3
,,Uncategorized,-81.58339,30.220170000000007,3
,,Personal Or Beauty Service,-81.58339,30.220170000000007,3
,,Educational Service,-81.58339889,30.220331050000006,3
,,Professional Service,-81.58351227079865,30.22032732585453,3
,,Social Or Community Service,-81.58367115,30.22026866,3
,,Real Estate Service,-81.58367676,30.220268949999994,3
,,Real Estate Service,-81.58367590000002,30.220260209999992,3
,,Professional Service,-81.58367325,30.22026146000001,3
,,Professional Service,-81.5836778,30.22026671000001,3
,,Real Estate Service,-81.58367815,30.220268510000004,3
,,Fashion And Apparel Store,-81.58368784,30.22037796,3
,,Restaurant,-81.58369844,30.22036384,3
,,Real Estate Service,-81.5836985,30.22037881,3
,,Personal Or Beauty Service,-81.58370005,30.220379709999992,3
,,Real Estate Service,-81.58369567,30.22037797,3
,,Restaurant,-81.583682,30.220257999999998,3
,,Restaurant,-81.583682,30.220257999999998,3
,,Home Service,-81.583711,30.219421000000004,3
,,Personal Or Beauty Service,-81.58358499,30.219467319999996,3
,,Real Estate Service,-81.58351712,30.219331690000008,3
,,Youth Organization,-81.58352725,30.21927873,3
,,Home Service,-81.58353339,30.219386009999994,3
,,Personal Or Beauty Service,-81.58353576,30.219382289999995,3
,,Hotel,-81.58337817823116,30.218236197075704,3
,,Hotel,-81.583378,30.218235999999994,3
,,Hotel,-81.5834606,30.21807863,3
,,Uncategorized,-81.58364604,30.216781649999998,3
,,Fast Food Restaurant,-81.58421653153918,30.219362090786802,3
,,Bank Or Credit Union,-81.58376886,30.218670059999994,3
,,Behavioral Or Mental Health Clinic,-81.58376301,30.21937906,3
,,Restaurant,-81.583924,30.219803,3
,,Financial Service,-81.58392,30.219800000000003,3
,,Behavioral Or Mental Health Clinic,-81.5838608,30.2197584,3
,,Real Estate Service,-81.58384795,30.220187680000006,3
,,Real Estate Service,-81.58384054,30.220184570000008,3
,,Real Estate Service,-81.58384158,30.220181769999993,3
,,Real Estate Service,-81.58384497,30.220181179999994,3
,,Personal Or Beauty Service,-81.58386831702576,30.220359242939892,3
,,Diagnostics Imaging Or Lab Service,-81.58386831702576,30.220359242939892,3
,,Event Or Party Service,-81.5839112,30.22040847,3
,,Restaurant,-81.58388720849184,30.220298272978077,3
,,Real Estate Service,-81.58395,30.22026,3
,,Real Estate Service,-81.58395,30.22026,3
,,Real Estate Service,-81.58395,30.22026,3
,,Real Estate Service,-81.58395,30.22026,3
,,Real Estate Service,-81.58395,30.22026,3
,,Real Estate Service,-81.58395,30.22026,3
,,Uncategorized,-81.583946228027,30.220259436528004,3
,,Restaurant,-81.58398961,30.220280159999994,3
,,Casual Eatery,-81.58400594570794,30.220272123627552,3
,,Personal Or Beauty Service,-81.58401805259936,30.22026811945472,3
,,Personal Or Beauty Service,-81.58403289844244,30.2203885763911,3
,,Automotive Service,-81.5841564,30.219623899999995,3
,,Automotive Service,-81.58391703,30.221116299999995,3
,,Automotive Service,-81.583917,30.221134000000003,3
,,Corporate Or Business Office,-81.58395041594756,30.22114399116663,3
,,Automotive Service,-81.58395041594756,30.22114399116663,3
,,Automotive Service,-81.58395041594756,30.22114399116663,3
,,Automotive Service,-81.58395,30.221144000000002,3
,,Auto Dealer,-81.5841402795,30.2241992543,3
,,Manufacturer,-81.5834932,30.221884899999996,3
,,Automotive Service,-81.583529,30.22128099999999,3
,,Supplier Or Distributor,-81.5837105,30.2206855,3
,,Electronics Store,-81.583326,30.221401999999994,3
,,Hardware Home And Garden Store,-81.5833264266545,30.221402489006667,3
,,Vehicle Dealer,-81.5833099,30.221569999999996,3
,,Sporting Goods Store,-81.58327148,30.22142649,3
,,Vehicle Dealer,-81.58329,30.22128,3
,,Office Supply Store,-81.583293,30.221265999999996,3
,,Hardware Home And Garden Store,-81.583293,30.221265999999996,3
,,Doctor,-81.58330900000001,30.220725,3
,,Manufacturer,-81.58232458,30.22313159999999,3
,,Corporate Or Business Office,-81.58274345,30.223894329999997,3
,,Hardware Home And Garden Store,-81.5832128,30.224420529999993,3
,,Ground Transport Facility Or Service,-81.583164,30.225810499999994,3
,,Professional Service,-81.5825052,30.227784999999997,3
,,Medical Service,-81.58282215,30.228120789999995,3
,,Social Or Community Service,-81.58319,30.22809,3
,,Family Service,-81.58344000000001,30.228609999999996,3
,,Library,-81.58344000000001,30.228609999999996,3
,,Behavioral Or Mental Health Clinic,-81.58352746,30.22863587,3
,,Social Or Community Service,-81.5835939,30.228462529999995,3
,,Museum,-81.58351457,30.22842183,3
,,Manufacturer,-81.5844212015088,30.2287337801947,3
,,Printing Service,-81.584252,30.227555,3
,,Office Supply Store,-81.584281,30.227493,3
,,Technical Service,-81.58511,30.22905,3
,,Auto Dealer,-81.58511,30.22905,3
,,Professional Service,-81.58491757,30.228014299999998,3
,,Specialty Store,-81.58430671,30.221220869999996,3
,,Electronics Store,-81.58430400000002,30.221264999999992,3
,,Medical Service,-81.58433198,30.221101470000004,3
,,Electronics Store,-81.58428719999999,30.22102589999999,3
,,Electronics Store,-81.5843146,30.220802699999997,3
,,Casual Eatery,-81.58435675,30.221154309999992,3
,,Christian Place Of Worship,-81.5844754,30.220954899999995,3
,,Second Hand Store,-81.5846786,30.221792269999998,3
,,Fast Food Restaurant,-81.58480062,30.221189959999997,3
,,Fast Food Restaurant,-81.5849011,30.2208058,3
,,Shipping Or Delivery Service,-81.585024,30.220796000000004,3
,,Second Hand Store,-81.5850618,30.222042130000005,3
,,Second Hand Store,-81.5850618,30.222042130000005,3
,,Second Hand Store,-81.585309,30.222145999999995,3
,,Restaurant,-81.58527067,30.22210423,3
,,Real Estate Service,-81.58519964543228,30.222040807320262,3
,,Atm,-81.5853798,30.220802400000004,3
,,Uncategorized,-81.5853798,30.220802400000004,3
,,Ground Transport Facility Or Service,-81.58533,30.221249999999998,3
,,Atm,-81.58541870117188,30.221376419067383,3
,,Pharmacy And Drug Store,-81.58544744,30.221202260000005,3
,,Second Hand Store,-81.58547368,30.222070349999992,3
,,Financial Service,-81.58574267647946,30.222566257921088,3
,,Second Hand Store,-81.585743,30.22256600000001,3
,,Books Music And Video Store,-81.585823059082,30.222599757867,3
,,Financial Service,-81.58581,30.222599999999986,3
,,Second Hand Store,-81.58581,30.222599999999986,3
,,Flowers And Gifts Store,-81.58581,30.222599999999986,3
,,Restaurant,-81.58581700000002,30.222603000000003,3
,,Flowers And Gifts Store,-81.58581700000002,30.222603000000003,3
,,Vision Or Eye Care Clinic,-81.585856,30.222598,3
,,Real Estate Service,-81.585856,30.222598,3
,,Hardware Home And Garden Store,-81.58590376444062,30.222643842194948,3
,,Hardware Home And Garden Store,-81.58584,30.22152999999999,3
,,Financial Service,-81.586,30.222309999999997,3
,,Financial Service,-81.586,30.222309999999997,3
,,Supplier Or Distributor,-81.586,30.222309999999997,3
,,Home Service,-81.58601199,30.22241908000001,3
,,Financial Service,-81.58614836633205,30.222850188693474,3
,,Uncategorized,-81.5860357,30.222918300000003,3
,,Fashion And Apparel Store,-81.58604605,30.22296713,3
,,Wellness Service,-81.58602161,30.223045200000005,3
,,Financial Service,-81.58605680809097,30.22309383098296,3
,,Financial Service,-81.586025,30.223126999999995,3
,,Uncategorized,-81.586066,30.223069999999993,3
,,Real Estate Service,-81.58607255063497,30.223121124490646,3
,,Professional Service,-81.586073,30.223120999999995,3
,,Security Service,-81.5860682,30.223233200000003,3
,,Manufacturer,-81.5860203,30.2232387,3
,,Home Service,-81.58597451000001,30.22267234,3
,,Hardware Home And Garden Store,-81.58595054,30.222830900000005,3
,,Financial Service,-81.585758,30.222701999999995,3
,,Hardware Home And Garden Store,-81.585759,30.222702,3
,,Doctor,-81.585754,30.224795,3
,,Primary Care Or General Clinic,-81.58587762,30.224709939999993,3
,,Specialized Medical Facility,-81.58599908,30.22438616000001,3
,,Pharmacy And Drug Store,-81.585835,30.226834999999994,3
,,Home Service,-81.58578115,30.226793429999994,3
,,Home Service,-81.585732,30.226869999999998,3
,,B2B Transportation And Storage Service,-81.58528177,30.229070879999995,3
,,Family Service,-81.585825,30.227634999999996,3
,,Home Service,-81.58597538,30.227677710000002,3
,,Flowers And Gifts Store,-81.58603286743165,30.22836040810279,3
,,Books Music And Video Store,-81.585982,30.230027,3
,,Bank Or Credit Union,-81.585833,30.229714000000005,3
,,Place Of Learning,-81.58590807,30.23261452,3
,,Corporate Or Business Office,-81.58516532616505,30.23353884799754,3
,,Historic Site,-81.58506452,30.23668886,3
,,Home Service,-81.58432825,30.236857419999993,3
,,Professional Service,-81.58513757,30.23281928999999,3
,,Behavioral Or Mental Health Clinic,-81.58242344856262,30.22984313055462,3
,,Home Service,-81.5824085741513,30.230790138902766,3
,,Specialized Health Care,-81.5824264,30.23111359999999,3
,,Financial Service,-81.5824264,30.23111359999999,3
,,Uncategorized,-81.5824264,30.23111359999999,3
,,B2B Industrial And Machine Service,-81.58244122,30.232879439999994,3
,,Manufacturer,-81.58266107,30.23364595,3
,,Manufacturer,-81.583721,30.233741,3
,,Apartment,-81.58381,30.236679999999996,3
,,Professional Service,-81.58280714,30.239251530000004,3
,,Uncategorized,-81.58275,30.239129999999996,3
,,Real Estate Service,-81.58275958329789,30.241720475044495,3
,,Home Service,-81.58234193,30.245649899999986,3
,,Reproductive Perinatal And Womens Care,-81.5830128,30.245019900000006,3
,,Financial Service,-81.583152,30.244519999999987,3
,,Financial Service,-81.5831793,30.2452493,3
,,Attorney Or Law Firm,-81.5834,30.24549000000001,3
,,B2B Office And Professional Service,-81.5836497847695,30.24520288401107,3
,,Financial Service,-81.583662,30.245182999999994,3
,,Attorney Or Law Firm,-81.5837282,30.244906500000006,3
,,Real Estate Service,-81.58356,30.244439999999994,3
,,Bank Or Credit Union,-81.5836018,30.2447911,3
,,Uncategorized,-81.583583,30.244806999999994,3
,,Attorney Or Law Firm,-81.58340184,30.244572339999998,3
,,Attorney Or Law Firm,-81.58337297,30.244890679999994,3
,,Financial Service,-81.584042,30.244924,3
,,Specialized Health Care,-81.58377554,30.245187469999994,3
,,Financial Service,-81.58377059,30.245761620000003,3
,,Vision Or Eye Care Clinic,-81.58405179,30.24541878,3
,,Hotel,-81.58428013,30.246383679999994,3
,,Attorney Or Law Firm,-81.58435394,30.24542031000001,3
,,Labor Union,-81.58482826,30.24505353,3
,,Vision Or Eye Care Clinic,-81.5850219726563,30.243728637695295,3
,,B2B Office And Professional Service,-81.5851669311523,30.2425117492676,3
,,Financial Service,-81.58527,30.237826999999996,3
,,Atm,-81.58607780425496,30.23936008859228,3
,,Restaurant,-81.58606,30.239490000000004,3
,,Professional Service,-81.58576135629,30.243537424153995,3
,,Financial Service,-81.58571,30.243380000000002,3
,,Dental Clinic,-81.58571933,30.24338024,3
,,Financial Service,-81.58571432,30.24338426999999,3
,,Corporate Or Business Office,-81.585669509571,30.242656260930474,3
,,Doctor,-81.5857231,30.242810999999996,3
,,Arts And Entertainment,-81.585853,30.242442,3
,,Corporate Or Business Office,-81.58565191298936,30.24271766334227,3
,,Complementary And Alternative Medicine,-81.58559883,30.242727599999995,3
,,Media Service,-81.58556663000002,30.24270474,3
,,B2B Office And Professional Service,-81.5854998,30.242550800000004,3
,,Personal Or Beauty Service,-81.5854191,30.243623000000003,3
,,Uncategorized,-81.5854191,30.243623000000003,3
,,Technical Service,-81.58537695744369,30.243515932149965,3
,,Personal Or Beauty Service,-81.58555947,30.243502410000005,3
,,B2B Office And Professional Service,-81.58566,30.243429999999996,3
,,Real Estate Service,-81.58566,30.24346,3
,,Research Institute,-81.5865624,30.243594810000012,3
,,Building Or Construction Service,-81.586542,30.24359786000001,3
,,Police Station,-81.58650489,30.24358425000001,3
,,Attorney Or Law Firm,-81.586513,30.243552000000008,3
,,College University,-81.58654824128928,30.243428892828835,3
,,Home Service,-81.5865,30.24345,3
,,Financial Service,-81.58648643,30.24348607999999,3
,,Real Estate Service,-81.586507,30.243485000000003,3
,,Education,-81.586644,30.24388099999999,3
,,Arts And Entertainment,-81.586714,30.243275999999998,3
,,Specialty School,-81.58672517,30.243529919999993,3
,,Cafe,-81.586669,30.243701999999995,3
,,Automotive Service,-81.5867,30.246350000000003,3
,,Historic Site,-81.58698861,30.246333719999992,3
,,Arcade,-81.58779791,30.244966199999997,3
,,Civic Organization,-81.58779478670532,30.23843899950496,3
,,Uncategorized,-81.58779478670532,30.23843899950496,3
,,Government Office,-81.58777,30.23857000000001,3
,,Government Office,-81.58777,30.23857000000001,3
,,Military Site,-81.587724,30.238684999999993,3
,,Military Site,-81.58766664332667,30.238795456986086,3
,,Government Office,-81.58766449,30.23868798,3
,,Travel Service,-81.586274247211,30.241498380884003,3
,,Bank Or Credit Union,-81.58640596,30.239477840000003,3
,,Supplier Or Distributor,-81.5870143,30.237775200000005,3
,,Restaurant,-81.5870083,30.233855099999996,3
,,Professional Service,-81.58641771,30.23448327,3
,,Uncategorized,-81.5864179,30.234489599999993,3
,,Family Service,-81.58641402511883,30.23451296376507,3
,,Diagnostics Imaging Or Lab Service,-81.58642,30.234495999999993,3
,,Medical Service,-81.58647823,30.234484139999992,3
,,Real Estate Service,-81.5865035,30.234495100000007,3
,,Financial Service,-81.58641301,30.23460742,3
,,Financial Service,-81.5864,30.234680000000008,3
,,Professional Service,-81.58639143,30.234575720000006,3
,,Medical Service,-81.58638000000002,30.234700000000007,3
,,Uncategorized,-81.586374,30.23442899999999,3
,,Books Music And Video Store,-81.58627975603939,30.231035153019832,3
,,Home Service,-81.5862918,30.231148450000003,3
,,Arts Crafts And Hobby Store,-81.586291,30.229497,3
,,Automotive Service,-81.58633218,30.22972723000001,3
,,Home Service,-81.586481,30.229783000000005,3
,,Musical Instrument And Pro Audio Store,-81.58655041,30.230595520000005,3
,,Youth Organization,-81.58650519,30.230510009999993,3
,,Corporate Or Business Office,-81.58642005458059,30.230439566397944,3
,,Professional Service,-81.586476,30.230886,3
,,B2B Service,-81.586433,30.230871000000004,3
,,Vehicle Parts Store,-81.5865474,30.231254159999995,3
,,Printing Service,-81.58691864,30.231180789999993,3
,,B2B Service,-81.58731381,30.232445009999996,3
,,Warehouse Club Store,-81.58731606,30.23010680000001,3
,,Education,-81.58773129,30.229758669999995,3
,,Warehouse Club Store,-81.5879117,30.229704799999993,3
,,B2B Energy And Utility Service,-81.5888665,30.237315739999993,3
,,Home Service,-81.5888587,30.236873799999994,3
,,Home Service,-81.58836,30.232369999999996,3
,,Food Service,-81.588367,30.232344999999995,3
,,B2B Service,-81.58843888,30.23238329999999,3
,,Attorney Or Law Firm,-81.58849572485352,30.23219007852357,3
,,Corporate Or Business Office,-81.5881588,30.2320863,3
,,Automotive Service,-81.58811592,30.23178656,3
,,Vehicle Parts Store,-81.588654,30.231311000000016,3
,,Uncategorized,-81.58858972,30.231430750000005,3
,,Real Estate Service,-81.5885952679606,30.232232570420962,3
,,Corporate Or Business Office,-81.58877,30.23231000000001,3
,,Home Service,-81.5887077,30.232874499999994,3
,,Fashion And Apparel Store,-81.58884873,30.232409599999997,3
,,Legal Service,-81.58909678459167,30.232679663864023,3
,,Attorney Or Law Firm,-81.58992323,30.23103566,3
,,College University,-81.58998418379431,30.23122434394867,3
,,Financial Service,-81.58998422,30.231244640000003,3
,,Uncategorized,-81.58972,30.232620000000008,3
,,Financial Service,-81.5894941,30.234305329999998,3
,,Real Estate Service,-81.5896165,30.238230189999996,3
,,Bank Or Credit Union,-81.58942200505395,30.240797237888454,3
,,Uncategorized,-81.5883702,30.245299999999997,3
,,Home Service,-81.5883702,30.245299999999997,3
,,Uncategorized,-81.5883702,30.245299999999997,3
,,Uncategorized,-81.5883702,30.245299999999997,3
,,Ground Transport Facility Or Service,-81.5883702,30.245299999999997,3
,,Restaurant,-81.58838155,30.244760939999992,3
,,Resort,-81.58817,30.246292599999997,3
,,Restaurant,-81.5887733,30.24642387999999,3
,,Home Service,-81.58879852294922,30.245336532592805,3
,,Uncategorized,-81.588799,30.245325,3
,,Attorney Or Law Firm,-81.5888,30.245330000000003,3
,,Financial Service,-81.58890244615763,30.245238240800827,3
,,Electronics Store,-81.588803,30.244982100000005,3
,,Auto Dealer,-81.588803,30.244982100000005,3
,,Behavioral Or Mental Health Clinic,-81.58896902,30.245403170000003,3
,,Real Estate Service,-81.58897743,30.24540205,3
,,Real Estate Service,-81.58896266,30.245395110000004,3
,,Real Estate Service,-81.58896428,30.24539103,3
,,Animal Or Pet Service,-81.58905601501463,30.24535834736011,3
,,Wellness Service,-81.58911142184213,30.245362179677606,3
,,Home Service,-81.58911142184213,30.245362179677606,3
,,Corporate Or Business Office,-81.58911142184213,30.245362179677606,3
,,Behavioral Or Mental Health Clinic,-81.58911345,30.245470209999993,3
,,Professional Service,-81.5891,30.245314000000004,3
,,Specialty School,-81.5891,30.245314000000004,3
,,Financial Service,-81.589093,30.245314000000004,3
,,Building Or Construction Service,-81.589095,30.245304,3
,,Animal Or Pet Service,-81.58908117268295,30.24525444039172,3
,,Shipping Or Delivery Service,-81.58907608,30.24531,3
,,Home Service,-81.5890759,30.2453141,3
,,Rental Service,-81.5890755,30.2453142,3
,,B2B Transportation And Storage Service,-81.58907549,30.2453142,3
,,Medical Service,-81.5890755,30.2453142,3
,,Real Estate Service,-81.5890751,30.245318159999997,3
,,Building Or Construction Service,-81.58908,30.245329999999996,3
,,Medical Service,-81.58908,30.245329999999996,3
,,Financial Service,-81.58908,30.245329999999996,3
,,Financial Service,-81.58908,30.245329999999996,3
,,Emergency Or Urgent Care Facility,-81.58908024780901,30.245327651486008,3
,,Travel And Transportation,-81.58908,30.245329999999996,3
,,Financial Service,-81.58908,30.245329999999996,3
,,Financial Service,-81.58908,30.245329883106997,3
,,Real Estate Service,-81.58908,30.245329999999996,3
,,Real Estate Service,-81.58908,30.245329999999996,3
,,Financial Service,-81.58908,30.245329999999996,3
,,Technical Service,-81.58908,30.245329999999996,3
,,Travel And Transportation,-81.58907702,30.245313759999995,3
,,Financial Service,-81.5890799,30.245319219999995,3
,,Uncategorized,-81.5890735,30.245310099999998,3
,,Attorney Or Law Firm,-81.58907369,30.245312170000002,3
,,Professional Service,-81.5890735,30.245310099999998,3
,,Personal Or Beauty Service,-81.58907357,30.245311680000004,3
,,Attorney Or Law Firm,-81.5890697,30.2453076,3
,,Design Service,-81.58907026,30.245311480000005,3
,,Professional Service,-81.58907096,30.24531482,3
,,Medical Service,-81.58907277,30.24531241,3
,,B2B Service,-81.58907172,30.245315379999997,3
,,Corporate Or Business Office,-81.58907273,30.24531235,3
,,Financial Service,-81.58907049,30.24531946999999,3
,,Real Estate Service,-81.589063,30.245308000000005,3
,,Restaurant,-81.58966091,30.247660930000002,3
,,Sport Or Fitness Facility,-81.58961578534375,30.24765484251754,3
,,Hotel,-81.5896023,30.247536069999992,3
,,Resort,-81.589586,30.247261299999998,3
,,Music Venue,-81.58963177,30.247370289999996,3
,,Resort,-81.589046,30.246443000000006,3
,,Hotel,-81.58907,30.246949999999995,3
,,Resort,-81.5891876220703,30.2470169067383,3
,,Resort,-81.58919525146484,30.247020721435547,3
,,Home Service,-81.58939182,30.24925903,3
,,Uncategorized,-81.58911100000002,30.250220999999996,3
,,Financial Service,-81.58946573073186,30.250098171000896,3
,,Hardware Home And Garden Store,-81.589535,30.25012,3
,,Specialty Store,-81.589535,30.25012,3
,,Arts Crafts And Hobby Store,-81.589535,30.25012,3
,,Electronics Store,-81.589535,30.25012,3
,,Atm,-81.5895436,30.249436599999992,3
,,B2B Office And Professional Service,-81.5896934,30.249625899999995,3
,,Uncategorized,-81.5896934,30.249625899999995,3
,,Environmental Or Ecological Service,-81.5896934,30.249625899999995,3
,,Uncategorized,-81.5896934,30.249625899999995,3
,,Attorney Or Law Firm,-81.5896934,30.249625899999995,3
,,Professional Service,-81.5896934,30.249625899999995,3
,,B2B Service,-81.5896934,30.249625899999995,3
,,Uncategorized,-81.5896934,30.249625899999995,3
,,Professional Service,-81.5896934,30.249625899999995,3
,,B2B Office And Professional Service,-81.5896934,30.249625899999995,3
,,Uncategorized,-81.5896934,30.249625899999995,3
,,Uncategorized,-81.5896934,30.249625899999995,3
,,Real Estate Service,-81.5896934,30.249625899999995,3
,,B2B Office And Professional Service,-81.5896934,30.249625899999995,3
,,Real Estate Service,-81.5896934,30.249625899999995,3
,,Building Or Construction Service,-81.5896934,30.249625899999995,3
,,Comedy Club,-81.58985378,30.249241119999997,3
,,Specialty School,-81.58977879,30.24913870999999,3
,,Hotel,-81.5899436045972,30.24907052429827,3
,,Bar,-81.58997117181902,30.249109205888253,3
,,Resort,-81.589983,30.2491668,3
,,Hotel,-81.58994319,30.249223990000004,3
,,Event Or Party Service,-81.58990523,30.249203469999998,3
,,Restaurant,-81.58989333,30.249337419999993,3
,,Restaurant,-81.58988301,30.24928352999999,3
,,Corporate Or Business Office,-81.58996891502913,30.2494088100348,3
,,Attorney Or Law Firm,-81.5898742675781,30.251457214355497,3
,,Attorney Or Law Firm,-81.58981323242189,30.25145530700683,3
,,Real Estate Service,-81.589949,30.254548999999994,5
,,Travel And Transportation,-81.589468129955,30.253188281163997,3
,,Social Or Community Service,-81.58917271,30.25470483,5
,,Professional Service,-81.589172,30.254598,5
,,Financial Service,-81.58873847,30.251954409999993,3
,,Professional Service,-81.58874583,30.252132479999997,3
,,Uncategorized,-81.5886691,30.2520368,3
,,Attorney Or Law Firm,-81.58867201,30.251996469999998,3
,,Medical Service,-81.588706,30.251956000000007,3
,,Legal Service,-81.58865845159224,30.25206190222476,3
,,Legal Service,-81.58862820120444,30.25195416322684,3
,,Medical Service,-81.58859848,30.25192658,3
,,Building Or Construction Service,-81.58856702,30.251965800000004,3
,,Financial Service,-81.58855724000001,30.25225789,3
,,Medical Service,-81.5889263,30.2519175,3
,,Uncategorized,-81.5888569,30.25412729999999,5
,,Social Or Community Service,-81.58835995,30.254583949999994,5
,,Doctor,-81.588191,30.254118999999992,5
,,Real Estate Service,-81.588084,30.254201,5
,,Real Estate Service,-81.588521,30.252125,3
,,Real Estate Service,-81.5885006,30.25200432,3
,,Building Or Construction Service,-81.58847666,30.252003350000006,3
,,Event Or Party Service,-81.58824507,30.24994285999999,3
,,Design Service,-81.58871720000002,30.249959119999993,3
,,Personal Or Beauty Service,-81.5887,30.249810000000007,3
,,Professional Service,-81.5887,30.249810000000007,3
,,Fashion And Apparel Store,-81.588729,30.249814000000004,3
,,Supplier Or Distributor,-81.58873,30.249815,3
,,Real Estate Service,-81.58879057,30.249962259999993,3
,,Social Or Community Service,-81.58878173,30.249969520000004,3
,,Real Estate Service,-81.58876964,30.24996279999999,3
,,Professional Service,-81.58876221,30.249953920000003,3
,,Specialty School,-81.58873913,30.24998005999999,3
,,Corporate Or Business Office,-81.58873354,30.249981609999995,3
,,Home Service,-81.588884,30.250271999999995,3
,,Financial Service,-81.58890708,30.250173260000008,3
,,Attorney Or Law Firm,-81.58892562,30.2501493,3
,,Professional Service,-81.58892827,30.250148850000002,3
,,Financial Service,-81.58892737,30.250149290000003,3
,,Financial Service,-81.5889243,30.2501409,3
,,Financial Service,-81.5889228,30.25014619999999,3
,,Financial Service,-81.5889309,30.2501274,3
,,Corporate Or Business Office,-81.58891192908197,30.250110958417068,3
,,Financial Service,-81.588912,30.250110999999993,3
,,Legal Service,-81.58891192908197,30.250110958417068,3
,,Uncategorized,-81.588912,30.250091999999995,3
,,Fast Food Restaurant,-81.58896,30.250157000000005,3
,,Financial Service,-81.588977,30.250095999999985,3
,,Professional Service,-81.588977,30.250095999999985,3
,,Health Care,-81.58899,30.250100000000003,3
,,Professional Service,-81.58898611,30.249818010000002,3
,,Financial Service,-81.588996,30.249794,3
,,Legal Service,-81.588925,30.249937999999997,3
,,Specialized Medical Facility,-81.58890066137697,30.24973985623551,3
,,Restaurant,-81.5888927,30.250114700000005,3
,,Rental Service,-81.5888927,30.250114700000005,3
,,Real Estate Service,-81.58889676,30.250114559999997,3
,,Uncategorized,-81.58889374970283,30.250162150950946,3
,,Financial Service,-81.5888943323541,30.25017236081418,3
,,Financial Service,-81.5888943323541,30.25017236081418,3
,,Behavioral Or Mental Health Clinic,-81.5888953,30.25011338,3
,,Building Or Construction Service,-81.588877,30.250103000000006,3
,,Uncategorized,-81.588877,30.250103000000006,3
,,Shipping Or Delivery Service,-81.588877,30.250103000000006,3
,,Financial Service,-81.58887654,30.250099659999997,3
,,Real Estate Service,-81.58885052,30.250119449999985,3
,,Corporate Or Business Office,-81.58885182,30.25011995,3
,,Uncategorized,-81.5888463,30.250127099999993,3
,,Corporate Or Business Office,-81.58884648542565,30.25012602406303,3
,,Uncategorized,-81.5888572,30.25014699999999,3
,,Real Estate Service,-81.58885242,30.2501178,3
,,Home Service,-81.58885352,30.250119670000004,3
,,Financial Service,-81.58885207,30.25011353,3
,,Real Estate Service,-81.58885302,30.250112590000004,3
,,Financial Service,-81.58885333,30.25011222,3
,,Uncategorized,-81.58885380000001,30.2501113,3
,,Professional Service,-81.58885524,30.250115760000003,3
,,Attorney Or Law Firm,-81.588857,30.250088000000005,3
,,Financial Service,-81.58886408216166,30.250064621680977,3
,,Real Estate Service,-81.588864,30.250065000000003,3
,,Corporate Or Business Office,-81.58883187,30.249967730000005,3
,,Financial Service,-81.58881514087281,30.24994542759802,3
,,Uncategorized,-81.5886294096708,30.248404294252403,3
,,Hotel,-81.58898271,30.24646569,3
,,Hotel,-81.58886198472479,30.24656634516367,3
,,Hotel,-81.58758811,30.247355519999992,3
,,Hotel,-81.58760191737909,30.247430275942726,3
,,Hotel,-81.58784131,30.248368680000006,3
,,Bank Or Credit Union,-81.58791269,30.25054729,3
,,Medical Service,-81.5878373567168,30.250735207720265,3
,,Hospital,-81.587825,30.250705000000004,3
,,Real Estate Service,-81.5877149,30.250304799999995,3
,,Professional Service,-81.5877149,30.250304799999995,3
,,Professional Service,-81.5877149,30.250304799999995,3
,,Social Or Community Service,-81.58765437,30.250614390000003,3
,,Financial Service,-81.58763176,30.25071328,3
,,Professional Service,-81.5876384,30.250719399999998,3
,,Professional Service,-81.58753286,30.25074553,3
,,Attorney Or Law Firm,-81.58753316,30.250749670000005,3
,,Financial Service,-81.587537,30.250749000000006,3
,,Medical Service,-81.58753646,30.250747729999997,3
,,Corporate Or Business Office,-81.58753050000001,30.250744600000004,3
,,Uncategorized,-81.5868973,30.24668829999999,3
,,Technical Service,-81.587081,30.247767999999997,3
,,Media Service,-81.58683002,30.24767273,3
,,Specialty Store,-81.5871,30.252592999999994,3
,,B2B Industrial And Machine Service,-81.58709928,30.252591099999997,3
,,Corporate Or Business Office,-81.58708284411344,30.252653979099676,3
,,Financial Service,-81.58701546,30.252730830000004,3
,,Financial Service,-81.58692909,30.252740950000007,5
,,Financial Service,-81.58679,30.252300000000005,3
,,Senior Living Facility,-81.5874513,30.253841789999992,5
,,Senior Living Facility,-81.58723059,30.253817750000003,5
,,Uncategorized,-81.587107,30.252553000000006,3
,,Office Supply Store,-81.587407,30.250809000000007,3
,,Reproductive Perinatal And Womens Care,-81.58744031268128,30.252686400032832,3
,,Home Service,-81.58803,30.254139999999996,5
,,Real Estate Service,-81.58804725,30.25405014,5
,,Legal Service,-81.58784402195823,30.25511689911813,5
,,Reproductive Perinatal And Womens Care,-81.5877142,30.2559731,5
,,Reproductive Perinatal And Womens Care,-81.5877142,30.2559731,5
,,Uncategorized,-81.58792822082683,30.25802238393088,5
,,Travel And Transportation,-81.58790746,30.257957950000005,5
,,Home Service,-81.58791453,30.258258010000002,5
,,Uncategorized,-81.5879689,30.257958099999996,5
,,Specialty Hospital,-81.587971,30.257942,5
,,Behavioral Or Mental Health Clinic,-81.58786694,30.259400729999996,5
,,Financial Service,-81.58784,30.258640000000003,5
,,Behavioral Or Mental Health Clinic,-81.58784,30.258640000000003,5
,,Attorney Or Law Firm,-81.58784,30.258640000000003,5
,,Doctor,-81.58784,30.258640000000003,5
,,Behavioral Or Mental Health Clinic,-81.58784,30.258640000000003,5
,,Financial Service,-81.58784,30.258640000000003,5
,,Uncategorized,-81.58772900000001,30.258684999999993,5
,,Hospital,-81.587735,30.258698,5
,,Financial Service,-81.58773463835338,30.258697782085104,5
,,Attorney Or Law Firm,-81.58780204,30.258666570000003,5
,,Attorney Or Law Firm,-81.5876388236797,30.258758541628012,5
,,Uncategorized,-81.5876685,30.2587961,5
,,Real Estate Service,-81.58769284,30.258832840000007,5
,,Attorney Or Law Firm,-81.58769367,30.258831100000002,5
,,Financial Service,-81.58769944133624,30.258820581431927,5
,,Vision Or Eye Care Clinic,-81.5876749,30.258717100000002,5
,,Uncategorized,-81.58766,30.258410000000005,5
,,Doctor,-81.587798,30.258187,5
,,Surgery,-81.58773,30.258029999999998,5
,,Home Service,-81.58747825,30.25769828,5
,,Primary Care Or General Clinic,-81.58755123,30.259000209999993,5
,,Attorney Or Law Firm,-81.58733762,30.259202289999994,5
,,Specialized Medical Facility,-81.58719124,30.25750796000001,5
,,Primary Care Or General Clinic,-81.587394,30.257113000000004,5
,,Food And Beverage Store,-81.58739417687556,30.257112983449268,5
,,Professional Service,-81.5867189,30.25722399999999,5
,,Specialized Health Care,-81.58671193000002,30.257147650000004,5
,,Financial Service,-81.58662401,30.25601987999999,5
,,Bank Or Credit Union,-81.58649,30.256001999999995,5
,,Professional Service,-81.58649722,30.256076759999992,5
,,Christian Place Of Worship,-81.5869349,30.25840116,5
,,Attorney Or Law Firm,-81.58737316,30.259584889999996,5
,,Personal Or Beauty Service,-81.58742247,30.25945466,5
,,Behavioral Or Mental Health Clinic,-81.58753207,30.260637460000005,5
,,Specialized Health Care,-81.58749773,30.26087281,5
,,Behavioral Or Mental Health Clinic,-81.587414,30.260636,5
,,Home Service,-81.58738594,30.26083442,5
,,Uncategorized,-81.5877933,30.261324300000002,5
,,Uncategorized,-81.5877991,30.261321800000005,5
,,Financial Service,-81.58779353109729,30.261264971047318,5
,,Financial Service,-81.58776327936083,30.26115723257034,5
,,Uncategorized,-81.58774568047178,30.261218631679316,5
,,Corporate Or Business Office,-81.58760688,30.260834839999998,5
,,Real Estate Service,-81.58760895,30.259680279999998,5
,,Real Estate Service,-81.58760173,30.259689440000006,5
,,Hospital,-81.58762,30.25975799999999,5
,,Financial Service,-81.5877136,30.259921299999995,5
,,Uncategorized,-81.5878017,30.259440899999994,5
,,Uncategorized,-81.58781433,30.25984573,5
,,Uncategorized,-81.587948,30.260131099999995,5
,,Financial Service,-81.58797253,30.259906729999987,5
,,Home Service,-81.58798526,30.259906609999998,5
,,Building Or Construction Service,-81.58805281,30.26019974,5
,,Social Or Community Service,-81.58805245,30.260199889999992,5
,,Technical Service,-81.58804095,30.260198090000003,5
,,Specialized Health Care,-81.5880135,30.2600505,5
,,Attorney Or Law Firm,-81.5880135,30.2600505,5
,,Home Service,-81.58802312,30.260028579999993,5
,,Uncategorized,-81.5879604,30.2601353,5
,,Specialized Health Care,-81.58796856,30.26023,5
,,Financial Service,-81.58798217233792,30.26082011662657,5
,,Financial Service,-81.58797332,30.26078293999999,5
,,Uncategorized,-81.5879716,30.260780299999986,5
,,Uncategorized,-81.5879605227911,30.260786562274962,5
,,Uncategorized,-81.58795595587108,30.26078588959378,5
,,Uncategorized,-81.58792338053793,30.260709602339684,5
,,Uncategorized,-81.5879056,30.260782300000006,5
,,Financial Service,-81.58793432170584,30.260773777370797,5
,,Financial Service,-81.58793432170584,30.260773777370797,5
,,Behavioral Or Mental Health Clinic,-81.58794141,30.261220959999996,5
,,Attorney Or Law Firm,-81.58794416,30.261227460000004,5
,,Attorney Or Law Firm,-81.58794716,30.261225439999993,5
,,Christian Place Of Worship,-81.58823248027838,30.263572659235003,5
,,Financial Service,-81.58866994,30.26097089,5
,,Complementary And Alternative Medicine,-81.58870902,30.26054952,5
,,Uncategorized,-81.5887631,30.260785300000006,5
,,Attorney Or Law Firm,-81.5887331,30.260983719999995,5
,,Uncategorized,-81.5887117,30.260293899999994,5
,,Financial Service,-81.58872280000001,30.260419830000004,5
,,Behavioral Or Mental Health Clinic,-81.58867199,30.26043121000001,5
,,B2B Transportation And Storage Service,-81.58868195,30.260453359999993,5
,,Dental Clinic,-81.58861948,30.260251039999986,5
,,Hospital,-81.588587408446,30.260286497425,5
,,Professional Service,-81.58854915477502,30.260331904591656,5
,,Outpatient Care Facility,-81.58864712,30.259625939999992,5
,,Uncategorized,-81.5885603,30.259505099999995,5
,,Complementary And Alternative Medicine,-81.58846914768219,30.260568460976504,5
,,Complementary And Alternative Medicine,-81.58844139,30.260519199999994,5
,,Financial Service,-81.58854668,30.26080232,5
,,Financial Service,-81.58840624,30.26129576,5
,,Uncategorized,-81.58834440682931,30.26127114187588,5
,,Diagnostics Imaging Or Lab Service,-81.58840317,30.26099608,5
,,Specialized Health Care,-81.58836346,30.260565440000004,5
,,Doctor,-81.5881911742975,30.260944074337463,5
,,Uncategorized,-81.58826074,30.26105533,5
,,Specialized Health Care,-81.588113,30.259947000000007,5
,,Legal Service,-81.588127,30.259947,5
,,Medical Service,-81.588151,30.259956999999996,5
,,Bank Or Credit Union,-81.5883078,30.25995190000001,5
,,Financial Service,-81.5883,30.25958422,5
,,Behavioral Or Mental Health Clinic,-81.58828892,30.25946963000001,5
,,Wellness Service,-81.58828845,30.259466140000004,5
,,Financial Service,-81.58819059311398,30.259453108453854,5
,,Real Estate Service,-81.588191,30.259453,5
,,Financial Service,-81.58819059311398,30.259453108453854,5
,,Financial Service,-81.58816874027252,30.259493488614684,5
,,Personal Or Beauty Service,-81.58813199,30.25987391999999,5
,,Attorney Or Law Firm,-81.5881393,30.259829899999993,5
,,Uncategorized,-81.5881393,30.259829899999993,5
,,B2B Service,-81.5881393,30.259829899999993,5
,,Uncategorized,-81.5881393,30.259829899999993,5
,,Uncategorized,-81.5881393,30.259829899999993,5
,,Personal Or Beauty Service,-81.5881393,30.259829899999993,5
,,Uncategorized,-81.5881393,30.259829899999993,5
,,B2B Office And Professional Service,-81.5881393,30.259829899999993,5
,,Uncategorized,-81.5881393,30.259829899999993,5
,,Uncategorized,-81.5881393,30.259829899999993,5
,,Uncategorized,-81.5881393,30.259829899999993,5
,,Sport Or Fitness Facility,-81.58807855,30.25988593,5
,,Specialty School,-81.58809086,30.25945564,5
,,Health Care,-81.58808,30.259339999999998,5
,,Complementary And Alternative Medicine,-81.588106,30.25927,5
,,Uncategorized,-81.5881279,30.2593699,5
,,Complementary And Alternative Medicine,-81.588128,30.259271,5
,,Corporate Or Business Office,-81.58814768805343,30.25917623128558,5
,,Doctor,-81.58813008961023,30.25923763108237,5
,,Home Service,-81.58814171,30.259125530000006,5
,,Attorney Or Law Firm,-81.58814664,30.259037950000003,5
,,Uncategorized,-81.588289,30.258510000000005,5
,,Financial Service,-81.588289,30.258510000000005,5
,,Financial Service,-81.588289,30.258510000000005,5
,,Attorney Or Law Firm,-81.588279,30.258647000000007,5
,,Corporate Or Business Office,-81.58825,30.258858,5
,,Uncategorized,-81.58827289999999,30.258940399999993,5
,,Vision Or Eye Care Clinic,-81.58822287000001,30.259202789999996,5
,,Wellness Service,-81.58846838,30.25929706,5
,,Pharmacy And Drug Store,-81.588078,30.258043000000004,5
,,Reproductive Perinatal And Womens Care,-81.58815718,30.25629632,5
,,Doctor,-81.58815264701843,30.256502673679176,5
,,Reproductive Perinatal And Womens Care,-81.58817687,30.25652241,5
,,Reproductive Perinatal And Womens Care,-81.5881312,30.256524599999995,5
,,Reproductive Perinatal And Womens Care,-81.5881312,30.256524599999995,5
,,Reproductive Perinatal And Womens Care,-81.5881491,30.2565016,5
,,Reproductive Perinatal And Womens Care,-81.5881491,30.2565016,5
,,Reproductive Perinatal And Womens Care,-81.5881491,30.2565016,5
,,Reproductive Perinatal And Womens Care,-81.5881036,30.25653170000001,5
,,Reproductive Perinatal And Womens Care,-81.5881239,30.256427999999993,5
,,Reproductive Perinatal And Womens Care,-81.58812,30.256430000000005,5
,,Doctor,-81.58818390474009,30.255210724729757,5
,,Doctor,-81.58818390474009,30.255210724729757,5
,,Doctor,-81.588184,30.255211000000003,5
,,Diagnostics Imaging Or Lab Service,-81.58825579,30.255395489999998,5
,,Education,-81.58868275610688,30.256242925100576,5
,,Doctor,-81.588814,30.256213000000002,5
,,Specialized Health Care,-81.588797,30.256348999999993,5
,,Corporate Or Business Office,-81.588916,30.258036999999998,5
,,Attorney Or Law Firm,-81.58894195,30.25798214,5
,,Outpatient Care Facility,-81.58886,30.258149999999993,5
,,Technical Service,-81.58881653,30.25807444000001,5
,,Professional Service,-81.58881592,30.258241000000005,5
,,Health Care,-81.58881327,30.25825059,5
,,Health Care,-81.58881695,30.25805168,5
,,Social Or Community Service,-81.58880644,30.257581489999993,5
,,Vision Or Eye Care Clinic,-81.58877418,30.25758787,5
,,Printing Service,-81.588558,30.257481000000002,5
,,Doctor,-81.58876,30.25812,5
,,Attorney Or Law Firm,-81.58876,30.25812,5
,,Attorney Or Law Firm,-81.58864784,30.259051419999995,5
,,Legal Service,-81.5885619,30.259196000000003,5
,,Behavioral Or Mental Health Clinic,-81.58859798,30.259395779999995,5
,,Ev Charging Station,-81.5888848900795,30.258617849864372,5
,,Uncategorized,-81.5892167,30.2568319,5
,,Doctor,-81.58998600664383,30.25758102783323,5
,,Vision Or Eye Care Clinic,-81.58998861,30.25785786999999,5
,,Doctor,-81.58985556,30.257492430000003,5
,,Specialized Health Care,-81.58960988,30.257915430000008,5
,,Behavioral Or Mental Health Clinic,-81.58963258,30.257931209999995,5
,,Ev Charging Station,-81.589666,30.259104,5
,,Christian Place Of Worship,-81.58815184,30.263919820000012,5
,,Youth Organization,-81.58957841,30.270771140000004,5
,,Personal Or Beauty Service,-81.58713,30.264858999999998,5
,,Uncategorized,-81.586389962405,30.26445535672929,5
,,Animal Or Pet Service,-81.585263,30.275208999999993,5
,,Complementary And Alternative Medicine,-81.58302426338196,30.27877807122967,5
,,Home Service,-81.58271312713623,30.27875983029928,5
,,Food And Beverage Store,-81.58273,30.271891999999994,5
,,Telecommunications Service,-81.58240898080605,30.269385380612608,5
,,Bar,-81.58379000000001,30.26739999999999,5
,,Education,-81.58316,30.26317,5
,,Uncategorized,-81.58272743,30.258183769999984,5
,,Senior Living Facility,-81.58255415,30.25752870000001,5
,,Doctor,-81.58233491111561,30.25714257022547,5
,,Specialized Health Care,-81.58237034,30.256931679999997,5
,,Doctor,-81.58241983601454,30.256766604823824,5
,,Restaurant,-81.58292812,30.25645148,5
,,Restaurant,-81.58299617912532,30.256461941387776,5
,,Uncategorized,-81.5829786,30.2565348,5
,,Restaurant,-81.582979,30.256552,5
,,Restaurant,-81.58297359,30.256537019999993,5
,,Restaurant,-81.58306813504747,30.25611252823651,5
,,Restaurant,-81.58316714,30.256152379999996,5
,,Casual Eatery,-81.58325509,30.256087330000003,5
,,Laundry Service,-81.58323178,30.25613453,5
,,Personal Or Beauty Service,-81.58323044,30.256201499999992,5
,,Reproductive Perinatal And Womens Care,-81.58324598,30.257470179999995,5
,,Reproductive Perinatal And Womens Care,-81.583032,30.257691999999995,5
,,Corporate Or Business Office,-81.5830670886493,30.25770727456074,5
,,Reproductive Perinatal And Womens Care,-81.58310889,30.257737979999998,5
,,Doctor,-81.582825109439,30.258187799999998,5
,,Reproductive Perinatal And Womens Care,-81.582796,30.258235999999997,5
,,Reproductive Perinatal And Womens Care,-81.582796,30.258235999999997,5
,,Reproductive Perinatal And Womens Care,-81.58281809,30.25820921,5
,,Reproductive Perinatal And Womens Care,-81.5829238,30.257932599999997,5
,,Specialized Health Care,-81.58295219,30.25789548,5
,,Reproductive Perinatal And Womens Care,-81.58301314,30.25793253999999,5
,,Health Care,-81.58302077,30.25866198,5
,,Dental Clinic,-81.58302209000001,30.258663,5
,,Behavioral Or Mental Health Clinic,-81.58302316,30.258666719999994,5
,,Diagnostics Imaging Or Lab Service,-81.58302984,30.258668750000005,5
,,Medical Service,-81.58302776,30.258663539999993,5
,,Medical Service,-81.58307925,30.25862569,5
,,Reproductive Perinatal And Womens Care,-81.58321556,30.258515609999996,5
,,Specialized Health Care,-81.58328853000002,30.258726779999996,5
,,Surgery,-81.583611,30.258726000000003,5
,,Food And Beverage Store,-81.58332546,30.25623868,5
,,Restaurant,-81.58331100000001,30.256217999999997,5
,,Laundry Service,-81.58331075047482,30.256217510987398,5
,,Bank Or Credit Union,-81.5833353996277,30.256120223089304,5
,,Bank Or Credit Union,-81.5832629,30.255308499999998,5
,,Supplier Or Distributor,-81.58372370000001,30.255492900000007,5
,,Gas Station,-81.58372749,30.25549018,5
,,Dental Clinic,-81.58373957,30.25640522000001,5
,,Dental Clinic,-81.583646,30.256542000000003,5
,,Medical Service,-81.5835952758789,30.25665664672851,5
,,Surgery,-81.58351994,30.25671762,5
,,Surgery,-81.5836959,30.256774699999998,5
,,Dental Clinic,-81.5836949,30.256779929999997,5
,,Personal Or Beauty Service,-81.58393,30.256953999999993,5
,,Uncategorized,-81.583838,30.256565999999996,5
,,Reproductive Perinatal And Womens Care,-81.58377153,30.256503640000002,5
,,Vision Or Eye Care Clinic,-81.5837838,30.25663822,5
,,Financial Service,-81.583807,30.255734000000004,5
,,Sporting Goods Store,-81.58379942848165,30.25541778430108,5
,,Shipping Or Delivery Service,-81.58379942848165,30.25541778430108,5
,,Financial Service,-81.5838987,30.2553493,5
,,Fashion And Apparel Store,-81.58413000000002,30.25514,5
,,Professional Service,-81.58414024,30.255187290000002,5
,,Sport Or Fitness Facility,-81.58418833,30.2551487,5
,,Shipping Or Delivery Service,-81.584211,30.255280000000003,5
,,Surgery,-81.58402067,30.256867639999996,5
,,Uncategorized,-81.583932,30.258221999999993,5
,,Outpatient Care Facility,-81.583932,30.258221999999993,5
,,Surgery,-81.58394554,30.25849224,5
,,Health Care,-81.58410630000002,30.258969800000003,5
,,Health Care,-81.58419,30.259749999999997,5
,,Sporting Goods Store,-81.58367877,30.261944630000006,5
,,Dental Clinic,-81.5844925365022,30.259558506827123,5
,,Dental Clinic,-81.58451900000001,30.259459,5
,,Uncategorized,-81.58521,30.259300000000007,5
,,Christian Place Of Worship,-81.58521,30.259300000000007,5
,,Religious Organization,-81.58524,30.259340000000005,5
,,Home Service,-81.58524,30.259340000000005,5
,,Family Service,-81.585278,30.25937800000001,5
,,Civic Organization,-81.58529549153522,30.259316402480838,5
,,Social Or Community Service,-81.5853686,30.25937737,5
,,Physical Medicine And Rehabilitation,-81.58561184,30.25763518,5
,,Outpatient Care Facility,-81.58571854000002,30.25755205999999,5
,,Doctor,-81.585573,30.256497,5
,,B2B Transportation And Storage Service,-81.58556254,30.256520999999992,5
,,Doctor,-81.58549074293022,30.256289333003487,5
,,Primary Care Or General Clinic,-81.58534000000002,30.256449999999997,5
,,Dental Clinic,-81.58521674,30.256548919999997,5
,,Dental Clinic,-81.58515027,30.25528324,5
,,Surgery,-81.58514984,30.255670439999985,5
,,Dental Clinic,-81.58505992000002,30.255193020000004,5
,,Social Or Community Service,-81.58478243,30.25848115999999,5
,,Design Service,-81.58473399000002,30.257255639999997,5
,,Corporate Or Business Office,-81.58471753000002,30.25729409,5
,,Outpatient Care Facility,-81.584714,30.257291000000002,5
,,Uncategorized,-81.584677,30.25728800000001,5
,,Behavioral Or Mental Health Clinic,-81.58463479,30.25739349,5
,,Doctor,-81.58458990791134,30.25729951650998,5
,,Hospital,-81.584613,30.258499,5
,,Dental Clinic,-81.5846555,30.2590155,5
,,Dental Clinic,-81.58464941,30.25928589999999,5
,,Dental Clinic,-81.584335,30.259316999999996,5
,,Dental Clinic,-81.5843353271484,30.2593193054199,5
,,Dental Clinic,-81.58433834,30.25931484,5
,,Behavioral Or Mental Health Clinic,-81.58469431,30.257117790000006,5
,,Shipping Or Delivery Service,-81.5842549,30.2552282,5
,,Attorney Or Law Firm,-81.58424673,30.255223750000003,5
,,Surgery,-81.58434103,30.254375729999992,5
,,Vision Or Eye Care Clinic,-81.584438,30.254301600000005,5
,,Sport Or Fitness Facility,-81.58435364,30.254603660000008,5
,,Fashion And Apparel Store,-81.584584,30.254548,5
,,Reproductive Perinatal And Womens Care,-81.584637,30.25458,5
,,Reproductive Perinatal And Womens Care,-81.584637,30.25458,5
,,Reproductive Perinatal And Womens Care,-81.584637,30.25458,5
,,Reproductive Perinatal And Womens Care,-81.584637,30.25458,5
,,Reproductive Perinatal And Womens Care,-81.58463668852765,30.2543639691451,5
,,Specialized Medical Facility,-81.5846275,30.254400080000003,5
,,Doctor,-81.58462470000002,30.2544773,5
,,Reproductive Perinatal And Womens Care,-81.584651,30.25446809999999,5
,,Vision Or Eye Care Clinic,-81.58468569,30.254388520000003,5
,,Uncategorized,-81.58456400000001,30.254523799999987,5
,,Vision Or Eye Care Clinic,-81.5845377,30.254533600000006,5
,,Vision Or Eye Care Clinic,-81.5845377,30.254533600000006,5
,,Specialized Health Care,-81.5845377,30.254533600000006,5
,,Security Service,-81.5851735,30.2531116,5
,,Medical Service,-81.5851735,30.2531116,5
,,Restaurant,-81.585228,30.253368000000005,5
,,Corporate Or Business Office,-81.58522788277673,30.253367671689876,5
,,Professional Service,-81.5852188,30.2532656,5
,,Real Estate Service,-81.58522541,30.25326869,5
,,Real Estate Service,-81.58523824,30.253268539999997,5
,,Financial Service,-81.58524,30.25326000000001,5
,,B2B Office And Professional Service,-81.58527,30.253440000000005,5
,,Restaurant,-81.58527572725272,30.253414009373287,5
,,Doctor,-81.585276,30.25341400000001,5
,,Financial Service,-81.58527572725272,30.253414009373287,5
,,Event Or Party Service,-81.58528491,30.253328519999997,5
,,Social Or Community Service,-81.58529332568652,30.253352609739046,5
,,Restaurant,-81.585293,30.253353000000004,5
,,Bank Or Credit Union,-81.5853658,30.2533979,5
,,Real Estate Service,-81.5860299,30.25341,5
,,Specialized Health Care,-81.5859467,30.250791300000007,3
,,Specialized Health Care,-81.5859467,30.250791300000007,3
,,Specialized Health Care,-81.5859467,30.250791300000007,3
,,Specialized Health Care,-81.5859467,30.250791300000007,3
,,Specialized Health Care,-81.5859467,30.250791300000007,3
,,Specialized Health Care,-81.5859467,30.250791300000007,3
,,Specialized Health Care,-81.5859467,30.250791300000007,3
,,Specialized Health Care,-81.5859467,30.250791300000007,3
,,Specialized Health Care,-81.5859467,30.250791300000007,3
,,Specialized Health Care,-81.5859467,30.250791300000007,3
,,Specialized Health Care,-81.585849,30.250797999999996,3
,,Doctor,-81.585323,30.250597999999993,3
,,Specialized Health Care,-81.5855295,30.2506211,3
,,Specialized Health Care,-81.58568125,30.25074132,3
,,Specialized Health Care,-81.58571124,30.25073088,3
,,Doctor,-81.5857381,30.250709600000004,3
,,Research Institute,-81.58574247,30.250745729999995,3
,,Doctor,-81.58588530000002,30.25070519999999,3
,,Hospital,-81.585919,30.250743,3
,,Professional Service,-81.58591915977912,30.250742529621178,3
,,Specialized Health Care,-81.5860235,30.250516500000003,3
,,Specialized Health Care,-81.5860235,30.250516500000003,3
,,Specialized Health Care,-81.5860235,30.250516500000003,3
,,B2B Service,-81.58582952427531,30.24657660502174,3
,,Senior Living Facility,-81.58489286,30.248121119999997,3
,,Historic Site,-81.58499987,30.249448639999997,3
,,Financial Service,-81.58428,30.250140000000002,3
,,Senior Living Facility,-81.5843626,30.24820709999999,3
,,Manufacturer,-81.583997,30.247115599999994,3
,,Restaurant,-81.584074,30.247848999999995,3
,,Financial Service,-81.584059,30.24768599999999,3
,,Financial Service,-81.58398,30.247515999999987,3
,,Event Venue,-81.5837954,30.246850400000007,3
,,Social Or Community Service,-81.58356643,30.248500529999998,3
,,Uncategorized,-81.5835947,30.249438299999998,3
,,Restaurant,-81.5835947,30.249438299999998,3
,,Bank Or Credit Union,-81.58354,30.248594999999998,3
,,Financial Service,-81.58344674632393,30.249132359064227,3
,,Financial Service,-81.58340413,30.249186040000005,3
,,Uncategorized,-81.5834075,30.2491857,3
,,Uncategorized,-81.5834075,30.2491857,3
,,Uncategorized,-81.5834075,30.2491857,3
,,Restaurant,-81.58345626,30.24916991,3
,,B2B Service,-81.58409,30.25297,5
,,Real Estate Service,-81.58409,30.253612000000007,5
,,Uncategorized,-81.5840229,30.253915,5
,,Reproductive Perinatal And Womens Care,-81.5840229,30.253915,5
,,Reproductive Perinatal And Womens Care,-81.5840229,30.253915,5
,,Vision Or Eye Care Clinic,-81.5840229,30.253915,5
,,Specialized Health Care,-81.5840229,30.253915,5
,,Hospital,-81.58385085313529,30.253053757895824,5
,,Hospital,-81.58270185738479,30.253351736704317,5
,,Hospital,-81.58270185738479,30.253351736704317,5
,,Doctor,-81.5825845,30.2538723,5
,,Medical Service,-81.58267746,30.253776180000003,5
,,Health Care,-81.58272973,30.253575769999994,5
,,Specialized Health Care,-81.5823487,30.25396,5
,,Pediatric Clinic,-81.5823487,30.25396,5
,,Walk In Clinic,-81.5823487,30.25396,5
,,Specialized Health Care,-81.58234809,30.25396027,5
,,Flowers And Gifts Store,-81.58252647631308,30.253596387567473,5
,,Cafe,-81.582483,30.253405999999995,5
,,Hospital,-81.5825094326364,30.25339674187434,5
,,Real Estate Service,-81.58271166,30.249045139999986,3
,,Uncategorized,-81.58272196367977,30.249528582157804,3
,,Attorney Or Law Firm,-81.58272678,30.249646719999994,3
,,Automotive Service,-81.58313715019538,30.249146273314015,3
,,Financial Service,-81.58313700000001,30.249146000000003,3
,,Professional Service,-81.58313715019538,30.249146273314015,3
,,Attorney Or Law Firm,-81.583225,30.249318999999993,3
,,Automotive Service,-81.583174,30.249113999999995,3
,,Professional Service,-81.5832031,30.249095119999996,3
,,Educational Service,-81.583203,30.249130999999995,3
,,Real Estate Service,-81.58320453000002,30.249096220000006,3
,,Professional Service,-81.5832,30.24906,3
,,Restaurant,-81.58322018742776,30.249069811096266,3
,,Uncategorized,-81.58324210317495,30.24909856867943,3
,,Corporate Or Business Office,-81.583119,30.249123,3
,,Financial Service,-81.58278577,30.249596260000004,3
,,Financial Service,-81.58278860000001,30.249597500000007,3
,,Sporting Goods Store,-81.58297,30.246680000000005,3
,,Travel And Transportation,-81.58297,30.246680000000005,3
,,Real Estate Service,-81.58296812,30.246882250000002,3
,,Office Supply Store,-81.582334,30.246895999999985,3
,,Outpatient Care Facility,-81.58171716,30.248973490000004,5
,,Surgery,-81.58170246429316,30.249247107936544,5
,,Behavioral Or Mental Health Clinic,-81.58140511,30.248833290000004,5
,,Specialized Health Care,-81.58135422,30.24888653999999,5
,,Doctor,-81.58139783348399,30.249030485215073,5
,,Specialty School,-81.5813757,30.249681700000004,5
,,Specialized Health Care,-81.5821726,30.253717399999996,5
,,Hospital,-81.58217466755971,30.253783602035586,5
,,Hospital,-81.58221700701475,30.253573778698122,5
,,Diagnostics Imaging Or Lab Service,-81.5822173,30.253671700000012,5
,,Specialized Health Care,-81.5822552,30.253814399999992,5
,,Specialized Health Care,-81.5822552,30.253814399999992,5
,,Specialized Health Care,-81.5822551,30.253814399999996,5
,,Doctor,-81.58185,30.253994399999996,5
,,Reproductive Perinatal And Womens Care,-81.58185,30.253994399999996,5
,,Reproductive Perinatal And Womens Care,-81.58185,30.253994399999996,5
,,Reproductive Perinatal And Womens Care,-81.58185,30.253994399999996,5
,,Reproductive Perinatal And Womens Care,-81.58185,30.253994399999996,5
,,Doctor,-81.58185,30.253994399999996,5
,,Reproductive Perinatal And Womens Care,-81.58185,30.253994399999996,5
,,Specialized Health Care,-81.5820397,30.2537731,5
,,Specialized Health Care,-81.5820397,30.2537731,5
,,Specialized Health Care,-81.5820397,30.2537731,5
,,Surgery,-81.58203359,30.25377773,5
,,Wellness Service,-81.581579,30.254115,5
,,Specialized Health Care,-81.581579,30.254115,5
,,Specialized Health Care,-81.581579,30.254115,5
,,Emergency Department,-81.58137,30.253739999999986,5
,,Pharmacy And Drug Store,-81.5813663,30.2537365,5
,,Specialized Health Care,-81.5813663,30.2537365,5
,,Diagnostics Imaging Or Lab Service,-81.5813663,30.2537365,5
,,Diagnostics Imaging Or Lab Service,-81.5813663,30.2537365,5
,,Wellness Service,-81.58134,30.25379,5
,,Reproductive Perinatal And Womens Care,-81.581419,30.252581000000003,5
,,Specialized Health Care,-81.5814511,30.252557599999996,5
,,Specialized Health Care,-81.5814511,30.252557599999996,5
,,Diagnostics Imaging Or Lab Service,-81.5814578,30.252551100000005,5
,,Hospital,-81.58145181,30.252553489999997,5
,,Reproductive Perinatal And Womens Care,-81.5814659,30.2525175,5
,,Specialized Health Care,-81.5814659,30.2525175,5
,,Doctor,-81.5814659,30.2525175,5
,,Uncategorized,-81.5814659,30.2525175,5
,,Outpatient Care Facility,-81.58090825717088,30.2528707460058,5
,,Doctor,-81.580974,30.252801,5
,,Doctor,-81.5809779,30.252797900000004,5
,,Specialized Health Care,-81.5809779,30.252797900000004,5
,,Specialized Health Care,-81.5809779,30.252797900000004,5
,,Doctor,-81.5809779,30.252797900000004,5
,,Specialized Health Care,-81.5809779,30.252797900000004,5
,,Specialized Health Care,-81.5809779,30.252797900000004,5
,,Specialized Health Care,-81.5809779,30.252797900000004,5
,,Specialized Health Care,-81.5809779,30.252797900000004,5
,,Specialized Health Care,-81.5809779,30.252797900000004,5
,,Specialized Health Care,-81.5809779,30.252797799999993,5
,,Physical Medicine And Rehabilitation,-81.5809779,30.252797900000004,5
,,Specialized Health Care,-81.5809779,30.252797900000004,5
,,Specialized Health Care,-81.5809779,30.252797900000004,5
,,Specialized Health Care,-81.5809779,30.252797900000004,5
,,Reproductive Perinatal And Womens Care,-81.5809779,30.252797900000004,5
,,Specialized Health Care,-81.5809779,30.252797900000004,5
,,Specialized Health Care,-81.5809779,30.252797900000004,5
,,Wellness Service,-81.5809779,30.252797900000004,5
,,Specialized Health Care,-81.5809779,30.252797900000004,5
,,Specialized Health Care,-81.5809779,30.252797900000004,5
,,Doctor,-81.5809779,30.252797799999993,5
,,Uncategorized,-81.5809779,30.252797900000004,5
,,Specialized Health Care,-81.5809779,30.252797900000004,5
,,Specialized Health Care,-81.5809779,30.252797900000004,5
,,Doctor,-81.5809779,30.252797900000004,5
,,Specialized Health Care,-81.5809779,30.252797900000004,5
,,Specialized Health Care,-81.5809779,30.252797799999993,5
,,Doctor,-81.5809779,30.252797900000004,5
,,Doctor,-81.5809779,30.252797900000004,5
,,Specialized Health Care,-81.5809779,30.252797900000004,5
,,Specialized Health Care,-81.5809779,30.252797900000004,5
,,Wellness Service,-81.5809779,30.252797900000004,5
,,Behavioral Or Mental Health Clinic,-81.5809779,30.252797900000004,5
,,Specialized Health Care,-81.5809779,30.252797900000004,5
,,Doctor,-81.5809779,30.252797900000004,5
,,Specialized Health Care,-81.5809779,30.252797900000004,5
,,Specialized Health Care,-81.5809779,30.252797900000004,5
,,Primary Care Or General Clinic,-81.5809864329748,30.2529174634816,5
,,Specialized Health Care,-81.5809864329748,30.2529174634816,5
,,Doctor,-81.5809864329748,30.2529174634816,5
,,Physical Medicine And Rehabilitation,-81.58105187,30.252823280000005,5
,,Specialized Health Care,-81.5810501,30.252825899999987,5
,,Specialized Health Care,-81.58116,30.253109999999996,5
,,Specialized Health Care,-81.5809196,30.25294347000001,5
,,Specialized Health Care,-81.58091596000001,30.252967690000006,5
,,Emergency Or Urgent Care Facility,-81.5809168,30.2529659,5
,,Specialized Health Care,-81.5809169,30.252965900000007,5
,,Specialized Health Care,-81.5809168,30.2529659,5
,,Specialized Health Care,-81.5809168,30.2529659,5
,,Pediatric Clinic,-81.5809169,30.252965900000007,5
,,Doctor,-81.5809168,30.2529659,5
,,Specialized Health Care,-81.5809168,30.2529659,5
,,Reproductive Perinatal And Womens Care,-81.5809169,30.252965900000007,5
,,Specialized Health Care,-81.5809168,30.2529659,5
,,Emergency Or Urgent Care Facility,-81.5809169,30.252965900000007,5
,,Doctor,-81.5809169,30.252965900000007,5
,,Wellness Service,-81.5809168,30.2529659,5
,,Specialized Health Care,-81.5809168,30.2529659,5
,,Doctor,-81.5809168,30.2529659,5
,,Specialized Health Care,-81.5809168,30.2529659,5
,,Uncategorized,-81.5809168,30.2529659,5
,,Walk In Clinic,-81.5809168,30.2529659,5
,,Specialized Health Care,-81.5809168,30.2529659,5
,,Specialized Health Care,-81.5809168,30.2529659,5
,,Specialized Health Care,-81.5809169,30.252965900000007,5
,,Specialized Health Care,-81.5809168,30.2529659,5
,,Uncategorized,-81.5809168,30.2529659,5
,,Specialized Health Care,-81.5809168,30.2529659,5
,,Specialized Health Care,-81.5809169,30.252965900000007,5
,,Specialized Health Care,-81.5809156,30.252948940000007,5
,,Specialized Health Care,-81.58088206,30.253037740000007,5
,,Reproductive Perinatal And Womens Care,-81.5808508,30.25303980000001,5
,,B2B Service,-81.5808508,30.25303980000001,5
,,Outpatient Care Facility,-81.580851,30.25304,5
,,Specialized Health Care,-81.5810221,30.249012900000007,5
,,Uncategorized,-81.5810221,30.249012900000007,5
,,Automotive Service,-81.58068518,30.24648329,3
,,Corporate Or Business Office,-81.58041036693362,30.24650508862847,3
,,Uncategorized,-81.57994286687251,30.24856250552058,5
,,Specialized Health Care,-81.57991038266408,30.249315493956754,5
,,Doctor,-81.57994577957888,30.249247433065065,5
,,Medical Service,-81.57994143120264,30.249293883506297,5
,,Professional Service,-81.58002,30.248649999999994,5
,,Specialized Health Care,-81.57975395,30.2504011,5
,,Specialized Health Care,-81.57975094,30.25040751,5
,,Uncategorized,-81.5797525,30.250401599999996,5
,,Diagnostics Imaging Or Lab Service,-81.5797525,30.250401599999996,5
,,Specialized Health Care,-81.5797525,30.250402600000008,5
,,Specialized Health Care,-81.5797785,30.250394099999998,5
,,Gym,-81.579706,30.246752,3
,,Electronics Store,-81.579634,30.246611000000005,3
,,B2B Office And Professional Service,-81.579634,30.246611000000005,3
,,Outpatient Care Facility,-81.57962514769616,30.246685832651924,3
,,Complementary And Alternative Medicine,-81.57961207,30.24660864,3
,,Flowers And Gifts Store,-81.57961683,30.24703078,5
,,Vision Or Eye Care Clinic,-81.57952826,30.24675454000001,3
,,B2B Transportation And Storage Service,-81.5791944,30.247020599999992,5
,,Arts And Entertainment,-81.57911205437797,30.247836178099828,5
,,Technical Service,-81.57909637000002,30.2483839,5
,,Uncategorized,-81.5790873,30.246783299999997,5
,,Sport Or Fitness Facility,-81.57877392,30.247135729999997,5
,,Real Estate Service,-81.578578,30.247172999999993,5
,,Specialty School,-81.578639,30.247141999999997,5
,,Specialized Health Care,-81.57898634,30.24995872,5
,,Specialized Health Care,-81.57894902,30.25004095,5
,,Uncategorized,-81.5791431,30.248847799999986,5
,,Specialized Medical Facility,-81.579404,30.249063,5
,,Outpatient Care Facility,-81.5787029,30.2547499,5
,,Uncategorized,-81.5787029,30.2547499,5
,,Financial Service,-81.58037,30.258351,5
,,Medical Service,-81.58033558,30.258739769999995,5
,,Behavioral Or Mental Health Clinic,-81.5803729,30.25930593999999,5
,,Travel Service,-81.58032000000001,30.25908,5
,,Financial Service,-81.580192,30.258827,5
,,Uncategorized,-81.580192565918,30.258825302124,5
,,Financial Service,-81.58025411000001,30.258772170000004,5
,,Financial Service,-81.580087,30.258823000000003,5
,,Financial Service,-81.58012324,30.25893771,5
,,Attorney Or Law Firm,-81.58009842,30.259324059999994,5
,,Complementary And Alternative Medicine,-81.58003298,30.259346760000007,5
,,Travel Service,-81.579886,30.25884599999999,5
,,Attorney Or Law Firm,-81.579886,30.25884599999999,5
,,Bank Or Credit Union,-81.5791091918945,30.256196975708,5
,,Vision Or Eye Care Clinic,-81.57894818,30.256076609999987,5
,,Financial Service,-81.57889123,30.256049090000012,5
,,Specialized Health Care,-81.5785952,30.2554149,5
,,Social Or Community Service,-81.5786977818788,30.259515399769857,5
,,Social Or Community Service,-81.5786147385697,30.259591849361186,5
,,Automotive Service,-81.57910400000002,30.262576000000003,5
,,Christian Place Of Worship,-81.57948083480372,30.260195436902233,5
,,Attorney Or Law Firm,-81.580392,30.25921599999999,5
,,Legal Service,-81.58038664018869,30.2589548206325,5
,,Complementary And Alternative Medicine,-81.58042184202571,30.258832029366342,5
,,Attorney Or Law Firm,-81.58047,30.258819999999993,5
,,Civic Organization,-81.58210696,30.263056579999997,5
,,Christian Place Of Worship,-81.58132805,30.265605149999992,5
,,Campground,-81.58149235,30.26966937000001,5
,,Hardware Home And Garden Store,-81.581355,30.277119,5
,,Professional Service,-81.57966065078061,30.279486760887433,5
,,Home Service,-81.57905528177155,30.276177741241835,5
,,Uncategorized,-81.5791778564453,30.27302551269529,5
,,Family Service,-81.57883228865887,30.271412138822196,5
,,Home Service,-81.57874003,30.27150895,5
,,Home Service,-81.57990381,30.2653923,5
,,Home Service,-81.5786984,30.265689180000003,5
,,Real Estate Service,-81.576616,30.271554999999992,5
,,Hardware Home And Garden Store,-81.5760879516602,30.269725799560494,5
,,Christian Place Of Worship,-81.574748,30.267533999999994,5
,,Uncategorized,-81.5759391,30.25774270000001,5
,,Home Service,-81.57759664,30.261882580000005,5
,,Doctor,-81.57826,30.255650000000003,5
,,Specialized Health Care,-81.57826490000001,30.255649200000004,5
,,Doctor,-81.57832142171118,30.255660661929753,5
,,Doctor,-81.57842587,30.25512632,5
,,Specialized Health Care,-81.57840131,30.255140190000002,5
,,Uncategorized,-81.5782906,30.255098299999986,5
,,Specialized Health Care,-81.57827354,30.255573790000003,5
,,Dental Clinic,-81.57817492,30.255204209999995,5
,,Health Care,-81.5781400595072,30.25521704156783,5
,,Doctor,-81.57815531671679,30.25522461432395,5
,,Specialized Health Care,-81.5780415,30.255349999999993,5
,,Doctor,-81.578345,30.25504699999999,5
,,Primary Care Or General Clinic,-81.57836674,30.25507077000001,5
,,Doctor,-81.578368,30.255075999999995,5
,,Specialized Health Care,-81.57837,30.255030000000005,5
,,Doctor,-81.57837,30.255030000000005,5
,,Historic Site,-81.57807427,30.25338541,5
,,Vehicle Service,-81.57844734218087,30.25149013508303,5
,,Surgery,-81.57811883,30.24961532,5
,,Hospital,-81.5780773,30.249035099999993,5
,,Specialty School,-81.57807547,30.248602310000003,5
,,Corporate Or Business Office,-81.5760118049167,30.24969660766605,5
,,Electronics Store,-81.57607655572221,30.249803332555544,5
,,Music Venue,-81.57626875839308,30.241551747667106,3
,,Farm,-81.5764,30.239619999999995,3
,,Radio Station,-81.57546601216507,30.241793887020446,3
,,Christian Place Of Worship,-81.577698,30.233365999999997,3
,,Coffee Shop,-81.577830448442,30.2334138053,3
,,Religious Organization,-81.57782880197016,30.233400891000212,3
,,Social Or Community Service,-81.57782880197016,30.233400891000212,3
,,Technical Service,-81.5776363,30.229609899999996,3
,,Animal Or Pet Service,-81.5776363,30.229609899999996,3
,,Corporate Or Business Office,-81.57838916920603,30.229249941824545,3
,,Corporate Or Business Office,-81.57845459252292,30.229234872595768,3
,,Outpatient Care Facility,-81.57845459252292,30.229234872595768,3
,,Christian Place Of Worship,-81.57809385,30.2329277,3
,,Religious Organization,-81.578017,30.233041000000004,3
,,Christian Place Of Worship,-81.57772432,30.24170432,3
,,Dog Park,-81.57737174405337,30.239455739277943,3
,,Hotel,-81.577,30.237999999999996,3
,,Radio Station,-81.57669424,30.241524400000003,3
,,Media Service,-81.576674,30.241630999999995,3
,,Radio Station,-81.576739,30.241615,3
,,Corporate Or Business Office,-81.57673939465757,30.241615442543385,3
,,Radio Station,-81.57683074,30.2416998,3
,,Radio Station,-81.57679631,30.241636860000003,3
,,Electronics Store,-81.576984,30.241617,3
,,Media Service,-81.57700399063818,30.241828382633784,3
,,Radio Station,-81.57706831,30.241679640000005,3
,,Media Service,-81.57709,30.24156,3
,,Event Or Party Service,-81.57740534000001,30.242701600000007,3
,,Building Or Construction Service,-81.576923,30.242891999999994,3
,,Building Or Construction Service,-81.5775977,30.242885799999993,3
,,Professional Service,-81.577727,30.242981999999998,3
,,Electronics Store,-81.57805969,30.24293764999999,3
,,Supplier Or Distributor,-81.5790577,30.2421914,3
,,Supplier Or Distributor,-81.5787745,30.2417431,3
,,Doctor,-81.57878803469569,30.241717284607365,3
,,Professional Service,-81.57918557406616,30.242052402074673,3
,,Uncategorized,-81.57986517236242,30.24158399634577,3
,,Technical Service,-81.580366,30.24175500000001,3
,,Uncategorized,-81.5803,30.241809999999997,3
,,Building Or Construction Service,-81.58001,30.243150000000004,3
,,Convenience Store,-81.58022894414371,30.245858679160115,3
,,B2B Service,-81.5806377,30.246364699999997,3
,,Corporate Or Business Office,-81.58084165,30.24308916,3
,,Home Service,-81.5815442,30.246278799999992,3
,,Christian Place Of Worship,-81.58186911,30.24567842000001,3
,,Fast Food Restaurant,-81.58202593349652,30.245559711204777,3
,,Home Service,-81.58200139,30.24577298,3
,,Technical Service,-81.582155,30.2460563,3
,,Real Estate Service,-81.58185146000001,30.243352719999997,3
,,Uncategorized,-81.5820306,30.24333530000001,3
,,Professional Service,-81.58201006923699,30.243269417703935,3
,,Corporate Or Business Office,-81.58201006923699,30.243269417703935,3
,,Professional Service,-81.58201,30.243269,3
,,Home Service,-81.58203362,30.24333966,3
,,Social Or Community Service,-81.58203162,30.243330890000006,3
,,Historic Site,-81.58189881,30.242146980000005,3
,,B2B Office And Professional Service,-81.5817698,30.243232499999998,3
,,Office Supply Store,-81.5817698,30.243232499999998,3
,,Home Service,-81.581646,30.240462000000004,3
,,Home Service,-81.58179,30.240050000000004,3
,,Home Service,-81.582148,30.240657,3
,,Specialty Store,-81.5822003,30.24024210000001,3
,,Home Service,-81.5822003,30.24024210000001,3
,,Hardware Home And Garden Store,-81.58184029075522,30.23981022370273,3
,,Specialty Store,-81.58175127,30.239880189999994,3
,,Home Service,-81.58172,30.23994,3
,,Specialty School,-81.58121157105819,30.238812391059973,3
,,Home Service,-81.58088476831996,30.240197601631458,3
,,B2B Transportation And Storage Service,-81.58073216,30.24041507999999,3
,,Restaurant,-81.58080717,30.240646019999996,3
,,Home Service,-81.580696,30.237733999999993,3
,,Professional Service,-81.58139450718602,30.237456302406,3
,,Government Office,-81.58212077,30.234486200000003,3
,,Financial Service,-81.582203,30.234394999999996,3
,,Travel Service,-81.58199057,30.23444080999999,3
,,Restaurant,-81.581589,30.234205000000003,3
,,Technical Service,-81.581619,30.234183,3
,,Real Estate Service,-81.58163718164428,30.234299666685118,3
,,Uncategorized,-81.5817786,30.234133600000003,3
,,Technical Service,-81.5817729,30.23412452,3
,,Uncategorized,-81.5822723,30.232717199999993,3
,,Financial Service,-81.58183460134288,30.230234148312757,3
,,Financial Service,-81.5820272,30.230830200000003,3
,,Financial Service,-81.58205062,30.23083775,3
,,Financial Service,-81.58205357,30.23083670999999,3
,,Financial Service,-81.582081,30.230864999999994,3
,,Professional Service,-81.58208143856027,30.230865492749878,3
,,Uncategorized,-81.582099,30.230807,3
,,Doctor,-81.582099,30.230804000000003,3
,,Restaurant,-81.58209903439182,30.230804089450867,3
,,Government Office,-81.582119,30.230793000000002,3
,,Professional Service,-81.58214686559909,30.23085042207297,3
,,Financial Service,-81.58216446140686,30.23078901873449,3
,,Financial Service,-81.58218012,30.23083457000001,3
,,Financial Service,-81.58218519,30.230834369999986,3
,,Building Or Construction Service,-81.58218417,30.23083915,3
,,Government Office,-81.582184,30.230842999999997,3
,,Financial Service,-81.58228579,30.23052664,3
,,Financial Service,-81.58225534,30.230614360000008,3
,,Medical Service,-81.5822566,30.23060377,3
,,Physical Medicine And Rehabilitation,-81.58176917490707,30.2302492190933,3
,,Real Estate Service,-81.58166941,30.230291259999998,3
,,Social Or Community Service,-81.58158008663024,30.22920312327034,3
,,Financial Service,-81.58151466100368,30.229218194384583,3
,,Corporate Or Business Office,-81.58139,30.229275000000005,3
,,Books Music And Video Store,-81.580398,30.232687,3
,,Place Of Learning,-81.58049,30.232720000000008,3
,,B2B Service,-81.579737,30.229751999999994,3
,,Food And Beverage Store,-81.57970035598966,30.229578764524025,3
,,Family Service,-81.57971,30.229669999999995,3
,,Real Estate Service,-81.57973891,30.22957659999999,3
,,Bank Or Credit Union,-81.5796113,30.229342600000003,3
,,Financial Service,-81.57952377,30.229658050000012,3
,,Christian Place Of Worship,-81.57945963,30.23003274,3
,,Jewish Place Of Worship,-81.57950913,30.23002693,3
,,Specialty School,-81.57942935,30.230601990000004,3
,,Education,-81.5799783,30.232930499999995,3
,,Attorney Or Law Firm,-81.580381,30.232747999999997,3
,,Hardware Home And Garden Store,-81.57994199,30.235290019999994,3
,,Hardware Home And Garden Store,-81.57973782205268,30.235738534893187,3
,,Hardware Home And Garden Store,-81.5792515,30.235091800000003,3
,,B2B Office And Professional Service,-81.579234,30.235091999999998,3
,,College University,-81.57928106,30.2318422,3
,,Professional Service,-81.578961,30.230667,3
,,Financial Service,-81.579031,30.23063700000001,3
,,B2B Office And Professional Service,-81.579019,30.230649,3
,,Fashion And Apparel Store,-81.579005,30.230657699999995,3
,,Real Estate Service,-81.5790071,30.230655300000002,3
,,Medical Service,-81.57899807,30.230682919999996,3
,,Park,-81.579015,30.230698000000007,3
,,Technical Service,-81.5790740908946,30.230697945176367,3
,,Real Estate Service,-81.57941100000001,30.23028499999999,3
,,B2B Office And Professional Service,-81.5793867,30.2297214,3
,,B2B Office And Professional Service,-81.57939547,30.22939042,3
,,Building Or Construction Service,-81.57940865,30.22937969,3
,,Financial Service,-81.57889957,30.230393519999996,3
,,Financial Service,-81.57889326,30.23039937000001,3
,,Financial Service,-81.57883888,30.230600910000003,3
,,Real Estate Service,-81.57892434,30.230527859999988,3
,,Professional Service,-81.5788178,30.230779889999997,3
,,B2B Office And Professional Service,-81.5784943,30.230921,3
,,B2B Office And Professional Service,-81.5784943,30.230921,3
,,Park,-81.578551,30.22903429999999,3
,,Health Care,-81.5785059,30.227307800000013,3
,,Corporate Or Business Office,-81.57863374,30.227803380000008,3
,,Corporate Or Business Office,-81.57887194746309,30.22799176386816,3
,,Real Estate Service,-81.57915890762091,30.22826975678949,3
,,Real Estate Service,-81.57922289,30.22789333,3
,,Financial Service,-81.579127,30.22785808,3
,,Health Care,-81.5791,30.227978000000004,3
,,Manufacturer,-81.578937,30.227977,3
,,Real Estate Service,-81.57895496677449,30.22791529148941,3
,,Personal Or Beauty Service,-81.578594,30.222142999999992,3
,,Personal Or Beauty Service,-81.57849,30.222069999999995,3
,,Specialty Store,-81.57852,30.221840000000007,3
,,Restaurant,-81.57856289081793,30.221181059409336,3
,,Restaurant,-81.5785739,30.2211227,3
,,Restaurant,-81.57848939,30.22115535,3
,,Restaurant,-81.5785487,30.220876999999998,3
,,Restaurant,-81.57859311858662,30.22128879365936,3
,,Restaurant,-81.57859311858662,30.22128879365936,3
,,Uncategorized,-81.5787172,30.2222489,3
,,Christian Place Of Worship,-81.57899284,30.22227762,3
,,Christian Place Of Worship,-81.57899284,30.22227762,3
,,Music Venue,-81.579034042396,30.221786743676002,3
,,Restaurant,-81.5789986848831,30.221129682200903,3
,,Fast Food Restaurant,-81.57894164000001,30.221111620000002,3
,,Office Supply Store,-81.5792928,30.220735899999994,3
,,Restaurant,-81.579336,30.221322000000008,3
,,Printing Service,-81.57937135,30.22206143,3
,,Professional Service,-81.579666,30.224368,3
,,Corporate Or Business Office,-81.57973144037031,30.22435280420844,3
,,Jewish Place Of Worship,-81.579602,30.222031000000005,3
,,Home Service,-81.57987,30.22132,3
,,Christian Place Of Worship,-81.57987,30.22132,3
,,Christian Place Of Worship,-81.57987,30.22132,3
,,Personal Or Beauty Service,-81.57987,30.22132,3
,,Gym,-81.579846,30.222032,3
,,Home Service,-81.5797086,30.221880399999993,3
,,Specialty Store,-81.5797116,30.222073200000004,3
,,Technical Service,-81.5798642,30.222209099990003,3
,,Gym,-81.58001633,30.222634530000004,3
,,Event Or Party Service,-81.58012454,30.222367969999986,3
,,B2B Transportation And Storage Service,-81.5800933837891,30.222019195556605,3
,,Home Service,-81.5801010131836,30.22186660766599,3
,,Supplier Or Distributor,-81.5801010131836,30.22186660766599,3
,,Home Service,-81.580108,30.221906,3
,,B2B Transportation And Storage Service,-81.580076,30.22165500000001,3
,,Food And Beverage Store,-81.579976,30.221810000000005,3
,,Electronics Store,-81.579976,30.221810000000005,3
,,Hardware Home And Garden Store,-81.579976,30.221810000000005,3
,,Professional Service,-81.580011,30.221521080000002,3
,,Diagnostics Imaging Or Lab Service,-81.58001269,30.221310039999995,3
,,Uncategorized,-81.580093,30.220864,3
,,Professional Service,-81.5800191729729,30.2214471812932,3
,,Printing Service,-81.58011479,30.221491270000012,3
,,Corporate Or Business Office,-81.58025969,30.22129334,3
,,Design Service,-81.58016332,30.221183400000005,3
,,Complementary And Alternative Medicine,-81.58027642247208,30.220958282613505,3
,,Printing Service,-81.58036097,30.2211968,3
,,Diagnostics Imaging Or Lab Service,-81.58033401,30.22129109999999,3
,,Home Service,-81.580335,30.221299999999992,3
,,Pharmacy And Drug Store,-81.580328,30.22115339999999,3
,,Personal Or Beauty Service,-81.580302,30.221296999999996,3
,,Religious Organization,-81.580242,30.222450999999992,3
,,Casual Eatery,-81.580368,30.22661200000001,3
,,Diagnostics Imaging Or Lab Service,-81.580368,30.22661200000001,3
,,Home Service,-81.57996879257568,30.226936208219687,3
,,Real Estate Service,-81.579791,30.227196999999993,3
,,Real Estate Service,-81.57976260166906,30.22744250290687,3
,,Pharmacy And Drug Store,-81.57993360075655,30.227059014311934,3
,,Restaurant,-81.579984,30.226997000000004,3
,,Home Service,-81.5799865722656,30.227033615112305,3
,,Professional Service,-81.5799927,30.227005700000003,3
,,Professional Service,-81.579993,30.226986,3
,,Real Estate Service,-81.58009,30.227469999999993,3
,,Real Estate Service,-81.58016147,30.227981589999995,3
,,Corporate Or Business Office,-81.58035812,30.22780704,3
,,Government Office,-81.580354,30.227936999999987,3
,,Place Of Learning,-81.58071652,30.227270290000003,3
,,Bank Or Credit Union,-81.580661,30.227293000000003,3
,,Home Service,-81.58066557,30.227376890000002,3
,,Professional Service,-81.58066005,30.227378750000007,3
,,Specialty Store,-81.5806671,30.227374369999996,3
,,Financial Service,-81.58068,30.22739,3
,,Social Or Community Service,-81.58068,30.22739,3
,,Uncategorized,-81.58068,30.22739,3
,,Physical Medicine And Rehabilitation,-81.58064169,30.22742044,3
,,Attorney Or Law Firm,-81.5807286,30.226713499999995,3
,,Real Estate Service,-81.5807062,30.226866399999995,3
,,Uncategorized,-81.581301,30.226170999999997,3
,,Christian Place Of Worship,-81.58129,30.226219999999998,3
,,Professional Service,-81.58129023,30.226186500000008,3
,,Professional Service,-81.581214,30.226244999999995,3
,,Uncategorized,-81.5813159,30.2271808,3
,,Professional Service,-81.58123487733107,30.227848892555215,3
,,Corporate Or Business Office,-81.58123487733107,30.227848892555215,3
,,Bank Or Credit Union,-81.5811981,30.2279121,3
,,Christian Place Of Worship,-81.58119968604345,30.227971699598175,3
,,Financial Service,-81.58115331,30.22792687999999,3
,,Uncategorized,-81.5809747,30.22707759999999,3
,,B2B Service,-81.5809747,30.22707759999999,3
,,Real Estate Service,-81.58099,30.228059999999996,3
,,Corporate Or Business Office,-81.581562,30.228180000000002,3
,,Corporate Or Business Office,-81.58152,30.228240000000003,3
,,Professional Service,-81.58151,30.228209999999997,3
,,Uncategorized,-81.581474,30.228247,3
,,Arts And Entertainment,-81.5814743041992,30.228242874145497,3
,,Building Or Construction Service,-81.5816024,30.227583899999992,3
,,Military Site,-81.58165787,30.226986159999992,3
,,Golf Course,-81.58169003,30.228118669999997,3
,,Golf Course,-81.58166225,30.22809824000001,3
,,Uncategorized,-81.58168566075437,30.228834702368783,3
,,Media Service,-81.58159344,30.229044200000004,3
,,Real Estate Service,-81.58159485,30.229049129999996,3
,,Professional Service,-81.5815956,30.229040229999992,3
,,Real Estate Service,-81.581692752003,30.228891164660002,3
,,Financial Service,-81.58171,30.228990000000003,3
,,Real Estate Service,-81.58173417,30.228689900000003,3
,,B2B Office And Professional Service,-81.58176,30.228809999999992,3
,,Government Office,-81.58176821,30.228811929999992,3
,,Government Office,-81.58191315,30.228795499999997,3
,,Community And Government,-81.58185301,30.228723469999995,3
,,Professional Service,-81.58227,30.228489999999994,3
,,Professional Service,-81.5822213,30.228007300000005,3
,,Financial Service,-81.58188008,30.22634498,3
,,Financial Service,-81.581968914238,30.226175336453995,3
,,Corporate Or Business Office,-81.58212537,30.226978179999993,3
,,Uncategorized,-81.581727548778,30.2261295837231,3
,,Financial Service,-81.58179,30.226220000000005,3
,,Cafe,-81.5816228,30.226812360000004,3
,,Government Office,-81.5815,30.22652,3
,,Government Office,-81.581388,30.22664899999999,3
,,Animal Or Pet Service,-81.5817718,30.220828400000006,3
,,Animal Or Pet Service,-81.58170875240647,30.220978810762933,3
,,Animal Or Pet Service,-81.5816331,30.221041639999996,3
,,Animal Or Pet Service,-81.5816303,30.221489039999998,3
,,Animal Or Pet Service,-81.5816958392741,30.221548824681975,3
,,Animal Or Pet Service,-81.58177117352625,30.221072656549797,3
,,Storage Facility,-81.58146,30.22195000000001,3
,,Corporate Or Business Office,-81.58149003982544,30.220675400539108,3
,,Storage Facility,-81.58135949,30.22095272,3
,,Professional Service,-81.58092777,30.22224478,3
,,Complementary And Alternative Medicine,-81.580825,30.22117600000001,3
,,Restaurant,-81.58040983,30.221203350000007,3
,,Fashion And Apparel Store,-81.58055,30.220259999999993,3
,,Lounge,-81.58055949,30.22031709,3
,,Place Of Learning,-81.58068913,30.21843094,3
,,Preschool,-81.580677,30.218522,3
,,Home Service,-81.580469,30.218854000000007,3
,,Financial Service,-81.58039639495613,30.218407211024804,3
,,Dental Clinic,-81.58127408,30.21873687999999,3
,,Dental Clinic,-81.5812778,30.218764699999998,3
,,Dental Clinic,-81.58121932677155,30.218733725520607,3
,,Casual Eatery,-81.58107137787738,30.2203162965609,3
,,Electronics Store,-81.58111184,30.220459740000006,3
,,Religious Organization,-81.5815,30.22031,3
,,Restaurant,-81.58149756,30.22038674,3
,,Electronics Store,-81.58145424885477,30.21972165301904,3
,,Hotel,-81.58143046,30.21977669,3
,,Coffee Shop,-81.5813747,30.219728300000003,3
,,Dental Clinic,-81.5817,30.218560000000004,3
,,Financial Service,-81.58173952,30.219212689999996,3
,,Restaurant,-81.58211314600871,30.2203056380346,3
,,Casual Eatery,-81.58211314600871,30.2203056380346,3
,,Dental Clinic,-81.58217294,30.218968709999984,3
,,Dental Clinic,-81.58222093865375,30.21907641570183,3
,,Wellness Service,-81.58200167,30.21883191,3
,,Complementary And Alternative Medicine,-81.58191592,30.218765389999994,3
,,Hospital,-81.58191,30.218750000000004,3
,,Surgery,-81.58183374,30.218488109999992,3
,,Financial Service,-81.58192465,30.218025629999996,3
,,Uncategorized,-81.58175,30.216489999999993,3
,,Surgery,-81.581563,30.218233,3
,,Gas Station,-81.58157,30.214881,3
,,Convenience Store,-81.58168276,30.21483653000001,3
,,Hardware Home And Garden Store,-81.5818727,30.214050649999997,3
,,Hardware Home And Garden Store,-81.5818727,30.214050649999997,3
,,Home Service,-81.5818727,30.214050649999997,3
,,Home Service,-81.5820585,30.21396044999999,3
,,Taxi Or Ride Share Service,-81.5820585,30.21396044999999,3
,,Education,-81.58204747092203,30.212004754209143,3
,,Hardware Home And Garden Store,-81.58187,30.211879999999994,3
,,Sporting Goods Store,-81.58178580859669,30.212065071932088,3
,,Sporting Goods Store,-81.581786,30.212065000000003,3
,,Vehicle Parts Store,-81.58179512,30.212089009999996,3
,,Hardware Home And Garden Store,-81.58172039311452,30.212080151247218,3
,,Christian Place Of Worship,-81.58170258,30.21215209,3
,,Home Service,-81.5815451,30.212139889999992,3
,,Sport Or Recreation Club,-81.58151603,30.2120021,3
,,Home Service,-81.58138068017698,30.211986404008968,3
,,Casual Eatery,-81.579868,30.21424620000001,3
,,Historic Site,-81.57984488,30.21449265000001,3
,,Apartment,-81.5797744,30.214306400000012,3
,,Home Service,-81.5795,30.214199999999995,3
,,Uncategorized,-81.57997325,30.214102860000004,3
,,Specialty Store,-81.580318,30.217053999999994,3
,,Event Or Party Service,-81.57990995,30.218225149999984,3
,,Uncategorized,-81.5801371,30.218040099999993,3
,,Real Estate Service,-81.5801371,30.218040099999993,3
,,Uncategorized,-81.5803586,30.218036699999995,3
,,Financial Service,-81.58016,30.21876,3
,,Hardware Home And Garden Store,-81.58016,30.21876,3
,,Home Service,-81.5801724,30.218743179999993,3
,,Christian Place Of Worship,-81.58017758616757,30.218744388004943,3
,,Restaurant,-81.57995856,30.21997568,3
,,Rental Service,-81.579914,30.219261999999993,3
,,Storage Facility,-81.57991335,30.219251909999993,3
,,Corporate Or Business Office,-81.579926,30.218397000000007,3
,,Media Service,-81.57990538,30.21840436,3
,,Specialty School,-81.579907,30.218407999999986,3
,,Gym,-81.579858,30.219218999999995,3
,,Storage Facility,-81.5799,30.219329999999992,3
,,Personal Or Beauty Service,-81.5797614,30.220017530000007,3
,,Restaurant,-81.57972826,30.220052539999994,3
,,Fast Food Restaurant,-81.57959836,30.220389380000004,3
,,Personal Or Beauty Service,-81.57957976,30.220008249999992,3
,,Casual Eatery,-81.57949349,30.22000553,3
,,Uncategorized,-81.579479,30.22032699999999,3
,,Convenience Store,-81.579479,30.22032699999999,3
,,Rental Service,-81.579479,30.22032699999999,3
,,Restaurant,-81.57946967000001,30.22002407000001,3
,,Casual Eatery,-81.579459,30.219928700000004,3
,,Restaurant,-81.579475,30.219906999999992,3
,,Uncategorized,-81.578976,30.218198,3
,,Professional Service,-81.57922626,30.21774882,3
,,B2B Service,-81.57927825,30.21774867,3
,,Outpatient Care Facility,-81.5793442864528,30.21738795680209,3
,,Home Service,-81.5793787,30.218047,3
,,Electronics Store,-81.579415,30.219917999999996,3
,,Personal Care And Beauty Store,-81.57921298,30.219978259999994,3
,,Restaurant,-81.579238,30.219771,3
,,Restaurant,-81.57925948212578,30.219816206511755,3
,,Christian Place Of Worship,-81.57883133018352,30.21853846688283,3
,,College University,-81.57873568576254,30.21844580702313,3
,,Restaurant,-81.57886697317973,30.219906650720123,3
,,Discount Store,-81.57890246,30.219932049999993,3
,,Supplier Or Distributor,-81.57893239123818,30.219891576801018,3
,,Food And Beverage Store,-81.5788909,30.22008999999999,3
,,Personal Or Beauty Service,-81.5787683,30.219986699999996,3
,,Restaurant,-81.578802,30.219899000000005,3
,,Restaurant,-81.57862734,30.220016550000004,3
,,Personal Or Beauty Service,-81.5786212,30.219995199999993,3
,,Personal Or Beauty Service,-81.57856103,30.219996729999995,3
,,Personal Or Beauty Service,-81.57852286479,30.22019199713,3
,,Fast Food Restaurant,-81.57855676,30.21990039,3
,,Condominium,-81.57848304823163,30.2150630258013,3
,,Food Truck Stand,-81.57855342594617,30.21481740521366,3
,,Apartment,-81.5782439,30.214907500000006,3
,,Bank Or Credit Union,-81.5768927,30.220413499999985,3
,,Uncategorized,-81.5771601,30.219063199999997,3
,,Hotel,-81.57735352000002,30.219274159999998,3
,,Restaurant,-81.577385,30.22009300000001,3
,,Uncategorized,-81.57796885836801,30.218425750142234,3
,,Behavioral Or Mental Health Clinic,-81.577782,30.218479000000002,3
,,Hotel,-81.57760641,30.21912682,3
,,Resort,-81.57759300000001,30.219150000000003,3
,,Hotel,-81.577578,30.219285999999993,3
,,Doctor,-81.57763862619528,30.21778730157037,3
,,Specialized Health Care,-81.57766658,30.217653329999994,3
,,Specialized Health Care,-81.5775317,30.2174408,3
,,Uncategorized,-81.57755106695404,30.217378550877132,3
,,Uncategorized,-81.5779796,30.218058699999993,3
,,Home Service,-81.57845868,30.217567559999996,3
,,Wellness Service,-81.57845222,30.217577070000004,3
,,Vehicle Service,-81.57845213,30.21843409,3
,,Lounge,-81.5783036,30.219932209999993,3
,,Bar,-81.57836500000002,30.219883999999997,3
,,Bar,-81.57834346819406,30.220202770562786,3
,,Restaurant,-81.57841086387633,30.220517218844158,3
,,Personal Or Beauty Service,-81.57841000000002,30.220999999999993,3
,,Personal Or Beauty Service,-81.578384,30.222040000000003,3
,,Professional Service,-81.57834818,30.222237850000006,3
,,Specialty School,-81.57832241,30.22230095,3
,,Medical Service,-81.57786143,30.221190009999997,3
,,Dance Club,-81.5778054175,30.221213889000005,3
,,Professional Service,-81.5783081,30.227544800000008,3
,,Christian Place Of Worship,-81.57836072,30.22801448,3
,,Event Or Party Service,-81.57840426,30.228207889999997,3
,,Animal Or Pet Service,-81.578099,30.229021,3
,,Financial Service,-81.57799927,30.227564029999996,3
,,College University,-81.57797303,30.228329969999994,3
,,Financial Service,-81.5779785,30.228325699999985,3
,,Medical Service,-81.5779785,30.228325699999985,3
,,Technical Service,-81.57797709,30.22832854,3
,,Financial Service,-81.5778643,30.228279300000004,3
,,Building Or Construction Service,-81.5778643,30.228279300000004,3
,,Educational Service,-81.57779878,30.22856653,3
,,Specialty School,-81.577776,30.228269,3
,,Convenience Store,-81.57702000000002,30.221290000000003,3
,,Convenience Store,-81.57704688000001,30.221183929999995,3
,,Gas Station,-81.57707,30.22120499999999,3
,,Bank Or Credit Union,-81.5770269,30.22089619999999,3
,,Bank Or Credit Union,-81.5770269,30.22089619999999,3
,,Real Estate Service,-81.57671,30.222500000000004,3
,,Historic Site,-81.57607839,30.222105130000006,3
,,Personal Or Beauty Service,-81.5762149,30.220625100000003,3
,,Resort,-81.57583770000001,30.2219537,3
,,Professional Service,-81.5759817858704,30.22315209696508,3
,,Corporate Or Business Office,-81.57584407315385,30.223156020080598,3
,,Legal Service,-81.57610423,30.223203859999998,3
,,Casual Eatery,-81.57500240758209,30.221026466144327,3
,,Restaurant,-81.5748753,30.2209261,3
,,Restaurant,-81.57490700000001,30.221306000000002,3
,,Fast Food Restaurant,-81.57600382,30.220155560000002,3
,,Atm,-81.57608032226562,30.220283508300774,3
,,Atm,-81.5760829,30.22028309999999,3
,,Convenience Store,-81.576223,30.220397999999992,3
,,Professional Service,-81.57583,30.21256999999999,3
,,Financial Service,-81.5732457,30.215054270000003,3
,,Real Estate Service,-81.5732655,30.21507213999999,3
,,Financial Service,-81.573493768239,30.215399460113,3
,,Restaurant,-81.57323420047754,30.22027212362756,3
,,Specialty Store,-81.573294,30.220016000000008,3
,,Resort,-81.5736694335938,30.2195243835449,3
,,Restaurant,-81.5738571752614,30.220066318265896,3
,,Gas Station,-81.57387754,30.220472820000005,3
,,Convenience Store,-81.573928,30.220298999999997,3
,,Food And Beverage Store,-81.5744362,30.2213592,3
,,Hotel,-81.57457663,30.222217989999994,3
,,Personal Or Beauty Service,-81.57425000000002,30.22229,3
,,Hotel,-81.57410457468889,30.222666991960907,3
,,Vehicle Dealer,-81.574608,30.223269,3
,,Vehicle Dealer,-81.57453770000001,30.22331700000001,3
,,Vehicle Dealer,-81.5734859,30.22144242,3
,,Vehicle Dealer,-81.5733341127634,30.221004858613018,3
,,Sporting Goods Store,-81.5732267,30.2209363,3
,,Financial Service,-81.5708537,30.223256300000003,3
,,Wellness Service,-81.57085987,30.223253070000005,3
,,Financial Service,-81.57083,30.223220000000005,3
,,Personal Or Beauty Service,-81.57083,30.223220000000005,3
,,Financial Service,-81.57083,30.223220000000005,3
,,Personal Or Beauty Service,-81.57079578,30.223165439999995,3
,,Resort,-81.5710314,30.217339899999995,3
,,Hotel,-81.571107,30.217566000000005,3
,,Hotel,-81.57109867,30.217704400000006,3
,,Police Station,-81.571596,30.216509,3
,,Hotel,-81.57199571,30.21888202,3
,,Muslim Place Of Worship,-81.57257767,30.220131119999998,3
,,Resort,-81.572431,30.219384000000005,3
,,Hotel,-81.57236234,30.21929341,3
,,Apartment,-81.57207417,30.218097150000002,3
,,Food And Beverage Store,-81.572472,30.213867999999998,3
,,Real Estate Service,-81.5725641,30.213816599999998,3
,,Media Service,-81.57011,30.214490000000005,3
,,Hotel,-81.57055054548941,30.21694827745342,3
,,Uncategorized,-81.570623,30.217363000000002,3
,,Financial Service,-81.56969878,30.216179890000006,3
,,Professional Service,-81.5695419311523,30.216192245483413,3
,,Cafe,-81.569515,30.216193,3
,,College University,-81.56950631781642,30.21632867913241,3
,,Automotive Service,-81.569506,30.216329000000005,3
,,Food Service,-81.56947534,30.216270780000006,3
,,Uncategorized,-81.56948400000002,30.216246000000005,3
,,Dental Clinic,-81.569499,30.21626,3
,,Corporate Or Business Office,-81.56947610412576,30.21622094937449,3
,,Financial Service,-81.569476,30.216221000000004,3
,,Uncategorized,-81.5694779,30.216271500000005,3
,,Uncategorized,-81.5694779,30.216271500000005,3
,,Uncategorized,-81.5694779,30.216271500000005,3
,,Uncategorized,-81.5694779,30.216271500000005,3
,,Medical Service,-81.56946304,30.216282050000007,3
,,Building Or Construction Service,-81.569428,30.216174999999993,3
,,Fast Food Restaurant,-81.5691757,30.2204241,3
,,Fast Food Restaurant,-81.56913149,30.220445830000006,3
,,Christian Place Of Worship,-81.568973933,30.219813307999992,3
,,Building Or Construction Service,-81.5694771,30.213579599999996,3
,,Government Office,-81.56916447,30.21312106,3
,,Courthouse,-81.56917004,30.21309312,3
,,Technical Service,-81.56918802,30.213139999999996,3
,,Professional Service,-81.56912319010776,30.212976223437856,3
,,Government Office,-81.569134,30.213012000000006,3
,,Rail Facility Or Service,-81.5682975,30.21439300000001,3
,,Hotel,-81.5678683,30.2181757,3
,,Resort,-81.5678683,30.2181757,3
,,Storage Facility,-81.56704873000001,30.21626098,3
,,Restaurant,-81.56780004,30.220477750000008,3
,,Hotel,-81.56833690304332,30.21849047794604,3
,,Hotel,-81.56831426,30.218373440000008,3
,,Hotel,-81.56855101344358,30.218550259231755,3
,,Gas Station,-81.56851522,30.220459869999996,3
,,Supplier Or Distributor,-81.5685344,30.2204181,3
,,Hotel,-81.56868036654754,30.22020255928576,3
,,Restaurant,-81.56864225,30.2197876,3
,,Event Or Party Service,-81.56864646,30.21978984,3
,,Event Or Party Service,-81.56864937,30.219781319999992,3
,,Hotel,-81.56863405017461,30.219798296825868,3
,,Restaurant,-81.5686854,30.219771799999997,3
,,Hotel,-81.56878388,30.21991497,3
,,Real Estate Service,-81.568741,30.220436999999993,3
,,Atm,-81.5687431,30.220791699999985,3
,,Corporate Or Business Office,-81.56868863,30.220805869999996,3
,,Family Service,-81.5686318,30.220554599999993,3
,,Financial Service,-81.568576,30.220517000000005,3
,,Real Estate Service,-81.56841,30.220679999999994,3
,,Supplier Or Distributor,-81.568426,30.22133790000001,3
,,Convenience Store,-81.56840093,30.221357759999997,3
,,Gas Station,-81.56847946,30.221347809999994,3
,,Uncategorized,-81.5685806274414,30.22190284729,3
,,Professional Service,-81.568572,30.221934000000005,3
,,Wellness Service,-81.56852545,30.22192344,3
,,Real Estate Service,-81.56853614,30.221947189999998,3
,,Specialized Health Care,-81.56852978,30.22192164,3
,,Specialized Health Care,-81.5685441,30.222114200000007,3
,,Uncategorized,-81.5685441,30.222114200000007,3
,,Financial Service,-81.56850049,30.221912169999992,3
,,Personal Or Beauty Service,-81.56850747000001,30.22191215,3
,,Real Estate Service,-81.5685061,30.22188956,3
,,Wellness Service,-81.56850608,30.221883630000004,3
,,Atm,-81.56851196289062,30.22161102294923,3
,,Real Estate Service,-81.56838703,30.221920819999998,3
,,Auto Dealer,-81.56844077678826,30.22196456138758,3
,,Real Estate Service,-81.56844077678826,30.22196456138758,3
,,Financial Service,-81.56846283,30.22188085,3
,,Professional Service,-81.56846408000001,30.221880450000004,3
,,Uncategorized,-81.568840026855,30.223065151840995,3
,,Uncategorized,-81.56884765625,30.223130001822007,3
,,Personal Or Beauty Service,-81.56881159,30.222958210000012,3
,,Dental Clinic,-81.56881557,30.222959839999998,3
,,Personal Or Beauty Service,-81.56881116,30.222952079999992,3
,,Personal Or Beauty Service,-81.56881014,30.22295926,3
,,Personal Or Beauty Service,-81.56881555,30.22295868,3
,,Personal Or Beauty Service,-81.56881652,30.222954280000003,3
,,Personal Or Beauty Service,-81.56881312,30.222956789999987,3
,,Personal Or Beauty Service,-81.56881231,30.222951870000003,3
,,Wellness Service,-81.56881302,30.2229513,3
,,Personal Or Beauty Service,-81.56881291000002,30.22295310999999,3
,,Personal Or Beauty Service,-81.56877423,30.22297547000001,3
,,Personal Or Beauty Service,-81.56877359,30.222975560000002,3
,,Personal Or Beauty Service,-81.56877225,30.22297684999999,3
,,Personal Or Beauty Service,-81.56877107,30.22297367,3
,,Lake,-81.56853,30.22313,3
,,Hotel,-81.568169,30.223976999999998,3
,,Behavioral Or Mental Health Clinic,-81.56805382,30.222950970000003,3
,,Corporate Or Business Office,-81.56808284,30.222950680000004,3
,,Financial Service,-81.56827422,30.22193108,3
,,Real Estate Service,-81.56827892,30.22193207999999,3
,,Real Estate Service,-81.56827842000001,30.221930300000007,3
,,Personal Or Beauty Service,-81.56827783,30.221933090000004,3
,,Home Service,-81.5683,30.221929999999993,3
,,Real Estate Service,-81.56830995385786,30.22199469466975,3
,,Real Estate Service,-81.56836228,30.221887599999995,3
,,Restaurant,-81.56783,30.221389999999996,3
,,Fast Food Restaurant,-81.5678162,30.2213395,3
,,Fast Food Restaurant,-81.56784200000001,30.221330999999992,3
,,Family Service,-81.56766082709731,30.221914834511526,3
,,Preschool,-81.56769,30.221839999999997,3
,,Bank Or Credit Union,-81.5671937,30.221332429999997,3
,,Financial Service,-81.5671992,30.220981099999992,3
,,Bank Or Credit Union,-81.5671992,30.220981099999992,3
,,Bank Or Credit Union,-81.5671992,30.220981099999992,3
,,Dental Clinic,-81.5671057,30.2224215,3
,,Uncategorized,-81.5671057,30.2224215,3
,,Behavioral Or Mental Health Clinic,-81.56715174,30.222329329999997,3
,,Personal Or Beauty Service,-81.56715199,30.22264516000001,3
,,Financial Service,-81.56718976,30.22264891000001,3
,,Medical Service,-81.56719359,30.222606669999998,3
,,Wellness Service,-81.56718602,30.22240311,3
,,Home Service,-81.56720291,30.222494470000004,3
,,Financial Service,-81.56719388,30.22257855,3
,,Wellness Service,-81.56721298,30.22260223,3
,,Legal Service,-81.567289,30.222574,3
,,Dental Clinic,-81.5672861,30.222522799999997,3
,,Behavioral Or Mental Health Clinic,-81.5673529,30.222605300000005,3
,,Wellness Service,-81.567278,30.222802999999992,3
,,Print Media Service,-81.56723837,30.22273834,3
,,Health Care,-81.567195,30.222725999999998,3
,,Dental Clinic,-81.56716459,30.222739319999995,3
,,Wellness Service,-81.56713478,30.222749540000002,3
,,Wellness Service,-81.56711961,30.223005689999997,3
,,Outpatient Care Facility,-81.5670719,30.223013329999993,3
,,Professional Service,-81.56705676,30.22312157,3
,,Financial Service,-81.56706479634217,30.223141644691175,3
,,Personal Or Beauty Service,-81.567065,30.223148999999985,3
,,Wellness Service,-81.56705077,30.22312873,3
,,Financial Service,-81.56705057,30.22312651,3
,,Building Or Construction Service,-81.56706356,30.22295200999999,3
,,Real Estate Service,-81.5669603004,30.223551008699985,5
,,Historic Site,-81.56750197,30.223658389999997,3
,,B2B Industrial And Machine Service,-81.56764817,30.22298314,3
,,Wellness Service,-81.5676727294922,30.2231388092041,3
,,Wellness Service,-81.56765349862847,30.22300605503701,3
,,Financial Service,-81.567657,30.222984,3
,,Home Service,-81.56779243,30.22317086,3
,,Technical Service,-81.56785307,30.22297208,3
,,Uncategorized,-81.56787109375,30.22314262390137,3
,,Financial Service,-81.56786890000001,30.2232651,3
,,Condominium,-81.56775236839323,30.22671061707892,3
,,Technical Service,-81.56799043,30.22746765999999,3
,,Real Estate Service,-81.5682039,30.2258061,3
,,Complementary And Alternative Medicine,-81.56930084,30.222993199999994,3
,,Design Service,-81.56918292,30.223107159999998,3
,,Personal Or Beauty Service,-81.56885,30.22313,3
,,Complementary And Alternative Medicine,-81.56915058,30.221920169999994,3
,,Dental Clinic,-81.5695,30.221999999999998,3
,,Specialized Health Care,-81.5696256,30.2214153,3
,,Personal Or Beauty Service,-81.56963024000001,30.221407280000005,3
,,Primary Care Or General Clinic,-81.56968056,30.221354790000003,3
,,Specialized Health Care,-81.5696413,30.220983599999997,3
,,Dental Clinic,-81.5696413,30.220983599999997,3
,,Uncategorized,-81.56975000000001,30.221829999999994,3
,,Wellness Service,-81.56976163201861,30.2218323469564,3
,,Professional Service,-81.56961571,30.22301625,3
,,Hardware Home And Garden Store,-81.5694869,30.2231163,3
,,Complementary And Alternative Medicine,-81.56939465,30.22304253,3
,,Complementary And Alternative Medicine,-81.56938513000001,30.223040319999996,3
,,Wellness Service,-81.56937950000001,30.223407,3
,,Specialized Health Care,-81.56954392,30.223908839999993,3
,,Behavioral Or Mental Health Clinic,-81.56950547,30.22390330999999,3
,,Uncategorized,-81.569694,30.22408499999999,3
,,Primary Care Or General Clinic,-81.56979483163568,30.224061148798523,3
,,Dental Clinic,-81.56995764,30.22392847,3
,,Dental Clinic,-81.56999686,30.223948660000005,3
,,Building Or Construction Service,-81.570148,30.22345100000001,3
,,Home Service,-81.57017667,30.223198069999995,3
,,Personal Or Beauty Service,-81.57016848,30.2232487,3
,,Specialized Health Care,-81.57017531,30.223086239999997,3
,,Real Estate Service,-81.57017203954764,30.22317143766177,3
,,Medical Service,-81.57015272,30.223159459999998,3
,,Surgery,-81.56985619,30.223068989999994,3
,,Dental Clinic,-81.569893,30.223136999999998,3
,,Uncategorized,-81.569904132454,30.222984202023003,3
,,Dental Clinic,-81.570361,30.221859999999992,3
,,Dental Clinic,-81.57035702,30.221883320000003,3
,,Financial Service,-81.570663,30.223023000000005,3
,,Uncategorized,-81.570663,30.223023000000005,3
,,Financial Service,-81.570663,30.223023000000005,3
,,Financial Service,-81.570671081543,30.223039627075195,3
,,Financial Service,-81.57075392,30.22327801999999,3
,,Rental Service,-81.5706891,30.22348209999999,3
,,Christian Place Of Worship,-81.57064295000002,30.223068830000003,3
,,Personal Or Beauty Service,-81.5704406,30.223099099999995,3
,,Real Estate Service,-81.5704406,30.223099099999995,3
,,Uncategorized,-81.5704406,30.223099099999995,3
,,Education,-81.57068805055489,30.22414213952228,3
,,Specialty School,-81.57069,30.224107000000004,3
,,Family Service,-81.57071,30.224030000000003,3
,,Uncategorized,-81.56707622834747,30.230134864287585,5
,,Real Estate Service,-81.56692544809235,30.231087062061757,5
,,Condominium,-81.57352610890437,30.25325047021596,5
,,Social Or Community Service,-81.57294763,30.25327919999999,5
,,Event Or Party Service,-81.572773,30.253439000000004,5
,,Media Service,-81.5727396857573,30.250874050143693,5
,,Uncategorized,-81.5716015,30.247609800000003,5
,,Professional Service,-81.57133,30.248019999999997,5
,,Condominium,-81.57213706826174,30.254258160662474,5
,,Real Estate Service,-81.57214,30.254209999999993,5
,,Historic Site,-81.57235757,30.25337100999999,5
,,Real Estate Service,-81.572680710911,30.256520415514,5
,,Event Or Party Service,-81.57257,30.259089999999997,5
,,Fashion And Apparel Store,-81.572849,30.268329,5
,,Home Service,-81.57453997,30.270970640000005,5
,,Educational Service,-81.57195,30.272430000000004,5
,,Personal Or Beauty Service,-81.57116527,30.27600655,5
,,Personal Or Beauty Service,-81.57130212,30.275977770000008,5
,,Animal Or Pet Service,-81.57103262,30.27229563,5
,,Hardware Home And Garden Store,-81.571494,30.269672999999997,5
,,Christian Place Of Worship,-81.57177674,30.27232481,5
,,Christian Place Of Worship,-81.57175699,30.27230357,5
,,Real Estate Service,-81.57195935,30.269193479999995,5
,,Restaurant,-81.57186666,30.26791147000001,5
,,Uncategorized,-81.56969,30.266500000000004,5
,,Park,-81.56890489,30.269706750000005,5
,,Storage Facility,-81.57008407290107,30.2686642227415,5
,,Event Or Party Service,-81.56964129,30.27580444,5
,,Social Or Community Service,-81.56860911,30.26925346000001,5
,,Social Or Community Service,-81.57018833,30.253220279999997,5
,,Home Service,-81.570291,30.251935999999997,5
,,Corporate Or Business Office,-81.5703344937289,30.251805761852495,5
,,Apartment,-81.5683059,30.246700200000006,5
,,Historic Site,-81.5687646,30.25247129,5
,,Event Or Party Service,-81.5685088,30.253678600000008,5
,,Event Or Party Service,-81.56855,30.253269999999997,5
,,Apartment,-81.56858,30.25328,5
,,Vision Or Eye Care Clinic,-81.568111,30.2530528,5
,,Condominium,-81.56798898123678,30.25188664753803,5
,,Rental Service,-81.5678,30.25439,5
,,Professional Service,-81.56783,30.254719999999995,5
,,Rental Service,-81.566963,30.25387900000001,5
,,Rental Service,-81.5676819,30.248849999999997,5
,,Nature Reserve,-81.56783326,30.246797850000004,5
,,Condominium,-81.567818,30.24660600000001,5
,,Uncategorized,-81.5678306,30.246642899999998,5
,,Historic Site,-81.56737268,30.247668649999998,5
,,Condominium,-81.56686143698693,30.251343277791943,5
,,Real Estate Service,-81.565484,30.25434,5
,,Historic Site,-81.56545842,30.246829499999997,5
,,Historic Site,-81.56500708,30.254911420000006,5
,,Design Service,-81.564967,30.255406000000004,5
,,Real Estate Service,-81.56457783,30.256616530000002,5
,,Park,-81.564641,30.262987,5
,,Home Service,-81.56685606,30.258169610000007,5
,,Home Service,-81.566059,30.264371999999998,5
,,Political Organization,-81.56560853503774,30.267213071075485,5
,,Park,-81.5661804,30.269290099999996,5
,,Fashion And Apparel Store,-81.56354,30.268904999999997,5
,,Historic Site,-81.56358846,30.269100050000002,5
,,Professional Service,-81.56357425,30.268991000000007,5
,,Hardware Home And Garden Store,-81.56360038796122,30.268893317933244,5
,,Condominium,-81.5636658240873,30.268878276256387,5
,,Event Or Party Service,-81.563655,30.268845999999996,5
,,Automotive Service,-81.564667,30.26380500000001,5
,,Park,-81.564489,30.264646000000006,5
,,Personal Or Beauty Service,-81.56130781481934,30.266452738072996,5
,,Food And Beverage Store,-81.56118554,30.268994799999994,5
,,Restaurant,-81.56125402000002,30.268972279999996,5
,,Food And Beverage Store,-81.56135108,30.2689841,5
,,Hotel,-81.56128425455566,30.269800277494973,5
,,Hotel,-81.562255605413,30.269240795285,5
,,Coffee Shop,-81.5594348,30.268076639999997,5
,,Uncategorized,-81.55942,30.268340000000002,5
,,Fast Food Restaurant,-81.559445,30.268397999999987,5
,,Uncategorized,-81.5594756,30.269090439999985,5
,,Pharmacy And Drug Store,-81.55955804,30.270092440000003,5
,,Walk In Clinic,-81.55969,30.270089999999993,5
,,Doctor,-81.55969,30.270130000000005,5
,,Atm,-81.5596766312828,30.270100983785472,5
,,Atm,-81.5597152709961,30.270084381103523,5
,,Outpatient Care Facility,-81.559765,30.270119000000005,5
,,Legal Service,-81.559898,30.268343,5
,,Automotive Service,-81.559769,30.270621999999996,5
,,Storage Facility,-81.56058828,30.271022659999996,5
,,Lodging,-81.56092018,30.270291119999992,5
,,Storage Facility,-81.56087,30.2701,5
,,Animal And Pet Store,-81.56094,30.268949999999997,5
,,Health Care,-81.56094,30.268949999999997,5
,,Home Service,-81.56094,30.268949999999997,5
,,Restaurant,-81.56100338,30.268997370000005,5
,,Complementary And Alternative Medicine,-81.5611542,30.26892839999999,5
,,Complementary And Alternative Medicine,-81.5611542,30.26892839999999,5
,,Wellness Service,-81.561086,30.268344,5
,,Real Estate Service,-81.561086,30.268344,5
,,Religious Organization,-81.561097,30.268327999999993,5
,,Restaurant,-81.56109649,30.26833636,5
,,Home Service,-81.56109705,30.268335380000003,5
,,Restaurant,-81.5610995,30.268337300000002,5
,,Financial Service,-81.5610995,30.268337300000002,5
,,Specialty School,-81.5610995,30.268337300000002,5
,,Civic Organization,-81.5610995,30.268337300000002,5
,,Animal Or Pet Service,-81.56109962,30.268336219999995,5
,,Atm,-81.5611148337469,30.268304263776873,5
,,Home Service,-81.561,30.268110000000007,5
,,Bank Or Credit Union,-81.560993,30.268123000000003,5
,,Financial Service,-81.560993,30.268123000000003,5
,,Home Service,-81.561012,30.268387000000008,5
,,Restaurant,-81.561012,30.268387000000008,5
,,Real Estate Service,-81.56096,30.268295999999992,5
,,Restaurant,-81.56096015709946,30.26829615359588,5
,,Uncategorized,-81.56096015709946,30.26829615359588,5
,,Real Estate Service,-81.56096,30.268295999999992,5
,,Rental Service,-81.5609733,30.26807950000001,5
,,Food And Beverage Store,-81.56091011,30.26812154,5
,,Cafe,-81.56089,30.268541999999993,5
,,Personal Or Beauty Service,-81.5608897218294,30.268541684226317,5
,,Home Service,-81.56088841,30.268335469999993,5
,,Specialty School,-81.56090418,30.268390120000003,5
,,Financial Service,-81.56084439,30.268618099999998,5
,,Restaurant,-81.56076993,30.268801969999988,5
,,Uncategorized,-81.5607321,30.269072800000004,5
,,Financial Service,-81.5607321,30.269072800000004,5
,,Government Department,-81.5607321,30.269072800000004,5
,,Financial Service,-81.5607321,30.269072800000004,5
,,Uncategorized,-81.5607321,30.269072800000004,5
,,Home Service,-81.5607321,30.269072800000004,5
,,Wellness Service,-81.5607321,30.269072800000004,5
,,B2B Service,-81.5607321,30.269072800000004,5
,,Uncategorized,-81.5607321,30.269072800000004,5
,,Personal Care And Beauty Store,-81.56072296550838,30.268597547264793,5
,,Personal Or Beauty Service,-81.56070682,30.26853085,5
,,B2B Office And Professional Service,-81.560707,30.268326,5
,,Restaurant,-81.560703,30.268326000000002,5
,,Food And Beverage Store,-81.560703,30.268326000000002,5
,,Winery,-81.560703,30.268326000000002,5
,,Hardware Home And Garden Store,-81.560703,30.268326000000002,5
,,Vehicle Parts Store,-81.560703,30.268326000000002,5
,,Sporting Goods Store,-81.560703,30.268326000000002,5
,,Uncategorized,-81.5607070922852,30.268325805664112,5
,,Personal Or Beauty Service,-81.56071623,30.268588749999992,5
,,Personal Or Beauty Service,-81.56075885416234,30.2685717645269,5
,,Shipping Or Delivery Service,-81.5607694,30.26847117,5
,,Home Service,-81.560794,30.268449000000007,5
,,Automotive Service,-81.560746,30.268403000000003,5
,,Corporate Or Business Office,-81.560746,30.268403000000003,5
,,Real Estate Service,-81.56078659,30.268109940000002,5
,,Home Service,-81.5607,30.26832,5
,,Media Service,-81.5607,30.26832,5
,,Uncategorized,-81.5607,30.26832,5
,,Professional Service,-81.5607,30.26832,5
,,Travel Service,-81.56052872,30.268741299999995,5
,,Event Or Party Service,-81.560265,30.26846099999999,5
,,Historic Site,-81.55975535,30.26632669,5
,,Specialized Health Care,-81.5596889,30.267210100000003,5
,,Casual Eatery,-81.55945439,30.267859859999998,5
,,Personal Or Beauty Service,-81.55947,30.267950999999996,5
,,Wellness Service,-81.5594105,30.26796671000001,5
,,Coffee Shop,-81.5593786,30.267897899999998,5
,,Food And Beverage Store,-81.5592946263646,30.267555034893103,5
,,Printing Service,-81.5592657,30.26738780999999,5
,,Animal Or Pet Service,-81.55933674397035,30.26735060180696,5
,,Specialty Store,-81.55934423428582,30.26737205827293,5
,,Restaurant,-81.55924647,30.26722216,5
,,Personal Or Beauty Service,-81.5592756,30.266736980000008,5
,,Swimming Pool,-81.55941,30.264231,5
,,Restaurant,-81.56243525740366,30.253565539560256,5
,,Historic Site,-81.56248793,30.254315299999995,5
,,Apartment,-81.56273,30.25474999999999,5
,,Home Service,-81.5626259,30.25352873000001,5
,,Historic Site,-81.56125696,30.248179889999996,5
,,Home Service,-81.56102979000002,30.248726860000005,5
,,Condominium,-81.56007636786293,30.24602357237406,5
,,Medical Service,-81.5602936,30.23914329999999,5
,,Senior Living Facility,-81.56026302,30.23854563,5
,,Personal Or Beauty Service,-81.560241,30.23159900000001,5
,,Home Service,-81.56024991,30.231586480000008,5
,,Historic Site,-81.56057498,30.23457695000001,5
,,Condominium,-81.56193829057457,30.234195386076323,5
,,Personal Or Beauty Service,-81.56262649,30.232463769999995,5
,,Automotive Service,-81.56611009,30.245397559999997,5
,,Casual Eatery,-81.56644184770606,30.24631944967626,5
,,Historic Site,-81.56649172,30.23314165999999,5
,,Home Service,-81.56691831487335,30.229653286511457,5
,,Technical Service,-81.565957,30.23297300000001,5
,,Uncategorized,-81.5639815,30.2298036,5
,,Home Service,-81.5637613,30.226767700000003,5
,,Real Estate Service,-81.56332114000001,30.221684320000005,5
,,Real Estate Service,-81.56324052,30.2216713,5
,,Professional Service,-81.5632153,30.221648069999986,5
,,Real Estate Service,-81.56322453,30.221640830000005,5
,,Medical Service,-81.56321996,30.22163675,5
,,Apartment,-81.56321229999999,30.2215983,5
,,Real Estate Service,-81.56316117,30.22173965,5
,,Attorney Or Law Firm,-81.56315011,30.22193775,5
,,Surgery,-81.56312195,30.22166005,5
,,Attorney Or Law Firm,-81.56308947,30.22160379,5
,,Financial Service,-81.56309494,30.221393289999995,5
,,Physical Medicine And Rehabilitation,-81.56309011,30.22139389000001,5
,,Specialized Health Care,-81.563225,30.220983999999994,5
,,Apartment,-81.563241,30.221485999999995,5
,,Senior Living Facility,-81.563278,30.221432999999994,5
,,Personal Or Beauty Service,-81.56330336,30.221477730000004,5
,,Personal Or Beauty Service,-81.56330231,30.22147199,5
,,Real Estate Service,-81.56330805,30.221478609999995,5
,,Real Estate Service,-81.56334586,30.221503890000005,5
,,Real Estate Service,-81.563432,30.22147899999999,5
,,Real Estate Service,-81.56343672,30.221261759999987,5
,,Real Estate Service,-81.56343759,30.221267349999998,5
,,Real Estate Service,-81.56343735,30.221266859999997,5
,,Real Estate Service,-81.56343813,30.221267060000006,5
,,Real Estate Service,-81.56343463,30.221261269999992,5
,,Uncategorized,-81.5633981,30.2209906,5
,,Professional Service,-81.563484,30.22099100000001,5
,,Real Estate Service,-81.563441,30.221520999999992,5
,,Real Estate Service,-81.563463,30.221514999999997,5
,,Real Estate Service,-81.563525402744,30.221686899107,5
,,Wellness Service,-81.56341893,30.221692560000005,5
,,Personal Or Beauty Service,-81.56341852,30.221692520000005,5
,,Surgery,-81.5633989,30.22174,5
,,Real Estate Service,-81.5634124,30.22169535,5
,,Dental Clinic,-81.56334889,30.221704099999997,5
,,Real Estate Service,-81.56334254,30.2217106,5
,,Real Estate Service,-81.56334549,30.221717009999992,5
,,Real Estate Service,-81.56334443,30.22171444999999,5
,,Medical Service,-81.563338,30.2218,5
,,Uncategorized,-81.563383,30.221783,5
,,Wellness Service,-81.56375849,30.221711280000005,5
,,Wellness Service,-81.56375256,30.221712309999994,5
,,Specialized Medical Facility,-81.56379564,30.22176668,5
,,Dental Clinic,-81.56366715,30.221301199999996,5
,,Design Service,-81.56376,30.220830000000003,5
,,Professional Service,-81.56372896,30.221288819999998,5
,,Uncategorized,-81.56383471,30.221513599999998,5
,,College University,-81.56383,30.22130499999999,5
,,Building Or Construction Service,-81.56382,30.223659999999995,5
,,Event Or Party Service,-81.56360000000001,30.224420000000006,5
,,Real Estate Service,-81.563714,30.224600999999996,5
,,Media Service,-81.56394364,30.22464652,5
,,Coffee Shop,-81.56465253,30.221366450000012,5
,,Zoo,-81.565277777778,30.226078400000006,5
,,Medical Service,-81.5667724,30.2223528,5
,,Fast Food Restaurant,-81.56691714,30.220585710000005,3
,,Medical Service,-81.5662153,30.220830699999993,5
,,B2B Service,-81.5662153,30.220830699999993,5
,,Real Estate Service,-81.566207,30.220495000000007,5
,,Financial Service,-81.56619748,30.22050437,5
,,Uncategorized,-81.566085,30.220829,5
,,Restaurant,-81.56583,30.221070000000005,5
,,Restaurant,-81.56578928,30.221338450000005,5
,,Resort,-81.5656319,30.2209918,5
,,Personal Or Beauty Service,-81.56552472,30.221436659999995,5
,,Uncategorized,-81.565719604492,30.221119652440006,5
,,Personal Or Beauty Service,-81.56567391,30.22140042,5
,,Personal Or Beauty Service,-81.56567203,30.221408580000002,5
,,Personal Or Beauty Service,-81.565669,30.221416000000005,5
,,Personal Or Beauty Service,-81.56567396,30.22140900999999,5
,,Personal Or Beauty Service,-81.565677,30.221424,5
,,Personal Or Beauty Service,-81.56568841,30.221408289999996,5
,,Personal Or Beauty Service,-81.56567597,30.22140481,5
,,Dental Clinic,-81.56548354,30.22245094,5
,,Supplier Or Distributor,-81.56569851815732,30.222366801026585,5
,,Specialty School,-81.56573565,30.222484000000005,5
,,Campus Building,-81.56578152765911,30.22229033975458,5
,,Printing Service,-81.565764,30.222352000000008,5
,,Hotel,-81.5654518498169,30.221735499371338,5
,,Hotel,-81.56545302,30.221748999999985,5
,,Restaurant,-81.565345,30.221294000000004,5
,,Personal Or Beauty Service,-81.5654056,30.221425689999986,5
,,Personal Or Beauty Service,-81.56541287899,30.22129595704,5
,,Dental Clinic,-81.56515816,30.221397600000007,5
,,Dental Clinic,-81.56515402,30.221397930000002,5
,,Restaurant,-81.56515966,30.221396379999998,5
,,Restaurant,-81.5650436,30.22029156,5
,,Hotel,-81.56510251,30.220190909999992,5
,,Religious Organization,-81.565115866631,30.219975966671008,5
,,Restaurant,-81.56509932165474,30.219981726760476,5
,,Youth Organization,-81.56503391385198,30.21999679236034,5
,,Printing Service,-81.565052,30.219935000000007,5
,,Personal Care And Beauty Store,-81.5650529,30.2190038,5
,,Home Service,-81.565101,30.217630000000003,5
,,Storage Facility,-81.565073,30.217656,5
,,Warehouse Club Store,-81.56504917,30.21758041,5
,,Restaurant,-81.565039,30.217622999999993,5
,,Home Service,-81.56502,30.217639999999996,5
,,Uncategorized,-81.565026,30.217641,5
,,Storage Facility,-81.565628,30.218019,5
,,Home Service,-81.56556,30.218560000000004,5
,,Storage Facility,-81.5655152706375,30.21844693461306,5
,,Storage Facility,-81.565506890044,30.218541519774693,5
,,Real Estate Service,-81.56606,30.2202,5
,,Real Estate Service,-81.56606,30.2202,5
,,Professional Service,-81.56606,30.22019,5
,,Real Estate Service,-81.56606,30.22019,5
,,Real Estate Service,-81.566062927246,30.220190771842983,5
,,Atm,-81.56607969427844,30.220314816786008,5
,,Real Estate Service,-81.566196,30.220417000000005,5
,,Professional Service,-81.566197,30.220338999999996,5
,,Real Estate Service,-81.56624924,30.220336390000007,5
,,Real Estate Service,-81.56628401,30.220308809999995,5
,,Real Estate Service,-81.56628273,30.220305040000003,5
,,Real Estate Service,-81.56628739,30.220308850000002,5
,,Real Estate Service,-81.56628467,30.220305480000007,5
,,Real Estate Service,-81.56628918,30.22030847,5
,,Real Estate Service,-81.56632307,30.220322749999994,5
,,Real Estate Service,-81.56636773,30.220292380000004,5
,,Real Estate Service,-81.56637359,30.22030277,5
,,Real Estate Service,-81.5663657,30.220230600000004,5
,,Dental Clinic,-81.56634928,30.220299430000004,5
,,Professional Service,-81.56633774,30.22035032999999,5
,,Restaurant,-81.56665878,30.22020437,3
,,Restaurant,-81.5666415468026,30.22014258243013,3
,,Hardware Home And Garden Store,-81.5667994,30.219386800000002,3
,,Hotel,-81.56677396,30.218463219999993,3
,,Fire Station,-81.56658622857704,30.21898761259217,3
,,Real Estate Service,-81.56605993319238,30.21769609821264,5
,,Sport Or Fitness Facility,-81.56602327,30.215158849999998,5
,,Storage Facility,-81.56648876,30.21570482,5
,,Social Or Community Service,-81.56676,30.216079999999994,3
,,Specialized Health Care,-81.5668403571429,30.215282366025196,3
,,Sport Or Recreation Club,-81.56585000000001,30.21522300000001,5
,,Rental Service,-81.56518918,30.21304285000001,5
,,Storage Facility,-81.56515067,30.21282128,5
,,Office Supply Store,-81.564215,30.214402,5
,,Home Service,-81.56455993652301,30.215186984392,5
,,Home Service,-81.564819,30.21414,5
,,Animal Or Pet Service,-81.56477683,30.219053529999993,5
,,Financial Service,-81.5648914,30.2191405,5
,,Building Or Construction Service,-81.56491514,30.219054770000003,5
,,Uncategorized,-81.564918,30.219022,5
,,Media Service,-81.56489564,30.219020910000005,5
,,Restaurant,-81.56489285440787,30.21899711351872,5
,,Home Service,-81.5649045,30.21896179999999,5
,,Military Site,-81.56497712547,30.220102108704992,5
,,Financial Service,-81.56460101878339,30.21894964969537,5
,,Wellness Service,-81.5646809309578,30.219035280086512,5
,,Manufacturer,-81.56474743,30.218421270000004,5
,,Uncategorized,-81.5643335,30.218885300000007,5
,,Historic Site,-81.56414312,30.220089310000006,5
,,Professional Service,-81.56397428895515,30.217087023640453,5
,,Home Service,-81.563389,30.218593,5
,,Condominium,-81.56342267990112,30.218292798032962,5
,,Uncategorized,-81.5638933,30.214081,5
,,Media Service,-81.5638933,30.214081,5
,,Home Service,-81.5638933,30.214081,5
,,Home Service,-81.56378,30.21432,5
,,Home Service,-81.56378,30.21432,5
,,Uncategorized,-81.56359785,30.214024109999986,5
,,B2B Transportation And Storage Service,-81.5635907,30.2140234,5
,,Public Utility,-81.56344538,30.212433710000006,5
,,Uncategorized,-81.56345,30.21379000000001,5
,,Gym,-81.56131863,30.21613465,5
,,Historic Site,-81.56130292,30.21815869,5
,,Historic Site,-81.561426,30.218304999999994,5
,,Fashion And Apparel Store,-81.561785,30.220417300000005,5
,,Medical Service,-81.561785,30.220417000000012,5
,,Dental Clinic,-81.561849,30.220429999999993,5
,,Financial Service,-81.56205035,30.219713049999992,5
,,Automotive Service,-81.5620505,30.21956850000001,5
,,Uncategorized,-81.5622263,30.21966559999999,5
,,Home Service,-81.5622263,30.21966559999999,5
,,Financial Service,-81.5622263,30.21966559999999,5
,,Uncategorized,-81.5622263,30.21966559999999,5
,,Financial Service,-81.5622263,30.21966559999999,5
,,Corporate Or Business Office,-81.56220620104871,30.219845295387426,5
,,Building Or Construction Service,-81.56225,30.21982,5
,,Behavioral Or Mental Health Clinic,-81.56228831,30.219706859999995,5
,,Event Or Party Service,-81.56225,30.219810000000003,5
,,Corporate Or Business Office,-81.56225,30.219810000000003,5
,,Professional Service,-81.56225,30.219810000000003,5
,,Professional Service,-81.56225,30.219810000000003,5
,,Wellness Service,-81.5622482299805,30.2198085784912,5
,,Financial Service,-81.56228,30.21954699999999,5
,,Professional Service,-81.5622735,30.219450299999984,5
,,Building Or Construction Service,-81.562294,30.21953799999999,5
,,Financial Service,-81.562294,30.21953799999999,5
,,Arts And Entertainment,-81.562294,30.21953799999999,5
,,Technical Service,-81.56229420356512,30.21953831994077,5
,,Real Estate Service,-81.5623072,30.219550729999998,5
,,Financial Service,-81.5623057,30.219554310000003,5
,,Physical Medicine And Rehabilitation,-81.56230074,30.219553430000005,5
,,Financial Service,-81.56230157,30.219550860000002,5
,,Financial Service,-81.56230000000001,30.219552899999993,5
,,Financial Service,-81.56230000000001,30.219552899999993,5
,,Uncategorized,-81.56230000000001,30.219552899999993,5
,,Uncategorized,-81.56230000000001,30.219552899999993,5
,,Financial Service,-81.56230000000001,30.219552899999993,5
,,Financial Service,-81.56230000000001,30.219552899999993,5
,,Financial Service,-81.56230000000001,30.219552899999993,5
,,Financial Service,-81.56230139,30.219555510000003,5
,,Financial Service,-81.562294,30.21955899999999,5
,,Financial Service,-81.562294,30.219557999999992,5
,,Building Or Construction Service,-81.56228639,30.21965081999999,5
,,Personal Or Beauty Service,-81.56230939,30.219550160000004,5
,,Financial Service,-81.562303,30.219578000000002,5
,,Financial Service,-81.56230465,30.21955886,5
,,Financial Service,-81.56230479,30.219552830000005,5
,,Financial Service,-81.56230383,30.21955097,5
,,Technical Service,-81.56230173,30.219550450000003,5
,,Professional Service,-81.56230242000001,30.21955919,5
,,Home Service,-81.56231393,30.219513509999995,5
,,Financial Service,-81.56231216,30.21951022999999,5
,,Uncategorized,-81.562319161893,30.219506549779496,5
,,Social Or Community Service,-81.56225740000001,30.220450879999998,5
,,Real Estate Service,-81.56259109,30.22032004,5
,,Real Estate Service,-81.5625956,30.22032596000001,5
,,Real Estate Service,-81.56259639,30.22032779,5
,,Real Estate Service,-81.56259321,30.22032837999999,5
,,Personal Or Beauty Service,-81.56259159,30.220326210000003,5
,,Real Estate Service,-81.56259362,30.22032664,5
,,Media Service,-81.56259772,30.220301329999995,5
,,Professional Service,-81.56259198,30.22032066000001,5
,,Real Estate Service,-81.56259651,30.22032331,5
,,Event Or Party Service,-81.56246831,30.219867790000006,5
,,Financial Service,-81.56245761,30.219863559999997,5
,,Financial Service,-81.56243419,30.219861159999997,5
,,Financial Service,-81.56241658000002,30.219832350000004,5
,,Apartment,-81.56291733,30.21649305999999,5
,,Condominium,-81.56291259040088,30.216528796142253,5
,,Historic Site,-81.56304792,30.216270339999998,5
,,Professional Service,-81.56263083,30.220328790000003,5
,,Real Estate Service,-81.56263701,30.220326889999992,5
,,Design Service,-81.56263002,30.220308809999988,5
,,Professional Service,-81.56263236,30.22030638,5
,,Real Estate Service,-81.56263302,30.220304540000004,5
,,Supplier Or Distributor,-81.56263702,30.220304710000008,5
,,Financial Service,-81.56260763,30.2203223,5
,,Building Or Construction Service,-81.56260758,30.220309790000005,5
,,Professional Service,-81.56260278,30.220320609999998,5
,,Complementary And Alternative Medicine,-81.56262649,30.22032905,5
,,Wellness Service,-81.56261619,30.220324069999993,5
,,Travel And Transportation,-81.56261624,30.220302809999996,5
,,Specialty School,-81.56262211,30.22032018,5
,,Shopping,-81.56262952,30.220309710000002,5
,,Professional Service,-81.56264200000001,30.2204726,5
,,B2B Transportation And Storage Service,-81.5626314535846,30.220492791956865,5
,,Condominium,-81.5626314535846,30.220492791956865,5
,,Real Estate Service,-81.56264008,30.22047477,5
,,Financial Service,-81.56264909,30.220479680000004,5
,,Real Estate Service,-81.562649,30.220431,5
,,Financial Service,-81.56264905408521,30.22043139683793,5
,,Real Estate Service,-81.56264200000001,30.22043,5
,,Home Service,-81.562666,30.220419,5
,,Professional Service,-81.562666,30.220419,5
,,Professional Service,-81.562666,30.220419,5
,,Technical Service,-81.562666,30.220419,5
,,Uncategorized,-81.562666,30.220419,5
,,Uncategorized,-81.562666,30.220419,5
,,Financial Service,-81.5626511,30.220427599999994,5
,,Fashion And Apparel Store,-81.562652,30.220426999999994,5
,,Real Estate Service,-81.56264783,30.220471189999998,5
,,Real Estate Service,-81.56264819,30.220476129999998,5
,,Real Estate Service,-81.56264732,30.2204726,5
,,Financial Service,-81.56264827,30.22047093,5
,,Real Estate Service,-81.56268,30.220459999999996,5
,,Real Estate Service,-81.56268,30.220459999999996,5
,,Legal Service,-81.56266665457015,30.220370001694654,5
,,Real Estate Service,-81.56268438,30.220254400000005,5
,,Professional Service,-81.56269685989417,30.220477728028243,5
,,Real Estate Service,-81.56274373,30.22044962,5
,,Dental Clinic,-81.562965,30.220983999999987,5
,,Attorney Or Law Firm,-81.562965,30.220983999999987,5
,,Health Care,-81.562959,30.221971999999994,5
,,Attorney Or Law Firm,-81.56296372,30.2217835,5
,,Real Estate Service,-81.56283,30.22175,5
,,Specialized Health Care,-81.56283,30.22175,5
,,Real Estate Service,-81.56273121,30.22176101,5
,,Wellness Service,-81.56278009954059,30.22189209387749,5
,,Real Estate Service,-81.56270994000002,30.221755150000007,5
,,Bank Or Credit Union,-81.56266427236324,30.221230672348224,5
,,Real Estate Service,-81.56278498470785,30.220787599682815,5
,,Bank Or Credit Union,-81.562649,30.221014999999998,5
,,Uncategorized,-81.56262550000001,30.2208271,5
,,Event Venue,-81.56262550000001,30.2208271,5
,,Financial Service,-81.562596,30.221228,5
,,Uncategorized,-81.56234,30.220829999999996,5
,,Fast Food Restaurant,-81.562217,30.22077000000001,5
,,Auto Dealer,-81.562217,30.22077000000001,5
,,Uncategorized,-81.562141418457,30.22451972961429,5
,,Beach,-81.562301355002,30.224677405000993,5
,,Professional Service,-81.56290186165694,30.22828625581182,5
,,Uncategorized,-81.56251,30.228870816774997,5
,,Uncategorized,-81.56226,30.228379,5
,,Professional Service,-81.56218575,30.227220900000003,5
,,Uncategorized,-81.5626,30.2254,5
,,Uncategorized,-81.562004,30.227129000000005,5
,,Apartment,-81.561987,30.227253,5
,,Swimming Pool,-81.56156583112069,30.227619076820023,5
,,Historic Site,-81.56157324,30.2276331,5
,,Gas Station,-81.56205111,30.221093090000004,5
,,Financial Service,-81.56183397755595,30.220504434931545,5
,,Medical Service,-81.5618475,30.220812999999993,5
,,Convenience Store,-81.56184918969221,30.221303706026593,5
,,Gas Station,-81.56188676,30.22124806,5
,,Automotive Service,-81.5613196,30.222210499999992,5
,,Performing Arts Venue,-81.5611830353737,30.22205221876825,5
,,Automotive Service,-81.56116753101662,30.221976755511456,5
,,Coffee Shop,-81.5610979,30.2209684,5
,,Restaurant,-81.56101651372656,30.22143812785371,5
,,Restaurant,-81.56101651372656,30.22143812785371,5
,,Casual Eatery,-81.56109578,30.221455409999997,5
,,Automotive Service,-81.56022404872962,30.221219243542212,5
,,Automotive Service,-81.560232,30.221242999999994,5
,,Vision Or Eye Care Clinic,-81.56040836,30.221722410000005,5
,,Lounge,-81.56045,30.221948788888,5
,,Building Or Construction Service,-81.56029,30.22413,5
,,Bank Or Credit Union,-81.56104494929474,30.226878904510325,5
,,Lounge,-81.55994027,30.221841770000005,5
,,Wellness Service,-81.56012505,30.22178773999999,5
,,Sport Or Fitness Facility,-81.56008987,30.221787960000007,5
,,Restaurant,-81.55999156,30.221933440000008,5
,,Automotive Service,-81.56003,30.220909999999993,5
,,Uncategorized,-81.5596168,30.2216855,5
,,Financial Service,-81.559628,30.221847000000004,5
,,Restaurant,-81.55960780035534,30.221877216306115,5
,,Restaurant,-81.55960131,30.22191299999999,5
,,Restaurant,-81.55963800182187,30.221984941103322,5
,,Personal Or Beauty Service,-81.55956181000002,30.221779700000006,5
,,Food And Beverage Store,-81.55958766,30.221775679999993,5
,,Food And Beverage Store,-81.559509,30.22158500000001,5
,,Uncategorized,-81.559425,30.221642999999993,5
,,Sport Or Recreation Club,-81.559425,30.221642999999993,5
,,Real Estate Service,-81.559425,30.221642999999993,5
,,Uncategorized,-81.55942535,30.22161674,5
,,Food And Beverage Store,-81.55929547,30.22183903,5
,,Restaurant,-81.55925971,30.22180102999999,5
,,Financial Service,-81.55929411,30.220163110000005,5
,,Shipping Or Delivery Service,-81.5593341,30.219589899999992,5
,,Home Service,-81.5593341,30.219589899999992,5
,,Financial Service,-81.5593341,30.219589899999992,5
,,Home Service,-81.55939,30.219409999999993,5
,,Home Service,-81.55939,30.219409999999993,5
,,Home Service,-81.55939,30.219409999999993,5
,,Restaurant,-81.55960958,30.219882459999997,5
,,Home Service,-81.55946,30.219210000000004,5
,,Food And Beverage Store,-81.55946691,30.219362429999993,5
,,B2B Office And Professional Service,-81.55938655,30.21934115,5
,,Bank Or Credit Union,-81.559375,30.219351,5
,,Family Service,-81.56001263573097,30.220465168177263,5
,,Restaurant,-81.5600643,30.220374499999995,5
,,Restaurant,-81.560064,30.220374,5
,,Restaurant,-81.560064,30.220374,5
,,Bar,-81.5599992,30.21956520000001,5
,,Laundry Service,-81.5601776,30.219542169999997,5
,,Condominium,-81.56093329932368,30.22002377674234,5
,,Historic Site,-81.559836,30.215116000000005,5
,,Media Service,-81.55925711,30.214218849999998,5
,,Home Service,-81.5592848543324,30.21426801730528,5
,,Printing Service,-81.55957538,30.20541103000001,5
,,Home Service,-81.55968094,30.20502323,5
,,Corporate Or Business Office,-81.559699,30.204940999999998,5
,,Financial Service,-81.55977774,30.20517338999999,5
,,Professional Service,-81.5597267,30.204878119999993,5
,,Manufacturer,-81.56052941,30.207510820000003,5
,,Supplier Or Distributor,-81.560255,30.205114700000006,5
,,Home Service,-81.560255,30.205114700000006,5
,,Lake,-81.560378,30.205127999999995,5
,,Storage Facility,-81.56108763568712,30.208405268027253,5
,,Professional Service,-81.5615985,30.209752499999997,5
,,Storage Facility,-81.5615985,30.209752499999997,5
,,Auto Dealer,-81.56149,30.208129999999993,5
,,Specialty School,-81.56165231,30.208351969999992,5
,,Storage Facility,-81.56174726,30.210048720000003,5
,,Uncategorized,-81.562818904887,30.209045894949597,5
,,Sporting Goods Store,-81.561608,30.200185000000012,5
,,Automotive Service,-81.56297804290301,30.18497458866168,5
,,Automotive Service,-81.563011,30.185046000000003,5
,,Real Estate Service,-81.56306,30.188480000000006,5
,,Real Estate Service,-81.56306,30.188480000000006,5
,,Real Estate Service,-81.56306,30.188480000000006,5
,,Real Estate Service,-81.56306,30.188480000000006,5
,,Real Estate Service,-81.56306,30.188480000000006,5
,,Real Estate Service,-81.56306,30.188480000000006,5
,,Real Estate Service,-81.56306,30.188480000000006,5
,,Wellness Service,-81.56303405761719,30.188356399536133,5
,,Real Estate Service,-81.5627484,30.18915299999999,5
,,B2B Office And Professional Service,-81.5627484,30.18915299999999,5
,,Real Estate Service,-81.56224,30.18865,5
,,Dental Clinic,-81.562,30.187870000000004,5
,,Christian Place Of Worship,-81.56492002,30.192439840000006,5
,,Movie Theater,-81.56496353,30.192372140000003,5
,,Supplier Or Distributor,-81.5649236,30.191309300000007,5
,,Supplier Or Distributor,-81.56492979,30.19084906000001,5
,,Home Service,-81.5649700031127,30.19057358747535,5
,,Professional Service,-81.56461,30.190270000000005,5
,,Flowers And Gifts Store,-81.56459435,30.190359079999997,5
,,Professional Service,-81.56457091287413,30.190284458897416,5
,,Professional Service,-81.56448847,30.190297959999995,5
,,Real Estate Service,-81.5644836425781,30.1903800964355,5
,,Financial Service,-81.56436852,30.190527919999997,5
,,Uncategorized,-81.5642215,30.190168400000005,5
,,Home Service,-81.5642089,30.1895953,5
,,Attorney Or Law Firm,-81.56447534,30.189314780000004,5
,,Books Music And Video Store,-81.564467,30.189337,5
,,Office Supply Store,-81.56439362,30.189355230000004,5
,,Attorney Or Law Firm,-81.56449926,30.19002469000001,5
,,Corporate Or Business Office,-81.56453,30.190159999999995,5
,,Uncategorized,-81.563847,30.189457,5
,,Uncategorized,-81.563847,30.189457,5
,,Doctor,-81.56355581000001,30.18935502,5
,,Outpatient Care Facility,-81.56355972,30.189352240000005,5
,,Real Estate Service,-81.56352,30.189359999999994,5
,,Attorney Or Law Firm,-81.56349291,30.189350950000005,5
,,Wellness Service,-81.56348773,30.18935964,5
,,Uncategorized,-81.56348,30.18988000000001,5
,,Real Estate Service,-81.56336994,30.189334369999994,5
,,Real Estate Service,-81.56336517,30.189335559999993,5
,,Real Estate Service,-81.56336503,30.189337020000007,5
,,Real Estate Service,-81.56336449,30.189337600000005,5
,,Real Estate Service,-81.56336982,30.18933783999999,5
,,Specialized Health Care,-81.56336,30.18934000000001,5
,,Real Estate Service,-81.56336174000002,30.189334229999993,5
,,Attorney Or Law Firm,-81.56336798,30.189335439999994,5
,,Dental Clinic,-81.563363,30.18933500000001,5
,,Real Estate Service,-81.56336851,30.189337440000006,5
,,Real Estate Service,-81.56313313,30.188732420000004,5
,,Real Estate Service,-81.56313473,30.188733600000003,5
,,Real Estate Service,-81.56326634,30.188779469999997,5
,,Real Estate Service,-81.56326306,30.188777629999986,5
,,Real Estate Service,-81.5632689,30.188773349999998,5
,,Real Estate Service,-81.563263,30.188748000000004,5
,,Real Estate Service,-81.56326633,30.188760330000004,5
,,Financial Service,-81.56326025,30.188779800000002,5
,,Financial Service,-81.56326087,30.188774790000004,5
,,Real Estate Service,-81.56326241,30.188779320000002,5
,,Real Estate Service,-81.563237,30.188757000000003,5
,,Financial Service,-81.56322009004535,30.188818258240648,5
,,Fire Station,-81.56322009004536,30.188818258240648,5
,,Building Or Construction Service,-81.56316098,30.1884499,5
,,Financial Service,-81.56393124841419,30.185270846467752,5
,,Building Or Construction Service,-81.56401544,30.185082239999986,5
,,Uncategorized,-81.56391365401406,30.185332250682414,5
,,Home Service,-81.56388451000001,30.185328670000004,5
,,Real Estate Service,-81.56384826790564,30.185347331905596,5
,,B2B Service,-81.5641434,30.184845800000005,5
,,Storage Facility,-81.56409284,30.185110080000005,5
,,Restaurant,-81.564057,30.185430000000007,5
,,Uncategorized,-81.564057,30.185430000000007,5
,,Hardware Home And Garden Store,-81.56434877302466,30.18551862152119,5
,,Home Service,-81.56430227,30.18556216,5
,,Home Service,-81.5645919,30.1853036,5
,,Uncategorized,-81.5646046,30.1848182,5
,,Hardware Home And Garden Store,-81.5651212,30.185451400000012,5
,,Home Service,-81.56535,30.183840000000004,5
,,Hardware Home And Garden Store,-81.565375328064,30.184039988869706,5
,,Home Service,-81.56539206603031,30.18380607435861,5
,,B2B Service,-81.565479,30.185099,5
,,Hardware Home And Garden Store,-81.56529955,30.185282559999997,5
,,Hardware Home And Garden Store,-81.565639,30.185107000000002,5
,,Park,-81.56679422,30.177943139999996,5
,,Sports And Recreation,-81.56692,30.177939999999996,5
,,B2B Office And Professional Service,-81.56630797,30.181839939999996,5
,,Supplier Or Distributor,-81.566232,30.184912,5
,,Home Service,-81.56628018726691,30.18495842982129,5
,,Home Service,-81.56656205,30.18555886,5
,,B2B Transportation And Storage Service,-81.56645875693648,30.184974586796745,5
,,Home Service,-81.56692021890194,30.18597226332309,5
,,B2B Industrial And Machine Service,-81.566646,30.185964999999992,5
,,Automotive Service,-81.5665748,30.18630419999999,5
,,Home Service,-81.56658218000001,30.18599031999999,5
,,Manufacturer,-81.56632,30.18915,5
,,Specialty Store,-81.5658655,30.1922443,5
,,Home Service,-81.5658655,30.1922443,5
,,Professional Service,-81.5658655,30.1922443,5
,,Home Service,-81.565464,30.19131036,5
,,Hardware Home And Garden Store,-81.56539407,30.191284230000004,5
,,Hardware Home And Garden Store,-81.56537309535614,30.190917089811553,5
,,Corporate Or Business Office,-81.56537082529371,30.19090283792506,5
,,Home Service,-81.5653658,30.190906399999996,5
,,Arts Crafts And Hobby Store,-81.56535929,30.191077999999994,5
,,Social Or Community Service,-81.56502577,30.190947929999993,5
,,Home Service,-81.566392,30.191814000000008,5
,,Home Service,-81.56639214597594,30.19181424361291,5
,,Hardware Home And Garden Store,-81.56672,30.19206,5
,,Manufacturer,-81.56691486,30.192500089999996,5
,,Manufacturer,-81.56691588,30.19250333,5
,,Real Estate Service,-81.5667364,30.193102899999992,5
,,Uncategorized,-81.5668869018555,30.1953659057617,5
,,Movie Theater,-81.564402104917,30.200549358578996,5
,,Home Service,-81.5641176,30.211029000000007,5
,,Supplier Or Distributor,-81.564502,30.211618500000004,5
,,Bar,-81.56704664905897,30.194645343493157,5
,,Restaurant,-81.56704664905898,30.194645343493157,5
,,Restaurant,-81.567055,30.194575300000004,5
,,Restaurant,-81.56706424394237,30.19458393977861,5
,,Casual Eatery,-81.5671457,30.194559800000007,5
,,Food And Beverage Store,-81.5671457,30.194559800000007,5
,,Shopping,-81.5672,30.19476,5
,,Restaurant,-81.56724973,30.1946054,5
,,Restaurant,-81.56725933,30.194623330000006,5
,,Restaurant,-81.56754425,30.195053369999993,5
,,Physical Medicine And Rehabilitation,-81.56851150095463,30.194812417030334,5
,,Home Service,-81.5686782,30.195039099999992,5
,,Professional Service,-81.56872570000002,30.19491649999999,5
,,Home Service,-81.568786,30.195427200000005,5
,,Automotive Service,-81.5687978,30.196077899999988,5
,,Second Hand Store,-81.56879300565022,30.198142270158844,5
,,Shopping,-81.56867980957,30.200333349993997,5
,,Home Service,-81.5688777,30.1948869,5
,,Casual Eatery,-81.5689486,30.194680139999996,5
,,Gym,-81.56904632690826,30.19470036426348,5
,,Hardware Home And Garden Store,-81.569198,30.195575999999992,5
,,Hardware Home And Garden Store,-81.569112,30.194685,5
,,Hardware Home And Garden Store,-81.56917697000002,30.194957560000002,5
,,Automotive Service,-81.569125,30.195788000000004,5
,,Professional Service,-81.5695357,30.1959499,5
,,Real Estate Service,-81.5695357,30.1959499,5
,,B2B Service,-81.56958333,30.195415299999997,5
,,Hardware Home And Garden Store,-81.56972849459055,30.197009015928852,5
,,Second Hand Store,-81.56976874,30.197073079999992,5
,,Second Hand Store,-81.56957443,30.197778329999995,5
,,Animal Or Pet Service,-81.56962477,30.197289859999998,5
,,Real Estate Service,-81.569404,30.19723599999999,5
,,Sporting Goods Store,-81.56940549,30.197401010000004,5
,,Sport Or Fitness Facility,-81.56943934907241,30.19759181407105,5
,,Hardware Home And Garden Store,-81.56955254982152,30.197623060810628,5
,,Real Estate Service,-81.5694816,30.1978288,5
,,Fashion And Apparel Store,-81.56976578225444,30.197857279306017,5
,,Fashion And Apparel Store,-81.56981414,30.197898300000002,5
,,Hardware Home And Garden Store,-81.56983836,30.19838801,5
,,Fashion And Apparel Store,-81.57003666,30.198119809999998,5
,,Behavioral Or Mental Health Clinic,-81.57,30.198117999999994,5
,,Playground,-81.57006317,30.198113190000004,5
,,Arts Crafts And Hobby Store,-81.57015374589952,30.197656484410345,5
,,Hardware Home And Garden Store,-81.57012896,30.19756723,5
,,Sporting Goods Store,-81.5700426,30.196820799999994,5
,,Hardware Home And Garden Store,-81.5700426,30.196820799999994,5
,,Food And Beverage Store,-81.570014370343,30.197639298132994,5
,,Flowers And Gifts Store,-81.56984315,30.197308350000007,5
,,Second Hand Store,-81.56991706,30.197062279999994,5
,,Arts Crafts And Hobby Store,-81.57,30.196264999999993,5
,,Uncategorized,-81.569991,30.195638000000002,5
,,Sporting Goods Store,-81.56996,30.195649999999997,5
,,Home Service,-81.56996,30.195649999999997,5
,,Home Service,-81.56996,30.195649999999997,5
,,Real Estate Service,-81.56996,30.195649999999997,5
,,Home Service,-81.569891,30.195541999999993,5
,,Hardware Home And Garden Store,-81.5700023678412,30.195626863646588,5
,,Real Estate Service,-81.57013451,30.19584161,5
,,Gas Station,-81.57022682,30.1964509,5
,,Supplier Or Distributor,-81.5705572,30.196358,5
,,Hardware Home And Garden Store,-81.570466,30.19733099999999,5
,,Manufacturer,-81.5705871582031,30.200294494628896,5
,,Animal Or Pet Service,-81.570589,30.200291999999994,5
,,Auto Dealer,-81.574384,30.203531,3
,,Civic Organization,-81.572708082774,30.20217154725957,3
,,Uncategorized,-81.572708082774,30.20217154725957,3
,,Specialized Medical Facility,-81.57283555,30.201172389999996,3
,,Outpatient Care Facility,-81.572704,30.201138,3
,,Professional Service,-81.572725,30.200618999999996,3
,,Automotive Service,-81.572758,30.200116999999995,3
,,Electronics Store,-81.57271856,30.199282420000003,3
,,Travel Service,-81.5732609,30.1998502,3
,,Vehicle Parts Store,-81.57326344338509,30.19980689343929,3
,,Automotive Service,-81.573345,30.199785000000006,3
,,Home Service,-81.5735555,30.20156829999999,3
,,Home Service,-81.5733042,30.20177078,3
,,Hardware Home And Garden Store,-81.57335852095974,30.201676688625085,3
,,Uncategorized,-81.57381,30.201610000000002,3
,,Automotive Service,-81.57394,30.20258,3
,,Auto Dealer,-81.57393401,30.202678060000007,3
,,Casual Eatery,-81.5743663,30.203181690000008,3
,,Vehicle Parts Store,-81.574387,30.202817,3
,,Real Estate Service,-81.574462890625,30.201505661010692,3
,,B2B Office And Professional Service,-81.57443,30.201239999999995,3
,,Hardware Home And Garden Store,-81.57429465,30.201452569999997,3
,,Home Service,-81.57380195839794,30.200485616488294,3
,,Home Service,-81.5738312,30.200677740000007,3
,,Vehicle Service,-81.57321747,30.197073279999994,3
,,Uncategorized,-81.57295200000002,30.19529,5
,,Specialty School,-81.572988,30.195257,5
,,Gym,-81.57303600000002,30.19527100000001,5
,,Vehicle Service,-81.5728798675719,30.19496329731626,5
,,Storage Facility,-81.5728798675719,30.19496329731626,5
,,Storage Facility,-81.57274739,30.19499769,5
,,Public Utility,-81.57274585000002,30.195015579999993,5
,,Home Service,-81.5725472,30.194729600000002,5
,,Rental Service,-81.5725472,30.194729600000002,5
,,Taxi Or Ride Share Service,-81.572088,30.197727000000004,3
,,Uncategorized,-81.57202911,30.197841640000004,3
,,B2B Office And Professional Service,-81.5722928,30.2004312,3
,,Home Service,-81.5723699,30.2005861,3
,,Home Service,-81.57243,30.20087999999999,3
,,Place Of Learning,-81.57243,30.20087999999999,3
,,Supplier Or Distributor,-81.57247632026387,30.20084861283615,3
,,Professional Service,-81.57260564,30.200796910000005,3
,,Home Service,-81.57264604,30.202180110000004,3
,,Home Service,-81.57256628,30.202972950000007,3
,,Travel Service,-81.57236844985746,30.202077803413943,3
,,Corporate Or Business Office,-81.57215,30.20227,3
,,Travel Service,-81.571948,30.202385999999994,3
,,Travel Service,-81.57183499,30.202206399999998,3
,,Animal Or Pet Service,-81.5717713,30.20075999999999,3
,,Event Or Party Service,-81.57187937,30.200657099999997,3
,,Financial Service,-81.57170376431284,30.199707718635622,3
,,Corporate Or Business Office,-81.571704,30.199708000000008,3
,,Uncategorized,-81.57170376431284,30.199707718635622,3
,,Specialty Store,-81.571682,30.199796900000006,3
,,Home Service,-81.571686,30.199768999999993,3
,,Diagnostics Imaging Or Lab Service,-81.57158009,30.199302109999998,3
,,Diagnostics Imaging Or Lab Service,-81.571452,30.199481000000002,3
,,Technical Service,-81.571489,30.200491999999997,3
,,Place Of Learning,-81.571496,30.201049000000005,3
,,Elementary School,-81.57149529730988,30.201074793461405,3
,,Environmental Or Ecological Service,-81.5707707,30.200171299999994,3
,,Event Or Party Service,-81.5707707,30.200171299999994,3
,,Specialty Store,-81.5707707,30.200171299999994,3
,,Medical Service,-81.5707707,30.200171299999994,3
,,Technical Service,-81.5707707,30.200171299999994,3
,,Place Of Learning,-81.5707707,30.200171299999994,3
,,B2B Transportation And Storage Service,-81.5707707,30.200171299999994,3
,,Financial Service,-81.571095,30.200674,3
,,Hardware Home And Garden Store,-81.571095,30.200674,3
,,Fashion And Apparel Store,-81.571095,30.200674,3
,,Hardware Home And Garden Store,-81.57111782301459,30.200473644053137,3
,,Surgery,-81.57099513,30.199639030000004,3
,,Dental Clinic,-81.5708267,30.19970696,5
,,Storage Facility,-81.5713412,30.198115700000002,5
,,Storage Facility,-81.57161161,30.197372620000003,5
,,Hardware Home And Garden Store,-81.57100713,30.196387839999993,5
,,Pharmacy And Drug Store,-81.57098587638428,30.19268115126955,5
,,Manufacturer,-81.57146394252777,30.192411169409755,5
,,Hardware Home And Garden Store,-81.57106941,30.191146840000002,5
,,Legal Service,-81.5713473,30.185997899999997,5
,,Building Or Construction Service,-81.571634,30.185937000000003,5
,,Hardware Home And Garden Store,-81.571472,30.189,5
,,Hardware Home And Garden Store,-81.571472,30.189,5
,,Manufacturer,-81.57147,30.188990000000008,5
,,Building Or Construction Service,-81.571862,30.186365999999992,5
,,Sport Or Fitness Facility,-81.57249384,30.186212919999996,5
,,Home Service,-81.57258994,30.18662996,5
,,Hardware Home And Garden Store,-81.572613,30.191526999999994,5
,,Hardware Home And Garden Store,-81.572454,30.191334,5
,,Vehicle Service,-81.57244761,30.19318431,5
,,Hardware Home And Garden Store,-81.5727239,30.191113999999995,5
,,Rental Service,-81.57351300000002,30.192876,5
,,Hardware Home And Garden Store,-81.57342791978238,30.193689907162163,5
,,Uncategorized,-81.57371972636201,30.193737306801793,5
,,Laundry Service,-81.5738115090028,30.188726649218708,5
,,Manufacturer,-81.57398,30.189204,5
,,Fashion And Apparel Store,-81.57394777,30.18923111999999,5
,,B2B Industrial And Machine Service,-81.57393,30.18923000000001,5
,,Uncategorized,-81.5745737,30.189908000000003,5
,,Shopping,-81.57445299,30.18923457,5
,,Hardware Home And Garden Store,-81.573847,30.186025000000008,5
,,Home Service,-81.573847,30.186025000000008,5
,,Home Service,-81.573847,30.186025000000008,5
,,Home Service,-81.5737481,30.18638710000001,5
,,Professional Service,-81.5737481,30.18638710000001,5
,,Professional Service,-81.573479,30.186474,5
,,Home Service,-81.57345126574327,30.18657307442918,5
,,Real Estate Service,-81.573421,30.186465,5
,,Home Service,-81.5734384,30.186436999999994,5
,,Fashion And Apparel Store,-81.57361603,30.189794540000005,5
,,Arts Crafts And Hobby Store,-81.57360805539376,30.1898632427432,5
,,B2B Transportation And Storage Service,-81.573509,30.189799,5
,,Medical Service,-81.57351716,30.18947359,5
,,Uncategorized,-81.57318546810589,30.18984601959265,5
,,Building Or Construction Service,-81.57310809,30.189904469999995,5
,,Home Service,-81.57305,30.18995,5
,,Manufacturer,-81.57305052,30.189942929999994,5
,,Uncategorized,-81.5731338,30.183849499999997,5
,,Professional Service,-81.5731338,30.183849499999997,5
,,Hardware Home And Garden Store,-81.573265,30.183617999999992,5
,,Hardware Home And Garden Store,-81.57333711,30.183497940000002,5
,,Hardware Home And Garden Store,-81.57336293,30.18357422,5
,,Hardware Home And Garden Store,-81.57342029783095,30.183483267828223,5
,,Automotive Service,-81.57346,30.185849999999995,5
,,Automotive Service,-81.57383827492578,30.185222067521522,5
,,Home Service,-81.57393065,30.185278810000007,5
,,Supplier Or Distributor,-81.5743915,30.185589300000007,5
,,Uncategorized,-81.574438,30.185555999999995,5
,,Home Service,-81.574438,30.185555999999995,5
,,Building Or Construction Service,-81.5720555,30.183377159999992,5
,,Behavioral Or Mental Health Clinic,-81.57125826,30.18569951,5
,,Electronics Store,-81.57126300000002,30.185472,5
,,Manufacturer,-81.571217,30.185535,5
,,Complementary And Alternative Medicine,-81.57121035000002,30.185570200000008,5
,,Physical Medicine And Rehabilitation,-81.57124,30.185549999999992,5
,,Gym,-81.57124815,30.18566096,5
,,Home Service,-81.57114953771422,30.18544091938288,5
,,Home Service,-81.57122348880128,30.179000643783784,5
,,Christian Place Of Worship,-81.56913760000002,30.17817300999999,5
,,Printing Service,-81.56899742,30.18362242000001,5
,,Home Service,-81.5688781330939,30.184416486513623,5
,,Animal Or Pet Service,-81.56894383956387,30.18589239359872,5
,,Home Service,-81.5692443847656,30.185781478881793,5
,,Supplier Or Distributor,-81.56939731,30.185811600000005,5
,,Electronics Store,-81.569401,30.1837491,5
,,Home Service,-81.5697021484375,30.185678482055664,5
,,Hardware Home And Garden Store,-81.56977632314089,30.185757705151254,5
,,Personal Care And Beauty Store,-81.56984358,30.185867880000004,5
,,Manufacturer,-81.5698165893555,30.185743331909197,5
,,Printing Service,-81.57026913,30.18557138,5
,,Hardware Home And Garden Store,-81.57020714704848,30.183888324378398,5
,,Home Service,-81.57043862,30.185223540000003,5
,,Home Service,-81.57049132,30.185604320000003,5
,,Home Service,-81.57063345096,30.185526468045992,5
,,Vehicle Parts Store,-81.5705501,30.185271100000005,5
,,Personal Care And Beauty Store,-81.5705501,30.185271100000005,5
,,Media Service,-81.57059394,30.18590979,5
,,Food And Beverage Store,-81.57050443,30.1868932,5
,,Shipping Or Delivery Service,-81.570564,30.193191999999993,5
,,Technical Service,-81.5694078,30.186174000000012,5
,,Hardware Home And Garden Store,-81.569291,30.18594699999999,5
,,Electronics Store,-81.569291,30.18594699999999,5
,,Hardware Home And Garden Store,-81.569291,30.18594699999999,5
,,Hardware Home And Garden Store,-81.569291,30.18594699999999,5
,,Specialty Store,-81.569291,30.18594699999999,5
,,Manufacturer,-81.5690764,30.186480300000007,5
,,Home Service,-81.5690764,30.186480300000007,5
,,Hardware Home And Garden Store,-81.568373,30.185966999999994,5
,,Professional Service,-81.56825973581917,30.185935501857763,5
,,Home Service,-81.56827273759161,30.19414692837861,5
,,Home Service,-81.56824254,30.193651290000002,5
,,Home Service,-81.568148,30.193686999999997,5
,,Hardware Home And Garden Store,-81.56802593,30.19399629999999,5
,,Storage Facility,-81.56811739,30.193377750000003,5
,,Storage Facility,-81.56834119999999,30.190251800000002,5
,,Rental Service,-81.56807506,30.190461300000003,5
,,Rental Service,-81.56799,30.19050000000001,5
,,Hardware Home And Garden Store,-81.567676,30.193038,5
,,Home Service,-81.56767,30.19302999999999,5
,,Social Or Community Service,-81.56767,30.19302999999999,5
,,Specialty Store,-81.56768,30.19304000000001,5
,,Home Service,-81.56779778,30.19368841999999,5
,,Home Service,-81.5676625,30.194019000000004,5
,,Supplier Or Distributor,-81.5676625,30.194019000000004,5
,,Hardware Home And Garden Store,-81.5676625,30.194019000000004,5
,,Wellness Service,-81.5675616,30.19419060000001,5
,,Home Service,-81.56748452,30.1930309,5
,,Media Service,-81.567635,30.193018999999996,5
,,Corporate Or Business Office,-81.56756950439582,30.19303375924115,5
,,Supplier Or Distributor,-81.56736569917396,30.19267932785217,5
,,B2B Energy And Utility Service,-81.567328,30.192649999999993,5
,,Hardware Home And Garden Store,-81.567332,30.1926225,5
,,Hardware Home And Garden Store,-81.5672347,30.192748599999998,5
,,Restaurant,-81.56719536,30.194456559999992,5
,,Personal Or Beauty Service,-81.56714878,30.194511689999995,5
,,Restaurant,-81.56710967,30.194521130000002,5
,,Financial Service,-81.56695105087312,30.194552693567182,5
,,Home Service,-81.567167,30.19343599999999,5
,,Hardware Home And Garden Store,-81.56707409000002,30.192464079999997,5
,,Real Estate Service,-81.567023,30.192608999999997,5
,,Hardware Home And Garden Store,-81.567357,30.189932999999993,5
,,Hardware Home And Garden Store,-81.5678281,30.18974012999999,5
,,Manufacturer,-81.56760988,30.1888278,5
,,Home Service,-81.56750404,30.186309389999998,5
,,B2B Service,-81.56714320000002,30.185921700000005,5
,,Automotive Service,-81.56697452798066,30.185945218070778,5
,,Corporate Or Business Office,-81.56737419017497,30.184763421155797,5
,,B2B Transportation And Storage Service,-81.5671407,30.183838000000005,5
,,Fire Station,-81.56781768798828,30.184818267822262,5
,,Agricultural Service,-81.56749554,30.183979130000008,5
,,Home Service,-81.56799405,30.184855950000003,5
,,Uncategorized,-81.568,30.184849999999997,5
,,Home Service,-81.568000793457,30.184850692749,5
,,Professional Service,-81.56794413,30.18482832999999,5
,,Home Service,-81.56792454,30.184743939999994,5
,,Home Service,-81.56796578,30.1845846,5
,,Uncategorized,-81.5679388,30.184328800000003,5
,,Printing Service,-81.568188,30.1846206,5
,,Home Service,-81.568189,30.18469,5
,,Home Service,-81.568219,30.184736999999984,5
,,Professional Service,-81.568199,30.18459899999999,5
,,Home Service,-81.56819441,30.184419730000005,5
,,Uncategorized,-81.5681589,30.184323099999997,5
,,Home Service,-81.5681589,30.184323099999997,5
,,Home Service,-81.56820741,30.183892309999994,5
,,Personal Care And Beauty Store,-81.56829618,30.18574229,5
,,B2B Industrial And Machine Service,-81.5684457,30.18573221999999,5
,,Community And Government,-81.56872629,30.18551490000001,5
,,Home Service,-81.56856379801562,30.184661045576657,5
,,Hardware Home And Garden Store,-81.56853,30.184549999999994,5
,,Home Service,-81.568439,30.184699,5
,,Printing Service,-81.568805,30.18359200000001,5
,,Religious Organization,-81.56871858445444,30.178127466194788,5
,,Park,-81.567045,30.178246999999995,5
,,Home Service,-81.5672241,30.175266099999998,5
,,Event Or Party Service,-81.56806184,30.169791519999993,5
,,Restaurant,-81.5674305030389,30.162981779294242,5
,,Home Service,-81.56829,30.16579,5
,,Travel Service,-81.569664347993,30.167390937013995,5
,,Home Service,-81.569616,30.166066000000004,5
,,Home Service,-81.570815,30.175938000000006,5
,,Personal Or Beauty Service,-81.57224241,30.168752970000003,5
,,Media Service,-81.57256,30.17135,5
,,Home Service,-81.5743326,30.174877300000002,5
,,Supplier Or Distributor,-81.57389802,30.162142919999997,5
,,Hindu Place Of Worship,-81.57214108,30.15998151999999,5
,,Restaurant,-81.57179390655634,30.161708370908862,5
,,Financial Service,-81.57185916,30.166519199999996,5
,,Uncategorized,-81.56607,30.16027,5
,,Home Service,-81.56619967646678,30.171385518461225,5
,,Uncategorized,-81.56689,30.17485,5
,,Professional Service,-81.562843322754,30.167094631230004,5
,,Arts Crafts And Hobby Store,-81.55740100000001,30.17695199999999,5
,,Fashion And Apparel Store,-81.557412,30.176911000000004,5
,,Restaurant,-81.55742057,30.177024100000004,5
,,Sport Or Fitness Facility,-81.55732978,30.17680651,5
,,Real Estate Service,-81.55721757,30.176979590000006,5
,,Hardware Home And Garden Store,-81.5570881,30.1769645,5
,,Event Venue,-81.5570881,30.1769645,5
,,Discount Store,-81.55712472797019,30.176602297121132,5
,,Discount Store,-81.55701628,30.17662149,5
,,Gaming Venue,-81.55675628,30.176508739999992,5
,,Real Estate Service,-81.55655685907956,30.175847016143358,5
,,Uncategorized,-81.5556494,30.172645199999995,5
,,Restaurant,-81.55502724,30.177241150000004,5
,,Bank Or Credit Union,-81.553772,30.177246,5
,,Historic Site,-81.55360851,30.174700859999998,5
,,Professional Service,-81.5528799,30.171845699999984,5
,,Storage Facility,-81.552947,30.177148999999993,5
,,Ev Charging Station,-81.55263215303421,30.175106391827633,5
,,Historic Site,-81.55253601,30.17543422000001,5
,,Bank Or Credit Union,-81.5486129,30.176192600000004,5
,,Auto Dealer,-81.54902,30.175380000000008,5
,,Auto Dealer,-81.55102619,30.1767694,5
,,Apartment,-81.5510882,30.174330400000002,5
,,Auto Dealer,-81.551155932324,30.176924807048007,5
,,Convenience Store,-81.5514582,30.177975099999994,5
,,Manufacturer,-81.5499746,30.177719599999993,5
,,Home Service,-81.5499746,30.177719599999993,5
,,Professional Service,-81.54966432,30.178017169999993,5
,,Media Service,-81.5497013,30.1787293,5
,,Food And Beverage Store,-81.549693,30.178921000000003,5
,,Sport Or Recreation Club,-81.54968,30.179249999999993,5
,,Home Service,-81.5497055,30.179376599999994,5
,,Building Or Construction Service,-81.549762,30.179265000000008,5
,,Environmental Or Ecological Service,-81.55011294,30.179845739999998,5
,,Home Service,-81.5497647,30.1829931,5
,,Hardware Home And Garden Store,-81.5497647,30.1829931,5
,,Professional Service,-81.5505,30.185901999999995,5
,,Financial Service,-81.55055533,30.18586972,5
,,Bank Or Credit Union,-81.5505537,30.185902199999997,5
,,Uncategorized,-81.5505537,30.185902199999997,5
,,Financial Service,-81.55055957,30.185900909999997,5
,,Financial Service,-81.55056554082323,30.18588728874985,5
,,Financial Service,-81.55058313966275,30.185825891990408,5
,,Financial Service,-81.550583,30.185826000000002,5
,,Real Estate Service,-81.550631,30.185871999999993,5
,,Financial Service,-81.5506309173513,30.185872215722863,5
,,Financial Service,-81.55074,30.18579,5
,,Financial Service,-81.55074,30.18579,5
,,Building Or Construction Service,-81.550797,30.187210000000004,5
,,Real Estate Service,-81.55082,30.187240000000003,5
,,Financial Service,-81.55082,30.187290999999995,5
,,Financial Service,-81.55074915828857,30.1871637567808,5
,,Corporate Or Business Office,-81.55066618187158,30.187240225762274,5
,,Financial Service,-81.55064784,30.18740458,5
,,Financial Service,-81.55067911,30.187382359999997,5
,,Medical Service,-81.55084698,30.187306209999992,5
,,Restaurant,-81.55117874091724,30.191914558122424,5
,,Personal Or Beauty Service,-81.55107976,30.19245846999999,5
,,Vision Or Eye Care Clinic,-81.55094,30.192499999999992,5
,,Restaurant,-81.55082979,30.19389399,5
,,Restaurant,-81.5508475366975,30.19384972059081,5
,,Casual Eatery,-81.55087035,30.193980029999988,5
,,Hardware Home And Garden Store,-81.55076962179426,30.193909346905315,5
,,Hardware Home And Garden Store,-81.55080157,30.19405515,5
,,Restaurant,-81.55070364475252,30.194078761535415,5
,,Real Estate Service,-81.550775119346,30.19164512066701,5
,,Pharmacy And Drug Store,-81.5508697,30.192292600000002,5
,,Pharmacy And Drug Store,-81.5508697,30.192292600000002,5
,,Food And Beverage Store,-81.5508697,30.192292600000002,5
,,Animal And Pet Store,-81.5508697,30.192292600000002,5
,,Personal Or Beauty Service,-81.55093295,30.192229,5
,,Wellness Service,-81.55093264,30.19213827,5
,,Personal Or Beauty Service,-81.5509313,30.192136689999995,5
,,Personal Care And Beauty Store,-81.55093091,30.19213767,5
,,Dental Clinic,-81.55097728,30.19226169,5
,,Personal Or Beauty Service,-81.55096125,30.192284400000002,5
,,Personal Or Beauty Service,-81.55096812,30.192235690000004,5
,,Personal Or Beauty Service,-81.55100518,30.19223506,5
,,Bar,-81.55099582833957,30.192267398434826,5
,,Restaurant,-81.55099582833957,30.192267398434826,5
,,Atm,-81.55099582833957,30.192267398434826,5
,,Restaurant,-81.55099582833957,30.192267398434826,5
,,Electronics Store,-81.5510307,30.192285099999992,5
,,Personal Or Beauty Service,-81.551044,30.19216,5
,,Personal Or Beauty Service,-81.55103156,30.192153949999998,5
,,Personal Or Beauty Service,-81.551012,30.192088999999996,5
,,Restaurant,-81.55099332888678,30.19192735091298,5
,,Bar,-81.55101,30.19206199999999,5
,,Fashion And Apparel Store,-81.550996,30.1921195,5
,,Real Estate Service,-81.55031813,30.191373010000003,5
,,Uncategorized,-81.550264,30.191492399999998,5
,,Real Estate Service,-81.55058747,30.191532579999993,5
,,Sporting Goods Store,-81.55039811,30.19239118,5
,,Shipping Or Delivery Service,-81.550453,30.192760000000003,5
,,Fashion And Apparel Store,-81.5498855,30.1926899,5
,,Vision Or Eye Care Clinic,-81.5498855,30.1926899,5
,,Arts Crafts And Hobby Store,-81.5498855,30.1926899,5
,,Restaurant,-81.5498855,30.1926899,5
,,Uncategorized,-81.5498855,30.1926899,5
,,Restaurant,-81.5498855,30.1926899,5
,,Uncategorized,-81.5498855,30.1926899,5
,,Fashion And Apparel Store,-81.5498855,30.1926899,5
,,Atm,-81.5498855,30.1926899,5
,,Personal Or Beauty Service,-81.55,30.19316,5
,,Uncategorized,-81.550003051758,30.19315977430001,5
,,Arts Crafts And Hobby Store,-81.54975346,30.192445460000002,5
,,Personal Or Beauty Service,-81.54985700000002,30.192264,5
,,Financial Service,-81.54978,30.1888,5
,,Senior Living Facility,-81.549864,30.188973000000004,5
,,Professional Service,-81.54986411258338,30.18897327811249,5
,,Uncategorized,-81.549993,30.188881499999997,5
,,Medical Service,-81.5499766,30.188857300000002,5
,,Financial Service,-81.5499991,30.188885480000003,5
,,Uncategorized,-81.5499939,30.188880799999993,5
,,Uncategorized,-81.5499939,30.188880799999993,5
,,Uncategorized,-81.5499939,30.188880799999993,5
,,Financial Service,-81.5499939,30.188903979999996,5
,,Financial Service,-81.5499939,30.188913259999996,5
,,Real Estate Service,-81.550362,30.187024,5
,,Park,-81.55057499645534,30.185908715514273,5
,,Financial Service,-81.55055711,30.185909019999993,5
,,Financial Service,-81.55055635,30.185908919999996,5
,,Uncategorized,-81.5501394,30.186353900000004,5
,,Medical Service,-81.5501394,30.186353900000004,5
,,Medical Service,-81.5501394,30.186353900000004,5
,,Medical Service,-81.5501394,30.186353900000004,5
,,Uncategorized,-81.5501394,30.186353900000004,5
,,Medical Service,-81.5501394,30.186353900000004,5
,,Medical Service,-81.5501394,30.186353900000004,5
,,Uncategorized,-81.5491256713867,30.186244964599602,5
,,Personal Care And Beauty Store,-81.54913878,30.18623432,5
,,Real Estate Service,-81.54913828,30.186233879999985,5
,,Specialized Health Care,-81.54913827,30.18623193000001,5
,,Real Estate Service,-81.54889,30.185939999999988,5
,,Rental Service,-81.54869738,30.186136539999985,5
,,Uncategorized,-81.54869,30.18629,5
,,Discount Store,-81.54947271,30.192382710000008,5
,,Atm,-81.54936218261719,30.19410514831543,5
,,Hardware Home And Garden Store,-81.54924883,30.192397759999995,5
,,Restaurant,-81.5490611296516,30.19277229988049,5
,,Personal Or Beauty Service,-81.54911,30.193730000000002,5
,,Coffee Shop,-81.54910597,30.19411838,5
,,Personal Or Beauty Service,-81.54899748,30.194103400000007,5
,,Dental Clinic,-81.54893135629631,30.193717979706463,5
,,Sport Or Recreation Club,-81.54882429999999,30.193535700000012,5
,,Superstore,-81.54884137,30.194049670000005,5
,,Personal Or Beauty Service,-81.54870593,30.19302601,5
,,Flowers And Gifts Store,-81.5487502853924,30.19307166215485,5
,,Personal Or Beauty Service,-81.5487793,30.193108069999994,5
,,Doctor,-81.5487631,30.193164499999998,5
,,Food And Beverage Store,-81.54876649,30.193213549999996,5
,,Animal And Pet Store,-81.54882258,30.192933359999994,5
,,Real Estate Service,-81.548393,30.191549000000006,5
,,Specialty School,-81.54835372,30.191544000000004,5
,,Printing Service,-81.548356,30.191514999999992,5
,,Real Estate Service,-81.54828,30.1915,5
,,Real Estate Service,-81.54845298,30.19149198,5
,,Real Estate Service,-81.54857464,30.19139215,5
,,Personal Or Beauty Service,-81.54861251,30.192955500000007,5
,,Specialty Store,-81.5486,30.19410000000001,5
,,Personal Or Beauty Service,-81.54850722,30.194220209999997,5
,,Uncategorized,-81.5483808,30.185949500000007,5
,,Specialized Health Care,-81.54828838,30.185953369999996,5
,,Financial Service,-81.54815668488982,30.185983938331248,5
,,Financial Service,-81.54777905,30.185615409999993,5
,,Dental Clinic,-81.54776374,30.18546993,5
,,Technical Service,-81.547767,30.185619000000003,5
,,Complementary And Alternative Medicine,-81.54792444,30.185244810000007,5
,,Real Estate Service,-81.547936,30.1856299,5
,,Attorney Or Law Firm,-81.54816837,30.18587308,5
,,Home Service,-81.54809413,30.185125960000004,5
,,Medical Service,-81.54818186,30.18512034,5
,,Vehicle Parts Store,-81.54806078,30.18220515,5
,,Doctor,-81.548420677843,30.185063004563897,5
,,Doctor,-81.5483514,30.185110299999995,5
,,Real Estate Service,-81.54820854,30.18521473,5
,,Wellness Service,-81.54826305,30.185361250000003,5
,,Real Estate Service,-81.54824979,30.185206620000002,5
,,Financial Service,-81.5482542,30.185638969999985,5
,,Wellness Service,-81.54825507,30.185639320000007,5
,,Doctor,-81.5482584,30.185633399999993,5
,,Complementary And Alternative Medicine,-81.54832347,30.185866119999993,5
,,Medical Service,-81.54833656,30.185703220000004,5
,,Technical Service,-81.54853,30.185603999999994,5
,,Financial Service,-81.5485367,30.185608999999996,5
,,Building Or Construction Service,-81.54853,30.185457,5
,,Uncategorized,-81.54853,30.185457,5
,,Wellness Service,-81.54853,30.185457,5
,,Financial Service,-81.54849564,30.185384299999985,5
,,Outpatient Care Facility,-81.548476,30.18547399999999,5
,,Diagnostics Imaging Or Lab Service,-81.548481,30.185454999999997,5
,,Professional Service,-81.54844080706322,30.185631745661226,5
,,Behavioral Or Mental Health Clinic,-81.548455,30.185124999999992,5
,,Wellness Service,-81.5485264,30.18528630000001,5
,,Attorney Or Law Firm,-81.5485264,30.18528630000001,5
,,Building Or Construction Service,-81.5485264,30.18528630000001,5
,,Professional Service,-81.5485264,30.18528630000001,5
,,Financial Service,-81.5485264,30.18528630000001,5
,,Uncategorized,-81.5485264,30.18528630000001,5
,,Specialized Health Care,-81.5485264,30.18528630000001,5
,,Rental Service,-81.5485264,30.18528630000001,5
,,Personal Or Beauty Service,-81.54862952,30.18587321,5
,,Personal Or Beauty Service,-81.54867332783,30.185815299905993,5
,,Specialized Health Care,-81.54871358,30.185373230000003,5
,,Legal Service,-81.54875008202188,30.185617781640882,5
,,Behavioral Or Mental Health Clinic,-81.54880607,30.18567131,5
,,Complementary And Alternative Medicine,-81.54875971,30.18534112,5
,,Uncategorized,-81.549136,30.185227,5
,,Travel And Transportation,-81.54927,30.18546,5
,,Home Service,-81.54891422000001,30.182522909999985,5
,,Real Estate Service,-81.54915419999999,30.182957399999992,5
,,Hardware Home And Garden Store,-81.549023,30.180464999999998,5
,,Media Service,-81.54959,30.18109,5
,,Real Estate Service,-81.54953,30.178929999999987,5
,,Corporate Or Business Office,-81.54951424506176,30.17890494702049,5
,,Home Service,-81.54914861,30.17751654,5
,,Hardware Home And Garden Store,-81.5491274,30.177273700000004,5
,,Christian Place Of Worship,-81.54834692,30.17743431,5
,,Uncategorized,-81.547764,30.179954000000002,5
,,Uncategorized,-81.54740591827313,30.178763217299853,5
,,Behavioral Or Mental Health Clinic,-81.54763322,30.18521446999999,5
,,Personal Or Beauty Service,-81.547663,30.185642999999995,5
,,Financial Service,-81.547644,30.185642999999995,5
,,Sporting Goods Store,-81.54764373776018,30.185643490364445,5
,,Financial Service,-81.54764373776018,30.185643490364445,5
,,Uncategorized,-81.5476443,30.185758400000005,5
,,Financial Service,-81.54763116287745,30.185474376116556,5
,,Complementary And Alternative Medicine,-81.54758126,30.185387809999998,5
,,Real Estate Service,-81.54758096,30.18578345,5
,,Uncategorized,-81.5474869,30.185144799999996,5
,,Wellness Service,-81.54748554,30.185143249999992,5
,,Educational Service,-81.547492,30.185126,5
,,Behavioral Or Mental Health Clinic,-81.54750668,30.185215570000008,5
,,Wellness Service,-81.5474026,30.185134199999997,5
,,Personal Or Beauty Service,-81.54743985,30.18522959,5
,,Specialized Health Care,-81.54737412,30.18573183,5
,,Personal Or Beauty Service,-81.54715127,30.18521399999999,5
,,Behavioral Or Mental Health Clinic,-81.54714311,30.18572368,5
,,Professional Service,-81.54715576,30.18574868,5
,,Bank Or Credit Union,-81.5470591,30.1858438,5
,,Real Estate Service,-81.54705537172745,30.185779130841933,5
,,Design Service,-81.5470465,30.18527508,5
,,Professional Service,-81.54620431,30.188798499999994,5
,,Personal Or Beauty Service,-81.5470639,30.185991170000005,5
,,Personal Or Beauty Service,-81.54748,30.186179999999997,5
,,Home Service,-81.54748,30.186179999999997,5
,,Home Service,-81.54748,30.186179999999997,5
,,Home Service,-81.54748,30.186179999999997,5
,,Personal Or Beauty Service,-81.547538,30.186011999999995,5
,,Real Estate Service,-81.547538,30.186011999999995,5
,,Professional Service,-81.547669,30.185982000000003,5
,,Educational Service,-81.5476836,30.18596098,5
,,Vehicle Dealer,-81.5470352172852,30.1936264038086,5
,,Social Or Community Service,-81.54721823,30.194063559999993,5
,,Vehicle Dealer,-81.547576,30.194867999999992,5
,,Fast Food Restaurant,-81.547401,30.194999999999993,5
,,Home Service,-81.54604861000001,30.201782529999996,5
,,Real Estate Service,-81.54604138978985,30.202596198860025,5
,,Hardware Home And Garden Store,-81.5458908081055,30.20319175720209,5
,,Condominium,-81.54589176177979,30.20318927899383,5
,,Professional Service,-81.54589,30.203180000000003,5
,,Real Estate Service,-81.54651737160191,30.197026444297357,5
,,Condominium,-81.54651737160191,30.197026444297357,5
,,Historic Site,-81.54435845,30.199776620000005,5
,,Supplier Or Distributor,-81.54444028553014,30.199798428368517,5
,,Lodging,-81.54490258,30.20863062999999,5
,,Private Lodging,-81.54578072,30.209120550000012,5
,,Travel And Transportation,-81.547871,30.210194699999985,5
,,Professional Service,-81.547871,30.210194699999985,5
,,Historic Site,-81.548339,30.20847678,5
,,Swimming Pool,-81.54942730329958,30.210518040943324,5
,,Professional Service,-81.54942103,30.210511869999998,5
,,Second Hand Store,-81.54889724,30.203561499999996,5
,,Flowers And Gifts Store,-81.5484695,30.20477496000001,5
,,Real Estate Service,-81.547888,30.199061000000007,5
,,Home Service,-81.5485916,30.195975599999993,5
,,Home Service,-81.5485916,30.195975599999993,5
,,Historic Site,-81.54855048,30.197721030000004,5
,,Rental Service,-81.549046,30.195952,5
,,Hardware Home And Garden Store,-81.54930985,30.195835659999993,5
,,Restaurant,-81.5495618,30.19604484,5
,,Hardware Home And Garden Store,-81.549557,30.195886,5
,,Music Venue,-81.55008091526214,30.202913734747177,5
,,Personal Or Beauty Service,-81.55014630165238,30.202898670036895,5
,,Home Service,-81.550531,30.202460999999996,5
,,Real Estate Service,-81.55055,30.202399999999997,5
,,Historic Site,-81.55058497,30.202359449999985,5
,,Auto Dealer,-81.55043869,30.202468870000008,5
,,Hotel,-81.55018596861802,30.201273326593743,5
,,Historic Site,-81.55019406,30.20109881999999,5
,,Animal Or Pet Service,-81.55038701000001,30.199886269999997,5
,,Animal Or Pet Service,-81.55046700000001,30.199920000000006,5
,,Fashion And Apparel Store,-81.5502356,30.199163800000004,5
,,Animal And Pet Store,-81.55031083,30.199947600000005,5
,,Home Service,-81.55028158,30.199551000000003,5
,,Supplier Or Distributor,-81.55026939044144,30.19948740678363,5
,,B2B Transportation And Storage Service,-81.55022888273032,30.19956162979149,5
,,Department Store,-81.550136,30.199408999999996,5
,,Senior Living Facility,-81.549814,30.197241000000005,5
,,Senior Living Facility,-81.54972586,30.197401549999995,5
,,Electronics Store,-81.55082,30.19483,5
,,Convenience Store,-81.55081500000001,30.195541,5
,,Atm,-81.55094400000002,30.195594000000007,5
,,Atm,-81.55094146728516,30.195594787597656,5
,,Corporate Or Business Office,-81.55091993,30.194819869999996,5
,,Fast Food Restaurant,-81.55098355,30.194684639999995,5
,,Rental Service,-81.5509291,30.195787499999994,5
,,Uncategorized,-81.5506252,30.1999163,5
,,Restaurant,-81.55016910417798,30.207079008740113,5
,,Real Estate Service,-81.5502924,30.20891097000001,5
,,Historic Site,-81.55014961,30.20887312,5
,,Fashion And Apparel Store,-81.550331,30.207808,5
,,Government Office,-81.54978,30.20983,5
,,Home Service,-81.55102984,30.21090563,5
,,Historic Site,-81.55099884,30.210910300000002,5
,,Rental Service,-81.5534723,30.204396199999998,5
,,Uncategorized,-81.5534723,30.204396199999998,5
,,Historic Site,-81.55324862,30.207648879999994,5
,,Rental Service,-81.5542374,30.208151,5
,,Gym,-81.55463,30.208480000000012,5
,,Real Estate Service,-81.55463,30.208480000000012,5
,,Rental Service,-81.55453824,30.205945879999998,5
,,Research Institute,-81.55398375,30.195186639999992,5
,,Bank Or Credit Union,-81.5535068948106,30.196126548223546,5
,,Specialty School,-81.553838,30.195192000000006,5
,,Corporate Or Business Office,-81.55384521312637,30.19510832261682,5
,,Corporate Or Business Office,-81.5534589,30.195196999999993,5
,,Financial Service,-81.5534589,30.195196999999993,5
,,Professional Service,-81.5534589,30.195196999999993,5
,,Corporate Or Business Office,-81.55345045271416,30.196059405098154,5
,,Corporate Or Business Office,-81.55335803,30.196065869999995,5
,,Event Or Party Service,-81.55345449,30.197644230000005,5
,,Animal Or Pet Service,-81.551689,30.20055600000001,5
,,Convenience Store,-81.5516539,30.1957183,5
,,Rental Service,-81.5516539,30.1957183,5
,,Atm,-81.5516539,30.1957183,5
,,Fashion And Apparel Store,-81.551644,30.194788000000006,5
,,Electronics Store,-81.5516442,30.194870999999996,5
,,Arts Crafts And Hobby Store,-81.55165,30.19408,5
,,Arts Crafts And Hobby Store,-81.55165,30.19408,5
,,Casual Eatery,-81.551649,30.193825000000004,5
,,Fashion And Apparel Store,-81.551629,30.192083000000004,5
,,Dental Clinic,-81.55237699,30.190419910000003,5
,,Food And Beverage Store,-81.5524379,30.190400699999987,5
,,Event Or Party Service,-81.55334719,30.194034929999987,5
,,Elementary School,-81.55336,30.19408,5
,,Restaurant,-81.552542941236,30.191174660029,5
,,Casual Eatery,-81.55268050546799,30.189585477768617,5
,,Casual Eatery,-81.55262567,30.18947479,5
,,Smoothie Juice Bar,-81.55263272395379,30.189539153270804,5
,,Fashion And Apparel Store,-81.55259328,30.18953364,5
,,Restaurant,-81.5525539,30.189616800000003,5
,,Fast Food Restaurant,-81.55255652,30.18912975,5
,,Fashion And Apparel Store,-81.55339544,30.18590639000001,5
,,Coffee Shop,-81.55242000000001,30.18995,5
,,Dental Clinic,-81.551974,30.188635999999992,5
,,Medical Service,-81.5515983,30.1876328,5
,,Fashion And Apparel Store,-81.552,30.185,5
,,Ev Charging Station,-81.55227,30.183370000000004,5
,,Department Store,-81.5518348664045,30.182196646928702,5
,,Electronics Store,-81.55183553695679,30.182252973318107,5
,,Flowers And Gifts Store,-81.551835536957,30.182252973317986,5
,,Personal Or Beauty Service,-81.5518341064453,30.182252883911097,5
,,Train Station,-81.5519263,30.182281899999992,5
,,Home Service,-81.5519263,30.182281899999992,5
,,Fashion And Apparel Store,-81.55192,30.182219999999997,5
,,Fashion And Apparel Store,-81.55192,30.182219999999997,5
,,Electronics Store,-81.5519291,30.1822375,5
,,Technical Service,-81.5519291,30.1822375,5
,,Fashion And Apparel Store,-81.5517830508474,30.18215762711859,5
,,Flowers And Gifts Store,-81.5517830508474,30.18215762711859,5
,,Casual Eatery,-81.551868,30.180678,5
,,Restaurant,-81.5517854,30.179890600000004,5
,,Restaurant,-81.551754,30.179967,5
,,Financial Service,-81.551756,30.18013300000001,5
,,Books Music And Video Store,-81.55176,30.180269999999993,5
,,Atm,-81.55180358886719,30.177745819091804,5
,,Gas Station,-81.551947448567,30.177524470939897,5
,,Convenience Store,-81.551993,30.177467000000004,5
,,Hardware Home And Garden Store,-81.55231518,30.17790223999999,5
,,Bar,-81.55242074,30.17981732,5
,,Social Or Community Service,-81.55241,30.179859999999998,5
,,Fashion And Apparel Store,-81.5522642,30.180699300000008,5
,,Home Service,-81.5528289,30.179329899999992,5
,,Restaurant,-81.55313746338305,30.17904412377697,5
,,Home Service,-81.553143,30.179072199999997,5
,,Hardware Home And Garden Store,-81.553298,30.179076,5
,,Shopping,-81.55329,30.17908,5
,,Rental Service,-81.5532017,30.179696199999995,5
,,Hardware Home And Garden Store,-81.553378,30.181911000000003,5
,,Fashion And Apparel Store,-81.5532743,30.18257780000001,5
,,Fashion And Apparel Store,-81.5534620921007,30.18281111498433,5
,,Fashion And Apparel Store,-81.55346781,30.183523450000006,5
,,Fashion And Apparel Store,-81.5529579,30.184613200000005,5
,,Personal Care And Beauty Store,-81.55316789,30.18442154999999,5
,,Electronics Store,-81.55334662,30.184639530000002,5
,,Restaurant,-81.5533088310347,30.18462402385119,5
,,Professional Service,-81.553392,30.184547999999985,5
,,Home Service,-81.553392,30.184547999999985,5
,,Restaurant,-81.55339180656826,30.184547549983787,5
,,Restaurant,-81.55342744000001,30.185748279999995,5
,,Restaurant,-81.55358588193376,30.185613074279786,5
,,Restaurant,-81.55359503555437,30.18582061257301,5
,,Corporate Or Business Office,-81.55360695,30.18579673,5
,,Food Court,-81.55370232642815,30.18556272266567,5
,,Restaurant,-81.553699,30.18539399999999,5
,,Restaurant,-81.5536662,30.1853658,5
,,Personal Or Beauty Service,-81.55360265770888,30.18561916754869,5
,,Books Music And Video Store,-81.55367003,30.185276590000008,5
,,Fashion And Apparel Store,-81.55350119,30.185155620000003,5
,,Vision Or Eye Care Clinic,-81.5535033,30.184597000000007,5
,,Restaurant,-81.5535033,30.184597000000007,5
,,Fashion And Apparel Store,-81.5535033,30.184597000000007,5
,,Flowers And Gifts Store,-81.553503,30.184596999999997,5
,,Personal Care And Beauty Store,-81.55353326,30.18374982,5
,,Fashion And Apparel Store,-81.55358531,30.18421930000001,5
,,Flowers And Gifts Store,-81.5536398,30.18376211,5
,,Fashion And Apparel Store,-81.55371544,30.18389264,5
,,Fashion And Apparel Store,-81.553829,30.184563000000008,5
,,B2B Office And Professional Service,-81.553825378418,30.184509277343793,5
,,Fashion And Apparel Store,-81.55376292,30.184250850000005,5
,,Fashion And Apparel Store,-81.55379658588768,30.183802600042984,5
,,Uncategorized,-81.553808,30.184132999999992,5
,,Casual Eatery,-81.5538,30.184149999999995,5
,,Arts Crafts And Hobby Store,-81.55386823,30.184079959999988,5
,,Flowers And Gifts Store,-81.55394662,30.183752349999992,5
,,Hardware Home And Garden Store,-81.553915,30.184427,5
,,Fashion And Apparel Store,-81.553847,30.18431200000001,5
,,Fashion And Apparel Store,-81.55387456,30.184744500000008,5
,,Shopping,-81.553892,30.184719,5
,,Personal Care And Beauty Store,-81.55394633345665,30.184609928116892,5
,,Restaurant,-81.55387166285645,30.18535254859343,5
,,Fashion And Apparel Store,-81.55387166285645,30.18535254859343,5
,,Shopping,-81.55387166285645,30.18535254859343,5
,,Fashion And Apparel Store,-81.55387166285645,30.18535254859343,5
,,Fashion And Apparel Store,-81.55387166285645,30.18535254859343,5
,,Non Alcoholic Beverage Venue,-81.5537832,30.1849054,5
,,Toys And Games Store,-81.55376093,30.185162789999993,5
,,Shopping Mall,-81.5537787094586,30.1853508981595,5
,,Fashion And Apparel Store,-81.55383093000002,30.185296750000003,5
,,Fashion And Apparel Store,-81.55382313595389,30.185622399653568,5
,,Uncategorized,-81.553791,30.185551000000004,5
,,Casual Eatery,-81.55377227,30.185379859999998,5
,,Restaurant,-81.55375637197348,30.185605717140337,5
,,Fast Food Restaurant,-81.553758181765,30.18556580000001,5
,,Wellness Service,-81.55374378,30.185791629999994,5
,,Casual Eatery,-81.553842,30.185576640000004,5
,,Fashion And Apparel Store,-81.55395259,30.18557636,5
,,Fashion And Apparel Store,-81.55391819,30.18583207,5
,,B2B Office And Professional Service,-81.5540161132813,30.18589973449709,5
,,Electronics Store,-81.554048,30.185837999999993,5
,,Fashion And Apparel Store,-81.55414958,30.18509399999999,5
,,Fashion And Apparel Store,-81.55414095,30.185017750000007,5
,,Fast Food Restaurant,-81.554094,30.185839,5
,,Fashion And Apparel Store,-81.55427598,30.18495778,5
,,Restaurant,-81.55420407863288,30.18533504716811,5
,,Fashion And Apparel Store,-81.5542,30.184799999999996,5
,,Restaurant,-81.55424668,30.1845189,5
,,Personal Or Beauty Service,-81.55427634,30.184664489999996,5
,,Fashion And Apparel Store,-81.55432498,30.18470158,5
,,Restaurant,-81.55434922,30.184565829999997,5
,,Flowers And Gifts Store,-81.55438026000002,30.184679869999993,5
,,Fast Food Restaurant,-81.554359,30.184738999999997,5
,,Personal Or Beauty Service,-81.55439039,30.184557379999998,5
,,Fashion And Apparel Store,-81.55439211,30.184582440000003,5
,,Casual Eatery,-81.55438612,30.18467897,5
,,Media Service,-81.55439178,30.18453452,5
,,Flowers And Gifts Store,-81.55439239,30.184552020000005,5
,,Wellness Service,-81.55439257,30.18455443,5
,,Fashion And Apparel Store,-81.55439949,30.1845349,5
,,Specialty School,-81.55439286,30.184358969999987,5
,,Fashion And Apparel Store,-81.55438559,30.18436963,5
,,Fashion And Apparel Store,-81.55436254,30.18436016000001,5
,,Fashion And Apparel Store,-81.55433834,30.18442736000001,5
,,Shopping Mall,-81.55433722,30.18450978,5
,,Fast Food Restaurant,-81.5543254,30.18455451,5
,,Electronics Store,-81.55431655,30.184026760000002,5
,,Personal Care And Beauty Store,-81.55438945,30.184187979999997,5
,,Fashion And Apparel Store,-81.5541383,30.1840581,5
,,Fashion And Apparel Store,-81.55418849,30.184741529999997,5
,,Shopping Mall,-81.55408694349606,30.184815688456073,5
,,Personal Or Beauty Service,-81.55408835584679,30.18467363790585,5
,,Fashion And Apparel Store,-81.554024,30.184439,5
,,Fashion And Apparel Store,-81.554024,30.184439,5
,,Casual Eatery,-81.55402337,30.1847298,5
,,Atm,-81.55402297745968,30.184688713564885,5
,,Personal Care And Beauty Store,-81.5540313720703,30.184638977050806,5
,,Flowers And Gifts Store,-81.554034,30.184639000000008,5
,,Personal Or Beauty Service,-81.554034,30.184639000000008,5
,,Wellness Service,-81.554034,30.184639000000008,5
,,Fashion And Apparel Store,-81.55402099999999,30.184615000000004,5
,,Fashion And Apparel Store,-81.55402099999999,30.184615000000004,5
,,Restaurant,-81.55402099999999,30.184615000000004,5
,,Wholesaler,-81.55400525392996,30.18461781430849,5
,,Fashion And Apparel Store,-81.553986,30.184556,5
,,Fashion And Apparel Store,-81.553986,30.184556,5
,,Restaurant,-81.5539865,30.184556499999996,5
,,Fashion And Apparel Store,-81.553986,30.184556,5
,,Fashion And Apparel Store,-81.5539865,30.184556499999996,5
,,Fashion And Apparel Store,-81.553986,30.184556,5
,,Fashion And Apparel Store,-81.5539865,30.184556499999996,5
,,Fashion And Apparel Store,-81.553986,30.184556,5
,,Personal Care And Beauty Store,-81.55398977,30.184553900000004,5
,,Casual Eatery,-81.55399,30.184559999999994,5
,,Sporting Goods Store,-81.55400704,30.18466258999999,5
,,Personal Or Beauty Service,-81.55397053,30.184654809999994,5
,,Bar,-81.5539732,30.184650800000004,5
,,Flowers And Gifts Store,-81.5539732575417,30.184650922634802,5
,,Wellness Service,-81.553975,30.184642,5
,,Fashion And Apparel Store,-81.55398461,30.184557650000002,5
,,Fashion And Apparel Store,-81.55398434,30.184559590000003,5
,,Fashion And Apparel Store,-81.55398306,30.184555369999995,5
,,Wellness Service,-81.5539837,30.184550139999985,5
,,Restaurant,-81.55398125000002,30.184551519999996,5
,,Flowers And Gifts Store,-81.55398871,30.184551850000005,5
,,Fashion And Apparel Store,-81.55398776,30.184552030000006,5
,,Fashion And Apparel Store,-81.55398859,30.184554369999997,5
,,Fashion And Apparel Store,-81.55399736004091,30.184420044580488,5
,,Personal Care And Beauty Store,-81.55398297,30.184348249999992,5
,,Art Gallery,-81.55404706,30.183423519999995,5
,,Hardware Home And Garden Store,-81.554073512186,30.183454876673004,5
,,Personal Or Beauty Service,-81.554057999999,30.183149999999998,5
,,Personal Or Beauty Service,-81.554094,30.183666999999996,5
,,Fashion And Apparel Store,-81.5537131,30.182512299999996,5
,,Fast Food Restaurant,-81.55394253601902,30.18368562299196,5
,,Flowers And Gifts Store,-81.55387258573528,30.18347810567993,5
,,Fashion And Apparel Store,-81.55377513,30.183276610000004,5
,,Fashion And Apparel Store,-81.55374133,30.18367938,5
,,Fashion And Apparel Store,-81.55372136395115,30.183006227529525,5
,,Fashion And Apparel Store,-81.55376636722947,30.183027653263924,5
,,Wellness Service,-81.55365799,30.18311548000001,5
,,Music Venue,-81.553691,30.183504,5
,,Fashion And Apparel Store,-81.55369096537744,30.183503769988206,5
,,Fashion And Apparel Store,-81.55366141,30.183705249999996,5
,,Restaurant,-81.55359253,30.183491149999995,5
,,Food And Beverage Store,-81.55364575,30.18332077,5
,,Flowers And Gifts Store,-81.5535667,30.183189419999987,5
,,Personal Care And Beauty Store,-81.55366,30.182539999999992,5
,,Fashion And Apparel Store,-81.55367315611223,30.182284405876395,5
,,Fashion And Apparel Store,-81.55363838145728,30.18232768534966,5
,,Fast Food Restaurant,-81.5536492,30.179467540000005,5
,,Fast Food Restaurant,-81.55408692000002,30.179836719999994,5
,,Fashion And Apparel Store,-81.55449,30.181439999999995,5
,,Restaurant,-81.55473676372496,30.18028083146061,5
,,Restaurant,-81.55491007,30.180341279999997,5
,,Restaurant,-81.5550539,30.17732606,5
,,Amusement Park,-81.5550852,30.180304099999997,5
,,Shopping,-81.5549346,30.181405800000004,5
,,Department Store,-81.55454585,30.183359049999986,5
,,Personal Or Beauty Service,-81.55453,30.18351,5
,,Department Store,-81.55478,30.18438629999999,5
,,Specialty Store,-81.5547943,30.184662199999995,5
,,Uncategorized,-81.5547943,30.184662199999995,5
,,Fashion And Apparel Store,-81.5547943,30.184662199999995,5
,,Fashion And Apparel Store,-81.5547943,30.184662199999995,5
,,Fashion And Apparel Store,-81.5547943,30.184662199999995,5
,,Atm,-81.5547943,30.184662199999995,5
,,Books Music And Video Store,-81.5547943,30.184662199999995,5
,,Electronics Store,-81.5547943,30.184662199999995,5
,,Fashion And Apparel Store,-81.5547943,30.184662199999995,5
,,Books Music And Video Store,-81.5547943,30.184662199999995,5
,,Fashion And Apparel Store,-81.5547943,30.184662199999995,5
,,Flowers And Gifts Store,-81.5547943,30.184662199999995,5
,,Restaurant,-81.5547943,30.184662199999995,5
,,Restaurant,-81.5547943,30.184662199999995,5
,,Uncategorized,-81.5547943,30.184662199999995,5
,,Fashion And Apparel Store,-81.5547943,30.184662199999995,5
,,Fashion And Apparel Store,-81.5547943,30.184662199999995,5
,,Coffee Shop,-81.5547943,30.184662199999995,5
,,Fashion And Apparel Store,-81.5547943,30.184662199999995,5
,,Fashion And Apparel Store,-81.5547943,30.184662199999995,5
,,Fashion And Apparel Store,-81.5547943,30.184662199999995,5
,,Electronics Store,-81.5547943,30.184662199999995,5
,,Fast Food Restaurant,-81.5547943,30.184662199999995,5
,,Flowers And Gifts Store,-81.5547943,30.184662199999995,5
,,Personal Or Beauty Service,-81.55469281,30.184603399999997,5
,,Personal Or Beauty Service,-81.55474,30.1840219,5
,,Fashion And Apparel Store,-81.55443071,30.184127689999986,5
,,Fashion And Apparel Store,-81.55446452,30.18419421,5
,,Specialty Store,-81.55452309,30.184322530000006,5
,,Personal Care And Beauty Store,-81.55452063,30.184325380000004,5
,,Gym,-81.55452009000001,30.184325560000005,5
,,Fashion And Apparel Store,-81.5544486,30.184342200000007,5
,,Personal Or Beauty Service,-81.55445147,30.18462239,5
,,Vision Or Eye Care Clinic,-81.55466421,30.18437185,5
,,Department Store,-81.55474192000001,30.18572801,5
,,Personal Or Beauty Service,-81.55489356,30.185496680000004,5
,,Shopping,-81.5545596,30.189548099999996,5
,,Personal Or Beauty Service,-81.554152965546,30.185931900485993,5
,,Food And Beverage Store,-81.554022,30.186056999999998,5
,,Technical Service,-81.554022,30.186056999999998,5
,,Uncategorized,-81.55404068808386,30.186118155545714,5
,,Restaurant,-81.554041,30.186118000000004,5
,,Restaurant,-81.55405828582852,30.186056756934402,5
,,Fashion And Apparel Store,-81.55399290663347,30.186071831923538,5
,,Fashion And Apparel Store,-81.55399290663347,30.186071831923538,5
,,Animal And Pet Store,-81.55386598728214,30.186212957226715,5
,,Wellness Service,-81.55372136539728,30.18659316902715,5
,,Financial Service,-81.55379664816282,30.186440104613098,5
,,Fashion And Apparel Store,-81.55380400000001,30.186024000000003,5
,,Fashion And Apparel Store,-81.5538192,30.1859882,5
,,Supplier Or Distributor,-81.55375,30.18603,5
,,Fashion And Apparel Store,-81.5537492,30.1860323,5
,,Restaurant,-81.55358970503217,30.18595968217608,5
,,Fashion And Apparel Store,-81.55351338,30.185918390000005,5
,,Amusement Park,-81.55373878184375,30.1901428088388,5
,,Shopping Mall,-81.5539696,30.189909599999996,5
,,Technical Service,-81.55404021,30.19021989999999,5
,,Electronics Store,-81.55412321,30.19022876,5
,,Event Or Party Service,-81.55408269,30.189583939999995,5
,,Fashion And Apparel Store,-81.55400096,30.189151970000008,5
,,Education,-81.55424000000001,30.18968,5
,,Electronics Store,-81.554281,30.19022179999999,5
,,Corporate Or Business Office,-81.55365396499185,30.193432208206115,5
,,Social Or Community Service,-81.55461,30.19435900000001,5
,,Family Service,-81.5559339,30.191804400000006,5
,,Restaurant,-81.55551193087878,30.188015233984952,5
,,Restaurant,-81.55599322,30.181829170000004,5
,,Vehicle Dealer,-81.555401,30.1814631,5
,,Sporting Goods Store,-81.555501,30.181022000000002,5
,,Sports And Recreation,-81.555501,30.181022000000002,5
,,Uncategorized,-81.55555,30.180860000000003,5
,,Gym,-81.55555,30.180860000000003,5
,,Personal Or Beauty Service,-81.55553497,30.180777499999994,5
,,Fast Food Restaurant,-81.555535,30.181407000000004,5
,,Supplier Or Distributor,-81.555955,30.179034999999995,5
,,Bank Or Credit Union,-81.555955,30.179034999999995,5
,,Uncategorized,-81.555958,30.179033,5
,,Books Music And Video Store,-81.5561008,30.179106500000003,5
,,Home Service,-81.5560433,30.1789595,5
,,Uncategorized,-81.556043,30.178959,5
,,Personal Or Beauty Service,-81.556043,30.17896000000001,5
,,Casual Eatery,-81.55604673013981,30.179118557557302,5
,,Pharmacy And Drug Store,-81.55604673013981,30.179118557557302,5
,,Food And Beverage Store,-81.556047,30.179118999999996,5
,,Vehicle Service,-81.55601580000001,30.1790347,5
,,Vision Or Eye Care Clinic,-81.55626784,30.178812169999997,5
,,Financial Service,-81.55626404,30.178826419999993,5
,,Vision Or Eye Care Clinic,-81.5562158,30.178835309999986,5
,,Animal Or Pet Service,-81.556504,30.178821300000006,5
,,Department Store,-81.556526,30.178877999999997,5
,,Pharmacy And Drug Store,-81.556526,30.178877999999997,5
,,Casual Eatery,-81.556526,30.178877999999997,5
,,Electronics Store,-81.556526,30.178877999999997,5
,,Electronics Store,-81.55652,30.17886999999999,5
,,Home Service,-81.5564583,30.1786426,5
,,Financial Service,-81.5564583,30.1786426,5
,,Home Service,-81.5564583,30.1786426,5
,,Arts Crafts And Hobby Store,-81.556766,30.177631999999992,5
,,Personal Or Beauty Service,-81.556706,30.179347,5
,,Personal Or Beauty Service,-81.55672454,30.17935177,5
,,Food And Beverage Store,-81.55724,30.178069999999995,5
,,Hardware Home And Garden Store,-81.557036,30.183519999999998,5
,,Fashion And Apparel Store,-81.55683899,30.18272101000001,5
,,Casual Eatery,-81.55686431929136,30.182657267074774,5
,,Hardware Home And Garden Store,-81.55678693,30.18255509999999,5
,,B2B Office And Professional Service,-81.55678693,30.18255509999999,5
,,Hardware Home And Garden Store,-81.55676875344774,30.182564621731792,5
,,Restaurant,-81.55638,30.182093,5
,,Personal Care And Beauty Store,-81.558198,30.185164999999998,5
,,Personal Care And Beauty Store,-81.558198,30.185164999999998,5
,,Fashion And Apparel Store,-81.558198,30.185164999999998,5
,,Hardware Home And Garden Store,-81.557637,30.182874999999992,5
,,Hardware Home And Garden Store,-81.557637,30.182874999999992,5
,,Hardware Home And Garden Store,-81.55744120000001,30.18305949999999,5
,,Manufacturer,-81.5584586,30.20306799999999,5
,,Specialty Store,-81.558475,30.202959,5
,,Sport Or Fitness Facility,-81.55847,30.20296000000001,5
,,Political Organization,-81.558275,30.203089999999996,5
,,Home Service,-81.558275,30.203089999999996,5
,,Home Service,-81.5581423,30.203110100000004,5
,,Building Or Construction Service,-81.55808687,30.20300861999999,5
,,Home Service,-81.55809687,30.20299562,5
,,B2B Transportation And Storage Service,-81.55812,30.20245,5
,,B2B Office And Professional Service,-81.55801,30.203150000000004,5
,,Hardware Home And Garden Store,-81.5563034,30.201625500000006,5
,,Hardware Home And Garden Store,-81.5564235800651,30.20145224270535,5
,,Brewery,-81.55689819,30.20088775000001,5
,,Specialty Store,-81.557061,30.202030999999995,5
,,B2B Service,-81.5572376,30.2021587,5
,,Building Or Construction Service,-81.5573061,30.204823099999995,5
,,Home Service,-81.55725839,30.20495146,5
,,Historic Site,-81.55761226559535,30.211361671920105,5
,,Real Estate Service,-81.55745113999929,30.206804405001783,5
,,Media Service,-81.55745771484823,30.20551447974726,5
,,Professional Service,-81.55737141,30.204963230000004,5
,,Electronics Store,-81.5575728,30.203959499999993,5
,,Home Service,-81.55757700000001,30.203963,5
,,Home Service,-81.5575974,30.204986699999996,5
,,Home Service,-81.5575974,30.204986699999996,5
,,Uncategorized,-81.55781999850247,30.205273458617736,5
,,Home Service,-81.55802405,30.204686739999993,5
,,Home Service,-81.5578195,30.20395190000001,5
,,B2B Transportation And Storage Service,-81.5578195,30.20395190000001,5
,,Home Service,-81.5578195,30.20395190000001,5
,,Technical Service,-81.55825926,30.20328053,5
,,Home Service,-81.558262,30.203832,5
,,Supplier Or Distributor,-81.5582422682533,30.203842834369876,5
,,Automotive Service,-81.558194,30.203796999999998,5
,,Professional Service,-81.55818751017839,30.20463951509582,5
,,Supplier Or Distributor,-81.5581421,30.204969800000004,5
,,Home Service,-81.5583927,30.204343899999994,5
,,Home Service,-81.5583228,30.203770099999993,5
,,Specialty Store,-81.558295,30.203820999999998,5
,,Home Service,-81.558932,30.205060000000007,5
,,Home Service,-81.55882080142972,30.204168247269664,5
,,Hardware Home And Garden Store,-81.558957,30.20390799999999,5
,,Supplier Or Distributor,-81.559057,30.203943,5
,,Home Service,-81.5590481,30.203956369999993,5
,,Manufacturer,-81.55904077,30.203957889999987,5
,,Manufacturer,-81.55917307,30.20371876,5
,,B2B Service,-81.55922241,30.20403646,5
,,Office Supply Store,-81.559232,30.204432000000004,5
,,Technical Service,-81.5590271687067,30.20515283748987,5
,,Family Service,-81.559027,30.205153,5
,,Manufacturer,-81.559027,30.205153,5
,,Real Estate Service,-81.559027,30.205153,5
,,Professional Service,-81.559045,30.211055,5
,,Park,-81.559058,30.21546800000001,5
,,Bank Or Credit Union,-81.55769123,30.22047399999999,5
,,Home Service,-81.55793,30.220489999999995,5
,,Uncategorized,-81.55793,30.220489999999995,5
,,Laundry Service,-81.5587019668682,30.22013626810873,5
,,Travel Service,-81.55871647,30.219614360000005,5
,,Personal Or Beauty Service,-81.55868177486076,30.21956752266899,5
,,Personal Or Beauty Service,-81.55890463,30.21967111,5
,,Rental Service,-81.55886519,30.21954935,5
,,Financial Service,-81.55883000000001,30.219649999999994,5
,,Restaurant,-81.5588215,30.21982001,5
,,Rental Service,-81.558826,30.219784,5
,,Bank Or Credit Union,-81.558874,30.219867000000004,5
,,Restaurant,-81.5588675,30.219993069999994,5
,,Vehicle Parts Store,-81.55886202,30.219986710000004,5
,,Gym,-81.55889913000001,30.220164400000005,5
,,Wellness Service,-81.55908343,30.220043370000003,5
,,Atm,-81.5591923,30.21966502000001,5
,,Specialty Store,-81.55872663,30.221839199999987,5
,,Christian Place Of Worship,-81.55876636505128,30.224327994267277,5
,,Home Service,-81.55828245124383,30.22522137256875,5
,,Professional Service,-81.5580978393555,30.225128173828097,5
,,Manufacturer,-81.55804981614686,30.220590017335837,5
,,Bank Or Credit Union,-81.55772350884622,30.220992322171718,5
,,Real Estate Service,-81.55761789542731,30.221360675503828,5
,,Professional Service,-81.55751267,30.222168499999995,5
,,Historic Site,-81.55718414,30.221710479999988,5
,,Animal Or Pet Service,-81.55703634023666,30.220908906385763,5
,,Wellness Service,-81.55703530555724,30.220569916360226,5
,,Manufacturer,-81.5568938,30.220823,5
,,Outpatient Care Facility,-81.5565103,30.220507430000005,5
,,Lodging,-81.55640307344342,30.221246966727318,5
,,Uncategorized,-81.55664825439453,30.22690963745118,5
,,Corporate Or Business Office,-81.55578459964705,30.227115210297665,5
,,Corporate Or Business Office,-81.55571606,30.22699333,5
,,Home Service,-81.55584743090462,30.22647003555433,5
,,Professional Service,-81.5558511,30.2262708,5
,,B2B Office And Professional Service,-81.555571,30.225731,5
,,Uncategorized,-81.556229,30.220717999999998,5
,,Doctor,-81.5561,30.220845999999995,5
,,Apartment,-81.55579,30.221836699999997,5
,,Family Service,-81.55577,30.222099999999994,5
,,Home Service,-81.555520221591,30.22078894078731,5
,,Apartment,-81.5554824,30.220898100000003,5
,,Laundry Service,-81.555535,30.219890999999993,5
,,Restaurant,-81.55553138,30.219497520000008,5
,,Specialty Store,-81.55553825,30.21949976999999,5
,,Electronics Store,-81.55555536,30.219556089999994,5
,,Personal Or Beauty Service,-81.55561514,30.219431200000006,5
,,Financial Service,-81.55558375,30.219933899999997,5
,,Personal Or Beauty Service,-81.55556509976267,30.21999854769402,5
,,Restaurant,-81.55556509976267,30.21999854769402,5
,,Supplier Or Distributor,-81.5557005,30.2201141,5
,,Professional Service,-81.55569554000002,30.21950001,5
,,Cafe,-81.55569813,30.219508000000005,5
,,Place Of Learning,-81.55554613,30.218518559999996,5
,,Rental Service,-81.555547,30.21876900000001,5
,,Christian Place Of Worship,-81.55561769,30.21873198,5
,,Uncategorized,-81.555599,30.218890999999996,5
,,Uncategorized,-81.555933,30.2192412,5
,,Bank Or Credit Union,-81.5561599731445,30.220369338989293,5
,,Bank Or Credit Union,-81.55615930000002,30.2203695,5
,,Financial Service,-81.55640744,30.220400129999994,5
,,Uncategorized,-81.55640651,30.220403619999995,5
,,Doctor,-81.5566004,30.22021700000001,5
,,Christian Place Of Worship,-81.55650869504852,30.218378559592498,5
,,Christian Place Of Worship,-81.556649,30.218774000000003,5
,,Christian Place Of Worship,-81.55663408,30.21872416,5
,,Professional Service,-81.55660902,30.220215389999996,5
,,Dental Clinic,-81.556614,30.220275999999988,5
,,Medical Service,-81.55681,30.22025,5
,,Wellness Service,-81.55681,30.22025,5
,,Legal Service,-81.55684049716497,30.22045025479572,5
,,Wellness Service,-81.55692759,30.220063389999993,5
,,Wellness Service,-81.55705743000001,30.220136500000002,5
,,Pediatric Clinic,-81.55701405000002,30.22008341,5
,,Wellness Service,-81.5569902,30.2201417,5
,,Behavioral Or Mental Health Clinic,-81.55714152,30.22004842999999,5
,,Financial Service,-81.55716837,30.220097850000005,5
,,Outpatient Care Facility,-81.55719727277756,30.220290665131014,5
,,Complementary And Alternative Medicine,-81.55724747000001,30.22033274,5
,,Real Estate Service,-81.5571258,30.219860300000008,5
,,Uncategorized,-81.5571258,30.219860300000008,5
,,Preschool,-81.5566027,30.217638170000008,5
,,Pharmacy And Drug Store,-81.55535,30.21994000000001,5
,,Food And Beverage Store,-81.55527374,30.22002717,5
,,Laundry Service,-81.55513343522418,30.21982708845466,5
,,Casual Eatery,-81.55470674,30.219052190000003,5
,,Restaurant,-81.55481618,30.219086570000005,5
,,Restaurant,-81.55471,30.22046999999999,5
,,Restaurant,-81.55467662,30.22049138,5
,,Coffee Shop,-81.55445857,30.21998897,5
,,Dental Clinic,-81.55446227,30.219493259999997,5
,,Arts Crafts And Hobby Store,-81.55446086,30.219385569999996,5
,,Tutoring Service,-81.55446982,30.21936993,5
,,Vision Or Eye Care Clinic,-81.55446991,30.219320549999992,5
,,Food And Beverage Store,-81.55452286,30.219251990000004,5
,,Financial Service,-81.55455790000002,30.2188039,5
,,Tutoring Service,-81.55449633,30.218034509999992,5
,,Shipping Or Delivery Service,-81.55444449,30.218004299999993,5
,,Casual Eatery,-81.55461408,30.218099879999997,5
,,Uncategorized,-81.55406000000002,30.217929999999992,5
,,Sport Or Recreation Club,-81.55403648,30.2179234,5
,,Professional Service,-81.554039,30.217916000000006,5
,,Technical Service,-81.553981,30.217955999999994,5
,,Professional Service,-81.55400629,30.21793628999999,5
,,Shipping Or Delivery Service,-81.55410655,30.21794605,5
,,Emergency Or Urgent Care Facility,-81.554429,30.21788300000001,5
,,Coffee Shop,-81.554318,30.219291,5
,,Fast Food Restaurant,-81.55435297768915,30.219053862681534,5
,,Casual Eatery,-81.5544283,30.21926088999999,5
,,Professional Service,-81.55441495,30.22008529,5
,,Home Service,-81.55441157,30.220042769999996,5
,,Shipping Or Delivery Service,-81.55439857,30.220075049999995,5
,,Personal Or Beauty Service,-81.55440818,30.22015075000001,5
,,Social Or Community Service,-81.55435177,30.22014516,5
,,Food Truck Stand,-81.554336,30.220044999999995,5
,,B2B Office And Professional Service,-81.55432000000002,30.220062999999996,5
,,Real Estate Service,-81.554298,30.22007500000001,5
,,Restaurant,-81.5543089,30.220385399999998,5
,,Restaurant,-81.55429512,30.22040773999999,5
,,Professional Service,-81.554287,30.220407,5
,,Restaurant,-81.55422396994791,30.22048425834164,5
,,Restaurant,-81.55420085,30.219954399999992,5
,,Christian Place Of Worship,-81.55422,30.21973,5
,,Personal Or Beauty Service,-81.55425953,30.219929379999996,5
,,Technical Service,-81.5541676,30.219602099999992,5
,,Home Service,-81.5540726,30.219836180000005,5
,,Education,-81.554179,30.220146000000003,5
,,Personal Or Beauty Service,-81.55405629,30.22026092999999,5
,,Personal Or Beauty Service,-81.554055,30.220298,5
,,Wellness Service,-81.5540641,30.2203779,5
,,Non Alcoholic Beverage Venue,-81.554051,30.219698999999995,5
,,Personal Or Beauty Service,-81.55401954,30.219746549999993,5
,,Personal Or Beauty Service,-81.55401028,30.21926244,5
,,Financial Service,-81.55416664,30.219122090000006,5
,,Restaurant,-81.5540390014648,30.218540191650405,5
,,Restaurant,-81.5539627075195,30.218502044677706,5
,,Electronics Store,-81.55397360000002,30.218557599999997,5
,,Food And Beverage Store,-81.55381425,30.21928990000001,5
,,Bank Or Credit Union,-81.55393755856957,30.219283906705186,5
,,Event Or Party Service,-81.55390624016017,30.219952282142735,5
,,Restaurant,-81.55384986,30.220469519999998,5
,,Real Estate Service,-81.55373389508367,30.220420207081983,5
,,Professional Service,-81.55374130000001,30.219790199999995,5
,,Restaurant,-81.55366,30.219649999999998,5
,,Electronics Store,-81.5536957,30.220485690000004,5
,,Senior Living Facility,-81.55366849549269,30.22043526567554,5
,,Sport Or Fitness Facility,-81.55362478,30.219980280000012,5
,,Uncategorized,-81.55359552102209,30.220050709984623,5
,,Gym,-81.55359552102209,30.220050709984623,5
,,Food And Beverage Store,-81.55359037,30.220237020000003,5
,,Electronics Store,-81.55357290333616,30.220342602425553,5
,,Restaurant,-81.55349204,30.220142059999997,5
,,Non Alcoholic Beverage Venue,-81.55350645,30.220101149999998,5
,,Personal Or Beauty Service,-81.55353606,30.219951610000003,5
,,Manufacturer,-81.55357457,30.219633490000003,5
,,Uncategorized,-81.5535577,30.2191304,5
,,Animal Or Pet Service,-81.55367228,30.219287199999997,5
,,Personal Or Beauty Service,-81.553679,30.218522999999998,5
,,Uncategorized,-81.553608,30.218529500000002,5
,,Travel Service,-81.553608,30.218529500000002,5
,,Shipping Or Delivery Service,-81.553608,30.218529500000002,5
,,Personal Or Beauty Service,-81.55357525033568,30.217991243981874,5
,,Shipping Or Delivery Service,-81.553703,30.218059000000007,5
,,Laundry Service,-81.55365825141372,30.217914793502324,5
,,Atm,-81.55365825141372,30.217914793502324,5
,,Restaurant,-81.553649,30.218138,5
,,Gym,-81.5537,30.218059999999998,5
,,Casual Eatery,-81.55373923,30.217946569999995,5
,,Behavioral Or Mental Health Clinic,-81.55377745628357,30.217873750719242,5
,,Gym,-81.553771,30.217945999999998,5
,,Personal Or Beauty Service,-81.55377617,30.21797026,5
,,Personal Or Beauty Service,-81.55375287,30.21799614,5
,,Casual Eatery,-81.55383414633334,30.218316846702223,5
,,Personal Or Beauty Service,-81.55391,30.217900000000007,5
,,Restaurant,-81.55386619,30.217881799999997,5
,,Preschool,-81.5517871,30.21319559999999,5
,,Rental Service,-81.5517,30.21389999999999,5
,,Rental Service,-81.5517,30.21389999999999,5
,,Uncategorized,-81.5517822,30.21781640000001,5
,,Atm,-81.5517849,30.218969299999998,5
,,Personal Or Beauty Service,-81.551788,30.219944000000005,5
,,Personal Or Beauty Service,-81.551801,30.219949999999997,5
,,Smoothie Juice Bar,-81.5517902,30.219900999999993,5
,,Education,-81.5517902,30.219900999999993,5
,,Home Service,-81.5517902,30.219900999999993,5
,,Supplier Or Distributor,-81.5517902,30.219900999999993,5
,,Wellness Service,-81.5517902,30.219900999999993,5
,,Shopping Mall,-81.5529359,30.219687500000006,5
,,Casual Eatery,-81.5529323,30.2192916,5
,,Personal Or Beauty Service,-81.55296016,30.219398639999998,5
,,Shipping Or Delivery Service,-81.55272500000001,30.218459999999997,5
,,Personal Or Beauty Service,-81.55256,30.217910000000003,5
,,Wellness Service,-81.55270091000001,30.217985559999995,5
,,Personal Or Beauty Service,-81.55272886,30.218050019999986,5
,,Smoothie Juice Bar,-81.552754,30.218012000000005,5
,,Wellness Service,-81.552861,30.217926000000002,5
,,Wellness Service,-81.55286089003759,30.21792639541188,5
,,Cafe,-81.552794,30.218011,5
,,Electronics Store,-81.552794,30.218011,5
,,Non Alcoholic Beverage Venue,-81.5528724,30.217872999999997,5
,,Specialty School,-81.55298366506615,30.218188870063553,5
,,Restaurant,-81.5529757,30.218086530000004,5
,,Fashion And Apparel Store,-81.55301924,30.21805807000001,5
,,Restaurant,-81.55306349,30.218032179999987,5
,,Casual Eatery,-81.553101,30.217943999999996,5
,,Restaurant,-81.55314063,30.218120219999996,5
,,Personal Or Beauty Service,-81.55322334000002,30.218099539999997,5
,,Restaurant,-81.55328424,30.21817569,5
,,Casual Eatery,-81.55337905641463,30.218036422775775,5
,,Real Estate Service,-81.55337905641463,30.218036422775775,5
,,Hardware Home And Garden Store,-81.55338781,30.217901399999995,5
,,Financial Service,-81.55344604,30.218037389999992,5
,,Personal Or Beauty Service,-81.55344669,30.21804819,5
,,Specialty School,-81.55345825,30.21803046000001,5
,,Pharmacy And Drug Store,-81.5534,30.219399999999997,5
,,Atm,-81.5531087,30.2186566,5
,,Rental Service,-81.5530246,30.2193203,5
,,Food And Beverage Store,-81.55303984,30.21939571999999,5
,,Atm,-81.55310757887189,30.219297529764386,5
,,Restaurant,-81.5534294,30.21980880000001,5
,,Restaurant,-81.553052,30.220710000000004,5
,,Casual Eatery,-81.5532032276952,30.22163179070111,5
,,Restaurant,-81.55308000094631,30.222061517739785,5
,,Personal Or Beauty Service,-81.55308000094631,30.222061517739785,5
,,Toys And Games Store,-81.553113,30.222198,5
,,Coffee Shop,-81.553113,30.222198,5
,,College University,-81.5531982179256,30.222317486489608,5
,,Travel And Transportation,-81.5529547,30.224315300000004,5
,,Arts Crafts And Hobby Store,-81.55250891349026,30.220644922949806,5
,,Corporate Or Business Office,-81.55244862263994,30.221920201317158,5
,,Historic Site,-81.55233000000001,30.221839999999997,5
,,Physical Medicine And Rehabilitation,-81.5518018,30.221095800000004,5
,,Dental Clinic,-81.551786,30.224688000000004,5
,,Travel Service,-81.55161450793459,30.227496919720604,5
,,Historic Site,-81.55304,30.225989999999992,5
,,Christian Place Of Worship,-81.55341567,30.22754584000001,5
,,Christian Place Of Worship,-81.55339984516726,30.227549499373712,5
,,Christian Place Of Worship,-81.55325017,30.22725096,5
,,Social Or Community Service,-81.5536576,30.227566139999997,5
,,Rental Service,-81.55384371191843,30.22577832378236,5
,,Personal Care And Beauty Store,-81.55362,30.222015999999986,5
,,Personal Or Beauty Service,-81.55369879671679,30.222033720638848,5
,,Books Music And Video Store,-81.55366860353857,30.221925998804966,5
,,Atm,-81.553579,30.220626000000003,5
,,Restaurant,-81.5537097,30.220765,5
,,Fashion And Apparel Store,-81.5537643432617,30.220766067504897,5
,,Home Service,-81.5537192,30.220539699999996,5
,,Animal And Pet Store,-81.5537192,30.220539699999996,5
,,Diagnostics Imaging Or Lab Service,-81.553719,30.22054,5
,,College University,-81.55375129,30.221787810000006,5
,,Restaurant,-81.553812,30.222469999999994,5
,,Restaurant,-81.553876,30.22242,5
,,Restaurant,-81.554132,30.222184,5
,,Casual Eatery,-81.554079,30.222238000000004,5
,,Financial Service,-81.55413899805731,30.22198970476537,5
,,Uncategorized,-81.5540817,30.2207712,5
,,Uncategorized,-81.55435,30.220679999999994,5
,,Travel And Transportation,-81.55435280424423,30.22188313998039,5
,,Restaurant,-81.55435280424423,30.22188313998039,5
,,Sports And Recreation,-81.55487,30.22478999999999,5
,,Food And Beverage Store,-81.554554,30.222324999999998,5
,,Coffee Shop,-81.554571,30.221940000000007,5
,,Restaurant,-81.5547396,30.22052851,5
,,Personal Or Beauty Service,-81.5553699,30.220696700000005,5
,,Historic Site,-81.55512052,30.223819689999992,5
,,Professional Service,-81.55491596,30.22548224999998,5
,,Historic Site,-81.55460002,30.224868299999997,5
,,Uncategorized,-81.554912585395,30.226617142681004,5
,,Historic Site,-81.55480243,30.226653239999994,5
,,Historic Site,-81.55454443,30.231347660000004,5
,,Apartment,-81.55515732,30.233412660000003,5
,,Uncategorized,-81.5551536,30.233223400000004,5
,,Historic Site,-81.55515319,30.23341155,5
,,Lodging,-81.554585,30.23364099999999,5
,,Historic Site,-81.553903,30.232822999999996,5
,,Religious Organization,-81.554321,30.233071000000002,5
,,Home Service,-81.5542395,30.2326283,5
,,Real Estate Service,-81.55402442,30.231221180000002,5
,,Historic Site,-81.553894,30.229439999999997,5
,,Government Department,-81.55247,30.231429999999996,5
,,Media Service,-81.55301549277902,30.23549291381663,5
,,Historic Site,-81.55337979,30.23731917,5
,,Historic Site,-81.55332919,30.241533390000004,5
,,Senior Living Facility,-81.55288781767744,30.245097119935853,5
,,Civic Organization,-81.55269777,30.243207289999997,5
,,Senior Living Facility,-81.55325711,30.24471073,5
,,Senior Living Facility,-81.55371,30.244739999999997,5
,,Senior Living Facility,-81.55369,30.244855,5
,,Senior Living Facility,-81.553927,30.245947,5
,,Christian Place Of Worship,-81.5538232,30.23902159000001,5
,,Hardware Home And Garden Store,-81.55631,30.234040000000004,5
,,Rental Service,-81.55587920000002,30.230335699999994,5
,,Rental Service,-81.55587920000002,30.230335699999994,5
,,Rental Service,-81.55587920000002,30.230335699999994,5
,,Condominium,-81.55774407026318,30.234810733240728,5
,,Rental Service,-81.5584,30.23054,5
,,Historic Site,-81.5587914,30.2379546,5
,,Senior Living Facility,-81.558988,30.240408999999996,5
,,Apartment,-81.55868,30.238049999999994,5
,,Financial Service,-81.55754247395959,30.245058414271824,5
,,Event Venue,-81.55821442476382,30.246337239714247,5
,,Historic Site,-81.5590918,30.247992,5
,,Home Service,-81.558732,30.247117499999998,5
,,Uncategorized,-81.558732,30.247117499999998,5
,,Medical Service,-81.55805,30.250879999999995,5
,,Real Estate Service,-81.55758,30.247500000000002,5
,,Rental Service,-81.55687,30.24708,5
,,Home Service,-81.55642,30.248389999999997,5
,,Historic Site,-81.55590491,30.24838576,5
,,Attorney Or Law Firm,-81.55619474,30.2515496,5
,,Vision Or Eye Care Clinic,-81.55620573,30.251643360000003,5
,,Attorney Or Law Firm,-81.55627589,30.25139678,5
,,Legal Service,-81.55633033473075,30.25141478498157,5
,,Wellness Service,-81.55635700000002,30.251472999999997,5
,,Wellness Service,-81.55587199,30.25150379999999,5
,,Reproductive Perinatal And Womens Care,-81.55587316000002,30.251442209999993,5
,,Attorney Or Law Firm,-81.55591139,30.251391230000003,5
,,Complementary And Alternative Medicine,-81.555926,30.251383559999994,5
,,Professional Service,-81.5559258,30.251562699999997,5
,,Wellness Service,-81.5560218,30.251569320000005,5
,,Professional Service,-81.55590996,30.25082644,5
,,Health Care,-81.55576462,30.25128627000001,5
,,Complementary And Alternative Medicine,-81.55582911,30.251443309999996,5
,,Professional Service,-81.55583067,30.251775519999995,5
,,Personal Or Beauty Service,-81.55577645,30.251806880000004,5
,,Professional Service,-81.55575,30.25181000000001,5
,,Financial Service,-81.55568105,30.25099684000001,5
,,Medical Service,-81.55544544,30.25113404,5
,,Attorney Or Law Firm,-81.555567,30.251585999999993,5
,,Primary Care Or General Clinic,-81.55554501,30.251474230000007,5
,,Real Estate Service,-81.555601,30.251578999999992,5
,,Wellness Service,-81.55558531,30.252249180000007,5
,,Complementary And Alternative Medicine,-81.55541559,30.25204806,5
,,Wellness Service,-81.55541664,30.252118969999998,5
,,Wellness Service,-81.55547,30.25222,5
,,Uncategorized,-81.55576,30.2524,5
,,Uncategorized,-81.55576,30.2524,5
,,Resort,-81.5556737,30.252348599999998,5
,,Uncategorized,-81.5556737,30.252348599999998,5
,,Attorney Or Law Firm,-81.55580722,30.251870300000004,5
,,Uncategorized,-81.555855,30.252225999999993,5
,,Complementary And Alternative Medicine,-81.555855,30.252225999999993,5
,,Financial Service,-81.555855,30.252225999999993,5
,,Real Estate Service,-81.555855,30.252225999999993,5
,,Wellness Service,-81.555855,30.252225999999993,5
,,Vision Or Eye Care Clinic,-81.55584818,30.253735290000005,5
,,Doctor,-81.5555146,30.254015999999996,5
,,Financial Service,-81.55549100000002,30.254877999999994,5
,,Financial Service,-81.55579062,30.25500053,5
,,Vision Or Eye Care Clinic,-81.5558972,30.253683499999998,5
,,Hotel,-81.55610300000001,30.253414000000003,5
,,Behavioral Or Mental Health Clinic,-81.55635931,30.25105586999999,5
,,Auto Dealer,-81.55718000000002,30.258935499999996,5
,,Automotive Service,-81.55718120000002,30.25917069999999,5
,,Ground Transport Facility Or Service,-81.5569436,30.25788809999999,5
,,Auto Dealer,-81.55661700000002,30.258102,5
,,Auto Dealer,-81.55648,30.258470000000006,5
,,Automotive Service,-81.55655184,30.258246549999992,5
,,Family Service,-81.55595,30.25690999999999,5
,,Specialized Health Care,-81.55591449,30.256008870000006,5
,,Doctor,-81.555967,30.255886,5
,,Dental Clinic,-81.55595614,30.256058759999995,5
,,Complementary And Alternative Medicine,-81.555966,30.255455,5
,,Financial Service,-81.55590866,30.255450070000002,5
,,Dental Clinic,-81.55588154,30.255426980000003,5
,,Behavioral Or Mental Health Clinic,-81.55583329,30.255438220000006,5
,,Dental Clinic,-81.555808448376,30.25609274300699,5
,,Real Estate Service,-81.5555854,30.256543,5
,,Outpatient Care Facility,-81.55559228,30.25689696,5
,,Complementary And Alternative Medicine,-81.55567677,30.25700806,5
,,Vision Or Eye Care Clinic,-81.55572043000001,30.25715341,5
,,Health Care,-81.555699058741,30.256868252327,5
,,Dental Clinic,-81.5558029,30.256171039999998,5
,,Vision Or Eye Care Clinic,-81.5557815,30.2568841,5
,,Family Service,-81.55578432,30.256881980000003,5
,,Vision Or Eye Care Clinic,-81.55581363,30.257299260000003,5
,,Rental Service,-81.555551,30.258337,5
,,Travel Service,-81.5563237,30.258673800000004,5
,,Automotive Service,-81.5563237,30.258673800000004,5
,,Fast Food Restaurant,-81.55595412,30.26206196,5
,,Arts And Entertainment,-81.55601700000001,30.262093999999998,5
,,Restaurant,-81.556098,30.262262999999994,5
,,Social Or Community Service,-81.556508,30.263601,5
,,Restaurant,-81.55663857,30.263553730000012,5
,,Rental Service,-81.55675,30.261020000000002,5
,,Bar,-81.55665,30.26153,5
,,Financial Service,-81.557226,30.262171199999994,5
,,Bar,-81.5571543,30.2627835,5
,,Restaurant,-81.5573633,30.263377600000002,5
,,Real Estate Service,-81.55749,30.261860000000002,5
,,Complementary And Alternative Medicine,-81.55749,30.261860000000002,5
,,Real Estate Service,-81.55749,30.261860000000002,5
,,Real Estate Service,-81.55749,30.261860000000002,5
,,Financial Service,-81.55749,30.261860000000002,5
,,Event Or Party Service,-81.55749,30.261860000000002,5
,,Real Estate Service,-81.55749,30.261860000000002,5
,,Real Estate Service,-81.55749,30.261860000000002,5
,,Real Estate Service,-81.55749,30.261860000000002,5
,,Attorney Or Law Firm,-81.55749,30.261860000000002,5
,,Real Estate Service,-81.55749,30.261860000000002,5
,,Behavioral Or Mental Health Clinic,-81.55749904000001,30.26185609999999,5
,,Professional Service,-81.557549,30.26249902,5
,,Complementary And Alternative Medicine,-81.55763023,30.261879369999996,5
,,Uncategorized,-81.55763,30.262075000000006,5
,,Professional Service,-81.55763,30.262075000000006,5
,,Professional Service,-81.55762423,30.262073809999993,5
,,Dental Clinic,-81.55770808,30.262055689999993,5
,,Dental Clinic,-81.55769412,30.262071340000002,5
,,Outpatient Care Facility,-81.55771861,30.262146029999997,5
,,Financial Service,-81.55773309868364,30.262501806794404,5
,,Real Estate Service,-81.55770737,30.262567839999992,5
,,Real Estate Service,-81.55771148,30.26259017,5
,,Real Estate Service,-81.55775100000001,30.262461,5
,,Uncategorized,-81.55774740000001,30.2627031,5
,,Financial Service,-81.55775,30.26367,5
,,Uncategorized,-81.55775,30.26367,5
,,Hardware Home And Garden Store,-81.55801719,30.263184869999993,5
,,Personal Or Beauty Service,-81.55809,30.26351,5
,,Personal Or Beauty Service,-81.55809,30.26351,5
,,Financial Service,-81.55809,30.26351,5
,,Financial Service,-81.55809,30.26351,5
,,Attorney Or Law Firm,-81.55812944,30.263396989999997,5
,,Personal Or Beauty Service,-81.55813536,30.263506040000006,5
,,Personal Or Beauty Service,-81.55813073,30.263501029999997,5
,,Personal Or Beauty Service,-81.5581318,30.263503090000007,5
,,Personal Or Beauty Service,-81.55813762,30.263504660000002,5
,,Professional Service,-81.55813605,30.263505679999987,5
,,Wellness Service,-81.5581325,30.263503870000008,5
,,Wellness Service,-81.55813354,30.263505050000003,5
,,Real Estate Service,-81.558229,30.26290399999999,5
,,Hardware Home And Garden Store,-81.558261,30.26285100000001,5
,,Auto Dealer,-81.558261,30.26285100000001,5
,,Real Estate Service,-81.558261,30.26285100000001,5
,,Financial Service,-81.55825181,30.26276563,5
,,Real Estate Service,-81.55815164,30.262307959999994,5
,,Real Estate Service,-81.5581455,30.26230057,5
,,Real Estate Service,-81.558274,30.262198,5
,,Financial Service,-81.55819610162908,30.26216602854337,5
,,Financial Service,-81.55818844,30.261994919999992,5
,,Home Service,-81.558181,30.261994999999995,5
,,Event Venue,-81.558181,30.261994999999995,5
,,Financial Service,-81.55815084,30.261911640000005,5
,,Real Estate Service,-81.558148,30.262,5
,,Financial Service,-81.55807575,30.261928260000005,5
,,Financial Service,-81.55805264394787,30.26202700535528,5
,,Real Estate Service,-81.55804285,30.261707650000005,5
,,Building Or Construction Service,-81.55808455,30.261751220000008,5
,,Real Estate Service,-81.55805425,30.261651899999997,5
,,Real Estate Service,-81.55805615,30.261655759999996,5
,,Real Estate Service,-81.55805722000001,30.261655589999997,5
,,Financial Service,-81.5578598,30.262244,5
,,Rental Service,-81.55801837,30.260557430000002,5
,,Automotive Service,-81.55811675,30.26057107,5
,,Auto Dealer,-81.55766959,30.260601170000005,5
,,Automotive Service,-81.5577618,30.259188199999993,5
,,Vehicle Dealer,-81.55776915,30.258926310000003,5
,,Auto Dealer,-81.55771453,30.258996759999985,5
,,Automotive Service,-81.5578619,30.258852900000004,5
,,Auto Dealer,-81.55782837,30.258969630000003,5
,,Auto Dealer,-81.55793015,30.258945459999993,5
,,Automotive Service,-81.55847949,30.25788079,5
,,Real Estate Service,-81.55906382492901,30.258709715702,5
,,Outpatient Care Facility,-81.55869813,30.26248992000001,5
,,Complementary And Alternative Medicine,-81.55854564,30.261905330000005,5
,,Financial Service,-81.55853842,30.261796720000017,5
,,Doctor,-81.558516,30.261690999999995,5
,,Behavioral Or Mental Health Clinic,-81.55835542,30.261955989999997,5
,,Behavioral Or Mental Health Clinic,-81.55835105,30.26195924,5
,,Dental Clinic,-81.5584019,30.262557810000008,5
,,Financial Service,-81.55847154000001,30.262580469999996,5
,,Financial Service,-81.5585993,30.2626854,5
,,Restaurant,-81.55878782272339,30.26526206019603,5
,,Bank Or Credit Union,-81.55887072,30.26584441999999,5
,,Bank Or Credit Union,-81.558896,30.265813,5
,,Financial Service,-81.55890656124932,30.265826606293068,5
,,Sport Or Fitness Facility,-81.55911104,30.266437849999996,5
,,Diagnostics Imaging Or Lab Service,-81.55918424,30.266691679999997,5
,,Restaurant,-81.559213,30.266513999999994,5
,,Casual Eatery,-81.55922466,30.266593120000003,5
,,Personal Or Beauty Service,-81.55921779,30.266700079999993,5
,,Casual Eatery,-81.5592263,30.2669228,5
,,Restaurant,-81.5591252,30.267018399999994,5
,,Bar,-81.5591252,30.267018399999994,5
,,Reproductive Perinatal And Womens Care,-81.55921947,30.267336779999994,5
,,Wellness Service,-81.55900198587358,30.267026206503253,5
,,Restaurant,-81.55896676740329,30.26714897033177,5
,,Movie Theater,-81.558812,30.267734999999995,5
,,Animal Or Pet Service,-81.55893152,30.26630507,5
,,Financial Service,-81.558537,30.266499000000007,5
,,Uncategorized,-81.5585447,30.266532800000004,5
,,Travel Service,-81.5585447,30.266532800000004,5
,,Casual Eatery,-81.55874763000001,30.265188799999994,5
,,Restaurant,-81.55874188,30.265180050000012,5
,,Personal Or Beauty Service,-81.55865678,30.26493853000001,5
,,Smoothie Juice Bar,-81.55863842,30.26490808,5
,,Casual Eatery,-81.55860788,30.26474543999999,5
,,Personal Or Beauty Service,-81.558668,30.264771,5
,,Real Estate Service,-81.558594703674,30.26403424001501,5
,,Restaurant,-81.55847895,30.264221669999994,5
,,Electronics Store,-81.55838886,30.264118670000006,5
,,Animal And Pet Store,-81.55834903,30.264059129999996,5
,,Arts Crafts And Hobby Store,-81.55732669,30.26545974000001,5
,,Restaurant,-81.55738366025761,30.265850168699302,5
,,Casual Eatery,-81.55745064,30.265801839999995,5
,,Real Estate Service,-81.557521820068,30.265572487771994,5
,,Social Or Community Service,-81.55758,30.266450000000003,5
,,Restaurant,-81.55757609,30.266434470000007,5
,,Restaurant,-81.557524,30.266495999999993,5
,,Personal Or Beauty Service,-81.5575999,30.26767,5
,,Casual Eatery,-81.55760229,30.267161129999998,5
,,Restaurant,-81.55763598,30.267397359999986,5
,,Wellness Service,-81.55768209,30.26750571,5
,,Personal Or Beauty Service,-81.55770081,30.267280939999992,5
,,Personal Or Beauty Service,-81.55773947,30.267418809999995,5
,,Books Music And Video Store,-81.55773519,30.267678900000003,5
,,Fashion And Apparel Store,-81.55774044,30.267581689999993,5
,,Restaurant,-81.55771002,30.267643420000006,5
,,Casual Eatery,-81.55771472,30.267642359999996,5
,,Personal Or Beauty Service,-81.55770057,30.26770649999999,5
,,Restaurant,-81.5577121,30.267771170000003,5
,,Laundry Service,-81.5577277,30.267964489999997,5
,,Uncategorized,-81.55775701,30.267797679999994,5
,,Personal Or Beauty Service,-81.55782603547024,30.267769196415596,5
,,Hotel,-81.55814942,30.26616287,5
,,Cafe,-81.55806349950508,30.26901926535893,5
,,Gas Station,-81.55798097,30.26899918999999,5
,,Financial Service,-81.558028,30.269016999999995,5
,,Supplier Or Distributor,-81.55802790000001,30.269017,5
,,Restaurant,-81.55794561138899,30.268509918044014,5
,,Bank Or Credit Union,-81.5586874,30.2689495,5
,,Electronics Store,-81.558681,30.269152000000012,5
,,Supplier Or Distributor,-81.558819,30.269236,5
,,Uncategorized,-81.5588838,30.268450400000003,5
,,Shipping Or Delivery Service,-81.559065,30.270018999999994,5
,,Books Music And Video Store,-81.5590516,30.270126500000003,5
,,Uncategorized,-81.5590516,30.270126500000003,5
,,Hotel,-81.55640808,30.26636299,5
,,Casual Eatery,-81.55730232,30.26594815,5
,,Resort,-81.5569636,30.266808,5
,,Sporting Goods Store,-81.557232,30.26539199999999,5
,,Golf Course,-81.55724520919782,30.265480656964858,5
,,Fast Food Restaurant,-81.55724768,30.26502444,5
,,Fast Food Restaurant,-81.5569785,30.264308099999997,5
,,Fast Food Restaurant,-81.556823,30.263946000000004,5
,,Bar,-81.55639061,30.265629830000005,5
,,Casual Eatery,-81.5559163,30.26419068,5
,,Restaurant,-81.55597685,30.264257249999996,5
,,Restaurant,-81.55596,30.264408,5
,,Personal Or Beauty Service,-81.5559478,30.2644337,5
,,Restaurant,-81.5559307,30.264533399999998,5
,,Bar,-81.555964,30.264597999999996,5
,,Travel Service,-81.55605,30.264460000000003,5
,,Brewery,-81.5560768,30.264577550000002,5
,,Hotel,-81.556257,30.266311399999996,5
,,Alcoholic Beverage Venue,-81.55557688,30.265899029999996,5
,,Restaurant,-81.55557855,30.265967820000004,5
,,Restaurant,-81.555577,30.26588299999999,5
,,Restaurant,-81.555577,30.26588299999999,5
,,Laundry Service,-81.55581823462533,30.26448999166369,5
,,Gym,-81.5555703683726,30.264779540442845,5
,,Bar,-81.5555518686137,30.26475185547845,5
,,Bar,-81.55553302,30.264787920000007,5
,,Casual Eatery,-81.55505818802604,30.265128168217334,5
,,Restaurant,-81.55502692,30.265012539999997,5
,,Personal Or Beauty Service,-81.555003,30.265134999999994,5
,,Casual Eatery,-81.55457800000002,30.264952000000008,5
,,Restaurant,-81.55457800000002,30.264952000000008,5
,,Personal Or Beauty Service,-81.55461,30.264939999999985,5
,,Personal Or Beauty Service,-81.55480359,30.2649355,5
,,Hospital,-81.554828698777,30.264937226311993,5
,,Gym,-81.5548,30.264930000000003,5
,,Smoothie Juice Bar,-81.55478399360405,30.26489971306615,5
,,Casual Eatery,-81.554784,30.2649,5
,,Restaurant,-81.55478399360405,30.26489971306615,5
,,Restaurant,-81.55481183,30.264733349999993,5
,,Uncategorized,-81.554337,30.26550100000001,5
,,Restaurant,-81.554364,30.265511999999994,5
,,Specialty School,-81.55434769,30.265476239999995,5
,,Restaurant,-81.55243993,30.257670420000004,5
,,Hotel,-81.55226657,30.258002289999993,5
,,Financial Service,-81.5527725219727,30.257928848266594,5
,,Personal Or Beauty Service,-81.55284752,30.25782115,5
,,Wellness Service,-81.55295564,30.257927779999996,5
,,Personal Or Beauty Service,-81.55295769000001,30.25792833,5
,,Professional Service,-81.552993,30.257915,5
,,Personal Or Beauty Service,-81.55295598,30.257915250000007,5
,,Fashion And Apparel Store,-81.55290501,30.258036720000003,5
,,Personal Or Beauty Service,-81.5529067,30.257892160000004,5
,,Personal Or Beauty Service,-81.55290056,30.257899719999994,5
,,Personal Care And Beauty Store,-81.55290112,30.257898000000004,5
,,Physical Medicine And Rehabilitation,-81.5528909,30.257706500000005,5
,,Restaurant,-81.5529732,30.2577587,5
,,Animal Or Pet Service,-81.552928,30.257510999999987,5
,,Technical Service,-81.55283644,30.257558899999996,5
,,Restaurant,-81.55279136,30.25774516,5
,,Animal Or Pet Service,-81.55263,30.257510000000003,5
,,Casual Eatery,-81.552577,30.257676999999994,5
,,Lodging,-81.552694,30.255799,5
,,Rental Service,-81.5529009,30.2564457,5
,,Home Service,-81.553088,30.25651,5
,,Event Or Party Service,-81.553076571617,30.256124590131005,5
,,Fashion And Apparel Store,-81.55340036577,30.257765795228476,5
,,Doctor,-81.55344997000002,30.25780444999999,5
,,Personal Or Beauty Service,-81.55331478,30.257917139999993,5
,,Personal Or Beauty Service,-81.5533277,30.257924350000003,5
,,Personal Or Beauty Service,-81.55331495000001,30.25791825,5
,,Personal Or Beauty Service,-81.55330056,30.25825763,5
,,Personal Or Beauty Service,-81.55328978,30.257522729999998,5
,,Personal Or Beauty Service,-81.55328035,30.25778305,5
,,Financial Service,-81.553321,30.257451999999997,5
,,Cafe,-81.55333754,30.257448090000008,5
,,Professional Service,-81.5532306,30.257469200000003,5
,,Restaurant,-81.55315551326376,30.257741934074662,5
,,Personal Or Beauty Service,-81.55313032,30.25756208,5
,,Gym,-81.55311000000002,30.25747,5
,,Bar,-81.553023,30.25768099999999,5
,,Financial Service,-81.55307112,30.2580273,5
,,Uncategorized,-81.55305,30.257920000000002,5
,,Uncategorized,-81.55305,30.257920000000002,5
,,Hardware Home And Garden Store,-81.553018,30.257910999999996,5
,,Restaurant,-81.553018,30.257910999999996,5
,,Auto Dealer,-81.553018,30.257910999999996,5
,,Restaurant,-81.553018,30.257910999999996,5
,,Personal Or Beauty Service,-81.55317612,30.257931809999995,5
,,Building Or Construction Service,-81.55317416,30.25793746999999,5
,,Bank Or Credit Union,-81.55319600000001,30.25786899999999,5
,,Hotel,-81.55277237,30.262044819999996,5
,,Movie Theater,-81.553895,30.263345499847,5
,,Fast Food Restaurant,-81.55394,30.26340499999999,5
,,Bar,-81.5535371,30.2611447,5
,,Restaurant,-81.553887,30.259560999999984,5
,,Physical Medicine And Rehabilitation,-81.554029,30.25956600000001,5
,,Restaurant,-81.55410855,30.25987892,5
,,Senior Living Facility,-81.55413025526913,30.259788642842494,5
,,Restaurant,-81.55410162714206,30.25960997217348,5
,,Restaurant,-81.55410346,30.259497790000005,5
,,Uncategorized,-81.55411923675182,30.25954859112373,5
,,Restaurant,-81.55412928,30.259619360000002,5
,,Gym,-81.55415445592426,30.259425828950956,5
,,Real Estate Service,-81.55409,30.260439999999992,5
,,Coffee Shop,-81.55426488,30.26026987,5
,,Professional Service,-81.554218,30.259762610000003,5
,,Personal Or Beauty Service,-81.55421212,30.25966796,5
,,Movie Theater,-81.554544055604,30.263140284907994,5
,,Restaurant,-81.55527950327861,30.262509868314066,5
,,Restaurant,-81.55532777534621,30.262393848633987,5
,,Gym,-81.5553449417684,30.262305464212176,5
,,Restaurant,-81.55528452853112,30.262090019598592,5
,,Restaurant,-81.55504406,30.262072810000003,5
,,Gym,-81.55505568,30.26209925999999,5
,,Casual Eatery,-81.55513044,30.26234496,5
,,Financial Service,-81.55499506296138,30.26118190069189,5
,,Corporate Or Business Office,-81.55502526888714,30.26128962285627,5
,,Bank Or Credit Union,-81.5549105,30.26117770999999,5
,,Bar,-81.55500753285962,30.25986037326268,5
,,Lounge,-81.554877,30.259890000000006,5
,,Hotel,-81.55487098,30.259684360000005,5
,,Restaurant,-81.5544662475586,30.259250640869098,5
,,Uncategorized,-81.55449261723129,30.25834877073836,5
,,Behavioral Or Mental Health Clinic,-81.5544579,30.258289899999998,5
,,Health Care,-81.55447018889991,30.25825133295416,5
,,Hospital,-81.555133,30.257080000000002,5
,,Real Estate Service,-81.55528476,30.256848440000002,5
,,Hardware Home And Garden Store,-81.5551426,30.255352100000003,5
,,Uncategorized,-81.5551504,30.255398299999992,5
,,Uncategorized,-81.5549621582031,30.255977630615202,5
,,Real Estate Service,-81.55495,30.255979999999994,5
,,Real Estate Service,-81.55492534,30.255884610000006,5
,,Real Estate Service,-81.55487716,30.25525180000001,5
,,Specialty School,-81.55485859,30.25524094,5
,,Home Service,-81.554807,30.255289000000005,5
,,Medical Service,-81.55484908,30.25534246000001,5
,,Real Estate Service,-81.55486,30.25529999999999,5
,,Auto Dealer,-81.55485273,30.25524995,5
,,Wellness Service,-81.55473,30.255349999999996,5
,,Real Estate Service,-81.55478616000002,30.255734199999985,5
,,Real Estate Service,-81.554700182662,30.255850398460993,5
,,Real Estate Service,-81.55484247,30.255938699999998,5
,,Real Estate Service,-81.55481847100513,30.255833174505106,5
,,Real Estate Service,-81.55482981,30.255765009999998,5
,,Real Estate Service,-81.55482248,30.25576436,5
,,Real Estate Service,-81.55482162,30.25577453,5
,,Real Estate Service,-81.55482,30.25573999999999,5
,,Real Estate Service,-81.55482,30.25573999999999,5
,,Real Estate Service,-81.55482,30.25573999999999,5
,,Real Estate Service,-81.55482,30.25573999999999,5
,,Real Estate Service,-81.55482,30.25573999999999,5
,,Real Estate Service,-81.55482,30.25573999999999,5
,,Real Estate Service,-81.55484429,30.255719099999997,5
,,Real Estate Service,-81.55484577,30.255717259999994,5
,,Real Estate Service,-81.55484576,30.255717520000005,5
,,Real Estate Service,-81.554844,30.255715840000004,5
,,Real Estate Service,-81.55484466,30.25571347,5
,,Real Estate Service,-81.554827,30.255705000000003,5
,,Real Estate Service,-81.55484975,30.25571083,5
,,Real Estate Service,-81.55484911,30.25571415000001,5
,,Real Estate Service,-81.554849,30.25571545,5
,,Real Estate Service,-81.55484801,30.255714810000004,5
,,Real Estate Service,-81.55484939,30.255716610000004,5
,,Real Estate Service,-81.5548489,30.255719869999997,5
,,Real Estate Service,-81.554847,30.255695999999993,5
,,Real Estate Service,-81.55484679,30.255710119999996,5
,,Real Estate Service,-81.55484034,30.25571128,5
,,Real Estate Service,-81.5548418,30.25571407,5
,,Real Estate Service,-81.55484693,30.25571100000001,5
,,Real Estate Service,-81.55484625,30.255715689999995,5
,,Real Estate Service,-81.55484651,30.255719930000005,5
,,Real Estate Service,-81.5548412,30.255716340000006,5
,,Real Estate Service,-81.55484725,30.255716579999998,5
,,Real Estate Service,-81.55484331,30.255711269999992,5
,,Real Estate Service,-81.5548431,30.255715389999995,5
,,Real Estate Service,-81.55484285,30.25571888,5
,,Real Estate Service,-81.55482745,30.25576069,5
,,Real Estate Service,-81.55482511000001,30.25576904,5
,,Real Estate Service,-81.55484798,30.255880629999993,5
,,Real Estate Service,-81.55485515,30.255886689999997,5
,,Real Estate Service,-81.55485464,30.255888069999994,5
,,Real Estate Service,-81.55486104,30.255877630000004,5
,,Real Estate Service,-81.55486786,30.255876910000005,5
,,Real Estate Service,-81.55487875,30.255856410000007,5
,,Vision Or Eye Care Clinic,-81.55460832,30.255260489999987,5
,,Restaurant,-81.5543986,30.259059060000002,5
,,Restaurant,-81.55432553631057,30.259042501119623,5
,,Financial Service,-81.55434,30.259006000000003,5
,,Restaurant,-81.55431125,30.258868969999998,5
,,Fitness Studio,-81.55427779000001,30.258947099999997,5
,,Wellness Service,-81.55427854041312,30.258940922095707,5
,,Financial Service,-81.55431944,30.259072130000003,5
,,Casual Eatery,-81.5538971,30.25754634,5
,,Uncategorized,-81.55388903133489,30.25736871015743,5
,,Wellness Service,-81.55389,30.257365,5
,,Restaurant,-81.55374073,30.25774437,5
,,Hardware Home And Garden Store,-81.5537193,30.257813100000007,5
,,Wellness Service,-81.55371671,30.257818940000003,5
,,Personal Or Beauty Service,-81.55367621334324,30.257471798547925,5
,,Fashion And Apparel Store,-81.55362840095303,30.257425458335394,5
,,Health Care,-81.5535679864733,30.25772627391146,5
,,Food And Beverage Store,-81.55352865,30.25759483000001,5
,,Food And Beverage Store,-81.55358304317498,30.25651856240658,5
,,Wellness Service,-81.55409556,30.25237024999999,5
,,Financial Service,-81.55413528,30.252325610000003,5
,,Financial Service,-81.55439794984419,30.25197385257995,5
,,Specialized Health Care,-81.55432863,30.252045350000007,5
,,Specialized Health Care,-81.554315,30.252050000000004,5
,,Health Care,-81.5543057,30.2524245,5
,,Financial Service,-81.55425336,30.25245328000001,5
,,Home Service,-81.5542570830608,30.252464916099132,5
,,Behavioral Or Mental Health Clinic,-81.55436125,30.25240605999999,5
,,Attorney Or Law Firm,-81.55426245,30.25367713,5
,,Shopping,-81.55435,30.25403,5
,,Financial Service,-81.55448143,30.254999079999994,5
,,Legal Service,-81.55457684004934,30.25497139799111,5
,,Health Care,-81.554474,30.254419,5
,,Complementary And Alternative Medicine,-81.5544662475586,30.2544136047363,5
,,Complementary And Alternative Medicine,-81.55446,30.254410000000004,5
,,Electronics Store,-81.554476,30.25385799999999,5
,,Hotel,-81.55462094,30.253092360000007,5
,,Uncategorized,-81.5548144,30.254086900000008,5
,,Professional Service,-81.5548144,30.254086900000008,5
,,Uncategorized,-81.55469,30.254939999999998,5
,,Attorney Or Law Firm,-81.55511386,30.254088739999997,5
,,Doctor,-81.55510522211408,30.254620566148592,5
,,Doctor,-81.55516525525,30.254515906916666,5
,,Real Estate Service,-81.5552,30.25393,5
,,Uncategorized,-81.55518568105366,30.253914058384723,5
,,Financial Service,-81.55525855,30.25384771000001,5
,,Real Estate Service,-81.55531059,30.25384916,5
,,Real Estate Service,-81.55531711,30.253839369999998,5
,,Wellness Service,-81.55527,30.253317999999986,5
,,Financial Service,-81.55514734,30.25387429,5
,,Real Estate Service,-81.55514033,30.253879329999993,5
,,Uncategorized,-81.55506,30.25383,5
,,Real Estate Service,-81.55506,30.25383,5
,,Media Service,-81.55506,30.25383,5
,,Real Estate Service,-81.55506,30.25383,5
,,Hardware Home And Garden Store,-81.55506,30.25383,5
,,Real Estate Service,-81.55506,30.25383,5
,,Telecommunications Service,-81.55501842504236,30.253481206915062,5
,,Real Estate Service,-81.555002,30.252637999999987,5
,,Real Estate Service,-81.55495637,30.252589069999992,5
,,Professional Service,-81.55495622,30.25258272,5
,,Social Or Community Service,-81.55506730783948,30.25262259812086,5
,,Personal Or Beauty Service,-81.55507065,30.252521389999984,5
,,Complementary And Alternative Medicine,-81.55508521,30.252521700000013,5
,,Media Service,-81.5553321,30.252757799999994,5
,,Financial Service,-81.55529886,30.25241685,5
,,Uncategorized,-81.5552987,30.2524016,5
,,Hospital,-81.555286,30.252286,5
,,Uncategorized,-81.55535,30.25235,5
,,Uncategorized,-81.55535,30.25235,5
,,Uncategorized,-81.55535,30.25235,5
,,Financial Service,-81.5553513,30.252349899999995,5
,,Attorney Or Law Firm,-81.55531124,30.252046680000007,5
,,Behavioral Or Mental Health Clinic,-81.55528174,30.25185462,5
,,Complementary And Alternative Medicine,-81.555273,30.251891000000004,5
,,Electronics Store,-81.555229,30.251937999999992,5
,,Behavioral Or Mental Health Clinic,-81.55525846,30.252331969999997,5
,,Uncategorized,-81.55525,30.252249999999993,5
,,Behavioral Or Mental Health Clinic,-81.55524872,30.25237618,5
,,Complementary And Alternative Medicine,-81.55522949,30.25235734,5
,,Health Care,-81.55524425000002,30.252235480000003,5
,,Psychic Advising,-81.55524413,30.252239020000008,5
,,Specialized Health Care,-81.55524444,30.25224128,5
,,Behavioral Or Mental Health Clinic,-81.55524018,30.252232320000005,5
,,Financial Service,-81.55520512,30.25145574,5
,,Financial Service,-81.55527407,30.251403259999986,5
,,Personal Or Beauty Service,-81.55539093000002,30.25170999,5
,,Financial Service,-81.55513628,30.25137472999999,5
,,Doctor,-81.555134,30.251796,5
,,Physical Medicine And Rehabilitation,-81.555118,30.251808,5
,,Complementary And Alternative Medicine,-81.555118,30.251808,5
,,Financial Service,-81.55467538,30.25172441999999,5
,,Complementary And Alternative Medicine,-81.55481352,30.25178905,5
,,Real Estate Service,-81.5549,30.2526,5
,,Personal Or Beauty Service,-81.5549,30.2526,5
,,Wellness Service,-81.5549,30.2526,5
,,Uncategorized,-81.5547332763672,30.252559661865195,5
,,Personal Or Beauty Service,-81.55467517,30.252567729999992,5
,,Behavioral Or Mental Health Clinic,-81.55470421,30.252625679999994,5
,,Hardware Home And Garden Store,-81.55461438276564,30.25249741850022,5
,,Home Service,-81.554649,30.252546999999996,5
,,Wellness Service,-81.55466277,30.25260619,5
,,Complementary And Alternative Medicine,-81.55456657155531,30.252451079485184,5
,,Behavioral Or Mental Health Clinic,-81.55451068,30.251973180000004,5
,,Behavioral Or Mental Health Clinic,-81.55444131,30.25206545,5
,,Place Of Learning,-81.55465339,30.246600589999993,5
,,Home Service,-81.554282,30.247633999999998,5
,,Park,-81.55431895,30.249884500000007,5
,,Electronics Store,-81.55258840000002,30.2498393,5
,,Corporate Or Business Office,-81.55274603,30.25425934,5
,,Apartment,-81.5524715,30.2545041,5
,,Historic Site,-81.55218632,30.253665540000007,5
,,Hardware Home And Garden Store,-81.55249786376952,30.249000549316403,5
,,Rental Service,-81.55044930000001,30.252756,5
,,Historic Site,-81.54987804,30.25490927,5
,,Medical Service,-81.5505671,30.246611200000007,5
,,Building Or Construction Service,-81.55057598,30.24647512999999,5
,,Real Estate Service,-81.55056774,30.24648431,5
,,Financial Service,-81.550548,30.246438,5
,,B2B Office And Professional Service,-81.5504760742188,30.246603012084993,5
,,Professional Service,-81.5494852,30.247457800000007,5
,,Professional Service,-81.5494852,30.247457800000007,5
,,B2B Office And Professional Service,-81.5494852,30.247457800000007,5
,,Professional Service,-81.5494852,30.247457800000007,5
,,Professional Service,-81.5494852,30.247457800000007,5
,,Technical Service,-81.54945118582404,30.247492853042036,5
,,Financial Service,-81.54945118582404,30.247492853042036,5
,,Financial Service,-81.54941086,30.24732114,5
,,Event Or Party Service,-81.54938586,30.24741086,5
,,Restaurant,-81.54931518,30.247706809999997,5
,,Real Estate Service,-81.5495758,30.248486999999997,5
,,Financial Service,-81.54859833070161,30.248548953646413,5
,,Technical Service,-81.54853291803774,30.24856399589691,5
,,Behavioral Or Mental Health Clinic,-81.54845442,30.248428989999997,5
,,Financial Service,-81.54842492,30.248542099999998,5
,,Attorney Or Law Firm,-81.5483826,30.2485955,5
,,Uncategorized,-81.5483826,30.2485955,5
,,Bank Or Credit Union,-81.54836827,30.248373260000008,5
,,Uncategorized,-81.54835,30.248340000000002,5
,,Professional Service,-81.54835804000001,30.253323180000006,5
,,Financial Service,-81.5486622,30.258996469999992,5
,,Real Estate Service,-81.55030095,30.25561507999999,5
,,B2B Service,-81.550386,30.255622,5
,,Financial Service,-81.55151705000002,30.25951761,5
,,Atm,-81.55128949772042,30.259654765841397,5
,,Financial Service,-81.54593611247074,30.253875190213805,5
,,Corporate Or Business Office,-81.54636127534616,30.25414674029622,5
,,Professional Service,-81.54660880000002,30.254708300000015,5
,,Corporate Or Business Office,-81.54661588290428,30.25439382183234,5
,,Financial Service,-81.54747722000002,30.24864062,5
,,Financial Service,-81.54744,30.248739999999994,5
,,Financial Service,-81.54739,30.248480000000008,5
,,Financial Service,-81.54739,30.248480000000008,5
,,Uncategorized,-81.5473871,30.248482399999997,5
,,Building Or Construction Service,-81.5473871,30.248482399999997,5
,,Financial Service,-81.54749134890879,30.248574187011634,5
,,Real Estate Service,-81.54749134890879,30.248574187011634,5
,,Professional Service,-81.547491,30.248573999999998,5
,,Real Estate Service,-81.54752,30.24856,5
,,Shipping Or Delivery Service,-81.5475115,30.248497,5
,,Financial Service,-81.5475007,30.248410900000007,5
,,Financial Service,-81.54750956,30.248418570000002,5
,,Uncategorized,-81.5475096,30.248418899999994,5
,,Financial Service,-81.547476347771,30.248441932888998,5
,,Uncategorized,-81.5475585,30.2484935,5
,,Financial Service,-81.5475484,30.248590399999998,5
,,Financial Service,-81.5471257,30.24774229999999,5
,,Real Estate Service,-81.54621834029544,30.248752251146087,5
,,Attorney Or Law Firm,-81.54617,30.24875000000001,5
,,Financial Service,-81.54617,30.24875000000001,5
,,Electronics Store,-81.546175,30.248706,5
,,Uncategorized,-81.54617053973179,30.248705912579013,5
,,Financial Service,-81.54616657,30.248687720000007,5
,,Gym,-81.54551893572322,30.25255967143653,5
,,Uncategorized,-81.54565830063515,30.252515740878284,5
,,Parking,-81.545064,30.253203000000003,5
,,Professional Service,-81.54503,30.253189999999993,5
,,Doctor,-81.54503,30.253189999999993,5
,,Community Center,-81.54473305148245,30.248909981508064,5
,,Physical Medicine And Rehabilitation,-81.54473010000001,30.248758000000002,5
,,Sport Or Fitness Facility,-81.5447063537578,30.24869860657032,5
,,Farmers Market,-81.54466798546154,30.24873782174358,5
,,Physical Medicine And Rehabilitation,-81.54470443,30.248544750000004,5
,,Outpatient Care Facility,-81.54473617701954,30.24848183498391,5
,,Real Estate Service,-81.543864,30.244762,5
,,Bank Or Credit Union,-81.54475924232153,30.242552183188852,5
,,Bank Or Credit Union,-81.5449994,30.24287229999999,5
,,Preschool,-81.5452516,30.24070665,5
,,Corporate Or Business Office,-81.54529507735836,30.241110348903884,5
,,Complementary And Alternative Medicine,-81.545215,30.241159999999997,5
,,Wellness Service,-81.54524362,30.241104419999996,5
,,Attorney Or Law Firm,-81.5451937,30.241139,5
,,Financial Service,-81.545349,30.24108300000001,5
,,Art Gallery,-81.54534912,30.24108315,5
,,Financial Service,-81.5453734,30.2411936,5
,,Attorney Or Law Firm,-81.54539453,30.241129960000006,5
,,Personal Or Beauty Service,-81.54545665,30.241395400000002,5
,,Personal Or Beauty Service,-81.5454587,30.241393470000006,5
,,Professional Service,-81.54547949,30.24135090999999,5
,,Behavioral Or Mental Health Clinic,-81.5456771850586,30.241384506225597,5
,,Real Estate Service,-81.54567872,30.24092763,5
,,Design Service,-81.54507069,30.238141219999996,5
,,B2B Transportation And Storage Service,-81.54409010097277,30.241903463104272,5
,,Sport Or Recreation Club,-81.54642,30.230359999999994,5
,,Christian Place Of Worship,-81.54598687213125,30.24146720502206,5
,,Attorney Or Law Firm,-81.545968,30.241450999999994,5
,,Financial Service,-81.5459671020508,30.241436004638704,5
,,Professional Service,-81.545967,30.241435999999986,5
,,Attorney Or Law Firm,-81.545921,30.241482000000005,5
,,Real Estate Service,-81.545921,30.241482000000005,5
,,Complementary And Alternative Medicine,-81.54589859,30.241087909999994,5
,,Complementary And Alternative Medicine,-81.54589336,30.24108322,5
,,Attorney Or Law Firm,-81.545849,30.241097999999987,5
,,Professional Service,-81.54582779,30.24112744,5
,,Financial Service,-81.5460891,30.241526879999995,5
,,Professional Service,-81.54608832,30.24151007,5
,,Attorney Or Law Firm,-81.5461425,30.2413291,5
,,Behavioral Or Mental Health Clinic,-81.54614974,30.24137781,5
,,Uncategorized,-81.5464256,30.241077999999995,5
,,Behavioral Or Mental Health Clinic,-81.5464256,30.241077999999995,5
,,Professional Service,-81.54673924,30.2413367,5
,,B2B Office And Professional Service,-81.54635612695314,30.243637108856152,5
,,Professional Service,-81.54596393,30.244372079999994,5
,,Restaurant,-81.545793,30.244422999999998,5
,,Real Estate Service,-81.54611213,30.245730509999998,5
,,Financial Service,-81.54619397,30.245759030000002,5
,,Corporate Or Business Office,-81.54624348713693,30.246109283904318,5
,,Park,-81.54710013127522,30.243172068778122,5
,,Pediatric Clinic,-81.54705757,30.24302498000001,5
,,Hospital,-81.54702164621295,30.243255195175937,5
,,Professional Service,-81.54854893689844,30.24377752848952,5
,,Research Institute,-81.54797475116028,30.238683174421812,5
,,B2B Industrial And Machine Service,-81.5481,30.238572999999995,5
,,Medical Service,-81.5481,30.238572999999995,5
,,Uncategorized,-81.54828579339056,30.238565655522613,5
,,Professional Service,-81.54886951,30.241435549999995,5
,,Media Service,-81.54911774,30.24136063,5
,,Attorney Or Law Firm,-81.54911416,30.241363300000003,5
,,Home Service,-81.5491141,30.2413691,5
,,Home Service,-81.5491141,30.2413691,5
,,Bank Or Credit Union,-81.54928,30.241230000000005,5
,,Technical Service,-81.54928,30.241230000000005,5
,,Professional Service,-81.54928,30.241230000000005,5
,,Education,-81.54928,30.241230000000005,5
,,Legal Service,-81.54928,30.241230000000005,5
,,Corporate Or Business Office,-81.54919437281477,30.241360063312865,5
,,Professional Service,-81.5491755,30.24138617,5
,,Real Estate Service,-81.54924217339358,30.24140640002771,5
,,Real Estate Service,-81.54955674,30.242090089999994,5
,,Medical Service,-81.5495679,30.242401999999988,5
,,Medical Service,-81.5495679,30.242401999999988,5
,,B2B Office And Professional Service,-81.5495679,30.242401999999988,5
,,Home Service,-81.5495679,30.242401999999988,5
,,Financial Service,-81.5495679,30.242401999999988,5
,,Uncategorized,-81.5495679,30.242401999999988,5
,,Behavioral Or Mental Health Clinic,-81.5495679,30.242401999999988,5
,,Financial Service,-81.5495679,30.242401999999988,5
,,Outpatient Care Facility,-81.5495679,30.242401999999988,5
,,Bank Or Credit Union,-81.5495679,30.242401999999988,5
,,Travel Service,-81.5495679,30.242401999999988,5
,,Professional Service,-81.5496741,30.242495099999992,5
,,Financial Service,-81.54977292,30.242494369999992,5
,,Financial Service,-81.549757,30.242292999999997,5
,,Professional Service,-81.54976,30.242214999999995,5
,,Real Estate Service,-81.54979369,30.242241870000004,5
,,Surgery,-81.549796,30.242237,5
,,Specialty Store,-81.549787,30.242194800000004,5
,,Real Estate Service,-81.5497921,30.242242760000003,5
,,Professional Service,-81.54979267,30.24224135,5
,,Rental Service,-81.54979870000001,30.2422445,5
,,B2B Service,-81.549809,30.242243,5
,,Medical Service,-81.549809,30.242243,5
,,Home Service,-81.549809,30.242243,5
,,Surgery,-81.549809,30.242243,5
,,Financial Service,-81.54979305,30.242248970000006,5
,,Shopping,-81.54979299,30.242249090000005,5
,,Outpatient Care Facility,-81.54979512,30.242245660000005,5
,,Corporate Or Business Office,-81.549866,30.242278000000002,5
,,Financial Service,-81.54986207,30.242266920000002,5
,,Behavioral Or Mental Health Clinic,-81.54986557,30.242265590000013,5
,,B2B Industrial And Machine Service,-81.54984049000001,30.242433490000003,5
,,Financial Service,-81.5498773,30.242451299999992,5
,,Professional Service,-81.54996212058319,30.242431988542656,5
,,Technical Service,-81.54996224,30.242530179999992,5
,,Financial Service,-81.54994914519278,30.242562423050213,5
,,Professional Service,-81.54998734,30.242543289999993,5
,,Real Estate Service,-81.55000538,30.242579959999997,5
,,Real Estate Service,-81.55001422,30.24253182,5
,,Home Service,-81.5500504,30.242379700000004,5
,,Professional Service,-81.55005624,30.24237919,5
,,Professional Service,-81.55005244,30.24237361,5
,,Real Estate Service,-81.55005222,30.24237108,5
,,Medical Service,-81.55005151,30.242379260000003,5
,,Financial Service,-81.55005664,30.242373080000004,5
,,Professional Service,-81.5500571,30.242378199999997,5
,,Attorney Or Law Firm,-81.550057,30.242377999999995,5
,,Financial Service,-81.55005673,30.242378929999994,5
,,Financial Service,-81.55005872,30.24237660999999,5
,,Behavioral Or Mental Health Clinic,-81.55005976,30.242377289999997,5
,,Legal Service,-81.55011518175807,30.242409565219734,5
,,Financial Service,-81.55004474909659,30.24265509697037,5
,,Corporate Or Business Office,-81.55004474909659,30.24265509697037,5
,,Bank Or Credit Union,-81.55004474909659,30.24265509697037,5
,,Electronics Store,-81.5501708984375,30.242721557617198,5
,,Financial Service,-81.55027,30.24217,5
,,Uncategorized,-81.55034446716307,30.242575166680123,5
,,Attorney Or Law Firm,-81.55041543,30.242812870000005,5
,,Technical Service,-81.55056499,30.24311297,5
,,Technical Service,-81.5505656,30.243115599999996,5
,,Financial Service,-81.55058818378676,30.243103421061473,5
,,Financial Service,-81.55043485967866,30.246406643857778,5
,,Medical Service,-81.550452,30.246344999999994,5
,,Uncategorized,-81.55048750000002,30.2463862,5
,,Uncategorized,-81.550492,30.24639000000001,5
,,Corporate Or Business Office,-81.55050027246472,30.246391599450952,5
,,Financial Service,-81.55051689,30.24642344,5
,,Real Estate Service,-81.55052656,30.246423290000003,5
,,Real Estate Service,-81.5512239,30.243812990000002,5
,,Professional Service,-81.55122004,30.243811200000003,5
,,Home Service,-81.55091847,30.242845959999997,5
,,Attorney Or Law Firm,-81.5506,30.243119999999998,5
,,Real Estate Service,-81.5506,30.243119999999998,5
,,Financial Service,-81.5506,30.243119999999998,5
,,Financial Service,-81.5506,30.243119999999998,5
,,Attorney Or Law Firm,-81.5506,30.243119999999998,5
,,Financial Service,-81.5506,30.243119999999998,5
,,Corporate Or Business Office,-81.55065359470171,30.24308837500424,5
,,Social Or Community Service,-81.550714,30.243008,5
,,Financial Service,-81.55080018,30.242671899999998,5
,,Corporate Or Business Office,-81.55072916,30.242886529999993,5
,,Professional Service,-81.55072285,30.24288411,5
,,Corporate Or Business Office,-81.550726,30.242861000000012,5
,,Medical Service,-81.55072618000001,30.24288276,5
,,Financial Service,-81.550388932446,30.241915259123,5
,,Fitness Studio,-81.55040418,30.24196766,5
,,Financial Service,-81.55030295,30.24204551,5
,,Financial Service,-81.55030775,30.242044520000004,5
,,Gym,-81.54805320886913,30.229891213723242,5
,,Real Estate Service,-81.55150478,30.22737488,5
,,Travel Service,-81.551132,30.227548999999993,5
,,College University,-81.55115599209735,30.227492634600214,5
,,Real Estate Service,-81.55117359747112,30.22743124745259,5
,,Physical Medicine And Rehabilitation,-81.55119583,30.220810549999996,5
,,Dental Clinic,-81.55125741,30.220920290000002,5
,,Second Hand Store,-81.55115,30.221200000000003,5
,,Dental Clinic,-81.5511476,30.22119650000001,5
,,Dental Clinic,-81.55117,30.221235,5
,,Financial Service,-81.5511003380817,30.22108390342041,5
,,Second Hand Store,-81.55117312,30.22100867,5
,,Discount Store,-81.55103494005637,30.221098960125467,5
,,Christian Place Of Worship,-81.55028035507296,30.221387357113194,5
,,Place Of Learning,-81.5499492,30.2224891,5
,,Elementary School,-81.54971999,30.220856280000007,5
,,Pediatric Clinic,-81.5503299,30.2178742,5
,,Hospital,-81.55045627298293,30.217792062122104,5
,,Pharmacy And Drug Store,-81.55046439,30.217994739999995,5
,,Pediatric Clinic,-81.5504333,30.217839,5
,,Pediatric Clinic,-81.5504333,30.217839,5
,,Specialized Health Care,-81.5504298,30.217849399999995,5
,,Doctor,-81.5504298,30.217849399999995,5
,,Specialized Health Care,-81.5504298,30.217849399999995,5
,,Specialized Health Care,-81.5504298,30.217849399999995,5
,,Pediatric Clinic,-81.5504298,30.217849399999995,5
,,Specialized Health Care,-81.5504298,30.217849399999995,5
,,Pediatric Clinic,-81.5504298,30.217849399999995,5
,,Doctor,-81.5504298,30.217849399999995,5
,,Restaurant,-81.550833,30.219922999999998,5
,,Home Service,-81.550834,30.219911,5
,,Education,-81.5508154,30.2198881,5
,,Smoothie Juice Bar,-81.550834,30.219832,5
,,Coffee Shop,-81.55081098,30.219882169999998,5
,,Electronics Store,-81.550809271164,30.219592999999996,5
,,Personal Or Beauty Service,-81.55082,30.219483999999998,5
,,Supplier Or Distributor,-81.5509226,30.219111899999994,5
,,Restaurant,-81.55105590820311,30.219869613647507,5
,,Personal Or Beauty Service,-81.55101277,30.219778719999997,5
,,Personal Or Beauty Service,-81.55095145,30.21988847000001,5
,,Restaurant,-81.55095685,30.219581849999994,5
,,Restaurant,-81.55100444,30.219625550000003,5
,,Wellness Service,-81.55095279,30.219472750000012,5
,,Uncategorized,-81.5509532,30.219473799999996,5
,,Restaurant,-81.55090664,30.219440229999996,5
,,Restaurant,-81.55089905418693,30.21986886395632,5
,,Electronics Store,-81.55094608,30.219777780000005,5
,,Restaurant,-81.5509297,30.2199274,5
,,Restaurant,-81.55088707,30.220142990000003,5
,,Restaurant,-81.55091920346676,30.22043758037213,5
,,Second Hand Store,-81.55097226,30.220358190000002,5
,,Casual Eatery,-81.55096153,30.220223139999998,5
,,Restaurant,-81.55138345406057,30.220141840875765,5
,,Gas Station,-81.55107266,30.219029,5
,,Pharmacy And Drug Store,-81.551087,30.217922000000005,5
,,Vehicle Parts Store,-81.55105493000002,30.21695338,5
,,Fast Food Restaurant,-81.550952,30.217344999999995,5
,,Fast Food Restaurant,-81.550952,30.217344999999995,5
,,Financial Service,-81.551040309718,30.217822818652273,5
,,Atm,-81.55103302001953,30.217798233032223,5
,,Doctor,-81.5509984,30.217833199999994,5
,,Outpatient Care Facility,-81.5509984,30.217833199999994,5
,,Bank Or Credit Union,-81.550994,30.217846000000005,5
,,Books Music And Video Store,-81.5509707,30.217868800000005,5
,,Preschool,-81.55108496,30.213799060000007,5
,,Personal Care And Beauty Store,-81.55105207,30.21318773999999,5
,,Apartment,-81.550389,30.21559999999999,5
,,Apartment,-81.5497449,30.212361800000004,5
,,Condominium,-81.54922376306017,30.216126460082734,5
,,Uncategorized,-81.5493011474609,30.215499877929698,5
,,Historic Site,-81.54926886,30.215378320000006,5
,,Professional Service,-81.5482263,30.212675259999997,5
,,Financial Service,-81.54762316,30.22579909,5
,,Social Or Community Service,-81.54565436,30.225879990000003,5
,,Lodging,-81.545159,30.214539999999992,5
,,Sport Or Fitness Facility,-81.54538,30.215870000000002,5
,,Uncategorized,-81.5455872,30.2142697,5
,,Travel Service,-81.54219000000002,30.216959000000003,5
,,Home Service,-81.54007552,30.22599751,5
,,Playground,-81.5402427,30.21711996999999,5
,,Lodging,-81.53867351021357,30.214346261449336,5
,,Fashion And Apparel Store,-81.537765,30.22624699999999,5
,,Financial Service,-81.53945053571276,30.230654639560274,5
,,Home Service,-81.53945053571276,30.230654639560274,5
,,Music Venue,-81.53945053571276,30.230654639560274,5
,,Uncategorized,-81.53820705031929,30.242047411990587,5
,,Complementary And Alternative Medicine,-81.53996564,30.243301300000002,5
,,Behavioral Or Mental Health Clinic,-81.53997259,30.244147659999992,5
,,Home Service,-81.53987964,30.24513981,5
,,Real Estate Service,-81.54001,30.24535,5
,,Hardware Home And Garden Store,-81.5400166,30.24600149999999,5
,,Uncategorized,-81.5400157,30.246432699999993,5
,,Hardware Home And Garden Store,-81.54001971,30.246429999999993,5
,,Real Estate Service,-81.54005,30.246229,5
,,Complementary And Alternative Medicine,-81.5401165,30.243422449999994,5
,,Preschool,-81.54052706,30.242905629999996,5
,,Behavioral Or Mental Health Clinic,-81.54104076,30.245172399999994,5
,,Preschool,-81.541039,30.244721999999996,5
,,Home Service,-81.54110153352083,30.244654576626168,5
,,B2B Transportation And Storage Service,-81.541318,30.245177999999985,5
,,Corporate Or Business Office,-81.54123489457852,30.24376399170346,5
,,Medical Service,-81.54385138,30.240464560000007,5
,,Public Transit Facility Or Service,-81.543823,30.240704,5
,,Specialty Store,-81.5430702,30.241360299999997,5
,,Technical Service,-81.54317643920899,30.239817805203973,5
,,Event Or Party Service,-81.54328896,30.23981908,5
,,Museum,-81.54328688,30.23981666,5
,,Surgery,-81.54351131,30.247258210000002,5
,,Pediatric Clinic,-81.54297136,30.24846111,5
,,Specialty Store,-81.54296875,30.24846649169921,5
,,Specialized Health Care,-81.54313227,30.248712619999992,5
,,Specialized Health Care,-81.54306869,30.24874,5
,,Primary Care Or General Clinic,-81.54303990165643,30.248683702376372,5
,,Doctor,-81.542973,30.248808,5
,,Doctor,-81.54298056219636,30.24875144005769,5
,,Pediatric Clinic,-81.54296875,30.24860000610349,5
,,Specialized Health Care,-81.54294726,30.248622180000005,5
,,Specialized Health Care,-81.5429476,30.248623519999988,5
,,Specialized Health Care,-81.54294899,30.24862939,5
,,Pediatric Clinic,-81.5429301,30.24873100000001,5
,,Surgery,-81.54293668,30.248738989999996,5
,,Specialized Health Care,-81.54292225,30.248766440000004,5
,,Primary Care Or General Clinic,-81.542955364712,30.248738604092985,5
,,Storage Facility,-81.541379370569,30.248163526921598,5
,,Professional Service,-81.54130845,30.246747649999993,5
,,Real Estate Service,-81.5412924,30.24693909,5
,,Home Service,-81.54123027,30.246859630000003,5
,,Home Service,-81.54013714004309,30.246537340087016,5
,,Animal Or Pet Service,-81.54013714004309,30.246537340087016,5
,,Real Estate Service,-81.54013714004309,30.246537340087016,5
,,B2B Transportation And Storage Service,-81.54002,30.24650799999999,5
,,Financial Service,-81.54002,30.24650799999999,5
,,Fast Food Restaurant,-81.54002,30.24650799999999,5
,,Financial Service,-81.54002,30.24650799999999,5
,,Wellness Service,-81.53506139980547,30.224832793579296,5
,,Home Service,-81.53616536605082,30.225667996335375,5
,,Media Service,-81.535032,30.220253,5
,,Real Estate Service,-81.53419,30.208329,5
,,Professional Service,-81.53447690364494,30.210692744191693,5
,,Professional Service,-81.53577,30.211429999999996,5
,,Professional Service,-81.53643814,30.208372229999984,5
,,Attorney Or Law Firm,-81.53820801,30.20026588,5
,,Professional Service,-81.541344,30.209741999999995,5
,,Travel And Transportation,-81.54222201,30.209423969999992,5
,,Event Or Party Service,-81.54383106,30.199902359999992,5
,,Financial Service,-81.54383327,30.199904560000004,5
,,Park,-81.543472828419,30.195136545254005,5
,,Historic Site,-81.54145300000002,30.20106,5
,,Corporate Or Business Office,-81.54138505991975,30.200444939916792,5
,,B2B Industrial And Machine Service,-81.540759,30.197092,5
,,College University,-81.5415768,30.19072909999999,5
,,Sport Or Recreation Club,-81.64239584,30.286451050000004,5
,,Home Service,-81.64228131,30.28592216,5
,,Uncategorized,-81.64245,30.285819999999998,5
,,Manufacturer,-81.64255637748693,30.285946111471215,5
,,Vehicle Dealer,-81.64249087235876,30.285961192361697,5
,,Home Service,-81.64399744,30.286009560000007,5
,,Home Service,-81.64367111,30.286126769999992,5
,,Media Service,-81.64230839,30.286317499999992,5
,,Automotive Service,-81.64364083,30.286275180000004,5
,,Travel Service,-81.644096,30.285085,5
,,Hardware Home And Garden Store,-81.64242310000002,30.2850811,5
,,Home Service,-81.64242169,30.285083989999993,5
,,Home Service,-81.642363,30.285103,5
,,Hardware Home And Garden Store,-81.64237,30.28516000000001,5
,,Automotive Service,-81.643823,30.285692000000008,5
,,Restaurant,-81.64420639,30.285724379999987,5
,,Atm,-81.64420318603516,30.285722732543945,5
,,Christian Place Of Worship,-81.64335142,30.28570383,5
,,Home Service,-81.63963288964216,30.285471670984254,5
,,Religious Organization,-81.64034,30.285330000000005,5
,,Hardware Home And Garden Store,-81.63919679937946,30.285285197577615,5
,,Hardware Home And Garden Store,-81.639159,30.285227,5
,,Christian Place Of Worship,-81.64030913,30.28519704,5
,,B2B Transportation And Storage Service,-81.638197,30.2850129,5
,,Uncategorized,-81.638474,30.284744999999997,5
,,Convenience Store,-81.638771,30.284886000000007,5
,,Personal Or Beauty Service,-81.63896476,30.284891209999998,5
,,Home Service,-81.6404658,30.284800000000004,5
,,Home Service,-81.640402,30.284804600000005,5
,,Printing Service,-81.63977552,30.284978699999986,5
,,Uncategorized,-81.64142,30.284935000000004,5
,,Home Service,-81.64272645,30.28502114,5
,,Restaurant,-81.64328,30.285001000000005,5
,,Fast Food Restaurant,-81.64358172,30.285052949999994,5
,,Restaurant,-81.643583,30.28499600000001,5
,,Uncategorized,-81.6423518,30.284798199999997,5
,,Vehicle Dealer,-81.641635,30.284624319999995,5
,,Personal Or Beauty Service,-81.64248873,30.284631590000004,5
,,Electronics Store,-81.6428604125977,30.284475326538107,5
,,Home Service,-81.64286609,30.28440109,5
,,Electronics Store,-81.64285,30.28440199999999,5
,,Personal Or Beauty Service,-81.64250713103927,30.284408332123835,5
,,Second Hand Store,-81.641281,30.284498,5
,,Uncategorized,-81.64014,30.2845,5
,,Home Service,-81.64030057,30.28448901,5
,,Home Service,-81.64030955,30.284487160000012,5
,,Home Service,-81.6403066,30.28448657,5
,,Family Service,-81.63933907,30.28470191999999,5
,,Building Or Construction Service,-81.63832834,30.284492799999988,5
,,Warehouse Club Store,-81.63834321,30.284168610000005,5
,,Social Or Community Service,-81.64133773641785,30.28421857268128,5
,,Auto Dealer,-81.64350245,30.28426476,5
,,Vehicle Service,-81.64351733000001,30.284242700000004,5
,,Place Of Learning,-81.644288,30.284373000000002,5
,,Casual Eatery,-81.64432,30.28435999999999,5
,,Ground Transport Facility Or Service,-81.6446533203125,30.284337997436495,5
,,Automotive Service,-81.64463,30.28435,5
,,Fast Food Restaurant,-81.6443036,30.284310900000005,5
,,Restaurant,-81.6443036,30.284310900000005,5
,,Restaurant,-81.6443036,30.284310900000005,5
,,Restaurant,-81.6443036,30.284310900000005,5
,,Casual Eatery,-81.6443036,30.284310900000005,5
,,Casual Eatery,-81.6443036,30.284310900000005,5
,,Restaurant,-81.6443036,30.284310900000005,5
,,Casual Eatery,-81.64429646,30.284298929999995,5
,,Medical Service,-81.64429154,30.28429593,5
,,Fast Food Restaurant,-81.64426218956663,30.284295480139548,5
,,Uncategorized,-81.6442533432628,30.284293151546724,5
,,Home Service,-81.6442533432628,30.284293151546724,5
,,Flowers And Gifts Store,-81.644261,30.284283000000002,5
,,Restaurant,-81.644319,30.284278,5
,,Family Service,-81.644288,30.284264999999994,5
,,Casual Eatery,-81.644289,30.284267999999994,5
,,Event Or Party Service,-81.64428932000001,30.284262849999994,5
,,Restaurant,-81.64428569,30.28426152,5
,,Food Service,-81.64426447172004,30.284251934384795,5
,,Gym,-81.64552346358317,30.284344955760652,5
,,Complementary And Alternative Medicine,-81.6461639404297,30.284337997436495,5
,,Event Or Party Service,-81.65085511,30.28376163999999,5
,,Ground Transport Facility Or Service,-81.65071,30.28385,5
,,Attorney Or Law Firm,-81.64863968,30.284366879999997,5
,,Attorney Or Law Firm,-81.64882603,30.284585099999997,5
,,Attorney Or Law Firm,-81.64782914,30.284547949999993,5
,,Personal Or Beauty Service,-81.64912873,30.284439760000005,5
,,Attorney Or Law Firm,-81.64862,30.284403999999995,5
,,Real Estate Service,-81.648308,30.28445,5
,,Real Estate Service,-81.648079,30.284437,5
,,Attorney Or Law Firm,-81.64715,30.28445,5
,,Design Service,-81.64632633,30.28449212,5
,,Gym,-81.64531619,30.284430010000005,5
,,Event Or Party Service,-81.64430946,30.2845198,5
,,Event Or Party Service,-81.64432384,30.28455655,5
,,Ground Transport Facility Or Service,-81.6446894,30.284728499999993,5
,,Personal Or Beauty Service,-81.64770743,30.28474902999999,5
,,Personal Or Beauty Service,-81.64723132,30.28475565999999,5
,,Home Service,-81.64680614,30.284873210000008,5
,,Corporate Or Business Office,-81.64647400074864,30.284871980336288,5
,,Media Service,-81.6466955,30.284778870000007,5
,,Vehicle Service,-81.64422317,30.284887819999994,5
,,Automotive Service,-81.64428,30.285056999999988,5
,,Personal Or Beauty Service,-81.64725,30.28494,5
,,Professional Service,-81.65133852,30.281351679999986,5
,,Personal Or Beauty Service,-81.654731750488,30.281563648656995,5
,,Home Service,-81.654731750488,30.281563648656995,5
,,Supplier Or Distributor,-81.6515073,30.2818953,5
,,Gas Station,-81.65153997,30.28189363,5
,,Gas Station,-81.65143846436814,30.282064747995673,5
,,Financial Service,-81.651378,30.282106,5
,,Arts And Entertainment,-81.653289296093,30.282488722375,5
,,Food And Beverage Store,-81.650832,30.282624999999996,5
,,Lounge,-81.65084387,30.28261929,5
,,Bar,-81.65089,30.28268,5
,,Complementary And Alternative Medicine,-81.65083299,30.2827504,5
,,Art Gallery,-81.650862,30.282775000000004,5
,,Home Service,-81.65094578,30.282777880000005,5
,,Restaurant,-81.65083442863558,30.282892418204433,5
,,Art Gallery,-81.6509780883789,30.2829360961914,5
,,Media Service,-81.65076569915772,30.28297905807175,5
,,Professional Service,-81.65088,30.282979999999995,5
,,Home Service,-81.6510424,30.2829981,5
,,Casual Eatery,-81.65090553,30.28318541,5
,,Professional Service,-81.65087748,30.283512180000006,5
,,Personal Or Beauty Service,-81.65089775,30.283610569999997,5
,,Fitness Studio,-81.65090103000001,30.283692409999997,5
,,Historic Site,-81.64143925,30.283086019999995,5
,,Media Service,-81.64171,30.283149999999992,5
,,Christian Place Of Worship,-81.64359968,30.28328330999999,5
,,Automotive Service,-81.643892,30.282780219999992,5
,,Swimming Pool,-81.63731412,30.282443289999996,5
,,Community Center,-81.63876060606904,30.282162718512346,5
,,Christian Place Of Worship,-81.6440797,30.281756589999993,5
,,Casual Eatery,-81.65081676,30.282125020000002,5
,,Professional Service,-81.65079,30.282059999999998,5
,,Uncategorized,-81.65070509933605,30.282061515952883,5
,,Casual Eatery,-81.65063959049,30.28207660355808,5
,,Coffee Shop,-81.65069926,30.28203647999999,5
,,Uncategorized,-81.650914,30.281921,5
,,Fashion And Apparel Store,-81.64578,30.28172,5
,,Gas Station,-81.65078476,30.28168508,5
,,Convenience Store,-81.650536,30.281579000000004,5
,,Atm,-81.65052795410156,30.28156661987305,5
,,Second Hand Store,-81.651057,30.281492000000004,5
,,Automotive Service,-81.650726,30.281445,5
,,Automotive Service,-81.650815,30.28146199999999,5
,,Automotive Service,-81.646451,30.281319999999997,5
,,Christian Place Of Worship,-81.643334,30.281521,5
,,Christian Place Of Worship,-81.64325212000001,30.281526659999997,5
,,Park,-81.637271,30.281540000000007,5
,,Family Service,-81.640524,30.281078,5
,,Home Service,-81.632795,30.2812553,5
,,Gas Station,-81.63005545,30.282005010000002,5
,,Automotive Service,-81.62935051,30.282257879999996,5
,,Home Service,-81.63210221,30.283377619999996,5
,,Uncategorized,-81.6304233,30.283390900000008,5
,,Travel Service,-81.6304233,30.283390900000008,5
,,Community And Government,-81.629943,30.283628999999998,5
,,Warehouse Club Store,-81.62997,30.28369000000001,5
,,Automotive Service,-81.62995229447746,30.283676209518223,5
,,Supplier Or Distributor,-81.62974017000002,30.283008069999994,5
,,Cafe,-81.62971916,30.28276548,5
,,Media Service,-81.63081,30.282518999999997,5
,,Hardware Home And Garden Store,-81.62968981681401,30.2824404081896,5
,,Rental Service,-81.629066,30.282438999999986,5
,,Automotive Service,-81.62927000000002,30.282350000000005,5
,,Auto Dealer,-81.6292166,30.282130799999994,5
,,Resort,-81.628694,30.281910999999997,5
,,Restaurant,-81.6284637,30.2816131,5
,,Home Service,-81.62809751895412,30.28152939819616,5
,,Personal Care And Beauty Store,-81.62786478,30.28137561999999,5
,,Home Service,-81.62862661000001,30.281190999999996,5
,,Park,-81.62250006,30.28153522,5
,,Personal Or Beauty Service,-81.61876378,30.28206920000001,5
,,Laundry Service,-81.61880845,30.28235622,5
,,Christian Place Of Worship,-81.61909707,30.281857909999996,5
,,Financial Service,-81.6087875,30.28195692,5
,,Vehicle Parts Store,-81.6107506,30.282790930000004,5
,,Apartment,-81.6110883,30.282774399999997,5
,,Uncategorized,-81.6110883,30.282774399999997,5
,,Apartment,-81.61119,30.28278089999999,5
,,Historic Site,-81.61107,30.283049999999992,5
,,Apartment,-81.611068,30.283051999999994,5
,,Printing Service,-81.60682,30.282999999999998,5
,,Christian Place Of Worship,-81.60966632,30.283485529999993,5
,,Apartment,-81.6098859,30.283172499999992,5
,,Uncategorized,-81.615116,30.283420999999997,5
,,Professional Service,-81.61492813,30.28325558,5
,,Christian Place Of Worship,-81.614591181278,30.283357885144007,5
,,Home Service,-81.618556,30.282807,5
,,Vehicle Service,-81.61851573,30.28238767999999,5
,,Hardware Home And Garden Store,-81.6196274,30.282788999999998,5
,,Automotive Service,-81.6200714111328,30.2829284667969,5
,,Automotive Service,-81.61988434,30.28296447,5
,,Fashion And Apparel Store,-81.62008239938297,30.28302978989445,5
,,Sporting Goods Store,-81.62019,30.2832,5
,,Religious Organization,-81.61850581,30.28369563,5
,,Religious Organization,-81.62080042208328,30.28415171802401,5
,,Place Of Learning,-81.62092,30.28429999999999,5
,,Social Or Community Service,-81.62070315,30.284363250000002,5
,,Christian Place Of Worship,-81.62124875,30.28441700999999,5
,,Home Service,-81.62055666,30.28441566,5
,,Corporate Or Business Office,-81.6202595,30.285035400000016,5
,,Automotive Service,-81.61678074679688,30.28430572568363,5
,,B2B Service,-81.6081765,30.28373029999999,5
,,Music Venue,-81.60701,30.284339999999997,5
,,Personal Or Beauty Service,-81.61079673,30.28488408000001,5
,,Convenience Store,-81.61081241,30.284802590000005,5
,,Community Center,-81.61284,30.286260000000006,5
,,Hardware Home And Garden Store,-81.6175294326272,30.285108627430535,5
,,Storage Facility,-81.6315902,30.285051700000007,5
,,Specialty School,-81.632176,30.28490439999999,5
,,Printing Service,-81.63206679,30.284749640000005,5
,,Home Service,-81.63215970651954,30.284844609852804,5
,,Professional Service,-81.63194195,30.28461475000001,5
,,Home Service,-81.6324116,30.2846345,5
,,Financial Service,-81.632678,30.284548,5
,,Corporate Or Business Office,-81.63267773417682,30.284548344116416,5
,,Manufacturer,-81.63017752,30.284460750000004,5
,,Professional Service,-81.63033930823053,30.284168666070588,5
,,Animal Or Pet Service,-81.63598309,30.28518465,5
,,Animal Or Pet Service,-81.63598433,30.28518019,5
,,Manufacturer,-81.63598245,30.285721290000005,5
,,Uncategorized,-81.633463,30.285662000000002,5
,,Physical Medicine And Rehabilitation,-81.63329871,30.2855786,5
,,Diagnostics Imaging Or Lab Service,-81.6335095,30.285470199999995,5
,,Specialty Store,-81.6334334,30.285413100000003,5
,,Sporting Goods Store,-81.63335886000002,30.285386850000005,5
,,Hardware Home And Garden Store,-81.6333494,30.285331599999992,5
,,Electronics Store,-81.633436,30.28523099999999,5
,,Shopping Mall,-81.633436,30.28523099999999,5
,,Social Or Community Service,-81.63294231,30.28510675,5
,,Storage Facility,-81.63097,30.285470000000007,5
,,Behavioral Or Mental Health Clinic,-81.63273009,30.28544345,5
,,B2B Service,-81.63250302,30.28583806,5
,,Medical Service,-81.6330411304945,30.285876988213168,5
,,Primary Care Or General Clinic,-81.63275291,30.28624952,5
,,Home Service,-81.632786,30.286401000000005,5
,,Home Service,-81.632786,30.286401000000005,5
,,Home Service,-81.632786,30.286401000000005,5
,,Home Service,-81.632786,30.286401000000005,5
,,Home Service,-81.632786,30.286401000000005,5
,,Uncategorized,-81.63345519601961,30.286319973727302,5
,,Professional Service,-81.63418,30.286278000000003,5
,,Uncategorized,-81.63410742451052,30.286336206550224,5
,,Professional Service,-81.6341009,30.286335129999994,5
,,Financial Service,-81.6348561494424,30.28634174339388,5
,,Government Office,-81.63439646859604,30.286316319863058,5
,,Home Service,-81.63324204,30.286199200000002,5
,,Home Service,-81.633276,30.286061999999994,5
,,Auto Dealer,-81.63550792,30.285882580000006,5
,,Manufacturer,-81.63605758493968,30.285778344974535,5
,,Technical Service,-81.63594961166382,30.285835609123954,5
,,Home Service,-81.63601995000002,30.28587565999999,5
,,Uncategorized,-81.63617,30.28580000000001,5
,,Technical Service,-81.6363413,30.28624960000001,5
,,Hardware Home And Garden Store,-81.63508475,30.286528280000002,5
,,Building Or Construction Service,-81.63326119000001,30.286439070000004,5
,,Professional Service,-81.63357,30.286659999999998,5
,,Adult Entertainment Venue,-81.63444099,30.286823430000013,5
,,Atm,-81.6334852,30.287379000000012,5
,,Convenience Store,-81.63381509,30.2872457,5
,,Automotive Service,-81.63263468,30.287566729999998,5
,,Coffee Shop,-81.6327881,30.287707700000002,5
,,Coffee Shop,-81.63250099,30.28696389,5
,,Discount Store,-81.63224453,30.286594829999995,5
,,Hardware Home And Garden Store,-81.62355780601501,30.287003516675828,5
,,Social Or Community Service,-81.62376994,30.28766097,5
,,Travel Service,-81.6258025,30.287925299999987,5
,,Home Service,-81.62483466,30.28790817000001,5
,,Home Service,-81.62429,30.288249000000008,5
,,Automotive Service,-81.6246925,30.288180899999997,5
,,Specialty Store,-81.62463861000002,30.28839133,5
,,Auto Dealer,-81.62455245,30.28843163,5
,,Auto Dealer,-81.625162,30.28867,5
,,Ground Transport Facility Or Service,-81.6251297,30.288666799999998,5
,,Automotive Service,-81.62523597768627,30.288957183377274,5
,,Home Service,-81.624814,30.288922999999997,5
,,Fast Food Restaurant,-81.63254339,30.28885815999999,5
,,Rental Service,-81.632283,30.2886697,5
,,Financial Service,-81.632268,30.288582,5
,,Fast Food Restaurant,-81.63238059,30.287943469999995,5
,,Convenience Store,-81.631751349,30.28814843825,5
,,Supplier Or Distributor,-81.63192020000001,30.2883933,5
,,Gas Station,-81.63197998,30.28837747,5
,,Atm,-81.63333129882812,30.28838348388672,5
,,Convenience Store,-81.633353,30.288388999999995,5
,,Financial Service,-81.63443045,30.288409449999996,5
,,Fast Food Restaurant,-81.6338042,30.288101499999986,5
,,Shipping Or Delivery Service,-81.633964239,30.287972424,5
,,Food And Beverage Store,-81.6339065,30.2879493,5
,,Bank Or Credit Union,-81.63422335041156,30.287849337658727,5
,,Food And Beverage Store,-81.63425099,30.287800069999996,5
,,Technical Service,-81.6336225,30.28850565,5
,,Second Hand Store,-81.625475,30.289808000000008,5
,,Sport Or Recreation Club,-81.62567251,30.289683,5
,,Automotive Service,-81.625531,30.289634999999993,5
,,Sports And Recreation,-81.625466,30.28965,5
,,Social Club,-81.62544031118314,30.289311728545943,5
,,Specialized Medical Facility,-81.62447693,30.2893878,5
,,Social Or Community Service,-81.62533392,30.28934097999999,5
,,Automotive Service,-81.622024,30.289678,5
,,Park,-81.61873222,30.28922806,5
,,Home Service,-81.61612536,30.289297439999988,5
,,Uncategorized,-81.61565230000001,30.289477300000012,5
,,Park,-81.61834187156967,30.289847494302368,5
,,Outpatient Care Facility,-81.608587,30.289631999999994,5
,,Specialty Store,-81.60739300000002,30.289103999999988,5
,,Automotive Service,-81.60975,30.28835000000001,5
,,Government Office,-81.618045,30.288274,5
,,Park,-81.61998,30.287872,5
,,Historic Site,-81.61566235000001,30.288097409999992,5
,,Professional Service,-81.61984,30.287740000000007,5
,,Corporate Or Business Office,-81.62089868153113,30.28680005707654,5
,,Senior Living Facility,-81.62092391,30.28642445,5
,,Specialized Medical Facility,-81.6058467,30.287152299999992,5
,,Doctor,-81.605692,30.287143,5
,,Specialized Health Care,-81.60576033617,30.287184850928007,5
,,Historic Site,-81.60418994,30.287136790000012,5
,,Specialized Health Care,-81.6028188,30.287332300000003,5
,,Specialized Health Care,-81.6028188,30.287332300000003,5
,,Specialized Health Care,-81.60280826,30.287402090000004,5
,,Specialized Health Care,-81.60295,30.28739999999999,5
,,Physical Medicine And Rehabilitation,-81.60292787,30.287343440000004,5
,,Specialized Health Care,-81.601178429182,30.287172732237195,5
,,Gym,-81.601242831106,30.287190686676006,5
,,Specialized Health Care,-81.60106341,30.287200060000004,5
,,Specialized Health Care,-81.60107672,30.28720343000001,5
,,Surgery,-81.601108,30.287234,5
,,Specialized Health Care,-81.60110018,30.287237089999994,5
,,Specialized Health Care,-81.6011078,30.287234400000003,5
,,Reproductive Perinatal And Womens Care,-81.6011078,30.287234400000003,5
,,Surgery,-81.6011078,30.287234400000003,5
,,Specialized Health Care,-81.6011078,30.287234400000003,5
,,Specialized Health Care,-81.6011078,30.287234400000003,5
,,Specialized Health Care,-81.6011078,30.287234400000003,5
,,Specialized Health Care,-81.6011078,30.287234400000003,5
,,Specialized Health Care,-81.6011078,30.287234400000003,5
,,Specialized Health Care,-81.6011078,30.287234400000003,5
,,Surgery,-81.6011078,30.287234400000003,5
,,Doctor,-81.6011078,30.287234400000003,5
,,Surgery,-81.6011078,30.287234400000003,5
,,Uncategorized,-81.6011078,30.287234400000003,5
,,Surgery,-81.6011078,30.287234400000003,5
,,Specialized Health Care,-81.6011078,30.287234400000003,5
,,Specialized Health Care,-81.6011078,30.287234400000003,5
,,Specialized Health Care,-81.6011078,30.287234400000003,5
,,Vision Or Eye Care Clinic,-81.60111000000002,30.28723,5
,,Surgery,-81.60110099,30.287235610000003,5
,,Hospital,-81.60108850534644,30.28723753473048,5
,,Specialized Health Care,-81.60108850534644,30.28723753473048,5
,,Specialized Medical Facility,-81.60102633,30.2871936,5
,,Medical Service,-81.6010556,30.287193010000006,5
,,Specialized Health Care,-81.60111229,30.287167250000007,5
,,Specialized Health Care,-81.60111288,30.28716231,5
,,Specialized Health Care,-81.6010847,30.287120400000003,5
,,Specialized Health Care,-81.6010847,30.287120400000003,5
,,Specialized Health Care,-81.6010847,30.287120400000003,5
,,Surgery,-81.6010847,30.287120400000003,5
,,Surgery,-81.6010847,30.287120400000003,5
,,Bank Or Credit Union,-81.6010847,30.287120400000003,5
,,Bank Or Credit Union,-81.6010847,30.287120400000003,5
,,Uncategorized,-81.6010847,30.287120400000003,5
,,Outpatient Care Facility,-81.6010847,30.287120400000003,5
,,Hospital,-81.6010847,30.287120400000003,5
,,Doctor,-81.6010847,30.287120400000003,5
,,Pharmacy And Drug Store,-81.600691,30.287231000000006,5
,,Specialty Store,-81.600691,30.287231000000006,5
,,Surgery,-81.600699,30.287238,5
,,Specialized Health Care,-81.600699,30.287238,5
,,Real Estate Service,-81.60081835120957,30.287288875322883,5
,,Doctor,-81.60081835120957,30.287288875322883,5
,,Doctor,-81.60111052875804,30.287336398684715,5
,,Doctor,-81.60104505362635,30.28735145408173,5
,,Reproductive Perinatal And Womens Care,-81.600997,30.287304999999996,5
,,Doctor,-81.6009971773272,30.28730510938435,5
,,Outpatient Care Facility,-81.6009971773272,30.28730510938435,5
,,Uncategorized,-81.6009971773272,30.28730510938435,5
,,Behavioral Or Mental Health Clinic,-81.60102802,30.287305509999996,5
,,Outpatient Care Facility,-81.60102920000001,30.287308800000005,5
,,Doctor,-81.601076,30.287311000000003,5
,,Reproductive Perinatal And Womens Care,-81.6010496,30.287301699999986,5
,,Doctor,-81.601021,30.287293999999992,5
,,Specialized Health Care,-81.60102991,30.287301649999993,5
,,Doctor,-81.60101477610442,30.287243709311777,5
,,Pharmacy And Drug Store,-81.601015,30.287244000000005,5
,,Emergency Department,-81.601021,30.287241999999992,5
,,Uncategorized,-81.601107765131,30.287247385448506,5
,,Complementary And Alternative Medicine,-81.601113,30.287274000000007,5
,,Specialized Health Care,-81.601224,30.287283999999996,5
,,Historic Site,-81.59245375,30.28647034,5
,,Home Service,-81.59179178,30.28654338,5
,,Hospital,-81.6005155,30.288038899999997,5
,,Hospital,-81.6005155,30.288038899999997,5
,,Hospital,-81.60095213934548,30.28788899872646,5
,,Outpatient Care Facility,-81.6011643,30.287847400000008,5
,,Primary Care Or General Clinic,-81.60151655,30.287986830000005,5
,,Doctor,-81.60114364580679,30.288074378111133,5
,,Uncategorized,-81.601496057227,30.288145570371693,5
,,Hospital,-81.60133135,30.288387990000004,5
,,Specialized Health Care,-81.602333,30.288401,5
,,Outpatient Care Facility,-81.6021814254411,30.288294583491226,5
,,Vision Or Eye Care Clinic,-81.60268688,30.288334329999998,5
,,Fashion And Apparel Store,-81.602993,30.288400000000003,5
,,Specialty Store,-81.60297,30.288409999999995,5
,,Wellness Service,-81.60297,30.288409999999995,5
,,Behavioral Or Mental Health Clinic,-81.60367756678593,30.288409389638723,5
,,Health Care,-81.6036908,30.288275799999994,5
,,Uncategorized,-81.6036908,30.288275799999994,5
,,Senior Living Facility,-81.603539,30.28803999999999,5
,,Specialty Store,-81.60506644,30.287979889999995,5
,,Medical Service,-81.6050047,30.288116799999994,5
,,Specialized Health Care,-81.60457298,30.288162920000012,5
,,Complementary And Alternative Medicine,-81.60457091,30.288160390000005,5
,,Pediatric Clinic,-81.60387902,30.288328929999995,5
,,Financial Service,-81.6037254464431,30.288455734451947,5
,,Complementary And Alternative Medicine,-81.60339147,30.28857477,5
,,Vision Or Eye Care Clinic,-81.6029492,30.288503069999997,5
,,Behavioral Or Mental Health Clinic,-81.60309774,30.288460290000003,5
,,Vision Or Eye Care Clinic,-81.60313001,30.288458219999992,5
,,Diagnostics Imaging Or Lab Service,-81.603058,30.288436999999995,5
,,Hospital,-81.602299,30.2886544,5
,,Specialized Health Care,-81.6023621,30.288843200000006,5
,,Research Institute,-81.6025758,30.288851500000007,5
,,Personal Or Beauty Service,-81.60253,30.28894,5
,,Professional Service,-81.58803004,30.28472729,5
,,Hardware Home And Garden Store,-81.5898461,30.285591799999978,5
,,Christian Place Of Worship,-81.59266856,30.285993030000004,5
,,Uncategorized,-81.598824,30.286058000000004,5
,,Family Service,-81.60118628,30.28586251000001,5
,,Apartment,-81.6045565,30.286306600000003,5
,,Condominium,-81.60422024267167,30.28587568918582,5
,,Apartment,-81.60304,30.28581000000001,5
,,Specialized Health Care,-81.6032921,30.285504799999995,5
,,Outpatient Care Facility,-81.603292,30.285504700000004,5
,,Hospital,-81.60348,30.28547200000001,5
,,Doctor,-81.60347955188439,30.285472478851077,5
,,Doctor,-81.60336619809293,30.28544119239952,5
,,Specialized Health Care,-81.6033976,30.285415600000004,5
,,Complementary And Alternative Medicine,-81.60301995,30.28529378,5
,,Specialized Health Care,-81.60318379,30.285233739999995,5
,,Physical Medicine And Rehabilitation,-81.60102307,30.2852194,5
,,Outpatient Care Facility,-81.60092810821112,30.28519891270225,5
,,Physical Medicine And Rehabilitation,-81.600838,30.285075999999993,5
,,B2B Service,-81.600838,30.285074999999996,5
,,Specialized Medical Facility,-81.600638,30.285132,5
,,Atm,-81.6004291176796,30.28520619557017,5
,,College University,-81.601185,30.285396,5
,,Physical Medicine And Rehabilitation,-81.6012365,30.285338499999995,5
,,Uncategorized,-81.6012365,30.285338499999995,5
,,Pediatric Clinic,-81.6005859375,30.284479141235394,5
,,Pharmacy And Drug Store,-81.6018423,30.28440892,5
,,Specialized Medical Facility,-81.60130629,30.284597929999986,5
,,Reproductive Perinatal And Womens Care,-81.6012403,30.284711299999994,5
,,Specialized Health Care,-81.60124,30.284710999999994,5
,,Specialized Health Care,-81.6012403,30.284711299999994,5
,,Vision Or Eye Care Clinic,-81.60076440000002,30.284802100000004,5
,,Vision Or Eye Care Clinic,-81.600764,30.284802,5
,,Doctor,-81.600764,30.284802,5
,,Specialized Health Care,-81.6006622314453,30.284875869751012,5
,,Specialized Health Care,-81.6008469,30.284868299999985,5
,,Specialized Health Care,-81.6008469,30.284868299999985,5
,,Uncategorized,-81.6008469,30.284868299999985,5
,,Reproductive Perinatal And Womens Care,-81.6008469,30.284868299999985,5
,,Outpatient Care Facility,-81.60068873279435,30.284967191740886,5
,,Home Service,-81.60073777,30.285003520000007,5
,,Uncategorized,-81.60070050000002,30.285044200000005,5
,,Physical Medicine And Rehabilitation,-81.60070050000002,30.285044200000005,5
,,Physical Medicine And Rehabilitation,-81.600962,30.285036,5
,,Physical Medicine And Rehabilitation,-81.600962,30.285036,5
,,Diagnostics Imaging Or Lab Service,-81.60112484000001,30.285019799999986,5
,,Diagnostics Imaging Or Lab Service,-81.60112484000001,30.285019799999986,5
,,Christian Place Of Worship,-81.6052961,30.28489379,5
,,Christian Place Of Worship,-81.6030299,30.284591109999997,5
,,Place Of Learning,-81.60297744,30.28458888999999,5
,,Fashion And Apparel Store,-81.6026934,30.284469300000005,5
,,Specialized Health Care,-81.60192036,30.28441839,5
,,Christian Place Of Worship,-81.60306401277779,30.284352653166653,5
,,Surgery,-81.60117,30.28392,5
,,Walk In Clinic,-81.601587,30.284252999999985,5
,,Health Care,-81.60145779,30.28434751999999,5
,,B2B Office And Professional Service,-81.60139253,30.284345690000002,5
,,Pharmacy And Drug Store,-81.600695,30.284362,5
,,Media Service,-81.59655275,30.284104720000006,5
,,Park,-81.59103408,30.283732050000015,5
,,Home Service,-81.59221517,30.28352458,5
,,Uncategorized,-81.59042716026306,30.283352673693283,5
,,Surgery,-81.60024092,30.28332123,5
,,Health Care,-81.6003732,30.28336729999999,5
,,Physical Medicine And Rehabilitation,-81.60072397,30.28326129,5
,,Outpatient Care Facility,-81.60069290066629,30.2832456252984,5
,,Diagnostics Imaging Or Lab Service,-81.60037500000001,30.283286999999994,5
,,Diagnostics Imaging Or Lab Service,-81.60026315,30.283296599999996,5
,,Specialized Health Care,-81.60076557000001,30.28311638,5
,,Specialized Health Care,-81.6008215,30.283165689999997,5
,,Specialized Health Care,-81.60078162,30.283200660000006,5
,,Corporate Or Business Office,-81.600367,30.283430999999997,5
,,Storage Facility,-81.60329316,30.28329848,5
,,Diagnostics Imaging Or Lab Service,-81.6025619,30.2833673,5
,,Research Institute,-81.60205528,30.283091500000005,5
,,Specialized Health Care,-81.60210689,30.283080609999995,5
,,Personal Or Beauty Service,-81.6023063659668,30.282874827597016,5
,,Uncategorized,-81.60382210000002,30.2827859,5
,,Doctor,-81.60177565947421,30.28288190271319,5
,,Specialized Health Care,-81.60173242,30.28296813,5
,,Technical Service,-81.601703,30.282948999999995,5
,,Legal Service,-81.59816906249439,30.282449562475723,5
,,Music Venue,-81.59866,30.28198000000001,5
,,Medical Service,-81.60089263,30.281898060000003,5
,,Medical Service,-81.60036706,30.281949969999996,5
,,Medical Service,-81.59999688,30.281828970000007,5
,,Doctor,-81.60092,30.28172,5
,,Dental Clinic,-81.600952,30.281796000000003,5
,,Specialized Health Care,-81.6009225,30.28171869999999,5
,,Specialized Medical Facility,-81.60187287,30.281788440000003,5
,,Doctor,-81.601841,30.281849,5
,,Outpatient Care Facility,-81.601046,30.281910999999994,5
,,Doctor,-81.60183,30.282119999999985,5
,,Specialized Health Care,-81.60186028,30.282132939999993,5
,,Wellness Service,-81.60186217,30.28213765,5
,,Uncategorized,-81.6018748,30.282193999999997,5
,,Specialized Health Care,-81.6011078,30.28217930000001,5
,,Specialized Health Care,-81.60120118,30.28207789,5
,,Outpatient Care Facility,-81.60070287,30.282060340000008,5
,,Behavioral Or Mental Health Clinic,-81.60033048,30.282169939999992,5
,,Legal Service,-81.59994944379649,30.282212179619616,5
,,Doctor,-81.59994900000001,30.282212000000005,5
,,Doctor,-81.60077000000001,30.282160000000005,5
,,Doctor,-81.6012021,30.2823094,5
,,Doctor,-81.6012021,30.2823094,5
,,Uncategorized,-81.6012021,30.2823094,5
,,Uncategorized,-81.601348,30.282297000000003,5
,,Health Care,-81.601886,30.282282999999993,5
,,Wellness Service,-81.60211832,30.282304779999993,5
,,Doctor,-81.60222150000001,30.282259899999993,5
,,Specialized Health Care,-81.60210187,30.282275959999986,5
,,Specialized Health Care,-81.60210699,30.282292850000005,5
,,Doctor,-81.601921081543,30.282247543334993,5
,,Uncategorized,-81.60207097,30.28223878,5
,,Doctor,-81.601959,30.282173999999994,5
,,Doctor,-81.60192135946619,30.28216014064606,5
,,Specialized Health Care,-81.60236207143153,30.28211613315363,5
,,Fast Food Restaurant,-81.603142,30.282296,5
,,Restaurant,-81.60294408,30.282324640000002,5
,,Dental Clinic,-81.603304,30.282033999999996,5
,,Dental Clinic,-81.60298126,30.282019340000005,5
,,Dental Clinic,-81.60332657288131,30.281951651100673,5
,,Specialty Store,-81.602699,30.281582000000007,5
,,Shipping Or Delivery Service,-81.6023483,30.281600999999988,5
,,Event Or Party Service,-81.60235,30.281599999999997,5
,,Pharmacy And Drug Store,-81.60229579,30.281626399999997,5
,,Financial Service,-81.60228188,30.281626569999993,5
,,Specialized Health Care,-81.60190091816166,30.28159129733582,5
,,Dental Clinic,-81.60191851571929,30.281529895386786,5
,,Doctor,-81.60191851571929,30.281529895386786,5
,,Doctor,-81.6019003,30.28150119999999,5
,,Family Service,-81.6031423,30.281569370000007,5
,,Doctor,-81.6033286359834,30.28109084803792,5
,,Financial Service,-81.603316,30.281091000000007,5
,,Behavioral Or Mental Health Clinic,-81.60332500000001,30.281142,5
,,Complementary And Alternative Medicine,-81.60232342,30.28130683,5
,,Complementary And Alternative Medicine,-81.60229866973334,30.28127039500621,5
,,Home Service,-81.60180657,30.281132520000007,5
,,Dental Clinic,-81.60074905,30.281167230000012,5
,,Specialized Health Care,-81.60103494,30.281459050000006,5
,,Dental Clinic,-81.60186,30.28158,5
,,Dental Clinic,-81.60186,30.281581999999997,5
,,Specialized Health Care,-81.60186,30.281583999999995,5
,,Specialized Health Care,-81.60039593,30.28171104,5
,,Specialized Health Care,-81.60031997,30.281598839999994,5
,,Specialized Health Care,-81.60036148,30.281557350000003,5
,,Vision Or Eye Care Clinic,-81.59993662,30.28128309,5
,,Vision Or Eye Care Clinic,-81.59987318,30.281241320000003,5
,,Wellness Service,-81.583943,30.282311000000004,5
,,Real Estate Service,-81.58992171878671,30.2819946089067,5
,,Home Service,-81.58846838,30.282550620000002,5
,,Rental Service,-81.5791184,30.282141400000008,5
,,Christian Place Of Worship,-81.58230176,30.282174800000004,5
,,Christian Place Of Worship,-81.58215389547325,30.28200263265501,5
